source_frame_idx,valid,rf_kpe_all_m,rf_kpe_targeted_m,rf_kpe_untracked_m,bone_direction_error_rad,bend_plane_error_rad,root_translation_error_m,root_translation_common_scale_error_m,root_translation_native_scale_error_m,root_translation_scale_invariant_error_m,effective_root_xy_scale,root_scale_bias_fraction,root_yaw_error_rad,joint_velocity_rms_rad_s,joint_acceleration_rms_rad_s2,joint_jerk_rms_rad_s3,pose_jump_rms_m,left_foot_speed_m_s,right_foot_speed_m_s,left_source_stance,right_source_stance,left_foot_skating,right_foot_skating,foot_skating,ground_penetration_depth_m,ground_penetration_artifact,joint_limit_violation_rad,joint_limit_artifact,invalid_artifact,self_contact_count_diagnostic,artifact,artifact_causes,solve_time_s,rf_kpe_torso_m,rf_kpe_head_m,rf_kpe_left_shoulder_m,rf_kpe_right_shoulder_m,rf_kpe_left_elbow_m,rf_kpe_right_elbow_m,rf_kpe_left_wrist_m,rf_kpe_right_wrist_m,rf_kpe_left_hip_m,rf_kpe_right_hip_m,rf_kpe_left_knee_m,rf_kpe_right_knee_m,rf_kpe_left_ankle_m,rf_kpe_right_ankle_m,rf_kpe_left_toe_m,rf_kpe_right_toe_m
0,True,0.11745672154276275,0.0974150196741296,0.12413728883230712,0.24351409148909597,0.33698985189266856,0.0,0.0,0.0,0.0,0.743491291174446,0.0019598040306685327,0.04665577229916695,0.0,0.0,0.0,0.0,0.0,0.0,True,True,False,False,False,0.0,False,0.0,False,False,0,False,none,0.023862913978518918,0.19301050813191967,0.1294125513030404,0.09441081912303956,0.09032467126374313,0.11175036200778338,0.08175199102677473,0.0909112266770384,0.09327535875409985,0.13366014890903505,0.13861862276692735,0.10929318146052354,0.12887176096580608,0.10939277878400418,0.09608071448137602,0.13243244012697225,0.14611040890212035
1,True,0.1152879215006548,0.09079751640217967,0.12345138986681316,0.25842815407395137,0.3318727650563011,0.0033027071100336894,0.0033027071100336894,0.0033027071100336894,0.003302720198819075,0.743491291174446,0.0019598040306685327,0.02579748973369833,1.0137562540745146,0.0,0.0,0.0077245897465400394,0.022216242978284974,0.06968166066237302,True,True,True,True,True,0.0,False,0.0,False,False,0,True,left-skating+right-skating,0.0008270870021078736,0.1943857888222823,0.13131809392762414,0.09519345224756687,0.09272381986116962,0.1099872587683406,0.07563723631823163,0.08781090573437876,0.08890756954232512,0.13032211521741682,0.13964765139373012,0.10341960102333507,0.139101199785014,0.10302604815851855,0.08344554217349627,0.1302803599981664,0.13940010103888048
2,True,0.11300696348503246,0.08387109480569252,0.1227189197114791,0.27473771346291087,0.33023251304439327,0.007404205300554962,0.007404205300554962,0.007404205300554962,0.0074042381037605605,0.743491291174446,0.0019598040306685327,0.005778651055359019,1.082602914554379,4.177195819784467,0.0,0.008304767913176471,0.03094726323278119,0.056980697635312036,True,True,True,True,True,0.0,False,0.0,False,False,0,True,left-skating+right-skating,0.0008269469835795462,0.1960863611703236,0.13307025571140566,0.09640804225248148,0.09549957510365459,0.10914432672139716,0.06693392785125232,0.08630815064208094,0.085876016387055,0.12584664023719744,0.14180174299917675,0.09591750906235813,0.15261491986271877,0.09453309555710418,0.06876711663652993,0.12826894642922704,0.1310347891365565
3,True,0.11239075433088509,0.0790337465977149,0.12350975690860848,0.2916787975405138,0.3381155906569403,0.01155766250045676,0.01155766250045676,0.01155766250045676,0.011557751410597752,0.743491291174446,0.0019598040306685327,0.04634671777077548,0.9556138303919184,10.280548865537748,326.93483639189145,0.009410026396727013,0.041172175378373914,0.042692189609723645,True,True,True,True,True,0.0,False,0.0,False,False,0,True,left-skating+right-skating,0.0008228089718613774,0.19768652261510372,0.14043780506050416,0.1003560453571635,0.09901202566713614,0.11086925989976346,0.06075602856225686,0.09239361198090443,0.08295133375203541,0.12088662142986487,0.1453375705937103,0.08831505010456553,0.16655349653092189,0.08522549672753273,0.055564543930387,0.1283607700015214,0.12354588708078988
4,True,0.11339910081690742,0.07828990189729314,0.12510216712344552,0.3081612956412683,0.3581238716030368,0.015084316689585106,0.015084316689585106,0.015084316689585106,0.015084473366253476,0.743491291174446,0.0019598040306685327,0.0882898787650319,0.8493635799881465,8.009451533451257,157.9078494709558,0.008527269588910634,0.037321978472799174,0.0281533797355673,True,True,True,True,True,0.0,False,0.0,False,False,0,True,left-skating+right-skating,0.0008215270063374192,0.1989465056615588,0.14910680022513423,0.10597008199924758,0.10281045895509536,0.11616521062183162,0.054497322079088674,0.10697067974700422,0.08313547847909789,0.11627492605352614,0.14982049713649223,0.0818152163620957,0.1787278428273297,0.07675213329613434,0.04630131606693609,0.1297174842949266,0.11737365926501939
5,True,0.11470902261100718,0.07982009581797753,0.1263386648753504,0.3241158935109261,0.38164611453924147,0.017772853847932087,0.017772853847932087,0.017772853847932087,0.01777304800064837,0.743491291174446,0.0019598040306685327,0.12415624459647145,0.7637958787018709,5.792463597055399,136.04832728122827,0.0060563948485886365,0.030751389624595147,0.02096904321783201,True,True,True,True,True,0.0,False,0.0,False,False,0,True,left-skating+right-skating,0.0008239409944508225,0.19986320310205527,0.1546224379385535,0.11018526710021881,0.10571263241882747,0.12149406763811525,0.048429835514454775,0.12071226146460318,0.08794061843176519,0.11252298915980571,0.15450305273817055,0.07680286502241673,0.18845430954656409,0.06975093848120112,0.0408765648943406,0.1311535222154517,0.11231979610957094
6,True,0.11564479591581077,0.08155235124233687,0.1270089441403021,0.3403047453153397,0.4029361895971994,0.0197786462121942,0.0197786462121942,0.0197786462121942,0.019778837398450395,0.743491291174446,0.0019598040306685327,0.1505057985642304,0.7013177360203361,4.4267531584528514,60.74728638118743,0.004593804569712183,0.026296671213111304,0.01871650888310416,True,True,True,True,True,0.0,False,0.0,False,False,0,True,left-skating+right-skating,0.0013093000161461532,0.20049700094813136,0.15686907259990357,0.11225204902666594,0.10750229686880014,0.12455012598150138,0.04420475333585223,0.12954772428638336,0.09461272747783597,0.10971321654586855,0.15888670850866954,0.07312408834280242,0.19584317291978193,0.06408637627836167,0.03796257692676644,0.13221222816592354,0.10845261643972423
7,True,0.11598599204527993,0.08241278960238954,0.1271770595262434,0.3529314409746347,0.41907684756606634,0.0213137833070341,0.0213137833070341,0.0213137833070341,0.021313946501582498,0.743491291174446,0.0019598040306685327,0.16765629588693076,0.6580244410807273,3.323050293094951,44.13026863733723,0.003994353083620615,0.024332791482327833,0.01697661114515448,True,True,True,True,True,0.0,False,0.0,False,False,0,True,left-skating+right-skating,0.0008574940147809684,0.2009330684311457,0.15669582692977477,0.11253061340211153,0.10839486873676797,0.12490564948952444,0.0420282635617945,0.1333618549517494,0.10062010336119813,0.10767204446797335,0.16278909244581982,0.07039998053679221,0.2013403526760354,0.059356373069051255,0.03631282702755931,0.1327755454402989,0.10565940819688235
8,True,0.11577430239478631,0.08217207705029761,0.12697504417628258,0.3618023961567436,0.4294757274580393,0.02254306272667542,0.02254306272667542,0.02254306272667542,0.02254319088276461,0.743491291174446,0.0019598040306685327,0.17741737260611434,0.6268563776120465,2.5284027666752946,30.66644074505882,0.003773920985876703,0.023507476816154244,0.014761751337467124,True,True,True,True,True,0.0,False,0.0,False,False,0,True,left-skating+right-skating,0.0008203549950849265,0.20124842029159323,0.1550055242012767,0.1116998567010157,0.10863486982214067,0.12308490887313303,0.04135017408431493,0.13335304679667093,0.10493695941775212,0.10618425790915303,0.16619956682051512,0.06829921350054291,0.20535787134662076,0.055212081042087614,0.03518622094467976,0.1329023434770934,0.10373352308799112
9,True,0.11515191860365508,0.08101089925226904,0.12653225838745044,0.3679145287740524,0.43611118971496293,0.0235687430798942,0.0235687430798942,0.0235687430798942,0.023568832333532675,0.743491291174446,0.0019598040306685327,0.18169513169812546,0.6026403341602928,1.9758380534211937,20.85426720076766,0.0036471746984851924,0.023239405728796382,0.012064604964615495,True,True,True,True,True,0.0,False,0.0,False,False,0,True,left-skating+right-skating,0.0008142630103975534,0.2014993811993277,0.15250979358273872,0.11035040088462167,0.10845373945085945,0.11987913205400472,0.041458382392318256,0.13094634485565473,0.10741932661508671,0.10507571543448542,0.1691572960098591,0.0666108530647807,0.2081819723046834,0.051439081349815195,0.03423884418851952,0.13271676752856942,0.10249366674315684
10,True,0.11429665982012681,0.0793138791202908,0.12595758672007215,0.37226096949275583,0.4407343200618048,0.024452330449397944,0.024452330449397944,0.024452330449397944,0.02445237377436467,0.743491291174446,0.0019598040306685327,0.18254140178838196,0.5817266274119383,1.582936670173458,15.059124451500937,0.0035325289541864417,0.02299435451969171,0.009436784723123325,True,True,True,False,True,0.0,False,0.0,False,False,0,True,left-skating,0.0008390300208702683,0.20171327885181595,0.14963568169745672,0.10884225841283825,0.10800581598627265,0.11593281313119136,0.04204231360487927,0.12735143224573464,0.10859835346565339,0.10423676550926612,0.17171974909208335,0.06521564728702255,0.21006699380015315,0.04794131876790506,0.033364412001870083,0.1323717341911129,0.10170798907677363
11,True,0.11290696037369181,0.07675711525483084,0.12495690874664549,0.3723922371074763,0.44347566859648074,0.02490002478263185,0.02490002478263185,0.02490002478263185,0.024900038188037103,0.743491291174446,0.0019598040306685327,0.1775733996301887,0.46952669806857117,5.260907728069867,131.6127402027348,0.003236656641591166,0.0285258451641112,0.019570532927250774,True,True,True,True,True,0.0,False,0.0,False,False,0,True,left-skating+right-skating,0.0008160659926943481,0.20165565413262496,0.14610419286665655,0.10716361893785424,0.10657724682661794,0.11063197730990235,0.04171022709067642,0.12122126435983387,0.10713454312070997,0.10402925724024636,0.17292999940757642,0.06467593952522979,0.2108628200408622,0.04611694709536763,0.0325557064434119,0.1319262937848848,0.10121567779661363
12,True,0.11148290306531304,0.07427409054352069,0.12388584057257716,0.37011092496775166,0.446762831575404,0.024955310874997846,0.024955310874997846,0.024955310874997846,0.024955301670796303,0.743491291174446,0.0019598040306685327,0.17085259518021267,0.3847857563836509,4.849583722174037,37.50843257683043,0.003044419474959032,0.027524290776796325,0.01630790544412949,True,True,True,True,True,0.0,False,0.0,False,False,0,True,left-skating+right-skating,0.0008226789941545576,0.20138136722256297,0.14259788171490864,0.1056541243006584,0.1049153311367263,0.10508780758530527,0.04145570688302337,0.11487221189126663,0.1045433719873658,0.10425591408087208,0.17308909477640713,0.06453621313648625,0.2108941112708904,0.04585852047450327,0.031822257820947074,0.13157911386464458,0.10118342089844075
13,True,0.11048725034385853,0.07258288819794885,0.12312203772582846,0.36822193367795947,0.45113447808839235,0.02492470068526708,0.02492470068526708,0.02492470068526708,0.024924662134458538,0.743491291174446,0.0019598040306685327,0.16646123537275392,0.3411476506856516,1.8878258143331523,110.79860750160238,0.0024871477715652963,0.0154281149236173,0.010000690611740732,True,True,True,True,True,0.0,False,0.0,False,False,0,True,left-skating+right-skating,0.0008317560132127255,0.201124098801999,0.1398520377767246,0.10460678718185715,0.10383048501543242,0.10049463865462469,0.04221312997573045,0.11058582003612771,0.10254828347163757,0.10448486086288204,0.17311843087548925,0.06426751499876417,0.2106928552334525,0.04586553734728366,0.03133191193674644,0.13142258357074096,0.10135702976224416
14,True,0.1098183268705037,0.07147833497698451,0.12259832416834343,0.3667307343939073,0.4556515164839336,0.024875996665042546,0.024875996665042546,0.024875996665042546,0.024875921810464156,0.743491291174446,0.0019598040306685327,0.1639764958310499,0.307130649508036,1.312779509070168,24.43241972828336,0.002079672698247038,0.01322094743339801,0.009520929365460295,True,True,True,False,True,0.0,False,0.0,False,False,0,True,left-skating,0.0008253839914686978,0.20090558425018507,0.13774176313381334,0.10398273828327922,0.10306368396754159,0.09682290186848343,0.043525624208881356,0.10789636919621699,0.10101661513188886,0.10467589782871045,0.17313357511708782,0.06401583247987427,0.21047516494594803,0.04591579823378507,0.031084557346047124,0.13138693337568771,0.10145019056062919
15,True,0.10936953017367569,0.0707644266833252,0.12223789800379252,0.36549149392221536,0.459625779645203,0.024828956002063845,0.024828956002063845,0.024828956002063845,0.02482884358251271,0.743491291174446,0.0019598040306685327,0.16282104474410275,0.2789670050559498,1.0410112757484395,10.582160813574012,0.0017830417285737954,0.011936229902662965,0.008825703428487002,True,True,True,False,True,0.0,False,0.0,False,False,0,True,left-skating,0.0008240219904109836,0.20071741246875996,0.13607918004136726,0.10364099531997298,0.10250141195742259,0.0938074000584264,0.04518218149269248,0.10625649594780101,0.09984552818363629,0.10483796944727543,0.1731457162777506,0.06377889887423069,0.21028849918671114,0.04597434774957463,0.030981334852288836,0.1314265465647934,0.10144856435610725
16,True,0.1090711394840233,0.07034027878393889,0.12198142638405146,0.3645315555958255,0.46461531306795734,0.024790768486319944,0.024790768486319944,0.024790768486319944,0.024790621023150505,0.743491291174446,0.0019598040306685327,0.16257723034870142,0.2557152640804568,0.904455159306538,12.045899208754358,0.0015287813545017315,0.01244548982756851,0.008258649760067531,True,True,True,False,True,0.0,False,0.0,False,False,0,True,left-skating,0.0008197329880204052,0.20056224553682417,0.13477201457883456,0.10345106818615217,0.1021127760249535,0.09132071519524117,0.046872724166142486,0.10536543300732237,0.09901399281421568,0.10497083847055579,0.17317765138517183,0.06344712109935645,0.21015730038296315,0.04602472408582818,0.030956965228389283,0.1315543980603129,0.1013782635221095
17,True,0.10888500832543271,0.07013661374619172,0.12180113985184637,0.3638362561492079,0.47090107660139646,0.024764364007615648,0.024764364007615648,0.024764364007615648,0.024764181691129056,0.743491291174446,0.0019598040306685327,0.16300756257248694,0.2370643372198518,0.8073165261669427,5.8873093219359145,0.001322960002985841,0.012731149714674784,0.007515197170585131,True,True,True,False,True,0.0,False,0.0,False,False,0,True,left-skating,0.0008403319807257503,0.20044054481292123,0.13374259041854455,0.10332970924837767,0.10187903262538986,0.08923939351169827,0.04856130123504228,0.10502482613412986,0.09848930121403522,0.1050724760092638,0.17324677601144797,0.06301607286409863,0.21008972409469426,0.04604849969278614,0.030983827943815646,0.13173885882391875,0.10125719856675897
18,True,0.10877847567633138,0.07009209934457353,0.12167393445358399,0.36332189507461904,0.4788225995428737,0.024750944858904254,0.024750944858904254,0.024750944858904254,0.024750720671599363,0.743491291174446,0.0019598040306685327,0.16388492281028452,0.2228367781300814,0.7306695683484926,4.318942333863044,0.0011719936896688581,0.012946370401889624,0.006849517654817254,True,True,True,False,True,0.0,False,0.0,False,False,0,True,left-skating,0.0008244120108429343,0.20034854840580565,0.13292128357259517,0.10325965802584222,0.10176533172067326,0.08753206060729751,0.05017705851525649,0.10510875386417476,0.09817922303818223,0.10514928332299099,0.17335211899305927,0.06248070046314674,0.21004885198040973,0.04603730277934964,0.03104311769658746,0.13195425084530132,0.10109806699062954
19,True,0.10873398860455197,0.07017608537257947,0.12158662301520946,0.36300801067959554,0.48952793112352294,0.024753818921964127,0.024753818921964127,0.024753818921964127,0.024753547434547506,0.743491291174446,0.0019598040306685327,0.1651147182460584,0.21286953342437903,0.6955396089819289,3.667298883228838,0.0010729089645900624,0.013381029419171162,0.006335301265301722,True,True,True,False,True,0.0,False,0.0,False,False,0,True,left-skating,0.000833319005323574,0.20027846749734377,0.13223846749078058,0.10320372883831792,0.1017642472210404,0.08607441601257385,0.05178871503245504,0.10549826516354602,0.09810658478833842,0.10520051737179754,0.1735045416786756,0.06182158116999548,0.21007532392588651,0.04597248704126988,0.031127004497163543,0.13218877679777008,0.10090069314587673
20,True,0.10873910189432617,0.07035463756478899,0.12153392333750523,0.36288857303419697,0.505475648724094,0.02477535533855699,0.02477535533855699,0.02477535533855699,0.024775039905600618,0.743491291174446,0.0019598040306685327,0.1666417429021998,0.20758318767650077,0.6833366582920639,3.592799631153217,0.0010200171207505474,0.013945904440033621,0.005738415257560489,True,True,True,False,True,0.0,False,0.0,False,False,0,True,left-skating,0.0008237809815909714,0.20023504779776183,0.1316897895732709,0.10317363545753348,0.10182860032313645,0.08490746390404115,0.05332589213802497,0.10618106724400915,0.09817155443691382,0.10523111585262358,0.17370035517884977,0.06106106082306955,0.21013311888519587,0.045842828151088276,0.031223100427144684,0.13244537356696204,0.1006756265495935
21,True,0.10878356956988677,0.07059031840592117,0.12151465329120864,0.36293014980776617,0.5311071373059894,0.024818575304019177,0.024818575304019177,0.024818575304019177,0.024818227221571284,0.743491291174446,0.0019598040306685327,0.16835369682026483,0.2073126527816814,0.6962458539422699,3.502390763327079,0.0010133120857363685,0.014665021860487331,0.005204550100450602,True,True,True,False,True,0.0,False,0.0,False,False,0,True,left-skating,0.0008222179894801229,0.20022189781738461,0.131254791575598,0.10319167310751846,0.10194453073194108,0.08397968656607532,0.05478280275106226,0.10706840880958991,0.09834856492558708,0.10523698738206552,0.17394791850122948,0.06022474097573938,0.2102492501419045,0.045621309696988854,0.03132299019151885,0.13270917670421298,0.10043238323977223
22,True,0.10882310257833727,0.07078414116970701,0.121502756381214,0.36302465570552467,0.5798902738528332,0.024887593979804234,0.024887593979804234,0.024887593979804234,0.024887219046708264,0.743491291174446,0.0019598040306685327,0.16989820725359484,0.21234495966236325,0.7288683755184521,3.4576359180208844,0.0010466003792303352,0.01596490186112382,0.004788496881081428,True,True,True,False,True,0.0,False,0.0,False,False,0,True,left-skating,0.0008333990117534995,0.20023499621673002,0.13090928780979352,0.10325311666098318,0.10207999127247937,0.08313757449285097,0.0561139642527543,0.10792334990818665,0.09853966155770641,0.1052130545813742,0.1742445600996342,0.0593151260421653,0.21038023364304126,0.045271504132703144,0.03140204908023183,0.13294110352276803,0.10021006797999352
23,True,0.10884849869075244,0.07089808191670581,0.12149863761543465,0.36317793344554095,0.6990714456026934,0.02498880348610076,0.02498880348610076,0.02498880348610076,0.024988404295559256,0.743491291174446,0.0019598040306685327,0.1711933780335415,0.22265298948140963,0.7667420281347869,3.226614906763913,0.001117214527626479,0.017595844046379785,0.004443859562671841,True,True,True,False,True,0.0,False,0.0,False,False,0,True,left-skating,0.0008428369765169919,0.2002734086649976,0.1306386941060796,0.10335813635913416,0.10223021801530925,0.08237655119475859,0.057301897993095506,0.10868564497910703,0.09870057416246576,0.1051579796076844,0.17459942155519872,0.058380583159735815,0.2105102057517765,0.044757949765338506,0.031448158759911964,0.13313510006204646,0.10002145491539928
24,True,0.1088672854753433,0.07092036032852998,0.12151626052428106,0.3634440651111554,0.5509036493987323,0.025130178653006017,0.025130178653006017,0.025130178653006017,0.025129751819696632,0.743491291174446,0.0019598040306685327,0.1722578320924859,0.2372262392059667,0.7942000005952835,2.87195284447615,0.0012217371722507593,0.01672642503746063,0.005645873313624091,True,True,True,False,True,0.0,False,0.0,False,False,0,True,left-skating,0.0008341009961441159,0.20033581632631145,0.13042550475026862,0.10350002933464043,0.10239494177929408,0.08168226442287965,0.05838638502817431,0.10935900559963285,0.09882699256591716,0.10507390878419115,0.17502224311175488,0.05756140824487567,0.21063815682037962,0.044045072042572804,0.031450371105997126,0.1333020077026486,0.09987245998595438
25,True,0.10886282551257598,0.07079974044827815,0.12155052053400861,0.36380525804275193,0.41682185120549264,0.02531945684166976,0.02531945684166976,0.02531945684166976,0.025319000113327942,0.743491291174446,0.0019598040306685327,0.17294570463717873,0.2547992035573624,0.7984363658026955,2.7584195165004197,0.0013465459442454965,0.016963970234748302,0.006128650295028842,True,True,True,False,True,0.0,False,0.0,False,False,0,True,left-skating,0.000833317986689508,0.2004193059452445,0.1302454355269884,0.10367839984795979,0.1025531279204298,0.08099176364091418,0.059380577694238226,0.10984492004690703,0.09886328229403189,0.10496826744856312,0.17550077707005426,0.05695379463000429,0.21072956690446804,0.0430956028381945,0.03139515661397919,0.13341538703110006,0.0997698427481385
26,True,0.10882847756148932,0.07051297796718253,0.12160031075959156,0.36430693423496086,0.38515173145089515,0.025564124869019603,0.025564124869019603,0.025564124869019603,0.02556364068821971,0.743491291174446,0.0019598040306685327,0.17320393369674236,0.2733387829182516,0.7642954119929148,3.0005512405875767,0.0014762045106645448,0.018958707699261484,0.004659218752650139,True,True,True,False,True,0.0,False,0.0,False,False,0,True,left-skating,0.0008541980059817433,0.20051970909474254,0.13007374911518416,0.10389246418008474,0.10270603598160703,0.08024784860602349,0.060299940157689205,0.11007189464623152,0.09882037484326618,0.10484989331736347,0.17601632768787526,0.056682370592119925,0.21076780140884796,0.041877014726691565,0.03128262765254084,0.1334491401338146,0.09969844883974663
27,True,0.10876351697130378,0.07004468909789185,0.12166979292910775,0.3650101835677495,0.391534714030111,0.025867698165313913,0.025867698165313913,0.025867698165313913,0.025867188133626786,0.743491291174446,0.0019598040306685327,0.1729882798783151,0.2900631829117798,0.67779550329591,4.377375391273968,0.0015963822626863023,0.019978482528647458,0.003963848517478127,True,True,True,False,True,0.0,False,0.0,False,False,0,True,left-skating,0.0008459530072286725,0.20062931349940816,0.12988439176328448,0.10413501001296958,0.10284984301884151,0.079400966912654,0.061156895662793066,0.10999768950647314,0.09869333118619752,0.10472526989965142,0.1765577554313231,0.056877797330451195,0.21075969991572202,0.04037983978097908,0.031107895917917704,0.13339872692250515,0.09966184477968931
28,True,0.10866670876234584,0.06937868079280014,0.12176271808552776,0.3658874109338616,0.40021475186277766,0.026227343875481136,0.026227343875481136,0.026227343875481136,0.026226809423077226,0.743491291174446,0.0019598040306685327,0.17222429210097157,0.30232634408680076,0.5511326916430471,6.2348293892806534,0.0016900953891047213,0.02007552118880624,0.00375766178363278,True,True,True,False,True,0.0,False,0.0,False,False,0,True,left-skating,0.0008289399847853929,0.20073913963795514,0.12965882408499663,0.10440690741922466,0.10296980830475881,0.07842191785376222,0.06199470978011256,0.10958424947319362,0.09844096461749317,0.10460203509183855,0.1771031489609693,0.05762592547729506,0.21070117766757687,0.03862320652392655,0.030866302556587222,0.1332617681956786,0.09966725455216473
29,True,0.10870414190786196,0.0689605067376946,0.12195202029791773,0.3672139280022507,0.4060219640302702,0.026611766217321017,0.026611766217321017,0.026611766217321017,0.026611196506749802,0.743491291174446,0.0019598040306685327,0.17176978978563692,0.29853905427988325,0.7416240655314847,24.63382241267331,0.0017440978314802594,0.020106220252311825,0.004687948833582099,True,True,True,False,True,0.0,False,0.0,False,False,0,True,left-skating,0.0008210559899453074,0.20082318486675424,0.1294840624138262,0.1044624510872277,0.10345029378074411,0.07762803311864078,0.06329551775958075,0.10963339532160868,0.09872137361681645,0.10450577548901642,0.17756852374261436,0.058844872969028426,0.21061536144992934,0.03681101202182628,0.030676245990526974,0.13316862838864732,0.09957753850900311
30,True,0.10913095415156754,0.06949705781856366,0.12234225292923549,0.36937154362297936,0.40942333510222517,0.02696443792942757,0.02696443792942757,0.02696443792942757,0.026963817351503716,0.743491291174446,0.0019598040306685327,0.1733147729910589,0.27797883331473106,1.7243096036691539,33.160885360177446,0.0019606739155855766,0.018961236541349076,0.007304055373668815,True,True,True,False,True,0.0,False,0.0,False,False,0,True,left-skating,0.0008355629979632795,0.20084906890392332,0.12946082005544832,0.10403989157323622,0.10467515018450926,0.0775959795624425,0.06574865623250631,0.11141453931112985,0.10054500378726941,0.10447719567237433,0.17785773008337283,0.06028939778902414,0.21058978067115178,0.035297044677989706,0.030731643497865672,0.13334735795212596,0.09917600647071069
31,True,0.10954934024971252,0.0700068779773021,0.12273016100718263,0.37128417388344026,0.4107597072820598,0.02728968004097594,0.02728968004097594,0.02728968004097594,0.02728902790136334,0.743491291174446,0.0019598040306685327,0.17492765779786779,0.2604711609438999,0.9701577538931595,36.71482536519726,0.0016971045668199667,0.014053734843221092,0.007081647485693914,True,True,True,False,True,0.0,False,0.0,False,False,0,True,left-skating,0.000843077024910599,0.20083754099191448,0.12934983614756765,0.10374152891016464,0.10566571437409136,0.07761592074312217,0.06825121287185143,0.11303147341134781,0.10227189568990784,0.10448272258668025,0.17804111999724204,0.06188983811929753,0.2105556424164084,0.03393270450380805,0.030791438304144682,0.13354523536050644,0.09878561956734544
32,True,0.10988200017736377,0.070328901129029,0.12306636652680868,0.37281098488662257,0.4107271968347117,0.027586810688754824,0.027586810688754824,0.027586810688754824,0.02758612502207308,0.743491291174446,0.0019598040306685327,0.17604033044777978,0.24319933555431195,0.8275799263184634,9.181098631302808,0.0015098537889339859,0.010218693310150611,0.008561263223857524,True,True,True,False,True,0.0,False,0.0,False,False,0,True,left-skating,0.0008318769978359342,0.20079711940117664,0.12915664165718072,0.10352222171889951,0.10646956004686803,0.0774445167556402,0.07061726252150774,0.1142130863835768,0.10358603727686842,0.10451100226832644,0.17814597806233382,0.063493419286918,0.21047236855920706,0.03270851740302185,0.03080796345264893,0.13369279695988703,0.09847351108375862
33,True,0.11011725910739034,0.07043788679577227,0.12334371654459635,0.37393752230986316,0.409883037680243,0.027855699660439014,0.027855699660439014,0.027855699660439014,0.027854979477908024,0.743491291174446,0.0019598040306685327,0.17654760482074439,0.22648360604812756,0.7432790105904713,5.55442439010436,0.0013670595802230308,0.007760448828343107,0.00947260702732353,True,True,False,False,False,0.0,False,0.0,False,False,0,False,none,0.0008221079770009965,0.20073540315673638,0.12890204736331337,0.10338047742181027,0.10711982024415648,0.0770795899545514,0.07277201004300334,0.11496177561925183,0.1044022461544808,0.10455603514433544,0.17819133200320017,0.06502334958399295,0.21033681576340302,0.03161347303471724,0.030774052374639222,0.13377356729080525,0.09825415056584805
34,True,0.11026579133375243,0.0703658014011494,0.12356578797795344,0.3746760981003867,0.408748390063195,0.028095306997920257,0.028095306997920257,0.028095306997920257,0.028094549862871042,0.743491291174446,0.0019598040306685327,0.1765287928923034,0.21073742294775938,0.672801721517829,3.848525280614279,0.0012504540849825154,0.0060337251238139974,0.009245995360582524,True,True,False,False,False,0.0,False,0.0,False,False,0,False,none,0.0008196829876396805,0.20065928781587308,0.12861277318391356,0.10325394558433632,0.10766660696533119,0.07659816216063783,0.07468515250462895,0.11539868757339489,0.10471887420665872,0.10461225236264617,0.17819203933357705,0.06643524792490468,0.21016060607702222,0.030645152438961196,0.03070049138558278,0.1337979208393185,0.09811546098325184
35,True,0.11033477465391538,0.07012862936962902,0.12373682308201082,0.3750997981181229,0.40773305051772085,0.028306563696237273,0.028306563696237273,0.028306563696237273,0.028305769957977404,0.743491291174446,0.0019598040306685327,0.17603190761608856,0.1962872827979529,0.603262095130156,3.266848923936765,0.0011614862032718989,0.0048911568716622725,0.008867360387502942,True,True,False,False,False,0.0,False,0.0,False,False,0,False,none,0.0008279180037789047,0.20057394175753293,0.12830817936560243,0.10314850925279696,0.10816851796865665,0.07599291730181386,0.07633126006451459,0.11556673054080169,0.10456315689401616,0.10467498467540552,0.178160909929002,0.06771163596737544,0.20994970110331557,0.02979081680841998,0.030593813235278277,0.13377019223988953,0.09805112735822429
36,True,0.11033656701708015,0.06975400040871342,0.12386408921986908,0.3752425091745298,0.4070085768260884,0.028492234318189803,0.028492234318189803,0.028492234318189803,0.028491402249811115,0.743491291174446,0.0019598040306685327,0.17511613962539174,0.1831449952550672,0.5411814200710784,2.881321713161456,0.0010845059183296078,0.0038889743380829743,0.008495733104096046,True,True,False,False,False,0.0,False,0.0,False,False,0,False,none,0.0008469549939036369,0.20048360925150943,0.12800740043662692,0.10306922334979374,0.10863638006552791,0.07530715151874842,0.07772185043264876,0.11552873129692774,0.10399558815993873,0.1047387372563881,0.17810726938359767,0.06885055937456816,0.2096970998248656,0.029032004047387,0.03045967813060024,0.1336963237636317,0.0980534659805226
37,True,0.11028915418339263,0.06927546823967873,0.12396038283129727,0.37518551057708227,0.4068382875303599,0.028656416880157548,0.028656416880157548,0.028656416880157548,0.028655554238526452,0.743491291174446,0.0019598040306685327,0.17389701310430183,0.17131806363376045,0.48944718961427836,2.353165879471444,0.0010137221414329507,0.003744413570479549,0.009526997604865743,True,True,False,False,False,0.0,False,0.0,False,False,0,False,none,0.0008280290057882667,0.20039215591196896,0.127727046277936,0.10302033072171553,0.10907834420851882,0.07459304756887682,0.07888305824302763,0.1153321260658448,0.10311156565846595,0.10480056647830249,0.17804230999274046,0.06985443565444674,0.20943063288656516,0.028356461807087043,0.030301719427317107,0.13359123995106545,0.09811142608040292
38,True,0.11014296172329133,0.0686133072440429,0.1239861798830408,0.37474819091662204,0.4062672650008819,0.028782865762964308,0.028782865762964308,0.028782865762964308,0.02878198848413809,0.743491291174446,0.0019598040306685327,0.17196461883261582,0.16338816939460835,0.6353901545195343,15.22223369559076,0.0008327031566993122,0.003869184807459754,0.009697520177453905,True,True,False,False,False,0.0,False,0.0,False,False,0,False,none,0.0008780740026850253,0.20028494486546225,0.12751179575503055,0.10292463463684669,0.10935850514643206,0.07397934308070919,0.07937598360957822,0.11513093690182735,0.10144929067295914,0.10487007445728862,0.17795748887508722,0.0707265041227191,0.2090699950042444,0.027796501393394697,0.03007650000799036,0.13346574795877725,0.0983091410843139
39,True,0.10992281596881573,0.06780757065141743,0.12396123107461517,0.37394108084194616,0.4052388588066905,0.02887932985351571,0.02887932985351571,0.02887932985351571,0.028878443621122248,0.743491291174446,0.0019598040306685327,0.16946413139045305,0.15877184956907842,0.4949177265506021,5.433832173429838,0.0007371058910165643,0.0038351970068001766,0.009212695073020347,True,True,False,False,False,0.0,False,0.0,False,False,0,False,none,0.0008287300006486475,0.20016364989505758,0.12732486200944182,0.10278912298670022,0.10956408890988101,0.07340393516950591,0.07948823880417873,0.11467795692634118,0.09940613914547919,0.10494623397075183,0.17785612688371255,0.07148109919760084,0.20864373908053852,0.027325765594888213,0.029820420938961114,0.13329013543410265,0.09858354055391017
40,True,0.10965328413777105,0.06691226254460582,0.1239002913354928,0.3728925059297709,0.4038000991586476,0.028953568616259254,0.028953568616259254,0.028953568616259254,0.028952680113440148,0.743491291174446,0.0019598040306685327,0.1665579352184896,0.156715322952429,0.41049130955316804,2.8872852088888448,0.0006778654911621535,0.0032825652114389053,0.009327089514499754,True,True,False,False,False,0.0,False,0.0,False,False,0,False,none,0.0008302030037157238,0.2000329457467987,0.12716009565546132,0.10261392959669584,0.10972756353323591,0.07285928271133933,0.07934621390750825,0.11397763570927152,0.0972015181998749,0.10502634344325126,0.17774244618244509,0.07213908524106222,0.20817168615663295,0.026925155155498873,0.02954474111377797,0.13307491340247082,0.09890899044901164
41,True,0.10935330587074196,0.06597732052467392,0.12381196765276463,0.37172899406904486,0.4023178024448202,0.029010919609591887,0.029010919609591887,0.029010919609591887,0.0290100364856858,0.743491291174446,0.0019598040306685327,0.1633947943941827,0.15653706177541277,0.34393148300276216,2.230317697339678,0.0006458943762181771,0.0037355678645574686,0.009767724089200023,True,True,False,False,False,0.0,False,0.0,False,False,0,False,none,0.0008259449969045818,0.19989658460413237,0.12701589773763844,0.10240054705458564,0.1098596653932205,0.07234493649590432,0.07900070825446298,0.11309177453085201,0.09497396379767845,0.10510861422664938,0.1776210503394289,0.07272144957550232,0.20766884979604672,0.026585150161130642,0.029258393609034608,0.13283962730057242,0.09926568105503145
42,True,0.10903591025338005,0.06503657553318552,0.12370235516011158,0.3705299445155032,0.40078336475360443,0.029056217900372678,0.029056217900372678,0.029056217900372678,0.029055348084950083,0.743491291174446,0.0019598040306685327,0.1600950065596154,0.15764422709737885,0.2974763680371253,1.679723598587,0.0006221326538559743,0.0033628926891898065,0.009409427731727543,True,True,False,False,False,0.0,False,0.0,False,False,0,False,none,0.0008618020219728351,0.19975711139410468,0.1269076111496166,0.10215165906308477,0.10994970691120216,0.07187805451985907,0.07849374944776102,0.11210702920081679,0.09277589504679681,0.10519304534982361,0.17749377932472443,0.07323897431309447,0.20714511155317614,0.026291978926434745,0.02897139895869372,0.13258668732479587,0.09963277157009598
43,True,0.10868570641649548,0.06404220526288583,0.12356687346769869,0.3692537554508537,0.39948323585626766,0.029092417338103523,0.029092417338103523,0.029092417338103523,0.029091565405871097,0.743491291174446,0.0019598040306685327,0.15652189304431907,0.15972583480026997,0.26077973290440004,1.4009904748659132,0.0006116663362538437,0.0031504367274288493,0.009747540912278684,True,True,False,False,False,0.0,False,0.0,False,False,0,False,none,0.000824321003165096,0.19961488835689875,0.1268293268916372,0.10186985051965813,0.11003251003925987,0.07142965854826483,0.07777256386499265,0.11097186759650013,0.09050004572084931,0.1052774626276002,0.1773566763916258,0.07370912291188528,0.2065751668965189,0.026028163957522204,0.028668743776671706,0.13230555965026397,0.10002969491377894
44,True,0.10830040140696251,0.062972326099078,0.12340975984292402,0.3678389404422924,0.3981481059698568,0.029121106730967548,0.029121106730967548,0.029121106730967548,0.029120273922233073,0.743491291174446,0.0019598040306685327,0.1526744340749926,0.16242877606956674,0.23127993255269705,1.5599827258502343,0.0006120130047037504,0.0030273316425457374,0.00986213682862361,True,True,False,False,False,0.0,False,0.0,False,False,0,False,none,0.0008241609903052449,0.1994696035295843,0.12675539759508145,0.1015666453534486,0.11011720925398648,0.07099124211786792,0.0769032664158838,0.1096910736357466,0.08806181997877832,0.1053624867654371,0.17720931356377698,0.07414215738340871,0.2059460961470029,0.025786588336309167,0.028349822445477922,0.1319967591056455,0.1004569408839644
45,True,0.10788501505865335,0.06184753526523645,0.12323084165645896,0.3663296134292715,0.3969731796929033,0.02914575403565601,0.02914575403565601,0.02914575403565601,0.029144934992876684,0.743491291174446,0.0019598040306685327,0.14858834164899193,0.16577906661181696,0.2136484121165877,1.11214470561406,0.0006289662473983066,0.0034061546265107562,0.01025445289072174,True,True,False,True,True,0.0,False,0.0,False,False,0,True,right-skating,0.0008317659958265722,0.19932208243295546,0.12668043525054107,0.10124753041535262,0.11017823029213987,0.07055764358704524,0.07592438763989526,0.10825204091090139,0.08556081029501345,0.10544590345756501,0.17705408334709544,0.0745411446768408,0.2052470466615478,0.025559696523928584,0.028017593331102368,0.13166453865575214,0.10090707346077685
46,True,0.10744448618515325,0.060670419138856575,0.12303584186725212,0.36472622063901383,0.39576732895482436,0.02916682963969098,0.02916682963969098,0.02916682963969098,0.029166019913831404,0.743491291174446,0.0019598040306685327,0.14430522867770534,0.16951572910921037,0.2027596176157465,0.9603912269257399,0.0006437540607049917,0.0040623932620202,0.009964880293936258,True,True,False,False,False,0.0,False,0.0,False,False,0,False,none,0.0008403719984926283,0.19917299747306444,0.12661311202342374,0.10092802702810512,0.11023341968257808,0.07013368953616549,0.07483711266036185,0.10670995424664476,0.0829492090799507,0.10552817815692073,0.17689252902234637,0.0749106935125878,0.20449150131782753,0.02534731523818319,0.027675197990647698,0.13131565870165482,0.10137318329198942
47,True,0.10698406913934178,0.059454571352119456,0.12282723506841586,0.36303618428166917,0.3946930198719337,0.02918467303268407,0.02918467303268407,0.02918467303268407,0.029183865583109286,0.743491291174446,0.0019598040306685327,0.1398570304925726,0.17362580521407947,0.19709521152629164,0.8068805734332724,0.0006553467877252013,0.004524009617850147,0.009963594133385212,True,True,False,False,False,0.0,False,0.0,False,False,0,False,none,0.000816207000752911,0.19902225945603497,0.1265482517198106,0.10060316489348804,0.1102787086729179,0.06973097783901203,0.07366695780633022,0.1050880893636355,0.08025858041715689,0.10560922279292505,0.17672374733570473,0.07525941585590797,0.2036823294762179,0.02514639123550352,0.027325224392181907,0.13094982952980655,0.10185195544283424
48,True,0.10650658215401701,0.058206883998861376,0.12260648153906889,0.3612825327181816,0.3934590968081283,0.029200573328960807,0.029200573328960807,0.029200573328960807,0.029199759094461358,0.743491291174446,0.0019598040306685327,0.13526712290458387,0.1781360287361158,0.19659449329795506,0.6370321439088221,0.000663076431007498,0.004811204670358685,0.010027684524592741,True,True,False,True,True,0.0,False,0.0,False,False,0,True,right-skating,0.0008164059836417437,0.19886978572412012,0.12648381945922738,0.10027021697606664,0.11033799704187876,0.0693346898080582,0.07244583303352847,0.10337931726718265,0.0775239466872836,0.10568863854926414,0.17654619418364015,0.07557376565919567,0.20282041338864254,0.024953997671777313,0.026970274369201935,0.13056755729113287,0.10233886735407148
49,True,0.10601270605359478,0.0569254883000006,0.12237511197145952,0.3595356974228261,0.3922108900891044,0.029215864898710097,0.029215864898710097,0.029215864898710097,0.02921504183234366,0.743491291174446,0.0019598040306685327,0.13054853180184267,0.1829437005448437,0.1986312383583016,0.6685765200627564,0.0006667291783203834,0.005063346164303788,0.010190596334164907,True,True,False,True,True,0.0,False,0.0,False,False,0,True,right-skating,0.0008139519777614623,0.19871652726052272,0.1264271293959505,0.09993501376058335,0.11039550162464166,0.0689457335482235,0.0711679578434518,0.10159980150676329,0.0747263652310221,0.10576591987769428,0.17635900088629966,0.0758704252197616,0.20191900226987947,0.024765570843039042,0.02661021561917795,0.13016699576440022,0.10283213620610583
50,True,0.1055103956836151,0.05562366636866008,0.1221393054552668,0.3579668402718484,0.3908911563957294,0.029231115817146,0.029231115817146,0.029231115817146,0.02923028429058532,0.743491291174446,0.0019598040306685327,0.12573517537206969,0.18797913224606083,0.20874487581172585,0.764926189526846,0.0006838630075637036,0.0059607469292742915,0.01090944502565668,True,True,False,True,True,0.0,False,0.0,False,False,0,True,right-skating,0.0008184309990610927,0.19856308430966724,0.12637934357581965,0.09959639078917944,0.11046385741111749,0.06857801427105857,0.06986974954160154,0.09981759515102225,0.07184925514250952,0.10584103746014131,0.17616303167292388,0.07614657290129453,0.20098214291196728,0.02458215930675622,0.02624565587435232,0.12975711775179585,0.10333132286663484
51,True,0.10499223180525978,0.05428769867368703,0.12189374284911737,0.3569479808160351,0.3896616264162912,0.029246799335140485,0.029246799335140485,0.029246799335140485,0.02924596186145873,0.743491291174446,0.0019598040306685327,0.12076560822295979,0.1933225718525797,0.2089557085854586,1.09791973498651,0.0006796406866219887,0.006235471185522814,0.010392679529435081,True,True,False,True,True,0.0,False,0.0,False,False,0,True,right-skating,0.000815014005638659,0.198410028373239,0.12633682158741166,0.09925945956651053,0.11051720360112918,0.06823439837858436,0.06851086400241588,0.09791011502905864,0.06896503096988305,0.10591360207334774,0.17595539863791296,0.07641627390792112,0.20001117381660524,0.02439928854659066,0.025876360149215807,0.12932433737317117,0.10383535287115958
52,True,0.10445563190764252,0.05291555091137806,0.12163565890639734,0.3565556881576091,0.38867931981888204,0.029263728658192028,0.029263728658192028,0.029263728658192028,0.029262892028100087,0.743491291174446,0.0019598040306685327,0.11558414041152386,0.19893990650525434,0.21446203519377824,1.0779510890212518,0.0006762854036158753,0.005887630108258766,0.009458409990955386,True,True,False,False,False,0.0,False,0.0,False,False,0,False,none,0.0008180300064850599,0.1982568547716812,0.12630706720776413,0.09892758660228423,0.11054448571411517,0.06792047093929499,0.0670441957799177,0.09589181837006425,0.0660608476029045,0.10598319549792931,0.17573284366616881,0.07670227127448097,0.19899843786237456,0.024210746090606007,0.02549879158193748,0.12886044292957102,0.10435005463118605
53,True,0.1039001213047147,0.051500949847699665,0.12136651179038638,0.35640129037954704,0.3879303923935178,0.029282069777168386,0.029282069777168386,0.029282069777168386,0.029281245647146063,0.743491291174446,0.0019598040306685327,0.1101694765345451,0.20485881172829604,0.2241747342673752,0.7959480490166242,0.00069380493774683,0.007021884739992064,0.009852450013574345,True,True,False,False,False,0.0,False,0.0,False,False,0,False,none,0.0008223679906222969,0.19810464974113146,0.12629752946850706,0.09861097619108863,0.11055094453508685,0.06763057923697806,0.06545966389152635,0.09377111751168442,0.0631025619627582,0.10604760314615565,0.17549802174370477,0.07699844520472114,0.19794462634549034,0.02402200467950853,0.025108115236847514,0.12836986736528314,0.10488523461496305
54,True,0.10332304348545424,0.050034237367038166,0.1210859788582596,0.3562976372168658,0.3873004716253667,0.029302370350702704,0.029302370350702704,0.029302370350702704,0.02930156507491195,0.743491291174446,0.0019598040306685327,0.10452038250700557,0.210959241030891,0.22555531095927767,0.6591375150687949,0.0007142077196361208,0.007406814845238817,0.010993214197684328,True,True,False,True,True,0.0,False,0.0,False,False,0,True,right-skating,0.0008181699959095567,0.19795565154466513,0.1263079754117307,0.09830266871456579,0.11054770929973154,0.06737580484622638,0.06375771372119016,0.09155996233917198,0.06004022567309552,0.10610332859763949,0.17525286828508357,0.07728125595288209,0.19684865263805262,0.02383483661930335,0.02470192483658182,0.1278512412429313,0.10544687604441633
55,True,0.10270907551847548,0.04847062388591138,0.12078855939599681,0.35616196642369863,0.38670925750906093,0.029323398915424525,0.029323398915424525,0.029323398915424525,0.029322614678193252,0.743491291174446,0.0019598040306685327,0.09847418890946069,0.21730244175684435,0.24474354751810487,2.8091054780250335,0.0007247674268629974,0.007993274907081798,0.010488113174221977,True,True,False,True,True,0.0,False,0.0,False,False,0,True,right-skating,0.0008198740251827985,0.1978073640671163,0.12631962026165178,0.0980156708064081,0.1105052031264308,0.06714565492458666,0.06189851008648506,0.0891722307882937,0.056786694966003734,0.10615589148241819,0.1749926418561262,0.07759572836861876,0.19570052040255428,0.023652575664788626,0.024270994124559485,0.12728167194741413,0.10604423542215131
56,True,0.10205156796802227,0.04679552481319561,0.12047024901963116,0.3559872005334504,0.38622841444962486,0.02934269017576337,0.02934269017576337,0.02934269017576337,0.029341923749600422,0.743491291174446,0.0019598040306685327,0.0919850148702186,0.22447063327234,0.3641099665852538,5.689089967490023,0.0007242430655287708,0.00828970708492541,0.009399855013687513,True,True,False,False,False,0.0,False,0.0,False,False,0,False,none,0.0008363949891645461,0.197654871905616,0.12630851804458312,0.09777094703797001,0.1103746626523493,0.06690918872990909,0.05986409970831353,0.08655120036253715,0.053333291373980525,0.10621408697068237,0.17470650422859269,0.07802141419799961,0.1944881994587104,0.02348361708020378,0.023813990436060996,0.12664912168144146,0.10668137361940629
57,True,0.10136292453334282,0.04503804417210344,0.12013788465375595,0.3558136363325186,0.38582736731908307,0.02936392225552508,0.02936392225552508,0.02936392225552508,0.029363166743895275,0.743491291174446,0.0019598040306685327,0.08511675039271882,0.23275340565044655,0.35588450701679747,2.040665581545552,0.0007356508459702602,0.008089189605889743,0.009298544857318647,True,True,False,False,False,0.0,False,0.0,False,False,0,False,none,0.0008232099935412407,0.19750188523272053,0.126282181891392,0.09756068460723405,0.11018422319372051,0.06672022445296513,0.057683375204802094,0.0837921878878203,0.04970898472512182,0.10627168756161864,0.17439988772412468,0.07852767678537638,0.19319488540309568,0.02331350769092264,0.023337496384549013,0.12596760538479934,0.10736029840322243
58,True,0.1006463797373486,0.04320554596191955,0.11979332432915829,0.35568396091823873,0.38553640096972713,0.029390008464175527,0.029390008464175527,0.029390008464175527,0.029389257608240384,0.743491291174446,0.0019598040306685327,0.07785196331389632,0.24186889553983915,0.3601057791744388,1.3812280693702195,0.0007532781344958868,0.007723883156790508,0.01080293502228137,True,True,False,True,True,0.0,False,0.0,False,False,0,True,right-skating,0.0008433879993390292,0.1973508791723733,0.12624471929105807,0.09738298006925038,0.10994807062214094,0.066600509482402,0.05534774408737782,0.08092653129627222,0.04592160577506467,0.1063250015336584,0.17407457061364282,0.07910710570869528,0.19182000703932417,0.02313419487556405,0.02283985190077723,0.12523578468081611,0.10808251964916024
59,True,0.09990800798253789,0.04132204467963682,0.11943666241683824,0.35562434357392614,0.38544794543038957,0.029421387895416522,0.029421387895416522,0.029421387895416522,0.029420632795416728,0.743491291174446,0.0019598040306685327,0.07018909264048334,0.25176717874021004,0.37150391792423604,1.0817950072763998,0.0007786402889016549,0.008008838102113185,0.011791947576824505,True,True,False,True,True,0.0,False,0.0,False,False,0,True,right-skating,0.0008242719923146069,0.1972031288379325,0.126193465897772,0.09724221239415981,0.10966474196737334,0.0665681552688477,0.05287011181044059,0.07799019099165085,0.04202367992798469,0.10637226379633222,0.17372957658349178,0.07974820378399483,0.19035021479302464,0.022950745347910025,0.022323562451001713,0.12445439068265039,0.1088434831860393
60,True,0.0991593904544587,0.03941990997113309,0.11907255061556725,0.35569093787747086,0.38565496781452674,0.029458457226789417,0.029458457226789417,0.029458457226789417,0.02945769043206871,0.743491291174446,0.0019598040306685327,0.06220063804066034,0.26235946243933234,0.3849646880846711,1.2680479089409085,0.0008086983459016848,0.009203914545105423,0.010985714281014374,True,True,False,True,True,0.0,False,0.0,False,False,0,True,right-skating,0.0008199629955925047,0.1970609537050024,0.12612655023807254,0.09714836694381389,0.1093355661780977,0.0666496516389149,0.0502736144341911,0.07504781379410512,0.038065680266051574,0.10641247658314756,0.1733653933942108,0.08044600480297427,0.18878543748569268,0.022770212961653668,0.021795932862721985,0.12363305180667446,0.10963354017601457
61,True,0.09840490662401308,0.03751911534025725,0.118700170385265,0.355900404829826,0.38621270201119723,0.029502933873143927,0.029502933873143927,0.029502933873143927,0.029502149560298625,0.743491291174446,0.0019598040306685327,0.05385534878661557,0.2737191955032268,0.4047555595241789,1.1560623673447918,0.0008410932842078891,0.00973350377073183,0.009793753065794759,True,True,False,False,False,0.0,False,0.0,False,False,0,False,none,0.0008361549989785999,0.1969274773801368,0.1260510283465286,0.09710670327908756,0.10895837352900303,0.06684894238442836,0.04755580113301414,0.07212235328236674,0.034105788229891666,0.10644184720344972,0.17298237438293093,0.0811864293859486,0.1871225592486202,0.022590624333811836,0.02125769551495877,0.12276632113718243,0.11045418721284972
62,True,0.09764828643791335,0.035644991964585655,0.11831605126235589,0.3562508679386819,0.387149143368989,0.029556944694055395,0.029556944694055395,0.029556944694055395,0.029556135430973466,0.743491291174446,0.0019598040306685327,0.045116999300998106,0.2857662038652542,0.42446120975792434,1.163482744812533,0.0008768216268182967,0.008564508675623778,0.008863216401099458,True,True,False,False,False,0.0,False,0.0,False,False,0,False,none,0.0008256350120063871,0.1968053945891927,0.12596627771856542,0.09712698172987237,0.10852445702213742,0.06717136198169067,0.044713874436565416,0.06922992635521319,0.030229457869521914,0.10645700917938689,0.17258109038543254,0.08193900920388075,0.18535177043793324,0.022412516619523842,0.020708067014083675,0.12184666537327174,0.11130872309034155
63,True,0.09691019535902654,0.03386262805024011,0.11792605112862202,0.35674050530389056,0.38827331061523757,0.02962048408804685,0.02962048408804685,0.02962048408804685,0.029619644038979275,0.743491291174446,0.0019598040306685327,0.03604810744909859,0.2985287988682923,0.446514154218121,1.1477756030655355,0.000917022853345176,0.008406431375908997,0.008340073379971648,True,True,False,False,False,0.0,False,0.0,False,False,0,False,none,0.0008228990191128105,0.19669951493065116,0.12588126461207577,0.09722180996489378,0.10804071163592964,0.0676214783014817,0.04179045388231512,0.06643460009014181,0.026616305170937948,0.10645541100562848,0.17216369488275873,0.0826933346862091,0.18347205453572304,0.02224652719329587,0.020153079746584823,0.12088035478913327,0.11219253031666435
64,True,0.09620757508884244,0.032243074649347295,0.11752907523534083,0.3573916276433313,0.38963205499869763,0.029694029755107005,0.029694029755107005,0.029694029755107005,0.029693153863632332,0.743491291174446,0.0019598040306685327,0.026609360079745015,0.31192738367591194,0.4682489532195561,1.1930419971324664,0.0009644464856517137,0.007801829868260266,0.007997175859083676,True,True,False,False,False,0.0,False,0.0,False,False,0,False,none,0.0008351319993380457,0.19661237110638646,0.12579403783723858,0.09739200462179959,0.10750385348993777,0.06819806291826923,0.038786293451715484,0.06377858561494336,0.023501427463130237,0.10643292289935326,0.17173077387158142,0.08344463944390526,0.1814785305484362,0.022099061424903928,0.019593224094411676,0.11986270841115856,0.11311270422430808
65,True,0.09557152181060329,0.030901910361575573,0.11712805896027918,0.35823783066264825,0.3912410034259494,0.0297771563956261,0.0297771563956261,0.0297771563956261,0.029776233526895308,0.743491291174446,0.0019598040306685327,0.016807083033599568,0.32590786554657675,0.4886670039593077,1.1009995474666474,0.0010179671608041875,0.008818250879551157,0.008558510767530945,True,True,False,False,False,0.0,False,0.0,False,False,0,False,none,0.0008354230085387826,0.19654939341366276,0.12570570402498,0.0976392411415776,0.10691635575686916,0.06893842029875218,0.03572846632506425,0.06133507180900844,0.021257157674167786,0.10638332288141517,0.17128514558594243,0.08416840187424557,0.17935673948417535,0.021980840625345895,0.019034571337780165,0.11879534065904115,0.11407017607762455
66,True,0.09503995935943839,0.02997356847369712,0.11672875632135216,0.3593281326536683,0.3932655759728223,0.02987104679343391,0.02987104679343391,0.02987104679343391,0.029870073702799798,0.743491291174446,0.0019598040306685327,0.006651804221743385,0.34041938119315096,0.5094890276644944,1.2222023858016953,0.0010795727489674618,0.00823956631916066,0.007940323207852804,True,True,False,False,False,0.0,False,0.0,False,False,0,False,none,0.0008245530189014971,0.19651602144101185,0.12561434074087593,0.09798047307350004,0.10628326310663107,0.06987688040537109,0.032659021360111534,0.05918896047304464,0.02032568784856393,0.10630198136516071,0.17083084462054254,0.0848394624737579,0.17710136044184102,0.021896621598984863,0.018483003974195045,0.11767879451557145,0.11506263231185064
67,True,0.09464561557201186,0.029568363412486726,0.11633803295852023,0.360649728017733,0.3956407486220348,0.029975223839378007,0.029975223839378007,0.029975223839378007,0.02997419607756129,0.743491291174446,0.0019598040306685327,0.003916960822066162,0.35532934806059296,0.5303057056616038,1.6424524321092253,0.001146136724473463,0.009647242063831815,0.008697190668028461,True,True,False,False,False,0.0,False,0.0,False,False,0,False,none,0.000820874993223697,0.19652040959858708,0.1255241762551966,0.09842553275278779,0.10561214483268232,0.07107774893154949,0.02961911232132266,0.05743856847740007,0.02103542861339357,0.10618137802620199,0.17037091669784513,0.08544407804389402,0.1746739162071659,0.02185439562658978,0.017945060932563477,0.11651012797934207,0.1160968538556676
68,True,0.09439896320731701,0.02971414964270521,0.11596056772885427,0.36219010441183813,0.39829936511137326,0.030090506144981877,0.030090506144981877,0.030090506144981877,0.030089416743280226,0.743491291174446,0.0019598040306685327,0.014884058267449651,0.37052979536232317,0.5471414110157041,1.278174110115188,0.0012218079331420921,0.010233325344825317,0.008907822266713017,True,True,True,False,True,0.0,False,0.0,False,False,0,True,left-skating,0.0008379880164284259,0.19656847191930757,0.12544217408633965,0.09897028933022757,0.104906338681901,0.07252666674979866,0.026724843118499545,0.05617970457331361,0.023382043738012087,0.10601538741405425,0.16990952977382964,0.0859449889562594,0.17205960326761674,0.021864670240853645,0.017430180018641498,0.11528876998474576,0.11716974946367135
69,True,0.09429634837178238,0.030364696035846246,0.11560689915042781,0.3639214143213824,0.40120864165314696,0.03021740015183588,0.03021740015183588,0.03021740015183588,0.03021624043094914,0.743491291174446,0.0019598040306685327,0.026220978393242333,0.38589914491544364,0.5614287978367717,1.2697379724869868,0.0013063247629283685,0.010471109707690955,0.009042127315517626,True,True,True,False,True,0.0,False,0.0,False,False,0,True,left-skating,0.0008214469999074936,0.1966672490295622,0.12537416605418755,0.09962961351831036,0.10416929602329039,0.07420087073249147,0.02415187341955895,0.05551178277151459,0.027061934845119914,0.10579821466668035,0.16945044450751612,0.0863042863455112,0.1692424128824349,0.02193583461869428,0.016949231908056195,0.11401687451706546,0.11827748810852436
70,True,0.09433567944482582,0.031456549754445576,0.11529538934161924,0.36585062648611555,0.4043617768883773,0.03035586737856628,0.03035586737856628,0.03035586737856628,0.030354627110348115,0.743491291174446,0.0019598040306685327,0.037922123410008446,0.40126880898462214,0.5714554501304364,1.2773095052561054,0.001400700597166634,0.010655078612611984,0.009114889133670149,True,True,True,False,True,0.0,False,0.0,False,False,0,True,left-skating,0.000839751010062173,0.19682305199489794,0.12532251381939535,0.10041116326964704,0.10341032378783092,0.07610541896053583,0.022138545412984035,0.05551601555130141,0.03171951839818108,0.10552391287888158,0.1689973536972973,0.08649281491780263,0.1662056590427535,0.022076826021214083,0.016513839047085727,0.112695828970151,0.11941808534725391
71,True,0.09451970532437022,0.032928479256962205,0.11505011401350623,0.3679908294574776,0.40768407869979895,0.030505839744631724,0.030505839744631724,0.030505839744631724,0.030504514113586033,0.743491291174446,0.0019598040306685327,0.04992941191048383,0.41648616199124683,0.5797492518515885,1.4523452105618044,0.0015006733319335133,0.010682258965019465,0.008227320077314625,True,True,True,False,True,0.0,False,0.0,False,False,0,True,left-skating,0.0008296520099975169,0.197043652616444,0.12528916633121587,0.10131670522818446,0.10263782571239845,0.07822967475503291,0.020978368449352757,0.056243775786706,0.037041029913021134,0.1051863869602823,0.16855634604738157,0.08649451015533845,0.1629502572651654,0.022292147807866217,0.016136963520255464,0.11133216572695548,0.12058630891432301
72,True,0.09485339534824357,0.03472978891540818,0.11489459749252202,0.37039152407588394,0.41126619182428525,0.030667934231547574,0.030667934231547574,0.030667934231547574,0.030666529607423082,0.743491291174446,0.0019598040306685327,0.062200934086204196,0.4312870589465805,0.5873498526976199,1.8023481390734117,0.001601966918533044,0.01121377284720413,0.007672373033887627,True,True,True,False,True,0.0,False,0.0,False,False,0,True,left-skating,0.0008255040156655014,0.19733824920483484,0.12527389891727003,0.1023566848871651,0.1018664798067012,0.08056379441721111,0.020904936223593653,0.057702559025569644,0.04280279675409938,0.10478099904634951,0.16813400957780467,0.08632414510350037,0.1594808379973239,0.022582941509135576,0.01583085837282812,0.10993336111277198,0.12177777361573798
73,True,0.09533707087199973,0.03683576715804323,0.11483750544331855,0.3730568634638289,0.4151365631338819,0.03084190973405978,0.03084190973405978,0.03084190973405978,0.030840437344992283,0.743491291174446,0.0019598040306685327,0.07473705754007054,0.4453079364635556,0.5884369395279612,1.930485295730848,0.0017044019569210334,0.011390041725400655,0.007079242283086693,True,True,True,False,True,0.0,False,0.0,False,False,0,True,left-skating,0.0008231390092987567,0.1977151986731028,0.12529566470746997,0.10353228620284248,0.10111248520154792,0.08311647191381234,0.021978589989673954,0.059896437520316655,0.04888469878025594,0.10430197772702147,0.16773936342820578,0.08596481464059998,0.15579975479979868,0.02295449610652775,0.015607436225072572,0.10850012253665328,0.122993335499094
74,True,0.09595909097829496,0.03921824849975108,0.11487270513780956,0.3760079234576236,0.41924826993289627,0.03102720957216686,0.03102720957216686,0.03102720957216686,0.031025691378459355,0.743491291174446,0.0019598040306685327,0.08751528475922532,0.4582571880047294,0.5863088197082873,2.1538723995492703,0.0018050271485292927,0.011592533665819674,0.006600544857126591,True,True,True,False,True,0.0,False,0.0,False,False,0,True,left-skating,0.0008659599989186972,0.19818170176421196,0.1253722298031094,0.10484556183034016,0.10038497301002401,0.08585962712562875,0.02409066906176857,0.06278347985484903,0.05520117918426865,0.1037449538890081,0.1673824603420872,0.08541056802526525,0.15193351717662873,0.023410837901229817,0.01547749705865684,0.10703584098557879,0.12423035864006399
75,True,0.09670040364649206,0.04185167942118109,0.1149833117215957,0.37927172588149743,0.4236590239838164,0.03122166929164642,0.03122166929164642,0.03122166929164642,0.031220124249889656,0.743491291174446,0.0019598040306685327,0.10052560964637158,0.46974831763633484,0.571042134131204,2.273704953653786,0.0019057800311320574,0.011760093611722684,0.006022212330917381,True,True,True,False,True,0.0,False,0.0,False,False,0,True,left-skating,0.0008242320036515594,0.19874300948985596,0.1255072236188935,0.10628627818442571,0.09969600906196245,0.0887980759660734,0.02703369059114802,0.06627557626924428,0.06172059601494314,0.10310880672210436,0.16707129251033012,0.08464785635317489,0.14787378888063915,0.023957265704925627,0.015453279695611338,0.10554407934259319,0.12548962993794785
76,True,0.09754160453407233,0.04471074102970117,0.11515189236886271,0.38279551680566515,0.428211748753932,0.03142447932858875,0.03142447932858875,0.03142447932858875,0.031422921365289395,0.743491291174446,0.0019598040306685327,0.11378376150553772,0.47942546244333745,0.5544684654043749,2.4371814931272233,0.0020005777615657674,0.010689765673431417,0.005334819134891074,True,True,True,False,True,0.0,False,0.0,False,False,0,True,left-skating,0.0008224179910030216,0.19940152299886166,0.1257010461583968,0.10783951326273065,0.09905816769192474,0.09194288678714575,0.03060022657619353,0.07030432923166725,0.06840251509682481,0.10239280775207175,0.16681447014503953,0.08366243434222229,0.14360252578803995,0.024590050418561073,0.015546069371751547,0.1040305484464772,0.12677655847724872
77,True,0.0984637990859917,0.04777908876659885,0.11535870252578934,0.38648868082819093,0.43296802963659137,0.03163364713721501,0.03163364713721501,0.03163364713721501,0.03163206892993243,0.743491291174446,0.0019598040306685327,0.12730763128695277,0.486931803271014,0.5256979354299424,2.6318696744058068,0.0020836489731325884,0.01145649339972774,0.0046616031330642405,True,True,True,False,True,0.0,False,0.0,False,False,0,True,left-skating,0.0008340009953826666,0.20015690717494197,0.12596517802933355,0.10949872175939757,0.09849377026349798,0.09525830327574189,0.03462018239914609,0.07479397423478762,0.0752395827004016,0.10159643427929935,0.16662198988506374,0.0824410792917,0.1390658943356959,0.02531600636070501,0.015766791770501172,0.10249023716133061,0.1280957324543232
78,True,0.09946416271605601,0.05105330735879335,0.11560111450181026,0.3903357286011151,0.43791450665716936,0.03184964766150072,0.03184964766150072,0.03184964766150072,0.03184804204676973,0.743491291174446,0.0019598040306685327,0.14114889102999317,0.49192583987055744,0.5058270500427651,2.900588932199793,0.0021559249826096447,0.01261694034722205,0.003829050194938981,True,True,True,False,True,0.0,False,0.0,False,False,0,True,left-skating,0.000813030987046659,0.20100755386323318,0.1263120153761982,0.11126167507878007,0.0980306514452852,0.09873308975958561,0.03898005409081623,0.07971802019740346,0.082238256575075,0.10072280318690609,0.16650459234316592,0.08099949412389615,0.13429091027554918,0.026138405219312866,0.01611854744338205,0.10091754974871511,0.12945298472959213
79,True,0.10053657800196868,0.054490865655749204,0.11588514878404182,0.39436631507593917,0.44300191361571556,0.03207214603086263,0.03207214603086263,0.03207214603086263,0.03207051050016787,0.743491291174446,0.0019598040306685327,0.15514813168062314,0.48731052939268793,0.5201236536802131,9.872613047602465,0.0021905064834143073,0.014989457116646133,0.003155267899351386,True,True,True,False,True,0.0,False,0.0,False,False,0,True,left-skating,0.0008117879915516824,0.20193860798212115,0.1267603182348966,0.11315961829514214,0.09773525338019934,0.10240014662746537,0.04342833098301064,0.0850628107976067,0.0892545414763049,0.09978664276005839,0.16647244705657288,0.07941985430713297,0.12938903248797398,0.027062789674620443,0.016583320674464785,0.09931139830445124,0.1308201349894771
80,True,0.10125871055457192,0.05602209966655307,0.11633758085057817,0.39869601540543687,0.45622922082301914,0.03232840681210599,0.03232840681210599,0.03232840681210599,0.03232650858392019,0.743491291174446,0.0019598040306685327,0.16082902043951397,0.259628120507056,9.901247576336548,291.8232069605596,0.0033439901000030716,0.014314766824210479,0.0031444921532147044,True,True,True,False,True,0.0,False,0.0,False,False,0,True,left-skating,0.0008157560077961534,0.2024720992715195,0.12785710402048647,0.11667443636890595,0.09965049943972623,0.1076298227568177,0.04117729946436715,0.09064114774641233,0.08933993845639189,0.09925359993152795,0.16638400480764154,0.07898061221045886,0.1269760579507867,0.02789690486257138,0.01621040760083666,0.09811181720431267,0.1308836167803874
81,True,0.10165231394808372,0.0567406091592981,0.11662288221101225,0.40253462988370664,0.46687919785332094,0.0324478002794207,0.0324478002794207,0.0324478002794207,0.032445754346866494,0.743491291174446,0.0019598040306685327,0.1634286749459768,0.2041145668975416,2.663386036956373,253.22453866068972,0.0019397970523526342,0.0119418283707638,0.0039791547810034454,True,True,True,False,True,0.0,False,0.0,False,False,0,True,left-skating,0.0008164169848896563,0.20279753107270423,0.12884422502895465,0.11864110616499429,0.10116294791885243,0.10984730103669275,0.03990620907836787,0.09248916808718978,0.0903383854928015,0.09897781021961811,0.16625053751121066,0.07883987646252742,0.12553771406856123,0.028279432821040677,0.01585545023616045,0.09763974921064572,0.13102957875901775
82,True,0.10187017230692509,0.05708723936493252,0.11679781662092263,0.4057851509378824,0.4753423284751053,0.03250917586416216,0.03250917586416216,0.03250917586416216,0.032507035593816604,0.743491291174446,0.0019598040306685327,0.16467006487042712,0.17534356697870804,1.3762472293410815,44.67087817100305,0.0013067474206738868,0.012982354609718612,0.005092112444532936,True,True,True,False,True,0.0,False,0.0,False,False,0,True,left-skating,0.0008183309982996434,0.20301747603001574,0.12960485370641778,0.11977549308705844,0.10230567471349855,0.11063664197497156,0.039231356113282385,0.09268900854960858,0.09159537260681473,0.09882736827990651,0.16610506677964937,0.07885405372804923,0.12456686929598164,0.0284691003338504,0.015595475969456379,0.09744188826223678,0.13120705748000358
83,True,0.10197718836571387,0.0572029463423014,0.11690193570685137,0.40847827655080743,0.4823204193234098,0.032546031963457206,0.032546031963457206,0.032546031963457206,0.03254381763842301,0.743491291174446,0.0019598040306685327,0.1651648016552196,0.15622908665178606,0.8846432616880622,18.44538896178416,0.0010301022954713895,0.011963906608592732,0.005058264050138847,True,True,True,False,True,0.0,False,0.0,False,False,0,True,left-skating,0.0008198529831133783,0.2031814504200157,0.1301987590998533,0.12047330299588607,0.10321636947306896,0.11077985105140956,0.03878090866241003,0.09221036814430988,0.0926554086154102,0.098739931640652,0.16596125747283005,0.07892388444329497,0.12382841373297182,0.028546894719283185,0.015399113890202322,0.09736883247941912,0.1313702670104048
84,True,0.10201955213658198,0.05719895583149928,0.11695975090494289,0.41065977160323425,0.48859769732065544,0.032572928309097283,0.032572928309097283,0.032572928309097283,0.03257064390313572,0.743491291174446,0.0019598040306685327,0.16527540166610222,0.14241192599402935,0.6524090579414759,8.883244537044382,0.0008715632952219031,0.011836412644995107,0.004859716808268157,True,True,True,False,True,0.0,False,0.0,False,False,0,True,left-skating,0.0008304840011987835,0.20331244192839204,0.13068802328757811,0.12092258348874418,0.10398057032106284,0.1106073092446894,0.03842648425765351,0.0915349489389322,0.09344773521604555,0.09868467271580664,0.16582551021182548,0.07899516973412987,0.1232231614205423,0.028566413390537067,0.015246725780482317,0.09734161787408173,0.13150946637480831
85,True,0.10199472948175466,0.05703491637912528,0.11698133384929776,0.4120680237970016,0.49281641957713485,0.03258705351097687,0.03258705351097687,0.03258705351097687,0.032584698907871835,0.743491291174446,0.0019598040306685327,0.16487888916797022,0.11805969538605263,1.144024967262337,30.926204007702093,0.0007267006824613668,0.01279827525676013,0.004180382292695155,True,True,True,False,True,0.0,False,0.0,False,False,0,True,left-skating,0.0021787890000268817,0.20341074823391583,0.13104130188281485,0.12124999082818165,0.10460607076247921,0.11028001649682626,0.03806827225117352,0.09081324357131457,0.09368512322941927,0.09865992213611381,0.1656923845608408,0.07907755387459971,0.12276604144027489,0.028544138819407518,0.015097159896359751,0.097346239489195,0.13157746423515754
86,True,0.1019150364342408,0.05673746111617035,0.11697422820693093,0.4128011267870488,0.4950184255113798,0.03259097834062124,0.03259097834062124,0.03259097834062124,0.032588558459973556,0.743491291174446,0.0019598040306685327,0.16396813771649388,0.10364241854887254,1.1041382235027941,3.7470581351416388,0.0006206105705534915,0.012214375872364134,0.0037778974698231193,True,True,True,False,True,0.0,False,0.0,False,False,0,True,left-skating,0.0008529360056854784,0.20347612403069,0.13125302736486036,0.12148713344803823,0.10508324208395647,0.10981977747414459,0.03773638175657216,0.09007098871323632,0.09346045660750742,0.09866549035752147,0.16555652301605428,0.07918317165392005,0.1224551885233209,0.02847512976165624,0.01494326938228145,0.09739431719945872,0.13158036157463388
87,True,0.10182836859744371,0.056450550042503586,0.11695430811575709,0.41333564909393034,0.4967781911412049,0.03259516093960635,0.03259516093960635,0.03259516093960635,0.03259268544906103,0.743491291174446,0.0019598040306685327,0.16300821636039856,0.09717885794473176,0.34983966767806446,29.010380064555367,0.0005455043554441105,0.012192280138052314,0.0035978265692705293,True,True,True,False,True,0.0,False,0.0,False,False,0,True,left-skating,0.0008416140044573694,0.20352180404056536,0.13138551936288392,0.12163370061604022,0.10545087749674294,0.10928902649334198,0.03751750899089936,0.08936814449864892,0.09323454790074875,0.09868189404463168,0.16543085374675903,0.07929855929454444,0.1222198285897747,0.028387174545491774,0.01481233322512486,0.09744624560759403,0.13157587910530763
88,True,0.10174703015414284,0.05620443097114151,0.11692789654847663,0.41371344066485977,0.49834200729443257,0.0325989839380813,0.0325989839380813,0.0325989839380813,0.032596452451669596,0.743491291174446,0.0019598040306685327,0.16216115324599634,0.09256586334987973,0.27620906053306044,2.9566677535506996,0.0004868765353528233,0.012016755130746239,0.0030890738979995496,True,True,True,False,True,0.0,False,0.0,False,False,0,True,left-skating,0.0008303129870910197,0.20355533102306198,0.13146405716816598,0.12172808217492234,0.10575186634009615,0.10876251816376607,0.03739172787447756,0.08876482010220897,0.09304750882056186,0.09870105967320607,0.16531842632087812,0.07938962073854677,0.1220150000083813,0.028299548103935465,0.01470584685785971,0.09748371880686767,0.1315733502893496
89,True,0.10165670185395276,0.05596474945480903,0.11688735265366734,0.4139304718544759,0.4997713828285779,0.03260387710552482,0.03260387710552482,0.03260387710552482,0.03260129106612673,0.743491291174446,0.0019598040306685327,0.1613253058689379,0.08932384441610788,0.21570060054044896,2.033031608345909,0.0004420128613606788,0.01221282767182776,0.0026749102126891132,True,True,True,False,True,0.0,False,0.0,False,False,0,True,left-skating,0.0008322570065502077,0.2035806152119247,0.1314920074594448,0.12177221383866157,0.10598796446166776,0.10821977066523594,0.037285952042456064,0.08824468698979908,0.09279688436231649,0.09872064956830826,0.16521576897941,0.07945401688908824,0.12183923676055458,0.028204790808475794,0.01461263565864475,0.097517215717211,0.13156282025004515
90,True,0.10156770059917694,0.055752717387697465,0.11683936166967011,0.41403526118276085,0.5011585527025844,0.03260991282861138,0.03260991282861138,0.03260991282861138,0.03260727268370183,0.743491291174446,0.0019598040306685327,0.16056715882628336,0.08700739356352816,0.17053986693840625,1.502370257273653,0.00041278789205305996,0.011923641373922619,0.0025580016384522445,True,True,True,False,True,0.0,False,0.0,False,False,0,True,left-skating,0.0008298720058519393,0.20359996911817263,0.13149212748322847,0.12177281358619066,0.10618172247489124,0.10768860320564108,0.03721259041714021,0.08782831383346648,0.09253935199430965,0.09873903709155481,0.16512116048316522,0.07949336379033603,0.12167364557559861,0.02810876709925922,0.014534436623754511,0.0975420755527222,0.13155523125739998
91,True,0.10148131947076895,0.05557557629056111,0.11678323386417157,0.414033982518269,0.5023832268582303,0.03261713702210056,0.03261713702210056,0.03261713702210056,0.0326144427363817,0.743491291174446,0.0019598040306685327,0.15991405286675686,0.0853070296172106,0.1378776754286033,1.2921608764077102,0.00039675655506476445,0.010985536747557575,0.00314603731180208,True,True,True,False,True,0.0,False,0.0,False,False,0,True,left-skating,0.000831635989015922,0.2036148175520714,0.13147359740987405,0.12172634422466788,0.10633008295523073,0.1071706307207947,0.037171576312487534,0.08751764633393459,0.09230038046234805,0.09875518818165475,0.16503124726732787,0.07951088739474586,0.12149339562313935,0.02801084737204715,0.01447343099391466,0.09756136755662025,0.1315596711714445
92,True,0.10140565991223444,0.055448178918801494,0.11672482024337875,0.41394695698078177,0.5037183150341092,0.03262547231838843,0.03262547231838843,0.03262547231838843,0.03262272426148279,0.743491291174446,0.0019598040306685327,0.15942353969836368,0.08405826393470715,0.10792692430476399,1.062285826617856,0.00037594217958896977,0.011149445047901222,0.0032080485122733026,True,True,True,False,True,0.0,False,0.0,False,False,0,True,left-skating,0.0008425569976679981,0.20362452824045701,0.13145930703922173,0.12164674369668635,0.10645020875024765,0.10668322654997656,0.03716732683461209,0.08734056974053761,0.0921010964990065,0.09876567198786165,0.16495103813778653,0.07950490504126138,0.12130595687952092,0.02792316675857105,0.014427882677090836,0.09756306859164565,0.1315758611712675
93,True,0.10133659768499782,0.05536031122162327,0.11666202650612269,0.41380741215530453,0.5051977032176577,0.03263469233259921,0.03263469233259921,0.03263469233259921,0.032631890480756744,0.743491291174446,0.0019598040306685327,0.15907572512087276,0.08312110321476039,0.09165497294188982,0.890124778294739,0.00035866186345661293,0.011370754278503425,0.003169549263049184,True,True,True,False,True,0.0,False,0.0,False,False,0,True,left-skating,0.000828759977594018,0.20362794599363113,0.13143203495818076,0.12155827007749362,0.10655286306395724,0.1062127456000185,0.03717887734155007,0.08726072639773474,0.09193949422164455,0.09877218890330283,0.1648767807231154,0.07947947497877829,0.12109775956713661,0.027844035231558185,0.014396989035555616,0.09754985672269824,0.13160552014360952
94,True,0.10126780370433129,0.055286044625740584,0.11659505673052821,0.4136458705303916,0.5066901105085561,0.03264569624523442,0.03264569624523442,0.03264569624523442,0.03264284232817743,0.743491291174446,0.0019598040306685327,0.15880676960331508,0.08239531985964542,0.08996346215763355,0.8568118745597334,0.0003532741777832298,0.011051046750574929,0.003369742617804027,True,True,True,False,True,0.0,False,0.0,False,False,0,True,left-skating,0.0008171079971361905,0.2036295207728031,0.1313946454696909,0.12145663421460287,0.10663617623610362,0.10574599987938013,0.03720250334957941,0.08721658451866239,0.09178707342808759,0.09877535047405632,0.1648064077696003,0.07944516389560109,0.12087116648147192,0.027765241523595764,0.014375279032616567,0.0975324393229952,0.13164467290045342
95,True,0.10119710057500238,0.055214457803381564,0.11652464816554264,0.4134816541618079,0.5080390271465063,0.032658087463820984,0.032658087463820984,0.032658087463820984,0.032655184252840655,0.743491291174446,0.0019598040306685327,0.15854958157112864,0.08182751175483083,0.09518191702221675,0.9967765820130241,0.000355756665445319,0.01113549207134365,0.0033921570567542517,True,True,True,False,True,0.0,False,0.0,False,False,0,True,left-skating,0.0008465140126645565,0.20363006635034447,0.13135199431794378,0.12134002619459618,0.10670424524139048,0.10527539090959126,0.037242206809684666,0.08717265676335377,0.09164526541783634,0.09877522835308936,0.16473931823661295,0.07940092850814484,0.12063742090146454,0.02768336261461108,0.014356546417725087,0.09751560140103138,0.13168335076261792
96,True,0.1011251135194318,0.0551385259221461,0.11645397605186036,0.41329872678471724,0.5094426770393554,0.032670198700090976,0.032670198700090976,0.032670198700090976,0.03266725029543944,0.743491291174446,0.0019598040306685327,0.15827893253310155,0.08131646892006968,0.08658549375738801,0.8687394462540852,0.0003586156504178772,0.011011324347286132,0.0029461702167442607,True,True,True,False,True,0.0,False,0.0,False,False,0,True,left-skating,0.0008507019956596196,0.20362985832900568,0.1313100454337932,0.1212184491885899,0.10677645089501855,0.10480210473358559,0.03729813337880826,0.08709246350963011,0.09152799809884589,0.09877174290065749,0.16467562779356762,0.0793416351094718,0.12040232081113467,0.027595926674386595,0.01433771540572182,0.09750315955699919,0.1317181844916924
97,True,0.10106031437535248,0.055082503018427674,0.11638625149432742,0.4130913552166276,0.5113736382587342,0.032681138966123804,0.032681138966123804,0.032681138966123804,0.03267815124807767,0.743491291174446,0.0019598040306685327,0.1580664127488971,0.0808510624447516,0.07013097708635947,1.143684747869686,0.0003582162385617269,0.010881308726730621,0.003133399829076056,True,True,True,False,True,0.0,False,0.0,False,False,0,True,left-skating,0.0008185509941540658,0.20362829069611485,0.1312623128068766,0.12110562148114244,0.10685059396169438,0.10435724471250593,0.037357558795152616,0.08705113584420143,0.09144147059289012,0.09876553283303217,0.16461579939273707,0.07927813067260639,0.12016965937887543,0.02751247352050412,0.014324932116115007,0.09748575009907309,0.13175852310211816
98,True,0.10100454348883954,0.05504190077319959,0.11632542439405286,0.41289982558633714,0.5136605019950758,0.03269034838271314,0.03269034838271314,0.03269034838271314,0.03268733069052956,0.743491291174446,0.0019598040306685327,0.1579097686821338,0.0803598361870566,0.07665807347082115,0.87542103628293,0.00035308615330254423,0.010841965116622838,0.0034189722003791796,True,True,True,False,True,0.0,False,0.0,False,False,0,True,left-skating,0.0008220979943871498,0.20362572729348682,0.1312049333227413,0.12101376360768061,0.10692418595914029,0.10395134413474215,0.03743237650189359,0.08702475237123368,0.0913880064428194,0.09875575474743387,0.16456388136366407,0.07923054088483458,0.1199340760347169,0.027433743092611616,0.01432110118613367,0.09746346105412734,0.1318050478241725
99,True,0.10094850483620202,0.054995932069397936,0.11626602909180338,0.41263250993087564,0.5158038363758946,0.032696707418383944,0.032696707418383944,0.032696707418383944,0.032693660398386525,0.743491291174446,0.0019598040306685327,0.15768534535813794,0.07987432392038694,0.07831048203107471,0.7681474822805325,0.0003404481434509449,0.0106956459599417,0.003432001237805718,True,True,True,False,True,0.0,False,0.0,False,False,0,True,left-skating,0.0008168980129994452,0.20362377786369487,0.13113830268635443,0.12093350179138443,0.10699632501041814,0.1035773679260591,0.03751234481981353,0.0870134353725867,0.09130197862194167,0.09874500938216534,0.16451607220794387,0.07914599517722967,0.11970655985234321,0.02735154786018152,0.014316766422881846,0.09744979851908761,0.13184729386514632
100,True,0.10089350001448508,0.05495236831005316,0.11620721058262905,0.412283188819991,0.5176466953459448,0.032700502254472914,0.032700502254472914,0.032700502254472914,0.032697417783824505,0.743491291174446,0.0019598040306685327,0.15745102863130822,0.07334634084071864,0.2966606560461838,8.43195379221875,0.00032047557911954434,0.008851898560380718,0.0032656979958801072,True,True,False,False,False,0.0,False,0.0,False,False,0,False,none,0.0008179300057236105,0.20362302243471342,0.13107388694106037,0.12085801191036351,0.1070446620754333,0.10325558405370736,0.03760178843065709,0.08701767685308132,0.09120511905018998,0.0987322412846718,0.1644727307156165,0.07899364123298763,0.11949006052406737,0.027273211950210346,0.014313465386730995,0.09745096536312368,0.1318899320251463
101,True,0.10086259534140359,0.05497106603065276,0.11615977177832054,0.4118994460776581,0.5192201687289516,0.032701216104704396,0.032701216104704396,0.032701216104704396,0.0326980881143068,0.743491291174446,0.0019598040306685327,0.15742938990413968,0.057373996056010804,1.2835047425720219,29.863646581916516,0.00030504188513867685,0.0008693790229877342,0.0033658569215450507,True,True,False,False,False,0.0,False,0.0,False,False,0,False,none,0.0008133199880830944,0.20362151423869934,0.13101828884047742,0.1207731836332979,0.10704135068352208,0.10301718228819663,0.037738277348236954,0.08710653540486346,0.09122825108364654,0.09871543256603085,0.16444127149468354,0.0788261205517742,0.1192818920838756,0.02722428551338625,0.014325192120714769,0.0974900476785984,0.13195269993245348
102,True,0.10082854047910572,0.055007493779229526,0.1161022227123978,0.41174751369980517,0.5216620300999126,0.032705836832553424,0.032705836832553424,0.032705836832553424,0.03270266006187491,0.743491291174446,0.0019598040306685327,0.15753490324943928,0.05726505907828806,0.12784323538932604,36.444714279969354,0.0003121938470142675,0.0003559907609381281,0.0033790100235758435,True,True,False,False,False,0.0,False,0.0,False,False,0,False,none,0.0008771219872869551,0.20362359098533067,0.13096589133978298,0.12073345715851377,0.10703034562876529,0.10279205660325244,0.03775160735150062,0.0871134320840272,0.09139497047216208,0.0986957002642207,0.16441201954911971,0.0786222949077644,0.11903518996475873,0.02717642246933584,0.014345150091393016,0.09753274674213504,0.1320317720536292
103,True,0.1007959084335182,0.05502843874640061,0.11605173166255739,0.4118265708947841,0.5206148433848832,0.032720569660047265,0.032720569660047265,0.032720569660047265,0.032717338750784766,0.743491291174446,0.0019598040306685327,0.15787055981419007,0.057934501307586796,0.17801657345692581,5.704627455800343,0.00033517587091242096,0.0003726323614353051,0.0033712744864702487,True,True,False,False,False,0.0,False,0.0,False,False,1,False,none,0.0008242219919338822,0.203638289072289,0.1309690512161777,0.1207132070379519,0.10706026607882417,0.10268497541541552,0.037734292841263964,0.08697711894281597,0.09162552299188041,0.09866217409391285,0.16438897713667286,0.07835032436623977,0.11871673635183319,0.02713227908427859,0.014378833966627449,0.09756313267988422,0.1321393536602236
104,True,0.10075188872471572,0.05502060255446271,0.11599565078146672,0.4124162156557902,0.5208358583746,0.0327533349430286,0.0327533349430286,0.0327533349430286,0.0327500525250705,0.743491291174446,0.0019598040306685327,0.15855679753148388,0.06009141457212294,0.2884627736971941,5.657309137952634,0.00038632797639124775,0.0005151471823854678,0.0028515525592151657,True,True,False,False,False,0.0,False,0.0,False,False,1,False,none,0.0008238109876401722,0.20366982017137022,0.13102911853310817,0.1207623143171309,0.10714669404964863,0.10255619969406105,0.03756950052679963,0.08665864027777244,0.0918942911983892,0.09860980905662027,0.16437769748756473,0.078032708494011,0.11835299524348424,0.027106083253448605,0.014423395488240592,0.09756087904448713,0.13228007275931455
105,True,0.1007729564562933,0.05521688737365692,0.11595831281717212,0.4140169977826873,0.5228121944512696,0.032817189244277394,0.032817189244277394,0.032817189244277394,0.03281384900875679,0.743491291174446,0.0019598040306685327,0.16052154554156584,0.07006526253802946,0.684062345462643,12.148216928227285,0.0006483372611035281,0.0003446787223697597,0.0028330213821876784,True,True,False,False,False,0.0,False,0.0,False,False,1,False,none,0.0008566330070607364,0.20373083531311403,0.13123222170118767,0.12097032962860335,0.10746818258308702,0.10229908605031504,0.03743451377216462,0.08631528245080602,0.09285896284200315,0.09851945694429817,0.16438315355858796,0.07771298218940963,0.11773458292879022,0.027148394927127437,0.014544909274691032,0.09745036990433814,0.13256403923216972
106,True,0.10101718711810018,0.05592703529232597,0.11604723772669157,0.4153550049776648,0.5298040160778181,0.0329193053274238,0.0329193053274238,0.0329193053274238,0.032915855173935825,0.743491291174446,0.0019598040306685327,0.16474588350090413,0.23965047786384192,5.1541507584222055,141.0472090579253,0.0021096215535729105,0.00144061025421694,0.008750761657977692,True,True,False,False,False,0.0,False,0.0,False,False,1,False,none,0.0024374979839194566,0.20394960856915692,0.13225166195086624,0.12146808506614387,0.10893426645901985,0.10249205232060765,0.037134837425928706,0.08744726865204207,0.09421067658253822,0.09826360099134653,0.16443890736479622,0.07719264880619749,0.11633528270904905,0.027377991517759007,0.014672204416964582,0.09707862910222588,0.13302727195496022
107,True,0.10133859393724115,0.05698123658673144,0.11612437972074437,0.41743311461153604,0.5459274477821109,0.03303940532090864,0.03303940532090864,0.03303940532090864,0.03303586802591106,0.743491291174446,0.0019598040306685327,0.1706149761287541,0.44261614286622686,6.36495721141498,68.38771707316347,0.003590600939524921,0.0011726350124231957,0.013590037440673868,True,True,False,True,True,0.0,False,0.0,False,False,1,True,right-skating,0.004082103987457231,0.20427314046503012,0.13382290151912393,0.12190789096606966,0.11108347680256046,0.10120337352059647,0.03737015663893901,0.08886501103026091,0.09641628258261394,0.09799487460062467,0.16440889562847777,0.0767431003038555,0.11428297790483317,0.027721911008838838,0.014921741725212082,0.09662623302749479,0.13377553527132713
108,True,0.10165462571604542,0.05810505744845187,0.11617114847190992,0.4202610744525173,0.5629762844157585,0.03320132299506128,0.03320132299506128,0.03320132299506128,0.03319772298849586,0.743491291174446,0.0019598040306685327,0.17750072113887727,0.6002430542381424,5.258024149008723,75.4269470780381,0.005166958418233952,0.0007973247359141078,0.01607523286309412,True,True,False,True,True,0.0,False,0.0,False,False,1,True,right-skating,0.005086438002763316,0.2046536236822498,0.1356891352204659,0.12196339388384589,0.11333202349845924,0.09841471814241655,0.03881282917842687,0.08970033398708971,0.09932634520013575,0.09780734090289313,0.16416615364386306,0.07669275018711172,0.11169472825302744,0.028084152367608667,0.015309398238973353,0.09612256623703806,0.13470451883312146
109,True,0.10148065969943496,0.0583423819842407,0.11586008560449969,0.41941078020470773,0.5611784564734573,0.03332099276251491,0.03332099276251491,0.03332099276251491,0.03331725129269648,0.743491291174446,0.0019598040306685327,0.18145211759831614,0.840583869870073,9.038323726832916,171.82781384626225,0.0077834266313154985,0.0006260996306841292,0.022120879661995285,True,True,False,True,True,0.0,False,0.0,False,False,1,True,right-skating,0.00653431101818569,0.2049593912703775,0.13712620564847913,0.12083971844531696,0.1148379548195656,0.09307961486229514,0.04062361781747484,0.08942406485052978,0.1002039301215264,0.09791560979049749,0.16347584988483815,0.07705217415513592,0.10903416805371842,0.02819034070102932,0.015551192263877302,0.09595388059554386,0.13542284191075357
110,True,0.10094027433221801,0.05776293276966629,0.11533272151973527,0.4171384813656843,0.5371949773490623,0.0334175400155331,0.0334175400155331,0.0334175400155331,0.03341357616763534,0.743491291174446,0.0019598040306685327,0.18319042308667588,0.9821136674118008,6.137858559799534,134.90471193828262,0.009938077625619494,0.0003201806524676368,0.025405662564943473,True,True,False,True,True,0.0,False,0.0,False,False,1,True,right-skating,0.007298388984054327,0.20518737413279553,0.13817987442156265,0.11909256466150382,0.11608779871022987,0.08662793509955193,0.04208868730591296,0.08794691709410227,0.09934362549111345,0.09827695756560825,0.16244337034952247,0.07759048579088916,0.10637957970690731,0.028043732363332467,0.015717456130116988,0.0960562863966386,0.13598174409570052
111,True,0.10013886727862108,0.05665086676642697,0.11463486744935243,0.4188409964152195,0.497340792189351,0.033483052491417156,0.033483052491417156,0.033483052491417156,0.033478786323177696,0.743491291174446,0.0019598040306685327,0.18335815289321178,1.0653827078900031,4.9173256277902775,121.31697349086974,0.011684173416294321,0.0005194501442361757,0.02957893518277481,True,True,False,True,True,0.0,False,0.0,False,False,1,True,right-skating,0.008054110017837957,0.20536557941273606,0.13892403780605125,0.11685142401510298,0.11719176773981745,0.07943017946870345,0.0431383116184407,0.08585127506260055,0.0971908524419661,0.0988088931743785,0.16122293866047163,0.07804076674614709,0.10382618252166034,0.02771511169671281,0.015846227864428398,0.09636292635509032,0.13645540187362942
112,True,0.09919589753583856,0.05519230093678493,0.11386376306885644,0.41894231357320105,0.4493343016273612,0.0335226567128992,0.0335226567128992,0.0335226567128992,0.03351798079621306,0.743491291174446,0.0019598040306685327,0.18268292611681883,1.1144501708197057,5.254522235007817,83.47244188908064,0.012872510448199127,0.0009037649800607366,0.034465964084225476,True,True,False,True,True,0.0,False,0.0,False,False,1,True,right-skating,0.008829299011267722,0.2055336146580513,0.13956308544602894,0.11419288642980176,0.11855678446580215,0.07220555269223533,0.04373047282614327,0.08323820925336727,0.09427810620818287,0.09943365033470918,0.1599231029529355,0.07810604526301113,0.10148155834475699,0.027309064129689423,0.015943824155900135,0.09676559556956596,0.1368728078432358
113,True,0.09816094315034216,0.05330366436743492,0.11311336941131124,0.4163759800665437,0.39470573653813734,0.03353642478583346,0.03353642478583346,0.03353642478583346,0.03353133747491837,0.743491291174446,0.0019598040306685327,0.18142664211636972,1.1493949183515495,4.280554355271431,83.5603892541097,0.013654174307907377,0.0010728136738706365,0.03769017853609168,True,True,False,True,True,0.0,False,0.0,False,False,1,True,right-skating,0.008917355007724836,0.20568139422910364,0.14005929241100595,0.11112521383770266,0.12035106606780975,0.0662010956382897,0.04337038128973262,0.07950760373893842,0.09081480915910126,0.100114400433288,0.15862372494626764,0.07791784031313954,0.09949315586376196,0.026885131409648825,0.01600711316205119,0.09720933458714535,0.13721353331848798
114,True,0.09698393146654934,0.05094223305102667,0.11233116427172359,0.4120105917962784,0.34213227792449086,0.033542241753076824,0.033542241753076824,0.033542241753076824,0.03353662707018224,0.743491291174446,0.0019598040306685327,0.1797051080478156,1.1998314000405859,3.3698400525425796,78.34980042682085,0.014402670641503707,0.000900790647073954,0.043062919439972445,True,True,False,True,True,0.0,False,0.0,False,False,1,True,right-skating,0.009213116980390623,0.20578309477382947,0.14042659949529934,0.10752024693920144,0.12252456173588192,0.061172413397437564,0.042291884294398535,0.07472830232554198,0.0866005172409372,0.10077688162401381,0.15734581562414748,0.07736296931259855,0.0975432379238711,0.026416609598866537,0.016023503038760947,0.09771001885373942,0.13751624728626438
115,True,0.09553122203603552,0.04818813675622001,0.1113122504626407,0.40709205103833374,0.30564454776237265,0.03354701659358695,0.03354701659358695,0.03354701659358695,0.03354063489527343,0.743491291174446,0.0019598040306685327,0.17723719862111031,1.183974798019536,4.794088371081879,150.70049094375452,0.014949121882096728,0.0008929135231956768,0.04137673409766188,True,True,False,True,True,0.0,False,0.0,False,False,1,True,right-skating,0.007323346013436094,0.20577628954839522,0.14033998713781845,0.10377352707862944,0.12435523028933172,0.05661398468009961,0.03946447005624371,0.06910737691952426,0.08183020798480722,0.10124656092701308,0.1563339784867406,0.0760014790626282,0.09586368495497943,0.025878728755925107,0.01593623336462344,0.0982957666330169,0.13768204669679215
116,True,0.09390124224605925,0.045175753382353766,0.11014307186729437,0.4029769447675051,0.2873970802096663,0.03357152186001325,0.03357152186001325,0.03357152186001325,0.03356416824160943,0.743491291174446,0.0019598040306685327,0.17454041403475418,1.2010913839399675,6.0021352134121395,79.25179916386118,0.01583674461223899,0.0013307296684956418,0.04267532879799328,True,True,False,True,True,0.0,False,0.0,False,False,1,True,right-skating,0.006422498991014436,0.2057339377203949,0.13997046633684165,0.09968853734305505,0.12611909157636353,0.05229868411551197,0.03588909727684112,0.0635705125655855,0.0760218086675653,0.10160667593126944,0.1554442371464958,0.07407799644511695,0.09423355408355094,0.025324679367607992,0.01578601292865628,0.09888576882531874,0.1377688156067723
117,True,0.09215871879704775,0.0421103149439843,0.10884152008140223,0.400588952415293,0.27465316701382547,0.03364534766673387,0.03364534766673387,0.03364534766673387,0.033636692834386604,0.743491291174446,0.0019598040306685327,0.17167101338736046,1.1880753074649217,5.796652187281156,103.18672853080987,0.015961548010861807,0.0016488708028161328,0.048286672540387404,True,True,False,True,True,0.0,False,0.0,False,False,1,True,right-skating,0.006507770012831315,0.20574530595666152,0.13949662878063715,0.09538629087690856,0.12829878499714317,0.04805574774741659,0.03169118833909096,0.05868817440737341,0.06945381236385652,0.10189812877328042,0.1545258094702666,0.07154876446282223,0.09211404720785528,0.024716349903813217,0.015582923100894075,0.09950676589284166,0.1378307784719027
118,True,0.09039309751039307,0.03882427050084784,0.10758270651357481,0.4007737211142927,0.2639840565762609,0.033792553391753154,0.033792553391753154,0.033792553391753154,0.03378227987317924,0.743491291174446,0.0019598040306685327,0.16747857629859975,1.2292970505853635,9.160935055058507,168.71214133862887,0.015357334905916294,0.002889905563415058,0.07207177025701565,True,True,False,True,True,0.0,False,0.0,False,False,1,True,right-skating,0.008843605988658965,0.20590795273332516,0.1393222680651654,0.09036512765322575,0.13268555409991842,0.043553367792998614,0.02782110426593302,0.05416864314686916,0.06195654169253903,0.10239912566809954,0.15315244589528118,0.06870650051288325,0.08908138813156065,0.02398455591833658,0.01518734124564662,0.10024572863392059,0.13775191471058604
119,True,0.08866122776044276,0.035310611759354245,0.10644476642747226,0.4008212656901196,0.259804854027011,0.03394520714941851,0.03394520714941851,0.03394520714941851,0.033933020062208226,0.743491291174446,0.0019598040306685327,0.1608079078566682,1.0413977729332706,11.373806353782987,412.6298850611183,0.014379967470174136,0.002656500647191735,0.03470507899815939,True,True,False,True,True,0.0,False,0.0,False,False,1,True,right-skating,0.010288093995768577,0.206045956511896,0.13887729749015335,0.08583442648518819,0.1373580386139031,0.03953351022514588,0.024822256182281253,0.04899502264045475,0.05463637194953147,0.1030132513793989,0.15163752126862284,0.06561618841146596,0.08619247807020683,0.023054728427385016,0.014556324020045742,0.10122196233118501,0.1371843101602199
120,True,0.08770848471853404,0.032939300657340145,0.10596487940559866,0.4035665435980272,0.28483589290389844,0.03410392386680008,0.03410392386680008,0.03410392386680008,0.03408934886392818,0.743491291174446,0.0019598040306685327,0.15824305795726357,0.5854643924768831,18.159652319359743,450.14867036570416,0.010741917705469005,0.006924075688291845,0.008319050200528177,True,True,False,False,False,0.0,False,0.0,False,False,1,False,none,0.0016289269842673093,0.20594503918589604,0.13753490060396126,0.08346750325503262,0.1380818561317113,0.043853966608019754,0.02339100649683957,0.04670443239947732,0.048215490229678214,0.10307904248616233,0.15103244781206177,0.06210093465493332,0.08433025349209793,0.02248130361553425,0.014355976384670774,0.1018029154654768,0.13695868667499134
121,True,0.08679712194629151,0.03070501513930533,0.10549449088195356,0.40406730947841946,0.298631163030944,0.03423036066494388,0.03423036066494388,0.03423036066494388,0.03421298285575069,0.743491291174446,0.0019598040306685327,0.1559770115517596,0.6965755680475335,4.134362075612574,585.8765871317443,0.012535799343856348,0.004212828257576456,0.007641195388546105,True,False,False,False,False,0.0,False,0.0,False,False,1,False,none,0.0016488340042997152,0.20587492089948636,0.1364012945503527,0.08090245821973564,0.13918501525679042,0.04692646718010365,0.023403010565928882,0.04414711124912569,0.04259429831319278,0.10329402844448149,0.15009827162798442,0.05846558557700381,0.08201847658570023,0.021798982394167474,0.014279668600735382,0.10248492107424138,0.13687944060163407
122,True,0.08527775567815848,0.027780924766649267,0.10444336598199488,0.3955796973491801,0.2906228742668834,0.0342368324951461,0.0342368324951461,0.0342368324951461,0.03421626059876971,0.743491291174446,0.0019598040306685327,0.14826649730359742,0.6527661318759916,3.34744412198898,163.9915058108636,0.01206267068727974,0.0028172064806307553,0.011060246310105371,True,False,False,False,False,0.0,False,0.0,False,False,1,False,none,0.0016420109895989299,0.20554119518702252,0.13369592278512152,0.07808388368571201,0.13813782826652768,0.04549634559773244,0.024802088283441305,0.03971204362238577,0.036328384317616126,0.1040565173496207,0.14869308127507871,0.05516759493874075,0.07965734375509725,0.02073675569390415,0.014346515432691014,0.10375804089918768,0.13623054976065607
123,True,0.08346766653220108,0.025187847368243234,0.10289427292018705,0.3808944728596595,0.2707492771353917,0.03424907513091178,0.03424907513091178,0.03424907513091178,0.03422452584088576,0.743491291174446,0.0019598040306685327,0.13742501482163738,0.5506264819406261,4.93775135320573,88.99047770482902,0.010737366420182358,0.0008146005020602111,0.015184300092452169,True,False,False,False,False,0.0,False,0.0,False,False,1,False,none,0.0016416710277553648,0.2049998453906074,0.1300911650799586,0.07546896534943418,0.13488069217557183,0.04083278050154782,0.02726450706409585,0.03546327143163026,0.031482869087734566,0.10503277841966281,0.14702070805787149,0.051848133538651496,0.07696396368093114,0.01946623348285504,0.01433901547075308,0.10529994043534677,0.13502779534856502
124,True,0.08149914669052731,0.023442878784037623,0.10085123599269054,0.36176114370904444,0.24946670820099964,0.0342350239372389,0.0342350239372389,0.0342350239372389,0.03420512244390786,0.743491291174446,0.0019598040306685327,0.12450672823568844,0.47453722618307714,5.365573711846797,36.35096653579163,0.010026768690994989,0.0017329739491305023,0.0198327658947669,True,False,False,False,False,0.0,False,0.0,False,False,2,False,none,0.0016360300069209188,0.20420038699298598,0.12555648925379806,0.07365937525875815,0.1290015190069869,0.03407619643716265,0.030345070026030447,0.032268778636302016,0.0289089958770232,0.10609608937463616,0.14515668823201783,0.04812875789268954,0.07366675176669608,0.01812976414872732,0.014463976474097964,0.1069581423022145,0.1333693653683099
125,True,0.07989872503290639,0.023686157002196388,0.09863624770980974,0.3406519382373144,0.22824464595975327,0.03384977488382831,0.03384977488382831,0.03384977488382831,0.0338129351289994,0.743491291174446,0.0019598040306685327,0.11085179280930113,0.30652517828200065,7.126259153854073,169.68223519895966,0.007717239427186925,0.0036939312110832166,0.034264332345643495,True,False,False,False,False,0.0,False,0.0,False,False,2,False,none,0.000831003999337554,0.20321637650494853,0.12217494355695775,0.07235908827609684,0.12266000551625088,0.02832068838125856,0.03127426980598553,0.03460575536383293,0.026980007775691157,0.10725484380696967,0.14330455784228274,0.044169166242498455,0.0693740347906473,0.01738774139499838,0.015771123474263078,0.10850032602827672,0.13102667176554364
126,True,0.07834331409557034,0.024676828230749997,0.09623214271717712,0.3237616127615237,0.2101226335366029,0.03363117067175298,0.03363117067175298,0.03363117067175298,0.03358607109933106,0.743491291174446,0.0019598040306685327,0.0996018568731325,0.43197047803144034,5.094930393069091,218.14140691522405,0.008355627869495496,0.0043784440605411775,0.050574572787804944,True,False,False,False,False,0.0,False,0.0,False,False,2,False,none,0.0008283490024041384,0.20192048917173772,0.11953341242567257,0.0710855115191816,0.11571947756844334,0.021087310597274568,0.031139183797119545,0.037225618030774496,0.02761360070034535,0.10879464004949774,0.14087566281602396,0.04106610748204068,0.06496648487268941,0.01674596682989624,0.017122127361983902,0.10991319181347647,0.1286842404929677
127,True,0.07705048932317016,0.02559808876842239,0.09420128950808608,0.31151242483891867,0.2047033928314615,0.03351639871922112,0.03351639871922112,0.03351639871922112,0.03346150021570263,0.743491291174446,0.0019598040306685327,0.09014089549551119,0.534306580646257,4.830191904470733,100.83136539986326,0.008506410691481728,0.003381474512244019,0.07167074919034612,True,False,False,False,False,0.0,False,0.0,False,False,2,False,none,0.0008512120111845434,0.20037120198120623,0.11723220090258751,0.06970955755272534,0.11034830165417048,0.014931140951618514,0.03160464709357462,0.0391685011656619,0.02870536885804926,0.11055047454999804,0.1380936051395037,0.03904823730046208,0.06125146059735878,0.01624107521998661,0.018277409829991792,0.11104504665244118,0.1262295997213867
128,True,0.0760388047975053,0.025549541437901873,0.09286855925070643,0.3042908530463469,0.20809078657148858,0.03368453453278484,0.03368453453278484,0.03368453453278484,0.03362140989621369,0.743491291174446,0.0019598040306685327,0.08118645306736672,0.5622378180816519,3.1861645026794068,97.51679814084675,0.007865474339422212,0.003707919522917121,0.08611823265317685,True,False,False,False,False,0.0,False,0.0,False,False,2,False,none,0.000852414988912642,0.19882226307621595,0.11518060527740902,0.0679701237688747,0.10725955218312036,0.01138966006150477,0.03237712237971254,0.03954966740567513,0.028784012036504943,0.1122447624609045,0.13547988323546228,0.03877503500716478,0.058978805111992744,0.015449994607079494,0.018414491702347924,0.11203801177142118,0.12390688667469447
129,True,0.07518070674816518,0.02446743890192702,0.09208512936357789,0.2992138422810032,0.21101789794325126,0.034026781441022134,0.034026781441022134,0.034026781441022134,0.03395790573392078,0.743491291174446,0.0019598040306685327,0.07198807273503459,0.5176599604316073,3.0691152532256694,90.10077623661431,0.006883984304603522,0.003831970277243912,0.08531525894743928,True,False,False,False,False,0.0,False,0.0,False,False,2,False,none,0.0008385890105273575,0.19749883411654381,0.11318270995189311,0.06606099930634034,0.10593237654913781,0.010318406285146332,0.03279147119504867,0.0380235176713208,0.027774792819555135,0.11374590898195508,0.13325429102713102,0.03977903212537045,0.05740504619106981,0.01447335745177116,0.017598087665060984,0.11294804024503213,0.12210443638826617
130,True,0.07440823173895185,0.02244031082014635,0.09173087204522035,0.2945212347327091,0.2121612264049747,0.034443130183609415,0.034443130183609415,0.034443130183609415,0.03437102666113015,0.743491291174446,0.0019598040306685327,0.06248239214083862,0.41954973349470875,4.292333738001721,76.20288041304318,0.005647153568548625,0.0013161963857735548,0.048381338314093296,True,False,False,False,False,0.0,False,0.0,False,False,2,False,none,0.0008509920153301209,0.19660226488646834,0.11137733683870889,0.06492155344796553,0.10597782891690974,0.010975199426445764,0.03243999581804958,0.03415815554865938,0.02606703976223073,0.11484923584034103,0.13159037683707697,0.04090350531929235,0.05659079066562904,0.013455946786848274,0.016080101182847032,0.11367302245710623,0.12086935408865078
131,True,0.07361935816808662,0.019165762407579535,0.09177055675492234,0.28986666464294264,0.20861903132682452,0.034940511622165195,0.034940511622165195,0.034940511622165195,0.03486853446961434,0.743491291174446,0.0019598040306685327,0.05502099521669712,0.5683600839412589,8.351877174159558,234.5980897312955,0.0059744442641255025,0.006721281272771493,0.08522722821884075,True,False,False,False,False,0.0,False,0.0,False,False,1,False,none,0.0016387749928981066,0.1963491198435284,0.10956973965755522,0.06637244563117309,0.1071738695156028,0.0140100430700871,0.03117396329979974,0.026968413329471662,0.023651179710143654,0.11613672112596224,0.1297957396397597,0.04092991256133757,0.05502920541480412,0.01265510690699028,0.01338834968371255,0.11381676998342814,0.12088915131602983
132,True,0.07231121329594936,0.015576413666324666,0.09122281317249091,0.2821504403579036,0.19048286443224932,0.03493691314212758,0.03493691314212758,0.03493691314212758,0.034868206552955944,0.743491291174446,0.0019598040306685327,0.04498894885353577,0.8718567247993322,14.470491515516866,272.89634378305266,0.007931323618326958,0.008926543411413579,0.25762524385664504,True,False,False,False,False,0.0,False,0.0,False,False,1,False,none,0.0032620609854348004,0.1969843389772025,0.1086178974027792,0.06911181015008304,0.10557174457390167,0.017047763076629276,0.02896717974277153,0.018648493970648296,0.019512488776788583,0.1188197437781427,0.12653393408193586,0.03872905964546089,0.049485716889946636,0.012125253466740716,0.012019418451121066,0.11434379529957953,0.12046077445145822
133,True,0.07150771004073148,0.012781100828814207,0.09108324644470389,0.2821748100124599,0.1704169320450424,0.03498471639612329,0.03498471639612329,0.03498471639612329,0.03492023365017317,0.743491291174446,0.0019598040306685327,0.029621417088367297,0.7040612320744093,9.651972331276793,578.5464058857656,0.009272555724170574,0.005147502252975566,0.5029420669410324,True,False,False,False,False,0.0,False,0.0,False,False,2,False,none,0.0032831410062499344,0.1980630638524055,0.10828849309267728,0.07180435363319163,0.10676516635380504,0.017517651763004665,0.02930172627110164,0.011945280019383766,0.016555929043288675,0.12134399263829616,0.1236341970492555,0.036176182151803724,0.046231289526405914,0.0113036966074544,0.011319497645129984,0.11537673932960461,0.11849610167489522
134,True,0.07211804447588457,0.011434810434512423,0.09234578915634196,0.2903344006432607,0.13219779882805388,0.035209132031877304,0.035209132031877304,0.035209132031877304,0.03514761110231244,0.743491291174446,0.0019598040306685327,0.02107439710162362,0.8882886859464318,20.69609780184259,504.93277429368817,0.011743238296286507,0.018972653604015097,0.7647428197961978,True,False,True,False,True,0.0,False,0.0,False,False,2,True,left-skating,0.009009529981995001,0.1990740583180755,0.10897969892303531,0.07637510739591488,0.11465241131408985,0.01605253144131865,0.03410690870749933,0.008833535976932197,0.015134079508055022,0.12205457633749608,0.12289815659609672,0.03409847545271682,0.04701242631631123,0.010910524799972907,0.010861101453089567,0.11582402168864323,0.11702109738490604
135,True,0.07271966139902047,0.011667827733808523,0.0930702726207578,0.29501694491002367,0.1276471813400712,0.03523560357714081,0.03523560357714081,0.03523560357714081,0.035176343219247834,0.743491291174446,0.0019598040306685327,0.032138707225238594,0.8443110518712048,18.782096199574777,730.4803490272218,0.013586957648201685,0.003505355758446389,0.896030924187264,True,False,False,False,False,0.0,False,0.0,False,False,2,False,none,0.009307884989539161,0.19987064380470118,0.11077507867038207,0.078923279846651,0.11787005600843033,0.015779949326039742,0.03426241401053328,0.009332783834182807,0.015442423911596581,0.11958871114675755,0.1257428403004359,0.032181729536559435,0.0492313135294379,0.011529705096728812,0.010366398092725885,0.11493033757998437,0.11768691768918092
136,True,0.07345460624637816,0.012610916721912396,0.09373583608786677,0.3002159649168463,0.13386189191030654,0.035246853170010084,0.035246853170010084,0.035246853170010084,0.035188786045990024,0.743491291174446,0.0019598040306685327,0.04649339915206285,0.8849258791352914,9.425717361902803,409.93357047295893,0.015064726510240765,0.002010257276218083,0.9546429775804272,True,False,False,False,False,0.0,False,0.0,False,False,2,False,none,0.008994320989586413,0.2009796927519374,0.11331330846257891,0.08053415357578392,0.12223747953896741,0.015724601322066472,0.034732600728219015,0.011527469071011442,0.017086836910063994,0.11628599512044152,0.12949090480057981,0.02887064059681991,0.05003818878127836,0.012464568052833972,0.009364792853740178,0.11380197519738504,0.11882049217834328
137,True,0.07429669138102106,0.01386052404831319,0.09444208049192367,0.3065371600061557,0.14248534348976194,0.03528470526963458,0.03528470526963458,0.03528470526963458,0.035226407652793564,0.743491291174446,0.0019598040306685327,0.05950339788060521,0.9097597356332776,8.721023457058013,171.45313430893077,0.01553486326060436,0.0015735692882651977,0.925934692642828,True,False,False,False,False,0.0,False,0.0,False,False,2,False,none,0.009016484022140503,0.2024539411635493,0.11617706290958354,0.08044490140748292,0.12882017654332928,0.015461533549379642,0.03691885044602143,0.013995863585730668,0.019383753455327515,0.11323900764177422,0.13290538721476997,0.02453405110463952,0.04975257936224389,0.013419435632247775,0.008643043519946799,0.11280523117149469,0.11979224338881574
138,True,0.07481241648434261,0.013996815397312855,0.09508428351335253,0.31202119873735296,0.14626197455910092,0.03529811221436893,0.03529811221436893,0.03529811221436893,0.03523825523335486,0.743491291174446,0.0019598040306685327,0.06197919687052522,0.6900997435786508,11.175226174117759,362.803801925996,0.014864185252415828,0.0016742078719416457,0.870422505177306,True,False,False,False,False,0.0,False,0.0,False,False,2,False,none,0.005806522007333115,0.2036548883443102,0.11826790826919742,0.07958717924952897,0.13561609093926927,0.014956918882999671,0.03984614888303847,0.013468530701528602,0.01980880476486417,0.11233857943627705,0.13440326141960526,0.021073285222714875,0.049187789875423965,0.013685935248891374,0.009023990873967266,0.1125639390203731,0.11951541261749227
139,True,0.07504418217995705,0.013755026982709737,0.0954739005790395,0.3142046760351015,0.14649887308349643,0.035203323393857885,0.035203323393857885,0.035203323393857885,0.03514193120099476,0.743491291174446,0.0019598040306685327,0.05691435425507585,0.6396699310935241,9.447486577129943,120.09319060159486,0.014325399707210607,0.005576938620467225,0.7870060712027839,True,False,False,False,False,0.0,False,0.0,False,False,2,False,none,0.004936914017889649,0.20438806364673126,0.1192535276161503,0.07763314535357288,0.14104962857495087,0.013307388686534541,0.04200134146784684,0.012057934126905522,0.019398008219241474,0.11307990220688031,0.13472876181526133,0.018755508552151627,0.0500635018139833,0.01349786362407095,0.010066301960621,0.11299456634832519,0.11843147086608534
140,True,0.07477915426563707,0.012521729767436332,0.09553162909837064,0.31132852185193394,0.14605057643201913,0.03488423911186249,0.03488423911186249,0.03488423911186249,0.034820485983118904,0.743491291174446,0.0019598040306685327,0.04334460552963625,0.6911352756473221,10.397880961242041,113.59456903319251,0.014490069677792905,0.0030005367527570514,0.7059505166691119,True,False,False,False,False,0.0,False,0.0,False,False,1,False,none,0.0069462610117625445,0.20437674309032902,0.11813816379870605,0.07528027339458314,0.14308211187486508,0.010434266128691949,0.04263318108233199,0.009359656630842823,0.01714426541881596,0.11562026160189999,0.13388693342790955,0.017613573332893238,0.05449943342016432,0.01294728130505951,0.010635715715027036,0.11401807058601184,0.11679653744206168
141,True,0.07471312309671992,0.011762388868566736,0.09569670117277097,0.3096874590996576,0.1509788394369279,0.034606474934653214,0.034606474934653214,0.034606474934653214,0.03453937679488883,0.743491291174446,0.0019598040306685327,0.03440987869422907,0.6083479019880201,7.57071719781,339.8056585996162,0.01428600740344143,0.0017497670270963412,0.6027857345984975,True,False,False,False,False,0.0,False,0.0,False,False,1,False,none,0.004112972994334996,0.2043353217902025,0.11717921464232893,0.07423662236366008,0.14367230909798745,0.009388542709986323,0.04105248666680449,0.0077061219429623165,0.015712204699560292,0.11716828353655485,0.13391665526363214,0.016070131088607987,0.060846711272292325,0.012699091580121547,0.010932137251622792,0.11466351962325438,0.1158306160179403
142,True,0.07464548152075319,0.01151405709515407,0.09568928966261957,0.30680709711360177,0.15396819451938396,0.034284117813055445,0.034284117813055445,0.034284117813055445,0.03421159007326517,0.743491291174446,0.0019598040306685327,0.027190564559124386,0.6206181450810164,6.384300867507834,163.79883398633334,0.014916697955634162,0.00262547609291662,0.4798021939856731,True,False,False,False,False,0.0,False,0.0,False,False,1,False,none,0.0032581730047240853,0.2041675020707991,0.1162925908463509,0.0735246598393759,0.14310511244164875,0.00906947746125532,0.037271081496923986,0.00730252130933858,0.01486135434913927,0.11806386458331701,0.13434115066269942,0.013662623218165651,0.06824548922185197,0.012775726168786979,0.011116626553351452,0.11511708915707955,0.11541083495196715
143,True,0.07450181579768293,0.011579133193748124,0.09547604333232786,0.3004711233538975,0.1516223014723385,0.03386167691874933,0.03386167691874933,0.03386167691874933,0.03378137796537196,0.743491291174446,0.0019598040306685327,0.01785009479843813,0.6683212567239668,10.403423053830574,247.81928771214393,0.015549316416009392,0.006212862177069118,0.44246411866095137,True,False,False,False,False,0.0,False,0.0,False,False,1,False,none,0.0024655509914737195,0.2038503377172875,0.11514893610148064,0.07303515230935166,0.14112520282616123,0.00907949308139964,0.0323473613378026,0.007243196691115036,0.014233484723673025,0.11897354171517072,0.13446316966050517,0.010793574066144488,0.07549758471970869,0.013126409403718115,0.011713441956486319,0.11560043781375806,0.11579772863916399
144,True,0.07430108384830098,0.011735206410461867,0.09515637632758067,0.294689093518669,0.14567855244056865,0.033487253499766126,0.033487253499766126,0.033487253499766126,0.03339751812849127,0.743491291174446,0.0019598040306685327,0.010773789127432654,0.7673906243165596,5.302740120865684,285.98086336581116,0.016738812050901653,0.008474853451126144,0.3998048460438819,True,False,False,False,False,0.0,False,0.0,False,False,1,False,none,0.002481221017660573,0.20326155535049098,0.11396867355311054,0.0731477721311916,0.13721524814124056,0.009795193214274711,0.02635270722101621,0.007398045844701927,0.013513966508525542,0.12020542033807902,0.13405994094989515,0.009740235131126597,0.0824665191423076,0.01374216755480731,0.01228664573381269,0.11592121498764832,0.11574203577058673
145,True,0.0741888797850534,0.011773727132790877,0.09499393066914087,0.2887966107895879,0.13927090799336903,0.033176783188387945,0.033176783188387945,0.033176783188387945,0.033075996953665115,0.743491291174446,0.0019598040306685327,0.0034788150177685884,0.8449419438967939,4.586640503718014,61.86722223895873,0.01776599000454136,0.012340797179357255,0.31848797008080837,True,False,True,False,True,0.0,False,0.0,False,False,1,True,left-skating,0.0025119499769061804,0.20244403428017319,0.11295071814070609,0.0736818626910113,0.13202586170883696,0.0107315765677445,0.020648326759876545,0.007145185246876661,0.012709779197884364,0.12197406634025122,0.13287295010922645,0.01202526521714876,0.08856291014142374,0.014322538073109325,0.012917406013293161,0.11627886214899547,0.11573073392429653
146,True,0.07452070134144476,0.012079268175689146,0.0953345123966966,0.28750132871021383,0.14381209263785757,0.03319660758223038,0.03319660758223038,0.03319660758223038,0.03308825676455767,0.743491291174446,0.0019598040306685327,0.011792792234992522,0.7129333531618575,7.51915892102787,292.308201812585,0.017333028060690075,0.002349421802242931,0.24139232419389242,True,False,False,False,False,0.0,False,0.0,False,False,1,False,none,0.0016416709986515343,0.20167664083925446,0.11192882642806028,0.07497948764277143,0.12879501545865737,0.012517877063157984,0.01833361758380448,0.007148448716161774,0.013461325476379784,0.12435023165695411,0.1308597159555141,0.01384700872030462,0.09255566688954146,0.013676790763864749,0.014030507746350276,0.11772955844349042,0.11644050207884865
147,True,0.07490514604931146,0.01254572248829352,0.09569162056965079,0.2872188201638676,0.15757172145052217,0.033371017508597285,0.033371017508597285,0.033371017508597285,0.03325611700354104,0.743491291174446,0.0019598040306685327,0.028423195073837615,0.7717982554084734,4.594063805299446,188.45233027451968,0.01733068681503064,0.042128393966049484,0.13828055184318325,False,False,False,False,False,0.0,False,0.0,False,False,1,False,none,0.0016487939865328372,0.20098993065537557,0.11071443445574382,0.076088402495658,0.12856878351087778,0.01446449767873174,0.01858717088573023,0.007738654884026492,0.013839809531964937,0.1273375989279368,0.12809788458619104,0.014277828483535492,0.09298870017166239,0.013327182742366283,0.015277242794816367,0.1200505852086558,0.11613362977571069
148,True,0.0752056702092134,0.012860107301464965,0.09598752451179621,0.2901545986773873,0.1860185700601968,0.03355631764329519,0.03355631764329519,0.03355631764329519,0.03343753913088251,0.743491291174446,0.0019598040306685327,0.041189150883579995,0.7052193471330394,5.32957879436772,187.4742692541894,0.01723498625268743,0.10219042480236418,0.05936345019175522,False,False,False,False,False,0.0,False,0.0,False,False,1,False,none,0.0016429030220024288,0.20049852828910447,0.10963407148739425,0.07696487531321598,0.12958554653582924,0.016670904651170847,0.019840110861709608,0.007052020346117907,0.014624072901444386,0.1295501986686787,0.12591234889987488,0.013164665530080033,0.09181276519258336,0.013639219466555262,0.0161251164917423,0.12309078397295621,0.1151254947389571
149,True,0.07496395818353169,0.011690637458476804,0.09605506509188332,0.2953112203603275,0.22312400386727133,0.033534291030213575,0.033534291030213575,0.033534291030213575,0.033413120884861425,0.743491291174446,0.0019598040306685327,0.04033290364856923,0.5874467407727489,9.341356844725928,186.43249912921308,0.01751230686381739,0.16312585483666553,0.02572923653398449,False,False,False,False,False,0.0,False,0.0,False,False,1,False,none,0.0016547749983146787,0.2001968231929029,0.10902753249570855,0.07790868770067301,0.1307294438825404,0.0176362470994481,0.019760550779294454,0.004051955628675437,0.013512031747619264,0.1305704050953111,0.12456671473697378,0.012908341451273536,0.0897783702989783,0.013672525917877798,0.015526036539734715,0.12478901229450304,0.11478865207499254
150,True,0.0746735473998443,0.010816712748043956,0.09595915895044443,0.30204230665994847,0.23754565233570246,0.03339221029119823,0.03339221029119823,0.03339221029119823,0.03327069963691127,0.743491291174446,0.0019598040306685327,0.027590437987383254,0.5477887364905664,8.885670136679249,122.06255203286005,0.017168955073740326,0.2641024063818448,0.008615293464084368,False,False,False,False,False,0.0,False,0.0,False,False,1,False,none,0.001691495010163635,0.20010507528804256,0.10855111483098688,0.0785429884198758,0.131149809575609,0.017118458615092355,0.01799607080229215,0.006305008465742833,0.009617641807862454,0.13090341225514374,0.12384381192815166,0.015577296828465032,0.08833164527906891,0.013218132317514661,0.014126068401055871,0.12401154268169925,0.11537868090090592
151,True,0.0746980815148062,0.012024447710031722,0.09558929278306434,0.31110379163009316,0.2204298674400984,0.033307004660591534,0.033307004660591534,0.033307004660591534,0.03319189130023093,0.743491291174446,0.0019598040306685327,0.011259257148148016,0.5175255897240639,9.694645234329023,259.34520066591307,0.018466875924585534,0.5434211131738765,0.006811255809776042,False,False,False,False,False,0.0,False,0.0,False,False,1,False,none,0.0016339150024577975,0.2001932584883477,0.10800987960190138,0.07918707740236043,0.13056348709239968,0.015969932594682042,0.016464540324217753,0.014375379153499629,0.007283137058538381,0.13102094492255406,0.1232802087844749,0.01741878366293404,0.0876290096112183,0.013643162057804652,0.012796112570284224,0.12108319709401959,0.11625119381766254
152,True,0.07511057831861295,0.015391108901121957,0.09501706812444329,0.3216023737774954,0.18065879184788936,0.03306592093559171,0.03306592093559171,0.03306592093559171,0.032957680825197115,0.743491291174446,0.0019598040306685327,0.011886316505055226,0.604854628704705,9.797624793298684,134.98334584006227,0.021684748329762003,1.0792338843613547,0.009450934897397267,False,False,False,False,False,0.0,False,0.0,False,False,1,False,none,0.0016319620190188289,0.20051726921052238,0.10769381658973663,0.0798262597911708,0.12972123022856566,0.013149549280176545,0.01443353070386235,0.023644966796910083,0.010652280778460201,0.13024674218256818,0.12341736227021093,0.018836898047305522,0.08676548895094763,0.015491571581114319,0.011775616448003226,0.1178357419402021,0.11776092829805071
153,True,0.07677722971493076,0.021725652216726198,0.09512775554766562,0.3330776879190386,0.14828454416712422,0.03253792968236706,0.03253792968236706,0.03253792968236706,0.03242354133141815,0.743491291174446,0.0019598040306685327,0.04136847087618612,0.4719866878586224,11.741796334424686,421.8952136316644,0.022670129930107464,1.449086026999019,0.00433661234318868,False,False,False,False,False,0.0,False,0.0,False,False,1,False,none,0.000822078000055626,0.20100654891971162,0.10844306562016055,0.08049083475161224,0.1333464825951535,0.0052188350264251405,0.01543854444221025,0.03962496672632142,0.013838197009814299,0.1290420336994053,0.12388515656552802,0.02741870328835339,0.08401057872735576,0.022024852110270988,0.01141459302049809,0.11354786797691842,0.11968441495915307
154,True,0.0793286335286418,0.029418791016583814,0.0959652476993278,0.33794645327776696,0.1468035683039376,0.031389966252073874,0.031389966252073874,0.031389966252073874,0.03126131993387657,0.743491291174446,0.0019598040306685327,0.07818288824725139,0.651547078779132,7.025515517906719,283.33404022539776,0.025052751733660873,1.7733377306722307,0.006258092680241358,False,False,False,False,False,0.0,False,0.0,False,False,1,False,none,0.0008169279899448156,0.20147900615154998,0.11000210107461873,0.08159807749825274,0.1354638726067346,0.009282499363137195,0.015506402192791296,0.05192005984439881,0.021970691150086045,0.1268011942706525,0.12549288584209475,0.03294738653492702,0.08142659058857278,0.030551324947760777,0.013233088124089612,0.10885254055020842,0.1227304157183936
155,True,0.08155676593594025,0.035860718174506284,0.09678878185641822,0.34043668477126043,0.1541085231820494,0.030402358860278426,0.030402358860278426,0.030402358860278426,0.030261283181188925,0.743491291174446,0.0019598040306685327,0.11048556862056493,0.8029716269108653,5.676664135689545,62.650551529260476,0.02639139649677088,1.9295197892564875,0.009818817751575731,False,False,False,False,False,0.0,False,0.0,False,False,1,False,none,0.0008204339828807861,0.20178029559206553,0.11154135497376948,0.08304110264954452,0.1346490831714176,0.021204199106271703,0.015806355222679175,0.06113680114723917,0.030176801162036977,0.12366412508585335,0.1279928846764406,0.03186678055447269,0.08063585608062292,0.036489027195531064,0.015640243193217905,0.1031106994282961,0.12617264573558495
156,True,0.08254238589927687,0.039792309550375715,0.09679241134891059,0.3444647943056663,0.16641128907663152,0.030142136073326744,0.030142136073326744,0.030142136073326744,0.0299953688554149,0.743491291174446,0.0019598040306685327,0.1336624957612218,0.9001635362294894,3.9319054956618302,86.61444399434389,0.027188307897914585,1.998277387594137,0.007974016367160084,False,False,False,False,False,0.0,False,0.0,False,False,1,False,none,0.0008205450139939785,0.20205880484808955,0.11297451370508328,0.084575805542912,0.1330557586831169,0.029166542972798352,0.01649293108114098,0.06764496047800503,0.0356535764476217,0.12066207031493735,0.13026393568647368,0.025914670613338922,0.07996786502781435,0.03846449540695362,0.017406205868922494,0.09709787932093705,0.12927815839028464
157,True,0.08302682914688143,0.04070814533316982,0.0971330570847853,0.35076397256120445,0.18418787472762008,0.03102001859722818,0.03102001859722818,0.03102001859722818,0.030875410294862522,0.743491291174446,0.0019598040306685327,0.14730475458322081,0.9067843044164307,3.3094881312774067,118.77109044129698,0.026974886834148108,1.9394543701605864,0.003087727825856864,False,True,False,False,False,0.0,False,0.0,False,False,1,False,none,0.0008352629956789315,0.2024813584541353,0.11451738792475258,0.08706313708513276,0.1333078201131863,0.03423380823873512,0.018750635453126937,0.07014470655579193,0.037385836651045244,0.11846103444659256,0.13159738210324065,0.021838736816034023,0.07887403383969611,0.03758307639528645,0.01771896173055568,0.09301015088985913,0.13146119965293196
158,True,0.0842144436238446,0.04010320131010542,0.09891819106175766,0.35923062429541347,0.20221751416660502,0.03265135095782797,0.03265135095782797,0.03265135095782797,0.03250752338209433,0.743491291174446,0.0019598040306685327,0.15681035582289696,0.8298762796463777,6.046762763924455,125.95967392290257,0.02601743739501572,1.7932094841314485,0.012086415773727847,False,True,False,True,True,0.0,False,0.0,False,False,1,True,right-skating,0.0008341710199601948,0.20326189363792554,0.11712791133713336,0.09079981035277863,0.13753961668817166,0.03885129514992094,0.022352917965363803,0.06841946184450974,0.036667039736777166,0.11679114592882019,0.13221742103664216,0.026837061036102533,0.07669918342714227,0.03795593568764181,0.017370367971492967,0.09155874918492317,0.13298128699616765
159,True,0.08535263287656428,0.038423022907787756,0.10099583619948978,0.36346561246738907,0.2112915882605086,0.03385970285346195,0.03385970285346195,0.03385970285346195,0.03371337812840858,0.743491291174446,0.0019598040306685327,0.16005102360354417,0.7005331928215304,8.559947712532681,177.41569097909172,0.025483085367226186,1.6806593763703297,0.015230039639809904,False,True,False,True,True,0.0,False,0.0,False,False,2,True,right-skating,0.0008279280154965818,0.20388445572305938,0.11969769122109035,0.09348988296075099,0.14175009042473452,0.041291957835831866,0.025730321235165186,0.0620154910214338,0.03423943388025515,0.11594241015314537,0.1326558062351443,0.03688616468843457,0.07420303534936722,0.04031166001402638,0.0171255067154357,0.09262207805079598,0.1337961405163577
160,True,0.08590296770376495,0.03534650775839086,0.10275512101888963,0.36486466607658596,0.21567333300540764,0.034647380294346254,0.034647380294346254,0.034647380294346254,0.03449625089518212,0.743491291174446,0.0019598040306685327,0.15328702453604415,0.6353351343093837,7.605593527458275,74.51674220867973,0.024835773875627066,1.5167456919390157,0.01349242779285101,False,True,False,True,True,0.0,False,0.0,False,False,2,True,right-skating,0.0008391810115426779,0.20430896852592095,0.12210306589064798,0.09540860809489243,0.14503280628591803,0.03964156082321285,0.029317938847315275,0.052646707354215325,0.03109066465673097,0.11556010195807077,0.1331823351370801,0.046929741927401444,0.07134103022229671,0.040914928916008834,0.016733730106608335,0.09667472745624388,0.13356056705767513
161,True,0.08522581727518765,0.031162463496649785,0.10324693520136692,0.3589087272137057,0.21136064167977994,0.03470780743135438,0.03470780743135438,0.03470780743135438,0.03455177751632668,0.743491291174446,0.0019598040306685327,0.13767889528011756,0.6170188368500609,7.968353033077849,156.7694417282897,0.025138016165267382,1.3929395338571,0.009110221721778012,False,True,False,False,False,0.0,False,0.0,False,False,2,False,none,0.0008306139789056033,0.20400420424567448,0.12186876642702174,0.09430687814473572,0.14388106564592834,0.032934427614162064,0.03171796940193994,0.04022926006350736,0.028439174207179514,0.11654147803013522,0.13334690111341896,0.057031056677011784,0.06804471605170434,0.038657761794751215,0.017323657921161053,0.1025367246137659,0.13274903445090463
162,True,0.08363961465190962,0.027027044330499166,0.10251047142571312,0.3487513626289245,0.19404768685865975,0.034352931993548684,0.034352931993548684,0.034352931993548684,0.03419150312923526,0.743491291174446,0.0019598040306685327,0.11549049764983867,0.6512512732330026,6.130064106818384,90.06147382436716,0.025090334225905533,1.1782353560072625,0.0037061121729989746,False,True,False,False,False,0.0,False,0.0,False,False,2,False,none,0.0008448809967376292,0.2030585189091051,0.11967046096257854,0.09080850805061935,0.138380028574904,0.023168574051030275,0.032595483670337995,0.02782207544686329,0.028329345927350688,0.11875435092593696,0.1327384378497999,0.06728901233780607,0.06463025957864275,0.03407694584300757,0.01787981010477512,0.10803667641892886,0.13099534577886765
163,True,0.08178711419841048,0.02314624949083728,0.1013340691009349,0.34127749533025226,0.17079836783781993,0.03426811414166783,0.03426811414166783,0.03426811414166783,0.034105348939542215,0.743491291174446,0.0019598040306685327,0.09394908920263023,0.6790795163264981,6.955112421555688,174.56418003139947,0.023654678864467597,0.7596849545622145,0.012232857893561157,False,True,False,True,True,0.0,False,0.0,False,False,2,True,right-skating,0.0008275880245491862,0.20183315049204872,0.11769442925626873,0.0874247446786702,0.13065806981104489,0.014199096891858281,0.03203405888038691,0.017333336534576693,0.029334212811180135,0.12140510547909311,0.13124862252968836,0.07832696486257261,0.0606691586146105,0.028782713809534052,0.017134734808058244,0.11165970532981571,0.1288557223851608
164,True,0.07960517470267028,0.02196761734381324,0.09881769382228929,0.33084844436656324,0.15439128478703332,0.03380962511827306,0.03380962511827306,0.03380962511827306,0.0336515427120079,0.743491291174446,0.0019598040306685327,0.07164165588672522,1.97838827115064,43.27795006716582,1206.3937488360789,0.02709188953527329,0.1796200616373844,0.07300574701523205,False,True,False,True,True,0.0,False,0.0,False,False,2,True,right-skating,0.00328198799979873,0.20013973837608212,0.11584496220166063,0.08528632452250264,0.11553666853934877,0.013265517565940188,0.02482658843348599,0.023223793921076073,0.02602780484915654,0.12318840000000052,0.13055800719667462,0.08552833503028817,0.05377567993224232,0.02283977874721979,0.015779091857800565,0.10990942826078261,0.12795267580846298
165,True,0.07755154062764544,0.01962090348960307,0.0968617530069929,0.31897349557829835,0.15794451670257534,0.03356495402320723,0.03356495402320723,0.03356495402320723,0.03340726898436944,0.743491291174446,0.0019598040306685327,0.06411585472821013,1.2715799138853427,29.04314632937947,2046.504118859594,0.02285379596156111,0.08566321382095142,0.08001888706986786,False,True,False,True,True,0.0,False,0.0,False,False,1,True,right-skating,0.0044225300080142915,0.19899260075866218,0.11509991819936519,0.08468837517855993,0.10479966971225718,0.010822318230521646,0.0193024647703559,0.019918895495111184,0.021505635463954353,0.1240607583221339,0.12930325926064423,0.08735215272803197,0.05009652126912552,0.02050915569138749,0.01654992730795925,0.10945926607498271,0.12836373157927458
166,True,0.07584865733093749,0.015615605169409144,0.09592634138478028,0.3148899520442361,0.16633581348025153,0.03374601245286339,0.03374601245286339,0.03374601245286339,0.03361217758816787,0.743491291174446,0.0019598040306685327,0.06145331443015257,0.445461720743543,29.949393739355394,724.1941805616159,0.021817702161802142,0.06787099369688422,0.004589087919937323,False,False,False,False,False,0.0,False,0.0,False,False,1,False,none,0.00083234699559398,0.19785031698743408,0.11470731239957034,0.08003389975790004,0.09703578006000027,0.008967962050751963,0.01842222023707884,0.007696860546452938,0.020620035244538888,0.1250025182547781,0.12735934173327565,0.0877319591453686,0.053060461435601225,0.018362888693743515,0.015782636192901243,0.11178109869680143,0.12916322585880263
167,True,0.0761460891241508,0.01673293352576254,0.09595047432361353,0.3143239551243611,0.1903658718738143,0.03396424906772754,0.03396424906772754,0.03396424906772754,0.03383676719123664,0.743491291174446,0.0019598040306685327,0.05959804093632659,0.5707443698433272,4.651973187341117,926.3862254382293,0.020522431527809096,0.008644463587560379,0.04626167767606793,False,False,False,False,False,0.0,False,0.0,False,False,1,False,none,0.0008249429811257869,0.19703173269064683,0.11501245246398666,0.07857315039298976,0.09263230912105039,0.013503188816328195,0.01904202576797561,0.012812234069374614,0.020606747504448984,0.1252363495912678,0.12609633998922914,0.08591241544555112,0.05687131129909354,0.016939826586012546,0.016572925943214006,0.11219411916230995,0.1293002971429335
168,True,0.07594867943124614,0.017542950781716707,0.09541725564775594,0.31105187053713,0.20798925563793774,0.03383567053494714,0.03383567053494714,0.03383567053494714,0.03370317666337361,0.743491291174446,0.0019598040306685327,0.05128962036044027,0.5152583137537826,5.857227998944975,233.4107519206939,0.020227332948113023,0.014649177954765065,0.41968489536124304,False,False,False,False,False,0.0,False,0.0,False,False,1,False,none,0.0008246320066973567,0.19662521269719418,0.11528765448168214,0.0791407365769161,0.09070698749040061,0.014921950886843019,0.01870782215718148,0.018780727928303296,0.019184305803414885,0.12514673631223833,0.12542941013021525,0.08238819125614481,0.056567500632289464,0.015303778919960846,0.016902990475187802,0.11246245032247011,0.12762241482949588
169,True,0.07539843019554561,0.018722353953623375,0.09429045560951967,0.3036658378358645,0.1907242164654257,0.03365839718144856,0.03365839718144856,0.03365839718144856,0.033520432076262284,0.743491291174446,0.0019598040306685327,0.03948057528123172,0.5078311816200229,10.35568532435044,170.59147173114738,0.022949452781815566,0.022520719201196006,1.1747309613503867,True,False,True,False,True,0.0,False,0.0,False,False,1,True,left-skating,0.0008265759970527142,0.1968159459187175,0.11612878203944985,0.08095333693996878,0.09127935767966057,0.017260588380265663,0.01859917899973943,0.02540558053661724,0.01768029636267733,0.12436585461338961,0.12567092611543523,0.07576883092911288,0.04901148580853884,0.013773583823313713,0.01802995509188521,0.11288585516302685,0.12274532472693105
170,True,0.07514450152396243,0.020250475215390418,0.09344251029348644,0.29555228432599134,0.16912296243448072,0.03304367772752778,0.03304367772752778,0.03304367772752778,0.032891824709469955,0.743491291174446,0.0019598040306685327,0.027172270123547726,0.6678373607992212,10.69757583993379,85.92552158495496,0.027029663532394065,0.02863822798176746,1.8581857544613816,True,False,True,False,True,0.0,False,0.0,False,False,1,True,left-skating,0.0008609919750597328,0.19757063955315346,0.11769528034071869,0.0843172316429583,0.09446169720763382,0.02094521522629872,0.016876816623795893,0.03152588263389244,0.015448580606195143,0.12362846255447464,0.1260350704977152,0.06872892375336757,0.04074669491702109,0.013245219932735558,0.020782217688738534,0.11309115781273643,0.11721293339196334
171,True,0.0756934123875666,0.021976596803164855,0.09359901758236717,0.29484194601923386,0.16399449227839616,0.03252931911374819,0.03252931911374819,0.03252931911374819,0.03235769688862227,0.743491291174446,0.0019598040306685327,0.018837412355053873,0.8231500393906126,7.3911634237563995,168.74426962500473,0.02905661100358584,0.024173712860359492,2.1866098781864918,True,False,True,False,True,0.0,False,0.0,False,False,1,True,left-skating,0.0008470850007142872,0.19852827779528265,0.12126991872374596,0.09076080594093418,0.10128836650432699,0.022850354743367694,0.012699275088596071,0.03868624311877939,0.013113524533824538,0.1231677017354307,0.12617749401418918,0.06352538126597039,0.03716981746448099,0.013376013872746355,0.02273060568730914,0.11287053333595651,0.11288028437612505
172,True,0.0765580100329082,0.02297829592864908,0.09441791473432791,0.29871121550036517,0.16156482331173697,0.0324342754550312,0.0324342754550312,0.0324342754550312,0.03224804549307254,0.743491291174446,0.0019598040306685327,0.015497226104836948,0.8739237144935502,3.4473256011033353,162.02121042511985,0.03037559253864442,0.016347957619797734,2.286961608379635,True,False,True,False,True,0.0,False,0.0,False,False,1,True,left-skating,0.000824432005174458,0.19944839307642445,0.1265913427292504,0.09678205777651687,0.10846447934719425,0.02410667239790036,0.00893884457893061,0.045210878073241444,0.010816415430536018,0.12286995741022214,0.12638618311490205,0.060136913802931416,0.036397060183040786,0.013396921974176242,0.022488968236642617,0.1124804835204935,0.11041258887412816
173,True,0.07747156630060172,0.023092836605243385,0.09559780953238783,0.3039673018748255,0.15736030523130393,0.03265550490013817,0.03265550490013817,0.03265550490013817,0.03245882444563134,0.743491291174446,0.0019598040306685327,0.0170948454008808,0.8313636818211195,4.1714097021639525,124.72264578000105,0.03036214120624504,0.013135438303257124,2.217884990973518,True,False,True,False,True,0.0,False,0.0,False,False,1,True,left-skating,0.0008289309917017817,0.20015615292406833,0.13195217771913664,0.10140774256663357,0.11453988341296936,0.025044738834970673,0.006901539864898685,0.04875845385090141,0.009574488459921298,0.12262772770193332,0.12704948649446532,0.05755487374393205,0.03843628262689507,0.01347584191727068,0.020562562192880152,0.11173700508391904,0.10976610341483191
174,True,0.07841282937215552,0.02279555442093319,0.09695192102256293,0.30882019862488846,0.14865537602688506,0.033060228198515604,0.033060228198515604,0.033060228198515604,0.03285106250270145,0.743491291174446,0.0019598040306685327,0.021481364867565578,0.7427051704590097,5.727490410014966,80.92532750059621,0.02978409923715348,0.00977649034332852,2.0843004513984535,True,False,False,False,False,0.0,False,0.0,False,False,0,False,none,0.0008226789941545576,0.20070823642748442,0.13646841473928611,0.10478192701009238,0.11943880971277128,0.025630084934722405,0.0061115553030320685,0.049058144144554325,0.010574097066407726,0.12257154688207345,0.12811130099782309,0.05450855679920982,0.04371879450616836,0.013616210761464355,0.01793376571130635,0.11083372108336577,0.11054010387472606
175,True,0.07519014749757678,0.009963975734574713,0.09693220475191079,0.29331836024188135,0.1415094933463281,0.0343203387685614,0.0343203387685614,0.0343203387685614,0.03410256759029512,0.743491291174446,0.0019598040306685327,0.028764815045399628,2.099394835513158,53.33051994360618,1571.0547579447598,0.0356397956089342,0.09704582399510436,1.969505053994605,True,False,True,False,True,0.0,False,0.0,False,False,0,True,left-skating,0.007307204999960959,0.2005530150783313,0.12779892309737964,0.08817278367024231,0.12027194938013462,0.02529731983035837,0.01328743225806081,0.0062383929992148165,0.009349038090110225,0.12151824673271981,0.1307227325896723,0.053604774818634786,0.05321580305209919,0.013298653502072943,0.010969818346900867,0.11332586652866945,0.11541760998662712
176,True,0.07682326793531549,0.013313803002876845,0.09799308957946172,0.29841285767359527,0.13679041410490386,0.03438415512027635,0.03438415512027635,0.03438415512027635,0.03414995694772456,0.743491291174446,0.0019598040306685327,0.03516668189804806,0.4629831488315926,57.677396009941845,3295.04945034269,0.027838728511953948,0.008027202800240439,1.7382379122593397,True,False,False,False,False,0.0,False,0.0,False,False,0,False,none,0.0008272269915323704,0.20134392895967,0.1325195342354751,0.09079058616380803,0.12644910944159204,0.02568216439648063,0.011127776108750716,0.011680844913879971,0.016148703912380376,0.12118228161184333,0.13225958213034145,0.0469673575333332,0.060311338269883615,0.013014779832465878,0.012410883352781158,0.11239058650714205,0.1148928295952205
177,True,0.07618638501670617,0.009269058943119548,0.09849216037456837,0.29841760475935003,0.16229522902318047,0.034170425869608556,0.034170425869608556,0.034170425869608556,0.03393713220631661,0.743491291174446,0.0019598040306685327,0.01271959977890158,1.4284091930270388,36.94548193204306,2626.764357320527,0.03071217458181532,0.00652266429865105,1.6793428326154538,True,False,False,False,False,0.0,False,0.0,False,False,1,False,none,0.005681184004060924,0.20199981536913184,0.12974008292642597,0.07967698198657443,0.13634000461499848,0.021742224492208133,0.021532630876344737,0.003503653270404641,0.009427293703755767,0.12229388675269329,0.13221187708704563,0.040453938495494064,0.06696176640219995,0.012261231225424184,0.011884057572893597,0.11488114582722667,0.11407156966447732
178,True,0.07704084775108137,0.0104295431190593,0.09924461596175539,0.30336629770546125,0.17207649848356626,0.034173619654323605,0.034173619654323605,0.034173619654323605,0.03393530193721988,0.743491291174446,0.0019598040306685327,0.0011400635772462753,1.013003700796018,17.518102807465752,1557.06480025469,0.02872865456699428,0.0023469577255294523,1.5101423650562251,True,False,False,False,False,0.0,False,0.0,False,False,1,False,none,0.004115968011319637,0.2027628441052367,0.1301924314806233,0.07641220383787015,0.14587792857661275,0.018916431164238738,0.026676505776126794,0.007624623327915272,0.010089338420364819,0.12334387908650843,0.13162260667210476,0.033392935744635414,0.07225313617255556,0.011593334995891508,0.012410875732065604,0.11595713589352098,0.11352735303103098
179,True,0.07747191045150743,0.012119934314021207,0.09925590249733617,0.30902312612701155,0.17703259387675946,0.03382942660556394,0.03382942660556394,0.03382942660556394,0.03358953293531924,0.743491291174446,0.0019598040306685327,0.012133157822187046,1.1102754753222592,11.378082005713667,502.980552139574,0.029357974802146136,0.004461927289785338,1.3346625274909016,True,False,False,False,False,0.0,False,0.0,False,False,1,False,none,0.008148588996846229,0.202429559548947,0.1273292064478904,0.07476908533427198,0.14822627914449332,0.015358274294148435,0.027777566659680706,0.011280520871045339,0.011140693193858625,0.12584106893716127,0.13008437280603297,0.030523173784477692,0.07854923821354627,0.012357570953447446,0.013700952237733419,0.11722988823778932,0.1129531165595944
180,True,0.07707669003843234,0.013151074538472078,0.09838522853841909,0.30536210871047,0.1641854818571697,0.033231648755333416,0.033231648755333416,0.033231648755333416,0.03298984480305785,0.743491291174446,0.0019598040306685327,0.016349349691456405,1.0261172826865037,19.38959343166087,528.4683747796445,0.0291575987857095,0.011645913795741496,1.0339203969132686,False,False,False,False,False,0.0,False,0.0,False,False,1,False,none,0.005784028995549306,0.2010722218108263,0.12361016530923144,0.07602159035647407,0.1410163036856321,0.013138639785846298,0.021065551782591115,0.011794600711963171,0.011706727642583964,0.1284108237203943,0.1286568951979597,0.03097714859811362,0.08615746148300497,0.014246747816911353,0.014856221982429824,0.11723097891832515,0.11326496181263032
181,True,0.07734170974123626,0.014684271879182675,0.09822752236192078,0.3040272727457435,0.15675545152921186,0.03276170626442212,0.03276170626442212,0.03276170626442212,0.03251697322265617,0.743491291174446,0.0019598040306685327,0.024070334461837817,1.0511978875019068,9.874008596930802,451.16408147825666,0.028752637541989517,0.01808718486569675,0.6475834267023729,False,False,False,False,False,0.0,False,0.0,False,False,1,False,none,0.004333982011303306,0.1996906459143653,0.12065777601260673,0.07901212295192593,0.13354440244351673,0.014146653932992907,0.0152802719078065,0.013702476520637821,0.01243678514318019,0.1304511677969,0.1270676948126149,0.03242162584400777,0.09523861154259612,0.01622760437418788,0.016370221478724807,0.11751848197879329,0.11370081320492299
182,True,0.07798373762420267,0.016547334944663143,0.0984625385173825,0.3045208440631717,0.16190651133329326,0.032629917283197946,0.032629917283197946,0.032629917283197946,0.03239083703769155,0.743491291174446,0.0019598040306685327,0.03324045457488323,0.8571413104040191,12.09353783597927,413.1519068670062,0.02670727511779079,0.04139056245673588,0.4135557218599916,False,False,False,False,False,0.0,False,0.0,False,False,1,False,none,0.0028574540046975017,0.19825819820776844,0.11880847948889123,0.08328777173876553,0.12629850087062505,0.018824322205521653,0.011470946390060735,0.0179986861988506,0.013360608857226348,0.13152015139654874,0.12541707380630587,0.03242014966572909,0.10085245301021943,0.01719598350255973,0.017634061220015904,0.11904798835911555,0.11534442706903898
183,True,0.07785614105914837,0.016816060603923905,0.0982028345442232,0.29909425571184917,0.16679547681810494,0.03247572275179157,0.03247572275179157,0.03247572275179157,0.03223588338951159,0.743491291174446,0.0019598040306685327,0.034088780765072046,0.8533875500154298,8.519762046758112,276.15075362370857,0.02628895258569721,0.10620338240682012,0.18958058489731613,False,False,False,False,False,0.0,False,0.0,False,False,1,False,none,0.0028945749800186604,0.1968043480276368,0.11790107796858246,0.08512784376340059,0.1228934118859429,0.022130159233213292,0.009205685935352297,0.018898548196676187,0.014027977063211003,0.13243423219791126,0.12321881589323355,0.03174356927172346,0.09944805917506791,0.017331032797369254,0.01700668435843917,0.12159071340019663,0.11593609777841717
184,True,0.0772505326037883,0.015919170053343288,0.09769432012060329,0.29743205508621506,0.18001764072437082,0.03241096190225093,0.03241096190225093,0.03241096190225093,0.03216250555914819,0.743491291174446,0.0019598040306685327,0.02472839543868921,0.7917770293638386,10.937748579529405,241.4832583317669,0.025952926407057268,0.24109945551338927,0.03678638379497204,False,False,False,False,False,0.0,False,0.0,False,False,1,False,none,0.002930643007857725,0.19570303242666412,0.11708762061378052,0.08430754410941836,0.12145248398830912,0.022507190099919253,0.0076600772830968614,0.018863778579836364,0.013714490026457932,0.13255742015931926,0.12163468486424871,0.03410055947952226,0.09487392599797408,0.015972011188192504,0.015126400418886351,0.12407661057236083,0.11637069185262616
185,True,0.07669786792433139,0.015618411014666567,0.09705768689421966,0.29650943422339776,0.20628670305282434,0.03242790994286013,0.03242790994286013,0.03242790994286013,0.032176310769953226,0.743491291174446,0.0019598040306685327,0.014090950151650183,0.6851794257742344,9.228513741853407,243.80267903783226,0.02480103025461877,0.4810810932665001,0.024024982375874016,False,False,False,False,False,0.0,False,0.0,False,False,1,False,none,0.0028423249896150082,0.19501606885427406,0.11622079563345342,0.08287411534435973,0.12104356347103239,0.02229464602508512,0.007421705685391507,0.020036733446053324,0.013085273609662128,0.1312726787625978,0.12148864242033953,0.03559696048336755,0.09085998896186237,0.015387036122536649,0.013964600880414164,0.12432330424870042,0.11627977284017192
186,True,0.07627239150641116,0.016095658491564455,0.09633130251136006,0.29613945637424527,0.195962243136525,0.03259504327149269,0.03259504327149269,0.03259504327149269,0.03235751993072705,0.743491291174446,0.0019598040306685327,0.0052081525258600445,0.5839597926641821,15.183519861709065,350.1920092416512,0.029146579437074892,1.2966038590060536,0.030682029287549158,False,False,False,False,False,0.0,False,0.0,False,False,1,False,none,0.001711813994916156,0.19494822853487706,0.11566125233160217,0.08125768861495164,0.12191168998393676,0.02084063562083688,0.008787237775614912,0.02217514553792553,0.012934497809887636,0.12989374289416797,0.12166913377935007,0.03658379466808147,0.08704891667664946,0.01611968785087648,0.013153302767568173,0.12131790240699117,0.11605540684926098
187,True,0.07534446312095144,0.016538782698209024,0.0949463565951989,0.2881307928961539,0.13883718076634533,0.03246795065196123,0.03246795065196123,0.03246795065196123,0.032240270978267725,0.743491291174446,0.0019598040306685327,0.006073099556726191,0.7617197952438579,13.20031914118592,250.93307855860928,0.033571095728730065,1.9930518004994404,0.020819509482593482,False,False,False,False,False,0.0,False,0.0,False,False,1,False,none,0.0016489049885421991,0.19520807092797068,0.11510223099527372,0.07892223352286083,0.12196933386003073,0.016526051246441843,0.009467536391653333,0.023156577081096176,0.012898120345170069,0.12843740345772717,0.12214792467863982,0.03306394838341155,0.08318814560315485,0.01726667193247891,0.01283376143409094,0.11892992147136106,0.11639347860386141
188,True,0.07460028947388544,0.015835047584017013,0.09418870343717493,0.28135310715492085,0.11183630239781803,0.03245212460030186,0.03245212460030186,0.03245212460030186,0.03223018050833613,0.743491291174446,0.0019598040306685327,0.013561143811182008,0.9670164574070625,9.818733575241799,180.26384521975822,0.036295624747464665,2.414127200938738,0.0033163678510806194,False,False,False,False,False,0.0,False,0.0,False,False,1,False,none,0.0016424219938926399,0.19574155211160066,0.11467078198402965,0.07635465464139843,0.1218209601054452,0.012052194717969323,0.011818019871759863,0.021662009903952912,0.011615078421063988,0.12703422806130743,0.12282287172701893,0.03317535794573062,0.08061016390553923,0.017369382528089714,0.012693719482961437,0.11722431621899984,0.11693933995529973
189,True,0.07649903245919772,0.019966532302181837,0.09534319917820301,0.27743961026752934,0.11432067221073076,0.03262118141566999,0.03262118141566999,0.03262118141566999,0.03234962917844905,0.743491291174446,0.0019598040306685327,0.023337834771236077,0.6705492785524053,12.986621237923574,592.868577092749,0.03512430610841055,2.4646913658713543,0.007440130054877759,False,False,False,False,False,0.0,False,0.0,False,False,1,False,none,0.0008333389996550977,0.19668364066666558,0.11583461947821719,0.07315812731558385,0.12920223439473752,0.01817474859995717,0.0235658333565958,0.032070230393653185,0.013487367447398417,0.12712965248218858,0.12239865052610667,0.03256019740191977,0.07608515648503288,0.022059038402605244,0.012249492965070491,0.11219514323935355,0.11713038619207762
190,True,0.07899464099554311,0.024508690408244164,0.09715662452464276,0.27553568171059645,0.12236443390595161,0.0325077797203739,0.0325077797203739,0.0325077797203739,0.03220786648297367,0.743491291174446,0.0019598040306685327,0.028776970926559065,0.7450954386970898,4.279272308672211,455.4609221635725,0.036133722042497714,2.5231996196347715,0.021981076071789774,False,False,False,False,False,0.0,False,0.0,False,False,1,False,none,0.0008276879962068051,0.19761934481718588,0.11731242635839834,0.07174575570329127,0.13403720666842417,0.02907169523327448,0.03343510111808993,0.04156216348521115,0.020657359655654843,0.12709981861376995,0.12234107687444984,0.03449778392516726,0.07189704270475086,0.022933489313907603,0.012881749178203058,0.11034153841874213,0.11648070386016919
191,True,0.08088411193562851,0.027333794110045093,0.09873421787748965,0.2758709120368789,0.13139940495574695,0.03288402049942386,0.03288402049942386,0.03288402049942386,0.032572432898954354,0.743491291174446,0.0019598040306685327,0.0315805972440002,0.746238926881258,4.282089004846795,113.44243967267317,0.03607019086884675,2.4224549455981674,0.020880637741736763,False,True,False,True,True,0.0,False,0.0,False,False,1,True,right-skating,0.0008297119929920882,0.19849518714773623,0.11895735795626929,0.07148071767975035,0.13692630081348,0.03704824988498289,0.039925345918239076,0.04782217958794421,0.02682781385559711,0.127048661899707,0.1224930471496436,0.0387049288870334,0.06817014200734173,0.02150881199208549,0.013176371004553575,0.10968694311426985,0.11587373207142256
192,True,0.08220311186467849,0.02844720949348163,0.10012174598841078,0.2789389351917101,0.13896017512021483,0.0334980924528049,0.0334980924528049,0.0334980924528049,0.03318014643466643,0.743491291174446,0.0019598040306685327,0.03316884224676486,0.7253192743087915,5.153501556065454,67.15044369274594,0.03550597880246204,2.2729659713304784,0.019455714054468293,False,True,False,True,True,0.0,False,0.0,False,False,0,True,right-skating,0.0008318159962072968,0.19939731914062286,0.12067571871045682,0.07184646994850517,0.13954162931412553,0.041507489444775676,0.042730910947586034,0.049887459859452504,0.03105779441871346,0.12698478671908509,0.12294680343856815,0.045973675954546454,0.06435033471559382,0.019785237645527334,0.013058346050233226,0.11020398477171511,0.11530182875534876
193,True,0.08314232502381175,0.02746058530705191,0.10170290492939833,0.28292584985215485,0.14780720004121511,0.03405371256294592,0.03405371256294592,0.03405371256294592,0.03372819179080167,0.743491291174446,0.0019598040306685327,0.03332099950520062,0.6928572499932595,5.959864114750557,122.31157312039717,0.03424085004732215,2.0758546370136606,0.017233253218246817,False,True,False,True,True,0.0,False,0.0,False,False,0,True,right-skating,0.0008291310223285109,0.20013697265311947,0.12339714130044052,0.07288453403296073,0.1448352216025434,0.04387057848307337,0.04358122969870361,0.04543913252934342,0.033124563193230504,0.12697011346915207,0.12348306569181981,0.05516223516387543,0.05969544449986827,0.018560155679860284,0.012718489825773425,0.11170829429615468,0.11471002826106858
194,True,0.08347870217130283,0.02520286445943936,0.10290398140859065,0.29376326210782616,0.15702698752712474,0.03451427582916888,0.03451427582916888,0.03451427582916888,0.03418915217748196,0.743491291174446,0.0019598040306685327,0.029529271569565196,0.6768891368894128,4.812893885598386,115.75125694763759,0.032893925981598446,1.8913844444461905,0.012468407224796516,False,True,False,True,True,0.0,False,0.0,False,False,2,True,right-skating,0.0008246620127465576,0.2007248513271977,0.12615285736107607,0.07319707213137924,0.14893181044746118,0.042385549341618124,0.04376901871000766,0.03605754313209834,0.035605506963519405,0.1270727887536369,0.12405057877803859,0.0651265429855819,0.05488602413685721,0.017028487726896864,0.012119920015242834,0.11447689030110945,0.11407379262912389
195,True,0.08323291580095439,0.022230759709343347,0.1035669678314914,0.3076228929481363,0.16985528004735348,0.03489763439803908,0.03489763439803908,0.03489763439803908,0.03458106502392907,0.743491291174446,0.0019598040306685327,0.01951633568567113,0.6640045165950259,5.045115917323506,48.11943183088268,0.03150054254230766,1.7199874350139428,0.010944164441501777,False,True,False,True,True,0.0,False,0.0,False,False,2,True,right-skating,0.0008304330112878233,0.20109570630143195,0.12825569161483233,0.07335675088728184,0.1508744044423296,0.03773807217565999,0.044311638818343324,0.023502612676510423,0.03943446789399609,0.12714871583831247,0.1247545351006528,0.07426645234853922,0.05057303273388332,0.014513090057487707,0.011472868209379178,0.11727074996050278,0.1131578637561272
196,True,0.08245971113419134,0.020433027011744577,0.10313527250834026,0.3139195838101952,0.17940066287780648,0.034657290087024825,0.034657290087024825,0.034657290087024825,0.03435168633053137,0.743491291174446,0.0019598040306685327,0.005419929306661464,0.6538594961126114,5.806372518670511,116.10375846623008,0.030395919036487133,1.5304134417058601,0.006724071909990194,False,True,False,False,False,0.0,False,0.0,False,False,2,False,none,0.000826484989374876,0.20080386998951996,0.1275979078246607,0.07255469426071597,0.14722348613625533,0.029218186724532805,0.04495340475427847,0.011958971604771603,0.04397487915558622,0.12789878775810434,0.12531668712019967,0.08419780061472823,0.04680490964168915,0.013288306853504949,0.012509950433115537,0.11871559383611527,0.11233794143928336
197,True,0.08147983886253304,0.020385510373445978,0.10184461502556204,0.3129423106964233,0.17961827364817623,0.03412403922778337,0.03412403922778337,0.03412403922778337,0.0338349852875884,0.743491291174446,0.0019598040306685327,0.005183362193174722,0.637923309660307,5.525333784818885,104.32492072052587,0.027527954407115255,1.1309935677417564,0.003207196830594476,False,True,False,False,False,0.0,False,0.0,False,False,2,False,none,0.0008274570282083005,0.19990859854271123,0.12465254930369653,0.0708586449205587,0.13759072310633452,0.019665472878932028,0.043569529663686546,0.009600331069993777,0.045155016594488,0.1292436975780442,0.12534276160479363,0.09548968627630831,0.04470998958553267,0.012601653959901867,0.014185039869400269,0.11925847685056486,0.11184524999558132
198,True,0.07943113613311203,0.017204389077548263,0.10017338515163328,0.30664356871917287,0.18930628869566007,0.03335622669495917,0.03335622669495917,0.03335622669495917,0.033097679577675385,0.743491291174446,0.0019598040306685327,0.012018688949152034,1.0879172076072054,18.342384580628085,487.88930499107494,0.026847119564854815,0.5530970538966352,0.03735415837380671,False,True,False,True,True,0.0,False,0.0,False,False,2,True,right-skating,0.0016819569864310324,0.19865564630326515,0.12172525112864081,0.06974619349222502,0.12077371897715115,0.01626283353178933,0.03433648237381304,0.007793585761727928,0.03239555282413888,0.1284692314318891,0.12698513650471727,0.10573142120174742,0.047050402945617374,0.013059281739656696,0.015569135984669542,0.11738061199972286,0.11496369192902096
199,True,0.07844203490815384,0.0166807430000566,0.09902913221085291,0.3010588415823236,0.1897186736605464,0.0329506555604754,0.0329506555604754,0.0329506555604754,0.032702544906405534,0.743491291174446,0.0019598040306685327,0.02820808040977396,0.8432341640531388,14.250011404346504,800.50572203981,0.02282262843182407,0.27728309926544376,0.027811980037649564,False,False,False,False,False,0.0,False,0.0,False,False,2,False,none,0.001717865001410246,0.1976880284714524,0.12028706402159253,0.06872167562577661,0.10878902463113756,0.01360279067404496,0.027788958863662592,0.007137975278773367,0.02723809416439067,0.12720456844403175,0.12826566845126186,0.11168322780044618,0.050336927901045624,0.015227671112148526,0.017119231444913837,0.11645361837553066,0.11752803327025249
200,True,0.0778247971990376,0.01658037817647199,0.09823960353989276,0.29771270046695736,0.19842128975565318,0.03273603993655038,0.03273603993655038,0.03273603993655038,0.03248780481864711,0.743491291174446,0.0019598040306685327,0.034993366811862936,0.7412440580618255,7.555947338727874,259.3967020378987,0.021336183311784745,0.132887580521008,0.028437990270420047,False,False,False,False,False,0.0,False,0.0,False,False,2,False,none,0.0031101230124477297,0.1970008662158309,0.1193058078329755,0.06838319420247072,0.10136515354450192,0.01232653218343173,0.02346817440734605,0.008017469417215263,0.023946739440519362,0.12660855443928068,0.12849339516703856,0.11387778058941705,0.052762715663986645,0.015906290255284037,0.0184510135928693,0.11624474580939086,0.11903832242304273
201,True,0.07772532859972395,0.01710630452163212,0.09793166995908788,0.2957336541069205,0.21898175387967936,0.03233952442789485,0.03233952442789485,0.03233952442789485,0.032059582299411235,0.743491291174446,0.0019598040306685327,0.03443933450926595,0.7168210480654286,7.827349608968355,175.28684147594936,0.019888228487225833,0.04799961385496408,0.07565265435691781,False,False,False,False,False,0.0,False,0.0,False,False,1,False,none,0.0025254949869122356,0.19661911591344142,0.11763480157143423,0.06952252891978884,0.0970714916352642,0.014062290980551095,0.020906736601855273,0.011723834643176658,0.021059996783253394,0.12665870304205296,0.12797174185619015,0.11395123622689832,0.05449795950879143,0.016070144705983166,0.019571241954115262,0.11539223055211655,0.12089120270067037
202,True,0.0772888146235351,0.016162722259905796,0.09766417874474487,0.29345815734594993,0.23517024701988604,0.0321598270083464,0.0321598270083464,0.0321598270083464,0.03185310861428873,0.743491291174446,0.0019598040306685327,0.021655716827648108,0.622975405580245,15.890104385101079,349.6385418302265,0.01848218173574495,0.014602765746567912,0.12258579740787418,False,False,False,False,False,0.0,False,0.0,False,False,1,False,none,0.0032944720005616546,0.1965932648437756,0.11558417996869805,0.07070782739732313,0.09524164817646659,0.013987167958300217,0.01996888289030358,0.012212471216068966,0.018341134194561303,0.12819026870357744,0.12588761683545152,0.11291259138753004,0.05578904233658303,0.01514012114325309,0.018957162485739816,0.11566482023603668,0.12144283420289241
203,True,0.0768116849144006,0.015394193089413987,0.09728418218939612,0.2904816956414982,0.21634161132194601,0.032214379993151986,0.032214379993151986,0.032214379993151986,0.0318946659596711,0.743491291174446,0.0019598040306685327,0.00932593558235495,0.523664578955475,9.92610973089876,416.4732738068033,0.01718941269292889,0.0038786456475301684,0.2861067521865918,False,False,False,False,False,0.0,False,0.0,False,False,1,False,none,0.0024730960140004754,0.19662086489955666,0.11382813783911987,0.07088527536735317,0.09596902418718475,0.012967410042895344,0.0195361659889239,0.012045496889079499,0.016907842251370427,0.13035063200060928,0.12319946065353847,0.11047045566130284,0.05612477140371191,0.01441602178283106,0.01820741143437497,0.11617571689442294,0.1212822713341345
204,True,0.07631860634161525,0.015521019941411293,0.09658446847501656,0.29400153524395334,0.18369281335761511,0.032390129045426604,0.032390129045426604,0.032390129045426604,0.03209744216438684,0.743491291174446,0.0019598040306685327,0.008380280698384812,0.2847541591676241,14.139106293428528,463.4799316362655,0.01999706874334424,0.01477420772474935,0.8608847170003305,False,False,False,False,False,0.0,False,0.0,False,False,1,False,none,0.0008344709931407124,0.19690781970802781,0.11384562234969667,0.07009362206478129,0.09930686898395741,0.011746094929602524,0.016462417761691776,0.016089213490945973,0.014002179559399168,0.130933813188721,0.12220544197462238,0.10622063555986924,0.055497021067983376,0.013750668895201079,0.01824201782009895,0.11603466694148558,0.11975959716975965
205,True,0.0763504293157857,0.01752220844257565,0.09595983627352239,0.2931594251781564,0.14730261892163451,0.03234191066178807,0.03234191066178807,0.03234191066178807,0.03204229409849824,0.743491291174446,0.0019598040306685327,0.010063642532864847,0.4645668078770385,6.729571609931376,369.67476798561864,0.022586857846807726,0.024708099923807608,1.3776587278084762,True,False,True,False,True,0.0,False,0.0,False,False,1,True,left-skating,0.0008318769978359342,0.19754392742211216,0.11390037555451814,0.07105296598809427,0.10500946799173817,0.01366867851436726,0.015482421505714392,0.021504941321776955,0.014657727347652734,0.13132707923607267,0.12134147155152271,0.09968113617512157,0.04918161488659188,0.014045248912232182,0.019880916188640733,0.11501674276377977,0.11831215369263562
206,True,0.07571203576782627,0.013596005822415448,0.09641737908296322,0.28605220768241296,0.12623996408459812,0.03316583515153918,0.03316583515153918,0.03316583515153918,0.032868057641504106,0.743491291174446,0.0019598040306685327,0.020056307859255718,1.2015371468813003,25.053422997531772,629.7002799443829,0.027231603057871784,0.028023456570670815,1.7987341905593084,True,False,True,False,True,0.0,False,0.0,False,False,1,True,left-skating,0.004126607993384823,0.1975899856754306,0.11144003952362586,0.07323773645212708,0.10679014580863187,0.01602478279076178,0.01578427039197719,0.014299283002214492,0.010456592008587602,0.13200853016190853,0.11995632009461471,0.09686460685933128,0.05341798120593114,0.013739019485765431,0.015889128793094266,0.11506558026067189,0.118828569770547
207,True,0.07643686191696591,0.017541195320080888,0.09606875078259426,0.29187918863100154,0.1171361692766928,0.03249037573844085,0.03249037573844085,0.03249037573844085,0.03216793433626908,0.743491291174446,0.0019598040306685327,0.01923256214950375,0.6099008249234731,24.93204970359065,1482.839779071436,0.026786224403156096,0.010346416315009162,1.8931116880149497,True,False,True,False,True,0.0,False,0.0,False,False,1,True,left-skating,0.0008336890023201704,0.19838662752664335,0.11209203414673001,0.07372120477835835,0.11527945351415977,0.01869316559625948,0.01599730743501542,0.01938156383912284,0.015875572879588795,0.13212612956154215,0.11937362386307444,0.08853205469483531,0.04872643273357124,0.014114017618103167,0.020793626943508746,0.11457528469470868,0.1153216908462332
208,True,0.07705456486936098,0.02026657881239335,0.09598389355501687,0.2975861296163688,0.12021472726029837,0.03207277007827106,0.03207277007827106,0.03207277007827106,0.031738431111389596,0.743491291174446,0.0019598040306685327,0.013558243416037508,0.751683193859351,4.895773110301838,835.198352417444,0.028156941808402836,0.023205187480621066,2.0237235475363167,True,False,True,False,True,0.0,False,0.0,False,False,1,True,left-skating,0.000835343002108857,0.1989696627183281,0.11228466442360042,0.07455508404027045,0.1218749231514682,0.019640438882592166,0.01859630057805858,0.0228384235670538,0.021235585712000054,0.13294277278335012,0.11809291791793898,0.08209864306275431,0.04589981392539054,0.014475642544627208,0.022516663425892345,0.11422065454464743,0.11263084663180307
209,True,0.07503998307715326,0.014121628461442505,0.09534610128239018,0.2936230356934615,0.13561006577961193,0.03384600804321365,0.03384600804321365,0.03384600804321365,0.03355786055360069,0.743491291174446,0.0019598040306685327,0.03461865909930406,1.475506836992035,29.928907807436342,830.3717932419975,0.03221983260096108,0.03445785912047037,2.110544594108869,True,False,True,False,True,0.0,False,0.0,False,False,1,True,left-skating,0.005757318984251469,0.19854488835095657,0.10997786082868655,0.07576705484897045,0.11585212813969524,0.019445301816383403,0.014807786602151417,0.014515593688112664,0.014802931747354923,0.13113614095399873,0.11925980427326754,0.08020247831549891,0.0473306527507807,0.013343090897728654,0.013824897512573778,0.11431194955905845,0.11751716894923432
210,True,0.07544064469254493,0.01725352269924286,0.0948363520236456,0.29825740879961965,0.13682086219707437,0.03366366131007861,0.03366366131007861,0.03366366131007861,0.03335821549663996,0.743491291174446,0.0019598040306685327,0.029002762909733137,0.5800731640983258,33.906981280414136,1903.5481622687118,0.028147114375806182,0.00889510355258541,1.9488375239219067,True,False,False,False,False,0.0,False,0.0,False,False,1,False,none,0.0008330690034199506,0.19949371060937618,0.11139103841292734,0.07502107325317246,0.1236216856012511,0.020229763510721237,0.013950536631736447,0.01419900959834538,0.025446770479863382,0.13094713524794074,0.11929845468290241,0.07210462940349878,0.04490387276360633,0.012553529658182006,0.01681478106058067,0.11431286233711872,0.1127614618294955
211,True,0.0747474002038773,0.01493965915981518,0.09468331388523137,0.3028587478726432,0.1461253876683245,0.03418921277284003,0.03418921277284003,0.03418921277284003,0.033909348159286874,0.743491291174446,0.0019598040306685327,0.04639894967086211,1.3998114844538962,34.011429698651405,1910.4333113406444,0.030847793139871578,0.008138866883925917,1.9596365489126792,True,False,False,False,False,0.0,False,0.0,False,False,1,False,none,0.006125987012637779,0.20086303912889392,0.11222749091217714,0.0776809392046174,0.12617830632993443,0.021599631811859612,0.011910963542006233,0.015509007367374617,0.019119568218945563,0.12623160894993837,0.12309412750204005,0.06177613800389953,0.04369954983967212,0.013289902474782117,0.011840158578158417,0.11352351787349298,0.11741445352424418
212,True,0.07516130946596428,0.017691202444789302,0.09431801180635595,0.30793487341436415,0.142289851979431,0.0345857000767345,0.0345857000767345,0.0345857000767345,0.03429387211337454,0.743491291174446,0.0019598040306685327,0.04373359226187535,0.45375233923339825,35.53034757949906,2071.136497946088,0.027298172850151955,0.010612650463055501,1.749136021818141,True,False,True,False,True,0.0,False,0.0,False,False,2,True,left-skating,0.0008574149978812784,0.20192137529346263,0.11448682636367444,0.07750188615786537,0.13299261503802656,0.02159046732106677,0.00783148227308456,0.016305797445475768,0.030331192679250774,0.12504051061442195,0.12455417519822796,0.05281240626576863,0.04464091583380842,0.011977188309876955,0.012150631344553714,0.11332893954048841,0.11511454177637559
213,True,0.07502360204240716,0.015379763505112064,0.09490488155483884,0.3056838860125798,0.13637541658859126,0.03448963871664765,0.03448963871664765,0.03448963871664765,0.034187720101070504,0.743491291174446,0.0019598040306685327,0.041616525573492824,0.9689140063205217,22.849514104742333,1626.557091950419,0.028356169472291047,0.007131725507340045,1.6875979030929316,True,False,False,False,False,0.0,False,0.0,False,False,2,False,none,0.003316813992569223,0.20395811287410634,0.11850666127557886,0.07809144886611286,0.14595418328448034,0.021058677171502907,0.007705830775885683,0.014909629025652406,0.023715528751620266,0.12308889578928449,0.12607561941794082,0.04022704549663777,0.04441472048021309,0.012694273097492785,0.0101996231456828,0.11322513021981945,0.11655225300650342
214,True,0.0746985743918469,0.013154296803000566,0.09521333358812901,0.3041532808352625,0.12235076497087949,0.034405582846389254,0.034405582846389254,0.034405582846389254,0.03410460213643385,0.743491291174446,0.0019598040306685327,0.027936559457317767,0.9657133311348118,18.121069476394517,963.4029054785948,0.027714720836787533,0.016742381154182945,1.5411618426607865,True,False,True,False,True,0.0,False,0.0,False,False,1,True,left-skating,0.004074169002706185,0.204780863924359,0.12006647804840412,0.07772801647054947,0.15413935828255723,0.018826914763040856,0.005751374322576854,0.011987254362841163,0.017910235036359613,0.12431512510626133,0.12583940580716124,0.03124570074823779,0.049613620497576054,0.011953954320375363,0.010765743492426129,0.11484037836833902,0.11541276671848541
215,True,0.07380790832866417,0.011565287196468745,0.09455544870606264,0.29888894898860424,0.11340274328502431,0.033804216677284615,0.033804216677284615,0.033804216677284615,0.03352249827683562,0.743491291174446,0.0019598040306685327,0.018052610564802896,0.8976835512740917,13.344073166691834,543.8090080968561,0.028720280434493994,0.002968926268545143,1.3948165753343873,True,False,False,False,False,0.0,False,0.0,False,False,1,False,none,0.004126388987060636,0.20420309314792245,0.11648868793198067,0.07814230392125024,0.150232610368839,0.017456847944133,0.001980919272011886,0.009801036265214533,0.012022510122759006,0.12597171589087838,0.1265305869580379,0.02319370817457713,0.060177500723120364,0.012749193084815917,0.011688409313085516,0.11565610369790144,0.11463130644209912
216,True,0.07372741234068082,0.01171544301482874,0.09439806878263152,0.2920355521090197,0.11352983963383614,0.033090160663646756,0.033090160663646756,0.033090160663646756,0.03283186310798159,0.743491291174446,0.0019598040306685327,0.01689365775913254,0.8952485464759685,9.940054064143526,277.5555715682897,0.029421522380701542,0.017889400669944728,1.227044832207645,True,False,True,False,True,0.0,False,0.0,False,False,1,True,left-skating,0.003283711994299665,0.20311365736693365,0.113227481137066,0.0801388689122486,0.1409959404403932,0.017452174402509978,0.00462014773776717,0.009721720175910893,0.010069892813797662,0.12669891635809252,0.12798971927206335,0.016113439439240363,0.07225135201804814,0.014686752000393226,0.012383407069213176,0.115430051985918,0.11474507632129712
217,True,0.07420334615480641,0.01175421312440025,0.09501972383160845,0.2903104634970144,0.123214753253019,0.03256130554902827,0.03256130554902827,0.03256130554902827,0.03229953177051972,0.743491291174446,0.0019598040306685327,0.009798225514654259,1.1266522857089518,14.5901240687295,440.600425840273,0.026878197906759105,0.01747621245011333,0.7405757318424139,True,False,True,False,True,0.0,False,0.0,False,False,1,True,left-skating,0.0032572320196777582,0.20164768933901092,0.11137471974469526,0.08056710226705782,0.13714730496694646,0.017058095310960194,0.006067688767989617,0.009571409081007022,0.008497940773878974,0.12790613310427398,0.12845699515692377,0.013585036206547942,0.08536224452621008,0.01597494381566893,0.012972558827046076,0.11549793083786222,0.11556574575082314
218,True,0.07477597498993604,0.011382877880932547,0.09590700735960388,0.29077125241507373,0.13808076803538413,0.032322929124154534,0.032322929124154534,0.032322929124154534,0.032053412756261355,0.743491291174446,0.0019598040306685327,0.008378976996873622,1.1252548146803638,10.779103325764728,395.4940233347378,0.023817668457910467,0.010531891202146116,0.4408111924710051,True,False,True,False,True,0.0,False,0.0,False,False,1,True,left-skating,0.0024905289756134152,0.20012518621030947,0.10990939186683107,0.08081460983817589,0.13633278231446588,0.01757387795737144,0.005298634374758671,0.009808773007009552,0.005243662460156914,0.12950914083940335,0.12770977874944411,0.013948628965242722,0.09628322358011097,0.016309727448822062,0.01416934860774166,0.11648420225149786,0.11689463136763503
219,True,0.07542481326296012,0.012009422840541323,0.0965632767370997,0.28997156779016975,0.1582231503808228,0.032584331059376595,0.032584331059376595,0.032584331059376595,0.032327411728092385,0.743491291174446,0.0019598040306685327,0.03235836087062616,0.8623511501902276,11.842518679091283,395.43478257934356,0.022607195730180506,0.011996103492552574,0.24000132729894058,False,False,False,False,False,0.0,False,0.0,False,False,1,False,none,0.001653902989346534,0.1986064951118633,0.1084792743674293,0.0824248827004934,0.13524700689069194,0.0197878464615599,0.00512290169813988,0.011876497061573557,0.003879995896089217,0.13042863465325044,0.12678620920530367,0.013522630469226882,0.10213316507519196,0.016057812345897166,0.016223386058605353,0.11898463351617665,0.11723564069586899
220,True,0.07567879648182621,0.013676839577090283,0.0963461154500715,0.2872232649604007,0.177730149453734,0.032762519110417325,0.032762519110417325,0.032762519110417325,0.03251305549764171,0.743491291174446,0.0019598040306685327,0.046671694626149396,0.8039703983247579,7.349733349948779,229.37442783098703,0.02305087122189226,0.11499476959825237,0.09300461603391039,False,False,False,False,False,0.0,False,0.0,False,False,1,False,none,0.001644034986384213,0.19727259542238973,0.10690331319157707,0.08189760259323586,0.1369044582230278,0.019683525416192525,0.0061668741917975285,0.013703151705352986,0.007355914000043551,0.13127876522849044,0.125253420620189,0.011592803786321756,0.1001550608172027,0.016666839402967596,0.016981453199997,0.12252211027640827,0.11652285563402548
221,True,0.0746724873371557,0.01364062428478376,0.09501644168794636,0.28426865091166137,0.20606553953994575,0.03283887517042724,0.03283887517042724,0.03283887517042724,0.03258468052537476,0.743491291174446,0.0019598040306685327,0.04283316691760941,0.6466405411385122,13.805760639725937,291.4325413470193,0.022925497927338417,0.22265761939088732,0.04364322546011461,False,False,False,False,False,0.0,False,0.0,False,False,1,False,none,0.0016404289926867932,0.19626115702467392,0.10475587224730902,0.07911773511219287,0.13966900011051459,0.015943870915357802,0.00626768460157541,0.012225217774102815,0.010108314808526836,0.13166791115855334,0.12376415361697721,0.009732591881085806,0.09312575275551585,0.01641638923184453,0.01581257532466086,0.12453053298094864,0.11536103785065187
222,True,0.07294482159252733,0.011764137389895287,0.09333838299340465,0.27967647974231546,0.23750627545806174,0.032814106872632906,0.032814106872632906,0.032814106872632906,0.03254531914541694,0.743491291174446,0.0019598040306685327,0.02487049772504668,0.6067691819667465,11.444694149428367,229.84421616636956,0.022561457638651434,0.39585627885711916,0.05043769324336432,False,False,False,False,False,0.0,False,0.0,False,False,1,False,none,0.0016369719814974815,0.19561938360263306,0.10220135233745735,0.07580280710358568,0.14191440176725414,0.010709189484181732,0.004693762332990474,0.007590534225531274,0.009578560224972464,0.1317167701484868,0.12259300393915581,0.010053530701969245,0.08635312636159861,0.015565872381306918,0.014321582727770498,0.12323784012641859,0.1151654280151245
223,True,0.072790550190436,0.010678057666953572,0.09349471436493013,0.2719469081657432,0.2217267151794661,0.03267305793954085,0.03267305793954085,0.03267305793954085,0.03242592287279953,0.743491291174446,0.0019598040306685327,0.008520580342440853,1.4796625128965768,37.3981760111236,894.5999727428438,0.026005109054782514,0.7895195311485503,0.018526895130266573,False,False,False,False,False,0.0,False,0.0,False,False,1,False,none,0.006494977016700432,0.1959104501733607,0.1007246336994458,0.07313160296889702,0.1398811246197111,0.011013621408798914,0.010579037519316553,0.007432821587437021,0.007030894242954839,0.12987318300991282,0.1231007071764244,0.016230625341566364,0.08385580855848285,0.015682777682534378,0.012565737154888046,0.11985255132386222,0.1177832265793827
224,True,0.07372325323902672,0.01248493746968761,0.09413602516213976,0.2782748857778203,0.16130231897621072,0.03265559855490934,0.03265559855490934,0.03265559855490934,0.03241048785744934,0.743491291174446,0.0019598040306685327,0.030485065499621378,0.5590762946605454,35.442007745413385,2087.137382809725,0.027249213919160735,1.3807334781763934,0.013408021102655645,False,False,False,False,False,0.0,False,0.0,False,False,1,False,none,0.0016486039967276156,0.1959059472699405,0.09931409692069114,0.07176575845455664,0.14018169328933605,0.016750133185164086,0.012364476473473857,0.013123806060243716,0.0072927238898457735,0.12783448646821594,0.12400395338045739,0.019222325436230522,0.08438149137294004,0.017373546168991488,0.01214967375966947,0.1195839817383817,0.11832395795628942
225,True,0.07531916302557329,0.01522783884349274,0.09534960441960012,0.28301940844147006,0.12098400431770873,0.03263087443473657,0.03263087443473657,0.03263087443473657,0.03233760362604882,0.743491291174446,0.0019598040306685327,0.05047184623142486,0.4946116545236218,8.967980235570518,840.3668258657758,0.027742432778493992,1.695426555315436,0.010245551700685914,False,False,False,False,False,0.0,False,0.0,False,False,1,False,none,0.0008288509852718562,0.1961833630119165,0.09909497278863028,0.07031835334549162,0.14317575482808723,0.026279521124050773,0.013658488722302436,0.023657371968066828,0.003527043678395818,0.12605272688059024,0.12485497568694519,0.023438070009387788,0.08480821477050265,0.02213393850546643,0.011593001222041883,0.11757538389470475,0.11875542797259221
226,True,0.07731185442211881,0.020243236275381035,0.09633472713769808,0.2842585961794124,0.12742774101690293,0.031877487123306215,0.031877487123306215,0.031877487123306215,0.031535597325412126,0.743491291174446,0.0019598040306685327,0.07363073994780778,0.6409404670143541,5.899084927164498,238.39575390998976,0.029696334340626934,1.962272346925404,0.008735954024732137,False,False,False,False,False,0.0,False,0.0,False,False,1,False,none,0.0008330479904543608,0.19658043548760498,0.10092919795809899,0.0695150952764301,0.14503027603008753,0.03595417161360394,0.015292523244183131,0.03448295957141387,0.00556210650028107,0.12359365364267924,0.1263897848641155,0.025215191302892265,0.08340279240168323,0.027984980178336182,0.01294289885149302,0.1147984326012393,0.1193151712297587
227,True,0.07876098204433866,0.024666719455403406,0.0967924029073171,0.2860670246200297,0.1492868605021129,0.03121596401672604,0.03121596401672604,0.03121596401672604,0.030846450251203476,0.743491291174446,0.0019598040306685327,0.100391419780401,0.7609561025724724,4.620724690973396,59.929513134781764,0.03108030976873631,2.139246797289839,0.009984342275563877,False,False,False,False,False,0.0,False,0.0,False,False,1,False,none,0.0008313260041177273,0.19700318940530984,0.1047420261155331,0.07019027905251116,0.14508834996475586,0.04513057533304341,0.014658188351903766,0.04540977131234108,0.006106905357403001,0.12073592410130202,0.1282699891793709,0.02262023289682488,0.08248425352893439,0.03242884843253419,0.01472135271933536,0.11005277372716712,0.12053305323114864
228,True,0.07928527915224949,0.026873090064234773,0.0967560088482544,0.2902453457045049,0.17742257241244427,0.03120748975700722,0.03120748975700722,0.03120748975700722,0.03084495812892986,0.743491291174446,0.0019598040306685327,0.12444872657023108,0.8296777146869103,2.9208796416538703,80.27222554777066,0.03148119229157058,2.1967474759555246,0.015052826683431466,False,True,False,True,True,0.0,False,0.0,False,False,1,True,right-skating,0.000862243992742151,0.19754645569710685,0.10907830426962656,0.07194101985539271,0.14487962535552923,0.05268428539937095,0.012358806780843206,0.053777831150577333,0.0041759222220105665,0.11788291397925973,0.13009300972262677,0.01609882432390535,0.08241945863724721,0.03341074844474685,0.016127858439604348,0.104223664261393,0.12186573789675115
229,True,0.07984042274346134,0.028101758726668192,0.09708664408239241,0.2988418347016882,0.20386888849534646,0.03197113318442693,0.03197113318442693,0.03197113318442693,0.0316344062488153,0.743491291174446,0.0019598040306685327,0.14365656270955673,0.8361138858689731,3.0852026148356457,88.58548393822394,0.03092444520300527,2.138207192149486,0.02037420045240261,False,True,False,True,True,0.0,False,0.0,False,False,2,True,right-skating,0.0008370759896934032,0.19833534440159672,0.11296160008274818,0.07424867486770538,0.14572318276903667,0.05795603806389077,0.009781394579931513,0.058597155467180244,0.003572209727611996,0.11518486284629334,0.1317449623472024,0.014696912748923766,0.08271663229713579,0.03301116580848068,0.01722650390339985,0.09868661802345496,0.1230035059607893
230,True,0.08114862599865214,0.030076061262887786,0.09817281424390689,0.31089788974605553,0.2216540620487592,0.03303198752711762,0.03303198752711762,0.03303198752711762,0.032724363799404015,0.743491291174446,0.0019598040306685327,0.1550286885677944,0.764408866486727,5.062365139185969,116.34715602445843,0.030207891712753756,2.0053375508793465,0.02425771192820454,False,True,False,True,True,0.0,False,0.0,False,False,3,True,right-skating,0.0008337900217156857,0.19916515187191708,0.11565436295225584,0.07608595559236263,0.14671110670741724,0.059793758837038906,0.008338588772944983,0.05914344398621897,0.009139073079464093,0.11304501500877308,0.13308655510535017,0.023743144346156767,0.08294903937926756,0.03372613520926098,0.0182955927766071,0.0957758616088841,0.12372523074451436
231,True,0.08215333251667263,0.03125219986533229,0.09912037673378606,0.32143119874790893,0.22002349175930971,0.03365132321217401,0.03365132321217401,0.03365132321217401,0.03337425405609027,0.743491291174446,0.0019598040306685327,0.15375370343060213,0.66498882894478,8.312992286911479,162.34480027361636,0.02958815299141648,1.841712837368098,0.019772025222149794,False,True,False,True,True,0.0,False,0.0,False,False,3,True,right-skating,0.0008330380078405142,0.199499222358048,0.11563212346286839,0.0763112572862257,0.14524134530076763,0.056642831117334584,0.010049105974050522,0.054766642822154564,0.015791067993353097,0.11260735572667958,0.13377535233975651,0.03572424053740107,0.08247849230213879,0.03440520857492802,0.020045880070893505,0.09735032832479337,0.12413286607536876
232,True,0.08244225974958252,0.030663764984481763,0.09970175800461613,0.3286303433145517,0.20190143099774943,0.03364760062028388,0.03364760062028388,0.03364760062028388,0.03339364762755667,0.743491291174446,0.0019598040306685327,0.13848304675760278,0.6547807258223768,8.881272614077876,74.00580812971145,0.02865673136993388,1.6511973661265817,0.019909529254915605,False,True,False,True,True,0.0,False,0.0,False,False,2,True,right-skating,0.0008251540130004287,0.19915482623622,0.11332005125768838,0.07556752926804197,0.1414633254806281,0.04938146784725089,0.014408733024489126,0.046565982434687854,0.02152765856465409,0.11423458639929261,0.13356039177046358,0.04781509471206818,0.08105785854149214,0.032771820083680195,0.021789598854904918,0.10272472683812821,0.12373250467963043
233,True,0.08230722713788463,0.028604853836852535,0.10020801823822863,0.33735199045415226,0.17969437966633384,0.03377682719638199,0.03377682719638199,0.03377682719638199,0.0335406674054092,0.743491291174446,0.0019598040306685327,0.11818078745356342,0.6477724709476812,6.998584281505212,222.88032810677473,0.025310527391258008,1.2421119279695307,0.02549845264922381,False,True,False,True,True,0.0,False,0.0,False,False,2,True,right-skating,0.0008290899859275669,0.19863764910019208,0.11124326564726876,0.07486000023366157,0.13843989790375713,0.04121592139700897,0.01843776489517055,0.03683621965336223,0.02659458037225016,0.11672614364447749,0.13237980101670815,0.05991275212189467,0.07961654477730366,0.029330148408679466,0.021658466913118287,0.10873235680402765,0.12229412131727292
234,True,0.08191883842973434,0.026160775283039412,0.10050485947863265,0.3477139590760253,0.1673271613813823,0.034043702954483473,0.034043702954483473,0.034043702954483473,0.03383272355304636,0.743491291174446,0.0019598040306685327,0.10022999227874196,0.7396047836135182,11.342281695519066,180.31774436970778,0.02007217206043609,0.4318246750767636,0.022165075305234497,False,True,False,True,True,0.0,False,0.0,False,False,2,True,right-skating,0.000827306997962296,0.19797532280469407,0.1091495814081714,0.07271477497353694,0.1359205622984086,0.03253830327548187,0.02103958898902644,0.02838374910039549,0.03070701886048794,0.1196536590633525,0.12997690064230277,0.0741018045275547,0.0784434548900944,0.025167945143251474,0.02038438802802274,0.11348454696461287,0.12105981390635524
235,True,0.0805288125341468,0.0240095255604093,0.09936857485872597,0.345294526869494,0.17316700183807204,0.03390479991715446,0.03390479991715446,0.03390479991715446,0.03373476202365678,0.743491291174446,0.0019598040306685327,0.08688957806044795,0.7090409743522297,7.448755556467929,329.1969312807815,0.01916402254953641,0.08247315302099419,0.015381986684335996,False,False,False,False,False,0.0,False,0.0,False,False,2,False,none,0.0008239010057877749,0.19706772136416417,0.1075511354501768,0.06909489148964318,0.13244384108121782,0.023965606167804278,0.022337059975383055,0.021213213627965976,0.03327116352057471,0.12250351509850897,0.12673522299219042,0.0792283320129527,0.07556189233473024,0.02177764068846826,0.019776084404628264,0.11509533845070614,0.1208383418872338
236,True,0.07844444689725637,0.021173977506408106,0.09753460336087244,0.3320172516700645,0.1733455233709373,0.03374880952252054,0.03374880952252054,0.03374880952252054,0.033607317962644684,0.743491291174446,0.0019598040306685327,0.0735273506836378,0.6604137611948592,5.9137236311170644,136.78063031671144,0.018702964128567538,0.0028254161480490187,0.04701665563915839,False,False,False,False,False,0.0,False,0.0,False,False,2,False,none,0.0021348650043364614,0.19607923988654855,0.10649382739932343,0.06494932576272952,0.12779967418204835,0.01658758225069393,0.02292569794455786,0.013855405932746066,0.033279306078260455,0.126019227660656,0.1223779256972067,0.07950156293182392,0.07069851893732175,0.018646944200972418,0.01891425381365348,0.11574480569463674,0.12123785198292242
237,True,0.07577803631731246,0.016250433662960223,0.09562057053542988,0.314424711474506,0.19230597380014738,0.03362160851937381,0.03362160851937381,0.03362160851937381,0.03347494024591858,0.743491291174446,0.0019598040306685327,0.051633574926623016,0.5683844556799881,5.862341316908527,132.9650808351337,0.017634481350445225,0.04449213550587155,0.1459990537785447,False,False,False,False,False,0.0,False,0.0,False,False,1,False,none,0.0008320659981109202,0.19531027394380807,0.10465183037425899,0.06201159078870897,0.12409628847018608,0.011000663400429121,0.023697545399241828,0.005314311102525148,0.027557905109887516,0.12956666569522574,0.11811459447108942,0.07777488103723919,0.06314361205238615,0.015345195856696277,0.01678432258273195,0.11656853924742573,0.12151036154515935
238,True,0.07404490178983208,0.013744666625890871,0.09414498017781248,0.30196625513534353,0.20704835280560263,0.033771375292799485,0.033771375292799485,0.033771375292799485,0.03361023953838677,0.743491291174446,0.0019598040306685327,0.024941831072755827,0.4783526089564837,6.28611757935976,135.0654652750003,0.016518980097066576,0.03421210234397829,0.43478022885263196,False,False,False,False,False,0.0,False,0.0,False,False,1,False,none,0.0008316849998664111,0.19508825485458076,0.1026031535358401,0.06159550476378487,0.12286945245628503,0.0061575173433540045,0.025837321895593214,0.007817417006555033,0.01946927468280323,0.13171791835395585,0.11559684248862137,0.07500349565756768,0.055640590093290955,0.012407001293638769,0.015284973520566457,0.11800729993971215,0.11962241075116394
239,True,0.07352199661009985,0.014160412170670253,0.09330919142324305,0.29554311989771614,0.19609123374862028,0.03392685790754072,0.03392685790754072,0.03392685790754072,0.03376066737068032,0.743491291174446,0.0019598040306685327,0.0017724591935865952,0.4346385497877848,6.42889067994238,88.04785236813166,0.016637285641074324,0.021772848083051154,0.7576240153893242,False,False,False,False,False,0.0,False,0.0,False,False,1,False,none,0.0008287200180348009,0.19538477193331336,0.10137457286330806,0.06271400118620774,0.1236655624078113,0.003176938970791922,0.02771307157726273,0.015373383516054398,0.015349100281711067,0.13262685736682944,0.11449675137867286,0.07142282296724442,0.050371419778054434,0.010492816139700637,0.01542634874521491,0.11933411079809036,0.1174294158513299
240,True,0.07388078026406777,0.01602872347045617,0.09316479919527164,0.2913661593477363,0.19198688046753434,0.03377926875148927,0.03377926875148927,0.03377926875148927,0.03360544150054806,0.743491291174446,0.0019598040306685327,0.016814139252823823,0.45169581165354156,5.330815923481878,116.26564045544211,0.017292267641535332,0.019548395170686076,1.0105908080176664,False,False,False,False,False,0.0,False,0.0,False,False,1,False,none,0.0008299729961436242,0.19597897093211908,0.10144878220675804,0.06446474792313678,0.12434433196608471,0.004447563191010145,0.02881402967637265,0.02177466225356321,0.015866508315571248,0.13353767354489088,0.1133667653052131,0.06760779872880798,0.04676499619884807,0.00987567921655208,0.016598044096138145,0.12059207465977043,0.11660985601024773
241,True,0.07451510153800392,0.018049705671972505,0.09333690016001439,0.2891246235532737,0.19098586979277593,0.03359570851420325,0.03359570851420325,0.03359570851420325,0.03341312121187883,0.743491291174446,0.0019598040306685327,0.03204047822259781,0.48919579235662136,4.119188304931242,59.743132587981584,0.01777954321595226,0.03773689907994607,1.1772120077080344,False,False,False,False,False,0.0,False,0.0,False,False,1,False,none,0.0008328279945999384,0.1967935651849156,0.10210297219838468,0.06597856088508747,0.12525053824952562,0.0075462065990408375,0.02990350722079587,0.02669887635783216,0.017884385998713694,0.13450785950251382,0.11213455465370693,0.0640236287110223,0.04425908347279597,0.009841941425024455,0.01777361890631972,0.12185150893622623,0.1156908163061575
242,True,0.07539784653255327,0.01805707602944115,0.09451143670025731,0.2792149187772542,0.16300210419104846,0.034320556358082684,0.034320556358082684,0.034320556358082684,0.03412971168383656,0.743491291174446,0.0019598040306685327,0.07742789191813881,1.1501918328735492,25.600278748107115,750.6673701298486,0.01991325581896146,0.027317637651023647,1.278728004146281,False,False,False,False,False,0.0,False,0.0,False,False,2,False,none,0.008920802007196471,0.19801568213617618,0.10214329473155478,0.06933028861065549,0.1295100578875432,0.01553650968483908,0.03968585774169476,0.022444053526091953,0.02386657242029417,0.14037858790119853,0.10585221913325778,0.06205187473466078,0.033651077623879005,0.008391033763176976,0.017526644408201487,0.12589301369644393,0.11208877652118414
243,True,0.07758068607636665,0.022595470211709955,0.09590909136458553,0.2926996319030662,0.1602914470312885,0.034284825835114066,0.034284825835114066,0.034284825835114066,0.034045705936504134,0.743491291174446,0.0019598040306685327,0.08677783442337939,0.3844922636454266,30.642871403232213,1672.159852922662,0.01595499533743903,0.0068718840424817785,1.2288251576859595,True,False,False,False,False,0.0,False,0.0,False,False,2,False,none,0.0008319769985973835,0.1991996444134928,0.10427049439808098,0.0715530218211371,0.13996745425183413,0.017939089420049546,0.044994478872569195,0.03603171961913625,0.026943674782573656,0.1401079813478601,0.10593112360493984,0.058788738969150406,0.0321730977612767,0.008496573317904505,0.01890991312722541,0.12603807499079034,0.10994589652384532
244,True,0.0793382801062926,0.02506556370542421,0.09742918557324871,0.30306782053179576,0.1545067636087218,0.034275078214496005,0.034275078214496005,0.034275078214496005,0.033990189265911554,0.743491291174446,0.0019598040306685327,0.09036323713666161,0.40880692912142375,4.445851876299717,924.3144769270921,0.015409885297372352,0.010363550117778484,1.1976785920433826,True,False,True,False,True,0.0,False,0.0,False,False,2,True,left-skating,0.0008274680003523827,0.20005099850839222,0.1074029289587948,0.07402501977113979,0.14687930137178848,0.018881351630660844,0.048244424742057125,0.04304928268433485,0.03007220624671542,0.1397693945620964,0.1067263162098491,0.05798996427774082,0.03455695895471682,0.008456046023225663,0.01868471986742091,0.12553186964101873,0.1090916982507296
245,True,0.0806382354569728,0.02607019782114668,0.0988275813355815,0.31077486366109486,0.15600202733459279,0.03438181901328548,0.03438181901328548,0.03438181901328548,0.034061681372478544,0.743491291174446,0.0019598040306685327,0.08892781969272812,0.40465592359539343,4.62017318575907,88.89093887563256,0.014449238711725668,0.006501235349071443,1.0867786833341546,True,False,False,False,False,0.0,False,0.0,False,False,2,False,none,0.0008267560042440891,0.20056073716176437,0.11065235741745225,0.07595475780735472,0.1502107527588362,0.019203627669965296,0.04928792642959011,0.045883447576892736,0.03193409983364805,0.13906592399921205,0.10836628007123444,0.058236808106962884,0.040434513409275785,0.008273562690947105,0.018189681183098848,0.1248330902554928,0.10912420093983696
246,True,0.07698331047614747,0.013517625340329676,0.09813853885475338,0.3058514446420463,0.16015456988034943,0.034682339418582606,0.034682339418582606,0.034682339418582606,0.03439211003780094,0.743491291174446,0.0019598040306685327,0.027158014064928796,1.6588025949874585,42.544250544782415,1228.4442773267167,0.018671591485162193,0.008916011014523164,0.8971183872472694,True,False,False,False,False,0.0,False,0.0,False,False,2,False,none,0.006570199009729549,0.20097273961633552,0.1115771529284462,0.0729898021358145,0.1456126344348876,0.011161569819607971,0.043134528392623536,0.012649948237301888,0.01927591300201623,0.12954782691338423,0.11887334591864897,0.058599160982908016,0.051592829865655755,0.00932012903214972,0.012824511089850863,0.11970866501626636,0.113892210232462
247,True,0.07805089576379683,0.011861405141927133,0.10011405930442006,0.32264277803658753,0.18148251042787236,0.03450789523024435,0.03450789523024435,0.03450789523024435,0.03420355505398356,0.743491291174446,0.0019598040306685327,0.0019121899359755279,0.9851987273584133,25.96240853242884,1959.8107604771706,0.011496712708970156,0.00648092680809335,0.4979960766017433,True,False,False,False,False,0.0,False,0.0,False,False,0,False,none,0.004080280981725082,0.20226241026233938,0.1156479043426565,0.07418093705495139,0.14942660015026712,0.010797355596285332,0.04414215945396004,0.0075416283335835044,0.017550041964504992,0.12453351872279493,0.12498660843054175,0.057835319852606724,0.06337136175713698,0.010866311471861073,0.011487638797758964,0.11723465388042958,0.1169498821490708
248,True,0.08012002841419037,0.01192048159663759,0.10285321068670795,0.3449760378661855,0.21892945351146667,0.0343079530441939,0.0343079530441939,0.0343079530441939,0.033987679385313316,0.743491291174446,0.0019598040306685327,0.012362952937141403,0.8102922994926858,8.816924128795618,573.7304653445813,0.008088932378941562,0.010184883650552581,0.06211629339657367,True,False,True,False,True,0.0,False,0.0,False,False,0,True,left-skating,0.0049351009947713464,0.20358599965036497,0.11976553755133593,0.07561077242231642,0.15368338165810647,0.011856094209624551,0.04687782947761832,0.007058003711095641,0.017662690656006876,0.12128047405130403,0.12917188756187475,0.058484537211162514,0.07937031300820205,0.011952058775761163,0.011009173243686683,0.11575989563315858,0.11879180580542684
249,True,0.08180958435677324,0.012512096219227551,0.10490874706928847,0.3623388323276953,0.2296354995078176,0.03423112397469712,0.03423112397469712,0.03423112397469712,0.03389869441454273,0.743491291174446,0.0019598040306685327,0.023719554738216075,0.5519246456591749,10.967331785739653,266.1902773290819,0.005804682509255045,0.007529004138976597,0.007735454928058831,False,False,False,False,False,0.0,False,0.0,False,False,0,False,none,0.002438109979266301,0.20476954612351117,0.12305363335995957,0.07635584978366346,0.1570671124979689,0.012707171347173248,0.04909518266477086,0.007954986990241693,0.01842830720941365,0.11922024934794007,0.1317661715272923,0.05832800801879642,0.0923918062927483,0.012729668920796657,0.01093542175645821,0.1146364784018759,0.11951375546576147
250,True,0.08314855474659728,0.01345803355976267,0.10637872847554215,0.3781687925669983,0.262659025512157,0.03419797939513506,0.03419797939513506,0.03419797939513506,0.033858666837897344,0.743491291174446,0.0019598040306685327,0.035977031033687545,0.5763032083954803,5.264414880591456,247.2984394313802,0.005537642854708841,0.009494505270442193,0.0026414226040043075,False,True,False,False,False,0.0,False,0.0,False,False,1,False,none,0.002439120988128707,0.206090912291657,0.12554498503359868,0.07604332099165936,0.16113463626331087,0.012941205001029243,0.05092763937343472,0.0098504013610148,0.019569157196625244,0.11750075683716384,0.1336367580680008,0.05839003554477576,0.10039490560460608,0.013538494899684903,0.010874080781725736,0.11349166362865623,0.12044792306861334
251,True,0.08427599100410699,0.015892636815097578,0.10707044240044344,0.3876605526986371,0.28652716465134354,0.034266189524107135,0.034266189524107135,0.034266189524107135,0.033912013142656815,0.743491291174446,0.0019598040306685327,0.05334423880670758,0.24066112477703008,11.00435805910585,380.1470645299881,0.003637853520520915,0.018367726349188956,0.000979923075207695,False,True,False,False,False,0.0,False,0.0,False,False,1,False,none,0.0008325670205522329,0.20661288122075358,0.12773077331862637,0.07650970658852257,0.16351269129413373,0.016725830144672306,0.050477029165181014,0.017239865523193516,0.0213621866934383,0.11747089683191636,0.1335682905151034,0.06061517641059791,0.09773462467530154,0.014609118340801657,0.010359376702956835,0.11186932357845827,0.1220180850620543
252,True,0.0851579532848017,0.018864189120903915,0.10725587467276763,0.39447784831021937,0.2590460471101618,0.03424958751691838,0.03424958751691838,0.03424958751691838,0.03388140107314033,0.743491291174446,0.0019598040306685327,0.06976634318267605,0.2566786957901646,4.943746973243061,248.27347142977268,0.004898827248534168,0.02057944829094983,0.007351108948553613,False,True,False,False,False,0.0,False,0.0,False,False,1,False,none,0.0008316659950651228,0.20680413092034336,0.13013218413222047,0.07569429463565665,0.16608700212493258,0.020962841585058047,0.04890805554309508,0.024889031941052697,0.024614988080044132,0.117403003387004,0.1336857166659251,0.06329037449778846,0.09046563600232116,0.01579819915594425,0.010154537306574589,0.1103129117916051,0.12332434478726152
253,True,0.08605574720017822,0.02158650833039579,0.10754549349010568,0.40146190848323293,0.2369076092814424,0.034236160204366,0.034236160204366,0.034236160204366,0.03385542503413199,0.743491291174446,0.0019598040306685327,0.08253455697493428,0.3020473670315927,2.6235518879278983,105.76213633966935,0.005324967988980597,0.008353637787699467,0.009686067319677019,False,False,False,False,False,0.0,False,0.0,False,False,1,False,none,0.0008300619956571609,0.206935417809224,0.1318280108437713,0.07476652209430902,0.16871949588733207,0.023367411238095395,0.04841768915917034,0.031055390987254204,0.02853259491662613,0.11703175840696188,0.13425585856081523,0.06709915022727077,0.08475499743193517,0.01682788625209609,0.009930161165606745,0.10907396533054953,0.12429564489183355
254,True,0.08689921088247722,0.023255993077572354,0.10811361681744551,0.40942015505801904,0.22288346857519392,0.03425451670134438,0.03425451670134438,0.03425451670134438,0.03386130129896416,0.743491291174446,0.0019598040306685327,0.08916561095297704,0.31897959919867197,1.8800272194201113,60.596338388655,0.004961271264087628,0.020724771540846794,0.008033576263532832,False,True,False,False,False,0.0,False,0.0,False,False,1,False,none,0.0008325070084538311,0.20707652233041213,0.13332193424836597,0.07462406358656792,0.17157073522378513,0.022218272430382727,0.050089171106842634,0.03507733782152478,0.03090615757251416,0.11654393865789849,0.13515408795065945,0.07181578826769403,0.08206360165763535,0.017371240030923222,0.009669236885327257,0.10812696401440013,0.1247583223347024
255,True,0.08768306526902686,0.024118776355966924,0.10887116157338016,0.41760746114324276,0.22037823408703,0.034245224022029,0.034245224022029,0.034245224022029,0.03383936739767893,0.743491291174446,0.0019598040306685327,0.09047238691684291,0.3150662786207673,1.897542964366179,38.14132703765811,0.004262703645399559,0.020175073844793643,0.005498829773767836,False,True,False,False,False,0.0,False,0.0,False,False,1,False,none,0.0008301420020870864,0.20721750011826892,0.13488573527128922,0.07512034769282423,0.17423894687422778,0.018809296225358596,0.05313894781596281,0.03774249881421466,0.03166859804345655,0.11617594420664545,0.13604044398063347,0.07672020047896515,0.08154024868076286,0.017575224305757368,0.00948878426043911,0.10774377281356147,0.1248225547220621
256,True,0.08826311440000491,0.02454178881489744,0.1095035562617074,0.4253016447227418,0.22717342709211086,0.03418104259663518,0.03418104259663518,0.03418104259663518,0.03376442877146597,0.743491291174446,0.0019598040306685327,0.08829875091809504,0.30096919600328226,1.7784106950208771,33.880337455029284,0.0037032795941137737,0.0018714240959908542,0.004481115123712416,True,True,False,False,False,0.0,False,0.0,False,False,1,False,none,0.000832798017654568,0.20735560188441707,0.13670770836443255,0.0756720888114304,0.17630646392306093,0.014389293448036564,0.05583716392129272,0.0397479441975781,0.031261829747451786,0.1158233124579333,0.13688765199031572,0.08024754711372055,0.08222893239184559,0.017666758106100553,0.009490623208459318,0.10794042094738181,0.12464648988662175
257,True,0.08862777331677985,0.02473292848784365,0.10992605492642522,0.4305107664493054,0.23425574544753286,0.034111922535864404,0.034111922535864404,0.034111922535864404,0.03368603187521476,0.743491291174446,0.0019598040306685327,0.086321857568872,0.292764794502153,1.2856294987317298,23.202986839162147,0.003547192931463254,0.004834435879553486,0.003981498121245689,True,True,False,False,False,0.0,False,0.0,False,False,1,False,none,0.0008311450073961169,0.20745668472082604,0.13844547600561108,0.07599623289763732,0.17728534175273805,0.011737875916960816,0.05700788893704763,0.04136379333753561,0.03022047944830347,0.1154810191886316,0.13767008027373534,0.08198976980623687,0.08344537575445882,0.017739660014913946,0.009607781150621565,0.10812613127155772,0.12447078259166126
258,True,0.08863280475000056,0.02425587455401736,0.11009178148199494,0.4286023482151267,0.23434283088921312,0.03405078380730394,0.03405078380730394,0.03405078380730394,0.033616145899887886,0.743491291174446,0.0019598040306685327,0.08570176504544125,0.2783218198847748,0.8877839577075188,31.41770136678206,0.0036443145057369264,0.004532726197309278,0.0033874377884777927,True,True,False,False,False,0.0,False,0.0,False,False,0,False,none,0.0008321570057887584,0.2074570322649966,0.13969049791815735,0.07605229607986232,0.17707822146902819,0.011817809660282737,0.0562904213667371,0.040410736642173414,0.029020968934278055,0.11514491544113213,0.13836203298598262,0.08238896704464847,0.08426518457311931,0.017868871170666847,0.009722921468951129,0.10815835116000001,0.1243956478199925
259,True,0.08851024348767744,0.02366083852655151,0.11012671180805277,0.42316370924527935,0.2286165882471965,0.03401171887057244,0.03401171887057244,0.03401171887057244,0.03357223114432737,0.743491291174446,0.0019598040306685327,0.08648600296515352,0.2609129049236092,1.0786098985470134,14.466529117926255,0.00369079582335678,0.0036748267466458376,0.0023568599368960805,True,True,False,False,False,0.0,False,0.0,False,False,0,False,none,0.0008312950085382909,0.20739417778643568,0.1404239741850773,0.07622215509574609,0.1764086419461801,0.01393866451303746,0.05385498356013775,0.03879522864429489,0.0280618465621836,0.11484698518510761,0.13897875527736392,0.08228968032412025,0.08464457476437721,0.018021046725619234,0.009765232174108324,0.10806942505786778,0.12444852400118196
260,True,0.088330360932825,0.02306655448580976,0.11008496308183006,0.41743302515166536,0.2237408886834823,0.03400572104234892,0.03400572104234892,0.03400572104234892,0.03356447322806231,0.743491291174446,0.0019598040306685327,0.08636860769520793,0.24736287230119414,1.028634616860661,11.424013293112557,0.0037441462646355165,0.00327766872801882,0.0013077504196771692,True,True,False,False,False,0.0,False,0.0,False,False,0,False,none,0.0008636559941805899,0.2073209500420438,0.14070345090657993,0.07650888327138852,0.17559198980995594,0.016438876741606302,0.051155890292524264,0.037456786982728266,0.027010410893132806,0.11473925810575708,0.13932908926530363,0.08212458973414569,0.08461577465031611,0.01804757660084739,0.009751443466530578,0.10806835232965241,0.12442245183268727
261,True,0.08812577457558224,0.022474521266793578,0.11000952567851181,0.4124598653943662,0.22170681446770987,0.034036510283395015,0.034036510283395015,0.034036510283395015,0.033594987164930375,0.743491291174446,0.0019598040306685327,0.08454925297933169,0.23860057854381625,0.9693661693157491,12.405196388454142,0.0037876564125414727,0.0034521798921113666,0.0012626532167225332,True,True,False,False,False,0.0,False,0.0,False,False,0,False,none,0.0008368849812541157,0.20726449037933511,0.14087519284877745,0.07667707378597745,0.17461246344268216,0.018277597356737504,0.04903725429764267,0.03643995272064424,0.025851559078955675,0.11480512399911365,0.13943436680494473,0.08220964552103782,0.0844823362108289,0.01791199794337558,0.009694575324198809,0.10821542016138286,0.12422334333368125
262,True,0.08785186729422667,0.021800485867254735,0.10986899443655067,0.40795281165320785,0.2207811353898768,0.0340875140330915,0.0340875140330915,0.0340875140330915,0.033647874966300326,0.743491291174446,0.0019598040306685327,0.08128858055901089,0.2237059072995695,0.9865408092463029,15.134427421499291,0.0036793235387584705,0.003829820379336731,0.0021986568718491166,True,True,False,False,False,0.0,False,0.0,False,False,0,False,none,0.0008329990087077022,0.20722271322513514,0.14114528003209462,0.07668271431301676,0.17356243893028836,0.01896089830541824,0.04726596797216491,0.03490332521556463,0.025005670062267525,0.11495802804927022,0.1393981819253386,0.08277666974640069,0.08410669625588783,0.017652944322023016,0.009640003869163779,0.10847760568430427,0.12387073879928832
263,True,0.08753534281244754,0.020689820674500262,0.10981718352509662,0.40336054695896084,0.22257632940783337,0.03413456462812251,0.03413456462812251,0.03413456462812251,0.03369679242890254,0.743491291174446,0.0019598040306685327,0.07658546150872203,0.1911477347352324,1.3680340694561335,25.576479443880793,0.003103583191251114,0.0043319467642444764,0.00256525660760273,True,True,False,False,False,0.0,False,0.0,False,False,0,False,none,0.0008249320089817047,0.20718822262194775,0.14138848098286108,0.07668210639307264,0.17273544633133767,0.01912982996730101,0.046405292032127565,0.031390456206384434,0.024442976536477243,0.11498507643874271,0.1394934224469435,0.08360572491703476,0.083940309337203,0.01731176728230456,0.00961408267283481,0.10885318244263402,0.12339910838995372
264,True,0.08722315166410588,0.01936905313362525,0.10984118450759943,0.3993316095498675,0.2259494461491603,0.03416555232532257,0.03416555232532257,0.03416555232532257,0.033729583518498765,0.743491291174446,0.0019598040306685327,0.07118026104134033,0.1533455590480211,1.7206738535290782,16.09501804482489,0.00224453736177757,0.004621047324341297,0.0025144332717042246,True,True,False,False,False,0.0,False,0.0,False,False,0,False,none,0.0008279090106952935,0.20714097840479287,0.14153641231444591,0.07674552954214771,0.17183737483339917,0.018875236287131624,0.04638155799460898,0.02685778157124123,0.024038388806081293,0.1147992275714359,0.13983100292116502,0.08433323268700395,0.08445361451801268,0.0169458078683368,0.009634234288841675,0.10927767776564141,0.12288236925140798
265,True,0.08700275319722245,0.018064706690012436,0.10998210203295915,0.39609729672791316,0.23062812628537466,0.03418453358453079,0.03418453358453079,0.03418453358453079,0.03374937182490337,0.743491291174446,0.0019598040306685327,0.06628456162181484,0.12616785933421584,1.7962661242519828,9.963938695092352,0.0014620615722973857,0.004547032449944798,0.0029507377371626635,True,True,False,False,False,0.0,False,0.0,False,False,1,False,none,0.0008276379958260804,0.20709975443226777,0.14179241211297086,0.07691957689163197,0.17070574939429448,0.018671408312907593,0.046866717774807706,0.0221259880973944,0.023809413125260543,0.1144639958458764,0.14035214402484864,0.08498383239088268,0.08589447157201527,0.016634448498435633,0.009688977038959174,0.10964009996019086,0.1223950616828153
266,True,0.08688043240227653,0.017587256519370723,0.10997815769657847,0.39429176539062544,0.23250391786317245,0.034148734714970465,0.034148734714970465,0.034148734714970465,0.03371835445074403,0.743491291174446,0.0019598040306685327,0.06816283830161662,0.208493773426735,3.2981580773749903,78.1646227543857,0.0017055798585097542,0.005914027598949895,0.0034224927650471173,True,True,False,False,False,0.0,False,0.0,False,False,1,False,none,0.0016366310010198504,0.206986662850588,0.14171213602211014,0.0770982181613385,0.16788513612071287,0.018810093936300412,0.04656624449262215,0.019160216579439008,0.024698577625405043,0.1136842001645692,0.14146351299667992,0.08534652656896609,0.08821769201405628,0.016821277585571927,0.00966895428706691,0.10942081558352282,0.12254665344747499
267,True,0.08681684795730824,0.017401414576403405,0.10995532575094318,0.3929238570715724,0.23477609387160903,0.03412140894425488,0.03412140894425488,0.03412140894425488,0.03369117594658468,0.743491291174446,0.0019598040306685327,0.07001422932017287,0.19782095769934752,2.5628485006071977,113.38518564901084,0.0017743829054065277,0.004246709209769793,0.0025617049108189404,True,True,False,False,False,0.0,False,0.0,False,False,1,False,none,0.0016433830023743212,0.20689670763512888,0.1417496333635039,0.07722279648554516,0.16514456330541588,0.018908973480009493,0.04639968634646052,0.01804243644178139,0.024867383014907807,0.11283696706476729,0.1425836261584229,0.08528334456674662,0.09062754776288372,0.017005905426652385,0.009689933422272038,0.10917667557341941,0.1226333872690144
268,True,0.08675752327926127,0.01747203366314317,0.10985268648463396,0.3933377862232199,0.23650049675133658,0.03409396468439578,0.03409396468439578,0.03409396468439578,0.03366408726416544,0.743491291174446,0.0019598040306685327,0.07322069191105318,0.20089277017557486,1.5069338454327084,34.833076598524976,0.002131968490832103,0.003091513149218494,0.001917550760288676,True,True,False,False,False,0.0,False,0.0,False,False,1,False,none,0.001664924988290295,0.20682634926053353,0.1418591787756576,0.07736569881398246,0.16254188087624216,0.019047526888514858,0.04569975705832848,0.01794032657844851,0.02497228595340809,0.11202426708109257,0.14360682207306158,0.08489855610168313,0.09274042515321398,0.01728850004436743,0.009687022076348648,0.10880835565915495,0.12281342007414228
269,True,0.08670461115655725,0.017674244739010466,0.1097147332957395,0.39372247248774594,0.23412110728514807,0.034062248526773274,0.034062248526773274,0.034062248526773274,0.03363292844596389,0.743491291174446,0.0019598040306685327,0.07745292847985284,0.20439746081681998,1.218622450941687,14.046608689140793,0.002554839163536737,0.0017342108387441017,0.0013209984048228901,True,True,False,False,False,0.0,False,0.0,False,False,1,False,none,0.0016514699964318424,0.20677587931239771,0.14204037490634513,0.07762404820893759,0.16024117391100956,0.019219263514449574,0.04450529345177274,0.01831184885420784,0.025051131514118485,0.11134324469649978,0.14445710289438962,0.08456912547676515,0.09440431354909001,0.017662467546249006,0.009671531041466537,0.10833435470650686,0.12306262492071024
270,True,0.08685781224355342,0.01876524215415055,0.10955533560668769,0.3943234666916129,0.22574088840574427,0.03400727557816483,0.03400727557816483,0.03400727557816483,0.03357750575505065,0.743491291174446,0.0019598040306685327,0.08791151882703764,0.25867641298215455,2.0606127085259835,45.8089315277446,0.003335483708476132,0.0012206640736016515,0.002200600329276563,True,True,False,False,False,0.0,False,0.0,False,False,1,False,none,0.0024542000028304756,0.2067182597172716,0.14220214823140667,0.07797877719028705,0.1577627373127894,0.020974109384278152,0.041750504278590485,0.021254242187229985,0.02565011636202636,0.11055179559680137,0.1454361309725753,0.08440994145441774,0.09586722203741066,0.01854165479556272,0.009614955271783146,0.10724774440748139,0.12376465669694253
271,True,0.0869160880417879,0.01942745380180287,0.10941229945511623,0.39476262632662873,0.21497360608143784,0.03394792193162883,0.03394792193162883,0.03394792193162883,0.033518938869445514,0.743491291174446,0.0019598040306685327,0.09604089023208684,0.2168252084654705,2.1172091149368133,98.04956484337585,0.003409068314625137,0.0026085791074691705,0.003092487446134585,True,True,False,False,False,0.0,False,0.0,False,False,1,False,none,0.002458358008880168,0.20670228440158434,0.14243874465690656,0.07812368817233972,0.15625187314254596,0.022384681098362152,0.03883320633148962,0.022670721426157607,0.02609657478096104,0.10999002456665015,0.1461476730308385,0.08467084153420901,0.09683625585207967,0.01930363709218255,0.009638881907910294,0.10633941739635998,0.12422890327802921
272,True,0.08693899801883752,0.019924439706025334,0.10927718412310826,0.3950488278249351,0.20253475691588654,0.033883687048868405,0.033883687048868405,0.033883687048868405,0.03345578288485281,0.743491291174446,0.0019598040306685327,0.10255242651225659,0.19755764520329036,1.7292833574600381,17.682610697336848,0.0036299754343316177,0.003169968205457926,0.003398025916980503,True,True,False,False,False,0.0,False,0.0,False,False,1,False,none,0.0024714330211281776,0.20670329151030822,0.1426450405797357,0.07819399328966474,0.15531600878931362,0.02350507370801866,0.03600840016904163,0.023504608125977447,0.02649663467194206,0.10962433431882838,0.1466205650133742,0.08510867008777301,0.09753719221501854,0.019988574537227095,0.009707941488954732,0.10554199022267041,0.1245216495735519
273,True,0.08698399768340283,0.020495142305284732,0.10914694947610885,0.3953459940678099,0.19794114489632988,0.03381480591520777,0.03381480591520777,0.03381480591520777,0.0333872002878907,0.743491291174446,0.0019598040306685327,0.1085483844320323,0.21102572947828377,1.6481205006944242,24.510658746645795,0.003978214422512441,0.004465900758048314,0.004150642565510868,True,True,False,False,False,0.0,False,0.0,False,False,1,False,none,0.0032469620055053383,0.20670199192112235,0.14277187917245923,0.07832844165537228,0.1546998039372479,0.024490215220635308,0.033434999556237355,0.024670233625034673,0.026819056435252047,0.10943080969724456,0.14686173463710905,0.0854616185699488,0.0980941530049889,0.020672656190543034,0.009818622970309176,0.10476027948283662,0.12472746685810406
274,True,0.08700869314074731,0.020843929418071307,0.10906361438163932,0.3964420403767838,0.20476068719155013,0.03375304929692507,0.03375304929692507,0.03375304929692507,0.033326609320858895,0.743491291174446,0.0019598040306685327,0.11213150262453088,0.21284275216838677,2.0108494932456193,31.773076755208493,0.004071604674550992,0.004984271339000583,0.004210077763484334,True,True,False,False,False,0.0,False,0.0,False,False,1,False,none,0.004076313023688272,0.20671632868266193,0.14291862246747453,0.07834165245757667,0.15480205492435403,0.024946240697189676,0.0313309076924931,0.0251613651624005,0.02708428338066715,0.10948146950380892,0.14679634399694955,0.08593611800408349,0.09858935963314433,0.021190413923603192,0.009939655205614389,0.10418310594113488,0.1247211685788008
275,True,0.08703161910148081,0.02084718803620848,0.10909309612323825,0.39851211071590176,0.2067397318881218,0.03372440705858286,0.03372440705858286,0.03372440705858286,0.03329936785326214,0.743491291174446,0.0019598040306685327,0.11168899426881995,0.27088562473804195,3.686745599071943,56.49230196566119,0.004282468127830192,0.00667423295905158,0.0051599354643428255,True,True,False,False,False,0.0,False,0.0,False,False,1,False,none,0.009424275980563834,0.20678100759696397,0.14312602967153387,0.0780205598996754,0.15622969684203752,0.024193388070790484,0.03064754094668504,0.025027447096229383,0.02690244200346701,0.10998994882282677,0.14616357694323967,0.08668187943327624,0.09894470266121382,0.021397877713167417,0.0100609853319701,0.10396755678669758,0.12437126580391861
276,True,0.08702784634326347,0.02056919173845925,0.10918073121153155,0.40031327421564705,0.20549070373175524,0.03369461536251704,0.03369461536251704,0.03369461536251704,0.033270431161008675,0.743491291174446,0.0019598040306685327,0.10884970562748597,0.24743965221816763,1.8283148598314907,119.92346714819126,0.004070553457572497,0.005512732085866358,0.004625176437207247,True,True,False,False,False,0.0,False,0.0,False,False,1,False,none,0.008122579980408773,0.20684573216747873,0.14325551017362204,0.07763490705055388,0.15778816946769433,0.023160457745934553,0.030544187511841816,0.02420211839141676,0.02646073700207991,0.11066691460532396,0.14537935430369117,0.0876541574809494,0.09941338595842787,0.021422244425176835,0.01019166713516349,0.10396527956914799,0.12386071850371275
277,True,0.08703643507045576,0.020380148841884407,0.10925519714664621,0.4009233175468818,0.2019252638171925,0.03365156630166944,0.03365156630166944,0.03365156630166944,0.03322781285821715,0.743491291174446,0.0019598040306685327,0.1070283363729001,0.19815861303597085,1.8473985859267348,57.3135562561106,0.003778886072889393,0.0050837565632481495,0.004792363776546562,True,True,False,False,False,0.0,False,0.0,False,False,0,False,none,0.005723984999349341,0.20689544481560201,0.1433367155258067,0.07744346587708786,0.15886364357207192,0.02247315964028799,0.030075587468365094,0.02343146006794423,0.02620553837815048,0.11121659203145731,0.14476969332115808,0.08872519428037944,0.09998197751302938,0.02154473684301457,0.01033886007842834,0.1038479352721117,0.12343295644239713
278,True,0.08710990303712456,0.020901351669995245,0.109179420159501,0.4025284167570832,0.20192828395697576,0.03361386779853156,0.03361386779853156,0.03361386779853156,0.03319771855974532,0.743491291174446,0.0019598040306685327,0.10996365158219179,0.06961800986910911,4.331106208114747,89.49194983122581,0.002983609713493116,0.0036289737490055305,0.004185848445356626,True,True,False,False,False,0.0,False,0.0,False,False,0,False,none,0.0008250030223280191,0.2069344803722668,0.1435514723589797,0.07752097837362731,0.1587600001435558,0.022267192227591524,0.02825097728537288,0.021923458805860066,0.029304040062495592,0.11112689290606437,0.14488098463110866,0.08955523139839955,0.10067090139143517,0.02199680678263818,0.010381101028987129,0.10323105286399066,0.1234028779616197
279,True,0.08721807589881202,0.021547757672395286,0.10910818197428428,0.40240047536207396,0.19763644091646815,0.03355653155615293,0.03355653155615293,0.03355653155615293,0.03314425649460781,0.743491291174446,0.0019598040306685327,0.11303875328949409,0.09481704556211239,0.806603708725439,146.57062940552024,0.003325803893359494,0.00486347311316293,0.005454663140506301,True,True,False,False,False,0.0,False,0.0,False,False,0,False,none,0.0008285499934572726,0.2069686932482777,0.143651997126178,0.0776946682555796,0.158785560526902,0.022174283403353034,0.026695502536820712,0.021656185724836644,0.031463905151682764,0.11103029771161213,0.14502070424940838,0.09034284266899857,0.10114863726304267,0.02258985801619194,0.010481081796869803,0.10250922644782731,0.12327577025341117
280,True,0.08709377677447765,0.020679446764078107,0.10923188677794417,0.39903792047615044,0.1867119124519414,0.03352146748609984,0.03352146748609984,0.03352146748609984,0.03310047026171579,0.743491291174446,0.0019598040306685327,0.10786718056915268,0.29182763992331323,6.651823586079561,183.38060310555235,0.004477461342043037,0.008836837407938048,0.009222752916025388,True,True,False,False,False,0.0,False,0.0,False,False,0,False,none,0.0048711299896240234,0.20699932713824068,0.14325230322048457,0.07761474397041411,0.16054686418377204,0.021592999502353213,0.027291126584767414,0.022644308806558433,0.026712850423123786,0.11181132430946372,0.14417882252809164,0.09162722198685455,0.10082643329134466,0.022594157523374833,0.010766470303255381,0.10264217988720001,0.12239929473234351
281,True,0.08727273029843144,0.02171273376184637,0.10912606247729313,0.3995868361414263,0.18123977488048992,0.03348056555338102,0.03348056555338102,0.03348056555338102,0.033065617170910035,0.743491291174446,0.0019598040306685327,0.11192227480193195,0.06283981118594474,7.185818876596282,412.9873272872734,0.0032954901136070924,0.004930744150295309,0.005821833752223183,True,True,False,False,False,0.0,False,0.0,False,False,0,False,none,0.0008589980134274811,0.2070394265555859,0.1434191490135241,0.07777404785071286,0.16066275731344526,0.02155152565620708,0.026009427317530025,0.0227848923432092,0.02991275577250501,0.11156378345729454,0.14446973717931832,0.09237380728561247,0.10062234528390408,0.023277680927171977,0.01087560600449928,0.10175246618505708,0.1222742766293259
282,True,0.0873971533297494,0.022558767156684683,0.10900994872077097,0.3999021054255692,0.17691095081497385,0.0334517231060413,0.0334517231060413,0.0334517231060413,0.03303908957731978,0.743491291174446,0.0019598040306685327,0.11509458494300673,0.07852289948931873,0.5748933366228826,224.91853377520738,0.0034266619183022772,0.00597591558123907,0.00704777045540476,True,True,False,False,False,0.0,False,0.0,False,False,0,False,none,0.0008444399863947183,0.20707091209199652,0.1434946886705855,0.07798121383560051,0.16075724553740497,0.02155783631835458,0.025048059924008576,0.023638032375657043,0.0316082551078659,0.11139766739068238,0.14467245647982313,0.09309908213790051,0.10015841397764412,0.023995359891569163,0.01099342125164662,0.10087736938185804,0.12200443890339259
283,True,0.08750866829509223,0.023258397562465075,0.10892542520596794,0.40034602189717816,0.1774624045077728,0.03343423933619573,0.03343423933619573,0.03343423933619573,0.03302088608265165,0.743491291174446,0.0019598040306685327,0.11777015566972905,0.08219046173621446,0.5513879833944728,18.43416516709596,0.0035100508807748183,0.006198261507163393,0.007472184869439831,True,True,False,False,False,0.0,False,0.0,False,False,0,False,none,0.0008276979788206518,0.20709570852743175,0.14349644522539598,0.07815879246629194,0.16078357109995917,0.022005806039621913,0.024344222874363025,0.024998074645158994,0.0321647082232847,0.11128591445554997,0.1448147143838916,0.09382386971317465,0.09968647674712712,0.024733804419447385,0.0111370029619692,0.09998942993355081,0.12162015100525757
284,True,0.08761941272023796,0.023818066341315062,0.10888652817987891,0.4008106065275558,0.18120256743848379,0.03342845423569603,0.03342845423569603,0.03342845423569603,0.03301222522104722,0.743491291174446,0.0019598040306685327,0.11993956184734911,0.08467464598158668,0.7264424556234055,9.441856058034212,0.0035773007928789386,0.006080948162546892,0.007875068017592766,True,True,False,False,False,0.0,False,0.0,False,False,0,False,none,0.000834481994388625,0.2071145023383588,0.14341660615435448,0.07828163355399231,0.16067615162920426,0.022913159482935267,0.02397608177638141,0.026489105680642007,0.03199873851846184,0.1112350757738095,0.14489105800655053,0.0945578742099261,0.09932948884766848,0.025473115909670767,0.011311305256485629,0.09910721722306082,0.1211394891623048
285,True,0.08728930715654704,0.02234914422403371,0.10893602813405147,0.4004668370515172,0.18360988628956706,0.0334886820570729,0.0334886820570729,0.0334886820570729,0.033072604628407484,0.743491291174446,0.0019598040306685327,0.11474590714271593,0.23667763749486523,5.055348272324273,143.73721321863874,0.003744501704959793,0.01110484766508889,0.011842996585050627,True,True,True,True,True,0.0,False,0.0,False,False,0,True,left-skating+right-skating,0.004719853022834286,0.2071058904098489,0.14269290426044715,0.07802724658512084,0.16168567667544836,0.021948974981559507,0.02589730659146639,0.024406409593809866,0.028042702486388293,0.1120273222700681,0.1440306817929713,0.09568289758840727,0.09865772112793933,0.025431485737411934,0.011515979078524755,0.09922966568860957,0.12024604963673105
286,True,0.08751351897103285,0.02308264728240761,0.10899047620057462,0.401870965528424,0.1935851149702283,0.03348648982055975,0.03348648982055975,0.03348648982055975,0.03306450841602681,0.743491291174446,0.0019598040306685327,0.11644676803287603,0.06686392624440082,5.528981572111016,314.9533544908532,0.004104200864896438,0.004537148009227256,0.006390320393803753,True,True,False,False,False,0.0,False,0.0,False,False,0,False,none,0.0008422450046055019,0.2071535222707397,0.14280616823443115,0.07808176235289414,0.16173079060706966,0.023347053147791102,0.025847122281052584,0.02651359494496433,0.027858113257845495,0.1118813709142406,0.14420825741539878,0.09626434862445546,0.0985181220214085,0.026126222875530767,0.011832658051289847,0.09834696161418287,0.11970023492323091
287,True,0.08767626844850163,0.0236274795002328,0.1090258647645912,0.40307705272984723,0.20401173223479907,0.0335072446850509,0.0335072446850509,0.0335072446850509,0.033081692328771804,0.743491291174446,0.0019598040306685327,0.1184584287430448,0.0865440818688259,0.7782334815351624,171.63863000414497,0.004294425511509041,0.00581197713469146,0.00800478702275149,True,True,False,False,False,0.0,False,0.0,False,False,0,False,none,0.0008616730046924204,0.2071965918394668,0.1428748208785773,0.07818309352099236,0.16175297516906623,0.024360209220793225,0.025969678610389162,0.02799633360987299,0.027441862170117244,0.1117644273389891,0.1443571643341828,0.0968894168346623,0.09850014928925536,0.026950364751382384,0.012121357469558582,0.09735228943377983,0.11910956070494017
288,True,0.08781836165316993,0.02409974932556985,0.10905789909570329,0.40375251277243884,0.21239999713577037,0.03353367449667385,0.03353367449667385,0.03353367449667385,0.033105442696104735,0.743491291174446,0.0019598040306685327,0.12048848931126965,0.09955897443580394,0.5237639955475065,10.039467055314455,0.004451898583239993,0.006499220118004736,0.008906353837708108,True,True,False,False,False,0.0,False,0.0,False,False,0,False,none,0.0008312250138260424,0.2072316200456518,0.14291749746547922,0.0783411619362785,0.16168377983413765,0.025320273489937904,0.026222303256530768,0.029054207196684383,0.027061292983123708,0.11167908976746992,0.14446659198082354,0.09763983085010448,0.0984226612214798,0.027834264588926096,0.012449232533545218,0.09630461880381609,0.11846536049672994
289,True,0.08796639123432773,0.024579889228360623,0.10909522523631678,0.40401201811923504,0.21855090314915035,0.033565998846982414,0.033565998846982414,0.033565998846982414,0.03313523196078078,0.743491291174446,0.0019598040306685327,0.12260630766753544,0.1092031875831105,0.432044652030401,5.2389402081264045,0.004698774949556773,0.0071501303015577816,0.009747127314472297,True,True,False,False,False,0.0,False,0.0,False,False,0,False,none,0.0008350530115421861,0.20725869607695546,0.1429832837589226,0.07851978016693124,0.1615023396629496,0.026353393766256047,0.026612670940014755,0.029927619960737107,0.02676551770203851,0.11155398956675397,0.14460927562759016,0.0983966215024544,0.09841510016767888,0.028784844868604605,0.012841574382062262,0.09518087588672587,0.11775667571256832
290,True,0.08812448073614855,0.025136739244796594,0.10912039456659918,0.40382082362146643,0.22219669956776894,0.0336019113776286,0.0336019113776286,0.0336019113776286,0.03316896718269441,0.743491291174446,0.0019598040306685327,0.12503722436486409,0.11745469629018396,0.3944262252209222,3.7948989173796766,0.005113118606861264,0.007934394114771587,0.010842705960405293,True,True,False,True,True,0.0,False,0.0,False,False,0,True,right-skating,0.0008369959832634777,0.2072807851498156,0.14307441062665532,0.07871917945529709,0.1612275749940271,0.02732384608165224,0.02705280574519359,0.030719440176384578,0.026651470889927666,0.11135127746080752,0.14482849277476484,0.09912216116608309,0.09858291351797532,0.029856412210218605,0.013319633702655528,0.0939148143576288,0.11696647346928976
291,True,0.08833713574261723,0.025919347549451528,0.10914306514033913,0.40368518784023033,0.22453999756359905,0.03363640583941484,0.03363640583941484,0.03363640583941484,0.03320150862103341,0.743491291174446,0.0019598040306685327,0.12809171762087512,0.1264146113629034,0.3609359424099378,3.4856685331743678,0.005538470361928265,0.008690492047103088,0.011612498056756092,True,True,False,True,True,0.0,False,0.0,False,False,0,True,right-skating,0.0008372370211873204,0.2072975920596037,0.14319506539883806,0.07905602305121344,0.1609262654170317,0.028342291131564962,0.02743988112887048,0.03176758709914719,0.026887661165314446,0.11110587572349986,0.14509610553292054,0.09996915135824647,0.09879017021700758,0.031117597140458794,0.013904544792885677,0.09243825995306895,0.1160601007122039
292,True,0.08860955901918752,0.02692923561575038,0.1091696668203332,0.40388939473844415,0.2278779441664273,0.03366918197699104,0.03366918197699104,0.03366918197699104,0.03323226750643205,0.743491291174446,0.0019598040306685327,0.1319948578868837,0.13357472916932403,0.3213261400662098,4.0580897364101665,0.00594426200419909,0.00976325746387704,0.01210307971456315,True,True,False,True,True,0.0,False,0.0,False,False,0,True,right-skating,0.0008596080006100237,0.20731050321755395,0.1433017336198261,0.07951049912150845,0.16056873308205694,0.029516435288699985,0.02785973722356193,0.03301678610599465,0.02745779875492213,0.11084538330373804,0.14538281185121213,0.10102027178290375,0.0989829366935514,0.03262759802428275,0.014614759577801995,0.09069312074365105,0.11504383591573497
293,True,0.08886889575998601,0.028054660404485086,0.10914030754515297,0.4042508346426876,0.2320934874102659,0.03369759329561145,0.03369759329561145,0.03369759329561145,0.03325930941661946,0.743491291174446,0.0019598040306685327,0.13647187820329476,0.1357656303640826,0.327590502963514,7.768673471827904,0.006368976769357715,0.011055930743939258,0.013343660568420335,True,True,True,True,True,0.0,False,0.0,False,False,0,True,left-skating+right-skating,0.0008287399832624942,0.2072906908908334,0.14329469585975227,0.07977858579438633,0.16003876758118007,0.0308022636003084,0.028259294550310347,0.034089251811571054,0.028317269307040385,0.11057876772464421,0.14567512901060123,0.10214992178443398,0.09917506457045355,0.034355206276100676,0.015456914223228233,0.08871893051870984,0.11392157865622202
294,True,0.08905665639011662,0.02950018749483305,0.10890881268854447,0.40385584673636,0.23578536809406964,0.033723666364645834,0.033723666364645834,0.033723666364645834,0.03328662677901159,0.743491291174446,0.0019598040306685327,0.14204597030211305,0.14090519972016463,0.4403047357314182,9.095242130222017,0.0067502539886531,0.012295597996913616,0.014851835740752927,True,True,True,True,True,0.0,False,0.0,False,False,0,True,left-skating+right-skating,0.000831715005915612,0.20723843625543062,0.14304068418781726,0.07973692450715436,0.15919335291343076,0.032106627934669243,0.0284364055775074,0.035702563306099146,0.029451681426995998,0.1103594481516044,0.14587390160176433,0.10331423286323384,0.09861540485613512,0.03638572630988608,0.01646077893635098,0.08640928481248429,0.11258104860130203
295,True,0.08896544070766682,0.031204920100228996,0.10821894757681277,0.40072853919976514,0.24067449436398308,0.03373355565657665,0.03373355565657665,0.03373355565657665,0.033306334529102845,0.743491291174446,0.0019598040306685327,0.14869454302936402,0.14965798373396627,1.0118879169456243,23.134740600658485,0.007455889403682115,0.01537747587977301,0.01819841072621654,True,False,True,False,True,0.0,False,0.0,False,False,0,True,left-skating,0.000830294011393562,0.20708290850283664,0.14254157883100485,0.07928773717075625,0.1577231093768935,0.033120735612679315,0.028048292139561514,0.03719080118326768,0.031195922471817815,0.11004677002297004,0.14603221099128713,0.10389046324162081,0.09627687430412157,0.03876036265584826,0.017672594089982223,0.08370118328902235,0.1108755074389991
296,True,0.0884720124916376,0.03361385779263524,0.10675806405797174,0.39353926174951664,0.2626266997375811,0.03369820417016222,0.03369820417016222,0.03369820417016222,0.03329435990944483,0.743491291174446,0.0019598040306685327,0.157978299764707,0.18339078793290273,2.05503231237564,32.83582924800795,0.009204019653475082,0.021767662770207467,0.021831839993573736,True,False,True,False,True,0.0,False,0.0,False,False,0,True,left-skating,0.0008608310017734766,0.20670579360946928,0.1415390251448483,0.07819166266264851,0.15472868518283014,0.03425058157796957,0.026772873314325794,0.039379548075565214,0.033863577832715146,0.1095993541166616,0.14599520827532125,0.10317620649486506,0.0915837373743929,0.041947443811388804,0.01926486145087179,0.08007324489461067,0.10848039604771784
297,True,0.08758602935926152,0.037152792137116857,0.10439710843330974,0.38287791150015066,0.2933202199690334,0.03363490502993245,0.03363490502993245,0.03363490502993245,0.03327607061365349,0.743491291174446,0.0019598040306685327,0.17138888296027166,0.27072954954101475,3.8013308802913084,62.149453329918785,0.010956240840098714,0.02946823848437921,0.06264154061914418,True,False,True,False,True,0.0,False,0.0,False,False,0,True,left-skating,0.0008293619903270155,0.20600348436114183,0.13946127402885214,0.07598249702897397,0.14902562684623719,0.036085347516249026,0.025700996186621354,0.042908390874666684,0.038213255755776755,0.10943550134287475,0.14507730477386493,0.10190202287039264,0.08432778568743676,0.04630292160606241,0.021186600311961578,0.0751823501268643,0.10458111043020805
298,True,0.0864216503006009,0.04111136850901361,0.10152507756446331,0.3706226761707758,0.3055591052823323,0.033521753194850436,0.033521753194850436,0.033521753194850436,0.03321598753405429,0.743491291174446,0.0019598040306685327,0.1846606230425085,0.441284576970842,5.997651170069069,72.76155054060726,0.012597998582180598,0.03716020886414602,0.10639542232930249,False,False,False,False,False,0.0,False,0.0,False,False,1,False,none,0.0008223880140576512,0.2050216262469713,0.13641794909019272,0.07283784928063994,0.14149798160516486,0.038362288325861284,0.026359268553038093,0.04685259205343489,0.043450919273115264,0.10977431651837546,0.1429926378963072,0.10024655102223602,0.07513368078428166,0.0511198023948142,0.023022160314690104,0.06996824006305102,0.09968854138744028
299,True,0.084954671510701,0.04478870283107757,0.09834332773724215,0.35882625301942034,0.3021326621495542,0.0333511487219377,0.0333511487219377,0.0333511487219377,0.03309561640837258,0.743491291174446,0.0019598040306685327,0.19633308823464812,0.6768536994480285,8.03272535757468,80.12750123026373,0.01472336637471056,0.04606229934781815,0.23030776596033262,False,False,False,False,False,0.0,False,0.0,False,False,2,False,none,0.0008289309917017817,0.20375594940539463,0.1319836734246475,0.06846886252659312,0.13245990747566075,0.03979563598381726,0.029389329593903734,0.049827935652211774,0.04947040472605597,0.11089411406568743,0.13926146965725442,0.09870152341459355,0.06528370764645965,0.056086716227482084,0.02376975471856045,0.06499892308760925,0.09512683656528433
300,True,0.08189926483216305,0.04413335517116003,0.0944879013858307,0.33748111774866896,0.2647866177293226,0.03197836008449114,0.03197836008449114,0.03197836008449114,0.031776304818603406,0.743491291174446,0.0019598040306685327,0.18030946982670493,0.796845338141059,13.785347922693367,480.9058006282136,0.018400089609580974,0.03679244336295487,0.579859846414633,False,False,False,False,False,0.0,False,0.0,False,False,2,False,none,0.0008235999848693609,0.2005632490076094,0.1197357498570857,0.06706034776612346,0.11187359770085173,0.030869634314608808,0.0365457512956453,0.047847378897193545,0.049356599911835115,0.11551827826685931,0.13343950093645504,0.10143084287254481,0.05329624895810049,0.05482548632536322,0.02450395555024822,0.06740634509995441,0.09611527055412994
301,True,0.07889387218183645,0.03740204158254915,0.0927244823815989,0.3169093085347926,0.2384838976671918,0.033200857828204235,0.033200857828204235,0.033200857828204235,0.03296117563595404,0.743491291174446,0.0019598040306685327,0.14442078354031995,1.5924749279537653,27.874907037300666,673.41510625215,0.0251973438326323,0.06536135364741255,1.143589568785314,False,False,False,False,False,0.0,False,0.0,False,False,2,False,none,0.0016258099931292236,0.1961093240772907,0.11187048607888543,0.06717237588471114,0.10142362389498348,0.025214280890994263,0.03713920899210484,0.04041574588830768,0.043415334211237444,0.12330011493622285,0.12452898792510711,0.11158797724445242,0.033795549659335816,0.0480956381903472,0.01768144804030427,0.07575785431211474,0.10479400468298383
302,True,0.07918382205773689,0.03691741624281028,0.09327262399604576,0.30875547915539986,0.2442452161355819,0.03177376396413224,0.03177376396413224,0.03177376396413224,0.03154455537283131,0.743491291174446,0.0019598040306685327,0.1207502688205222,0.7411986206551923,30.640012464488407,1698.2210852168255,0.026232596248795082,0.016728177842315846,1.5686926053030092,False,False,False,False,False,0.0,False,0.0,False,False,2,False,none,0.0008260949980467558,0.19426671291397912,0.1087051624088909,0.07080123756259,0.0960065490339466,0.02023006139412767,0.04361900564863189,0.03587360308610666,0.04490757049130704,0.12679968136331288,0.12069321021878218,0.11665715843904238,0.029658236063648324,0.043642091226868636,0.02324640016695878,0.08123682415696584,0.11059764874863139
303,True,0.07980534330287198,0.03351653470997256,0.09523494616717178,0.30527495343468714,0.24511496089369467,0.031428717920290256,0.031428717920290256,0.031428717920290256,0.031186570032381348,0.743491291174446,0.0019598040306685327,0.08848102641710698,0.7864539787733478,8.034953495044666,800.8672944691579,0.032812975039271504,0.020372778839717092,2.124181999996667,False,False,False,False,False,0.0,False,0.0,False,False,2,False,none,0.0008315750164911151,0.19321545584713187,0.10710812875984074,0.07530021256383627,0.09469316962304405,0.020888212447441986,0.046622133541910485,0.031414849505801604,0.042079822129732214,0.12935756404915175,0.11789031909496503,0.11982067938686215,0.03132666403133023,0.0360194053156142,0.024552061888742243,0.09009919717262993,0.11649761748791691
304,True,0.07728927455761081,0.022687161340425734,0.09548997896333918,0.303626644571138,0.2164359578590559,0.03355749430463539,0.03355749430463539,0.03355749430463539,0.03318178592357062,0.743491291174446,0.0019598040306685327,0.0631989292930848,1.4049948798286278,24.383138298342192,706.4511064168229,0.043709456677242395,0.0774442803145349,2.6756197262927643,False,False,False,False,False,0.0,False,0.0,False,False,1,False,none,0.0024784060078673065,0.19242620619995682,0.10417508539656611,0.06569658716347553,0.1111309424397405,0.024141364006883936,0.028093002756310763,0.021403134517559624,0.024510564086240853,0.13162541066988898,0.11478822769473533,0.12233065297260978,0.035977639131376964,0.030321504763075494,0.014513441994826964,0.09536776765260173,0.1201268614759236
305,True,0.0780199418159569,0.01869107102903226,0.09779623207826511,0.31103507731746827,0.20706343806248645,0.033849311997590226,0.033849311997590226,0.033849311997590226,0.03344519031933923,0.743491291174446,0.0019598040306685327,0.02402403646342721,0.7994721857469005,34.08748317156629,1665.6398204500467,0.04095051023991123,0.05114344970816389,2.687859266356659,False,False,False,False,False,0.0,False,0.0,False,False,2,False,none,0.0008318759792018682,0.1924973478245605,0.10254902645257101,0.07149156248737111,0.11165590709359165,0.02767668090109019,0.0346794248934697,0.02681162655179683,0.018739069431163345,0.13146614515626928,0.11454815706371997,0.11482485924533968,0.041036954335003685,0.018225235126563072,0.010988353006605788,0.10990218677769323,0.12122653270850148
306,True,0.07777794840806962,0.020716087636699538,0.09679856866519299,0.32075468685634806,0.20854708774780847,0.034142658337632095,0.034142658337632095,0.034142658337632095,0.03373644919369435,0.743491291174446,0.0019598040306685327,0.05129360004842943,2.010345741651787,51.21183402726964,1860.8077938024705,0.049155034909425147,0.03982415436113,3.1918520973525752,False,False,False,False,False,0.0,False,0.0,False,False,2,False,none,0.008918056992115453,0.19408636424071155,0.10632902691420563,0.06567551608140171,0.11875144027273767,0.02725564741089906,0.024911003088645786,0.01978188358522707,0.019384230215091388,0.13165380967045837,0.11282820813666239,0.10812961587995591,0.04961465554938495,0.02855134262685584,0.015146894119623857,0.0964849758392862,0.12586256089796657
307,True,0.07403403564645225,0.011276068188479378,0.09495335813244321,0.31460700012846093,0.16753928458701006,0.03421933867197688,0.03421933867197688,0.03421933867197688,0.033824494277083846,0.743491291174446,0.0019598040306685327,0.0031412110018611554,2.6466505762420542,60.22542108447071,2473.344413236667,0.04275826101221328,0.08566353300679036,2.4846568037862102,False,False,False,False,False,0.0,False,0.0,False,False,2,False,none,0.008870867983205244,0.19752764033442902,0.10747274944480034,0.0696323984942935,0.12754883634600123,0.017901317943380325,0.03272992639758995,0.014828820088177999,0.0067626821199606255,0.13233727087260672,0.11108439507771317,0.07735772304014192,0.03110505112154735,0.012936464385736384,0.010576306160042511,0.11618117716603396,0.118561811350781
308,True,0.0722431927230344,0.011295408307383003,0.09255912086158487,0.2978963964465864,0.13229933560959617,0.03433935828888414,0.03433935828888414,0.03433935828888414,0.033936042132590966,0.743491291174446,0.0019598040306685327,0.009298267908149693,1.4873587218184587,76.7327697155977,3410.3206958086134,0.027905235752967123,0.3662416815269095,0.43195442895807284,False,False,False,False,False,0.0,False,0.0,False,False,2,False,none,0.010052096011349931,0.1957515491265604,0.10614616211868379,0.0706071525675776,0.1209179606293827,0.01705718834078834,0.027280591385320963,0.013090599901752849,0.00841022354907944,0.124423268573297,0.11872945498808408,0.059145943237266095,0.036133561943071275,0.01428486373010809,0.009395946048591626,0.11334350392302181,0.12117311350596432
309,True,0.07159110739289201,0.018174563664288598,0.08939662196909315,0.27628184897702385,0.13140304912668233,0.034089529007583295,0.034089529007583295,0.034089529007583295,0.03368962132853292,0.743491291174446,0.0019598040306685327,0.039191624032148376,1.3841660439127332,49.304129347746624,2260.142491747053,0.029331124568099998,1.2646751766443471,0.17364618984934674,False,False,False,False,False,0.0,False,0.0,False,False,2,False,none,0.0016353690007235855,0.19155140111364247,0.10329877334906583,0.07277748065068172,0.10882817422875962,0.020233897844767944,0.022978546485144906,0.015291982093928997,0.0246729308039547,0.11878742735123435,0.12253722105124626,0.042168274759022586,0.040581801868551974,0.0232555905327441,0.009477751226526599,0.10127908457836522,0.12773738034863488
310,True,0.07147365421400212,0.02049859512861738,0.08846534057579704,0.26122572258663557,0.12768281505755058,0.03444507568843343,0.03444507568843343,0.03444507568843343,0.03404519053476154,0.743491291174446,0.0019598040306685327,0.049533467919108176,1.4989127157185647,15.29302217002995,1452.1572457131042,0.03049277757334216,2.0114819048832886,0.06431116814887099,False,False,False,False,False,0.0,False,0.0,False,False,2,False,none,0.0016312910011038184,0.18916795425593003,0.09758975101390502,0.07143821070350746,0.11244579585819507,0.017004100060857393,0.02666889075868303,0.016143314389022913,0.03232883234360189,0.1175583097910927,0.12264469125564288,0.03780607178272386,0.0393820867466969,0.0241230040074417,0.009399229774403006,0.0999060898557622,0.12997213482656797
311,True,0.07345278064306675,0.029475972827787238,0.08811171658149325,0.2652506566114513,0.1365279673055752,0.03399532104748017,0.03399532104748017,0.03399532104748017,0.03368954605811106,0.743491291174446,0.0019598040306685327,0.07543223625468798,0.9282097691285038,24.920903411872075,896.1320135078936,0.03191477899600377,2.294602325763129,0.011455523393471998,False,False,False,False,False,0.0,False,0.0,False,False,2,False,none,0.0008232500113081187,0.18808669167457112,0.09235872423227909,0.07173067579008484,0.10976900435386111,0.011866308704779555,0.041759814732254756,0.025675380567824257,0.04817017973014549,0.11994164024096082,0.12011729204572283,0.03671430113420804,0.035780283284807465,0.031375156289012114,0.012683174724167074,0.09360029590067144,0.13561556688371798
312,True,0.07422926354266203,0.03177690623228199,0.0883800493127887,0.2759187240493678,0.14997970502440106,0.034895250119807215,0.034895250119807215,0.034895250119807215,0.03465846193616357,0.743491291174446,0.0019598040306685327,0.08487954029754487,1.0098477877317502,7.440779295720112,659.2101155278618,0.03537957460626083,2.5689999440027944,0.04800732911016067,False,False,False,False,False,0.0,False,0.0,False,False,2,False,none,0.0008228190126828849,0.18744069317464354,0.08927957902311827,0.07362181412019299,0.11000877561863844,0.010196962322689495,0.04656996369510946,0.03139186180274131,0.05408693323630963,0.12091872036614476,0.11871114367553556,0.03812524701636918,0.031887317740180283,0.028832742661796067,0.012796087228280973,0.0972252806200521,0.13657509438079024
313,True,0.07458869909825985,0.030086430551173854,0.08942278861395518,0.28423016396229445,0.15432568118026704,0.03661341755106873,0.03661341755106873,0.03661341755106873,0.036407199406676416,0.743491291174446,0.0019598040306685327,0.08732460298276012,1.0008626541485177,10.717074193977862,224.79286132371084,0.0369724468151797,2.673637743101144,0.03616563893001697,False,False,False,False,False,0.0,False,0.0,False,False,2,False,none,0.0008272370032500476,0.18734936820485046,0.08807860455706369,0.07575830077461983,0.11472174772141196,0.01634060654709292,0.042331994733671545,0.03233878942060641,0.05183664509600873,0.12207929463624297,0.11736096762392466,0.03853935076879185,0.029986263180288696,0.023297991256256124,0.01287229643182417,0.10401851005440312,0.13650845456510036
314,True,0.07528891448359136,0.029256430640408563,0.0906330757646523,0.293176398290756,0.18101567678717043,0.03807900948923183,0.03807900948923183,0.03807900948923183,0.037857842171472644,0.743491291174446,0.0019598040306685327,0.09409152038195212,0.996474072957909,10.979431681486783,143.8173045484567,0.03641255781237781,2.587645109378455,0.03829426962372739,False,False,False,False,False,0.0,False,0.0,False,False,2,False,none,0.0008180500008165836,0.18780295936965527,0.0879138039120733,0.0764530959344029,0.1214825103672617,0.02348134128985655,0.035032793793809934,0.03501658640970665,0.04787315913374605,0.12407622951370344,0.115577848953763,0.04017918821615066,0.02860754826577152,0.0197228301471711,0.014413146871010458,0.11047935296567421,0.136510236593705
315,True,0.07581203053475848,0.026912838911680663,0.0921117610757844,0.29923172557049005,0.21784769309320134,0.03835115676215182,0.03835115676215182,0.03835115676215182,0.03811194105376898,0.743491291174446,0.0019598040306685327,0.0897710271937735,1.0063485246957051,10.564193018303436,184.96363712987846,0.03460286510420771,2.3751691990610837,0.07397096864147981,False,False,False,False,False,0.0,False,0.0,False,False,2,False,none,0.0007953669992275536,0.188699902926884,0.08875028275086642,0.07710464771354783,0.12863173236945863,0.033631954917383675,0.024438065802710605,0.03730230663365924,0.04128318921575337,0.12718521682118103,0.11342547273576675,0.04330621246317651,0.028084128080693046,0.01588651186114189,0.013179347936168172,0.11902373765029754,0.13305977867744692
316,True,0.0758599737685025,0.022682443126185996,0.0935858173159413,0.3025333484190855,0.2619616952191901,0.03734752124339355,0.03734752124339355,0.03734752124339355,0.03712633220226305,0.743491291174446,0.0019598040306685327,0.06912832623301979,0.9796034861807773,10.001374028317073,178.87038281752868,0.03241059317101841,2.0345068116409535,0.10664080937152831,False,False,False,False,False,0.0,False,0.0,False,False,2,False,none,0.0008485970029141754,0.18972480384661503,0.09053269159355039,0.07725993044052307,0.1333233309906992,0.045984657987212574,0.013883021113744573,0.035727766234305985,0.03303592232383889,0.13006577514957515,0.11169118733376279,0.047651976325848146,0.03159111645699498,0.01132979373572871,0.010636290210870397,0.12514587148648829,0.12617544506628148
317,True,0.07688860751242907,0.0210989994793401,0.09548514352345872,0.30513236109758324,0.27632890279973177,0.03497103889498508,0.03497103889498508,0.03497103889498508,0.03474031123260769,0.743491291174446,0.0019598040306685327,0.053810187790413355,0.88013719353556,14.333933356142515,339.7665845534292,0.025849514097219126,1.1773188349317512,0.23299549871069325,False,False,False,False,False,0.0,False,0.0,False,False,1,False,none,0.0008186909835785627,0.1902935011743934,0.09162297470607346,0.07775849985736902,0.13376205531446592,0.05661109245058055,0.008757200001934976,0.032441837765524915,0.025454382538042747,0.13336192721313964,0.11038333145633401,0.056381106543500994,0.04015834672202339,0.011714117539077081,0.014785660074715658,0.12377267666678923,0.12295901017489992
318,True,0.07931337537816145,0.02195537746333557,0.09843270801643676,0.31180140155209757,0.2628751805669616,0.032480665425342156,0.032480665425342156,0.032480665425342156,0.032175406235010626,0.743491291174446,0.0019598040306685327,0.048131836203045175,0.8118041012025788,18.535568081441767,391.2113056386396,0.02149114324956754,0.27165687372265335,0.5922831646891253,False,False,False,False,False,0.0,False,0.0,False,False,1,False,none,0.0008159259741660208,0.1905991252687625,0.09291367334255304,0.07649514099456627,0.13264870504361762,0.0643208326663101,0.01044040489197231,0.031666032766460066,0.022047409760287975,0.13666881681782125,0.10860047246975214,0.07006357909560192,0.05218065025779404,0.013006479675531235,0.021101587651062993,0.12317311985117257,0.1230879754973174
319,True,0.07981259560360542,0.021336517106815556,0.09930462176920203,0.3056893552597753,0.24830430388367652,0.030476976498735105,0.030476976498735105,0.030476976498735105,0.030101151417809613,0.743491291174446,0.0019598040306685327,0.03344961110207012,0.8511206521797995,18.797983133474048,392.4197255942137,0.02221531925088893,0.05655833349170437,1.000639700542721,False,False,False,False,False,0.0,False,0.0,False,False,1,False,none,0.0008186310005839914,0.19009731302779068,0.09280346218021113,0.07320081694847343,0.1322288848040826,0.06984330793042029,0.01656997165451165,0.025980486683998848,0.017570394092224828,0.13705551285459688,0.10888301049761251,0.07071059207719078,0.05874405044893768,0.015962132311143663,0.025833055339894877,0.12005770515653903,0.12146083365005758
320,True,0.07854321303885337,0.017296778394914704,0.09895869125349958,0.2931983000087033,0.21223065267127972,0.030811982267051556,0.030811982267051556,0.030811982267051556,0.03039729863825617,0.743491291174446,0.0019598040306685327,0.007188378874947388,0.8744303159314436,6.951887508370999,476.9263132980604,0.021837874440259683,0.018812335946525097,1.2080198973150544,False,False,False,False,False,0.0,False,0.0,False,False,1,False,none,0.0008239609887823462,0.18983493400988316,0.09208304887579387,0.07083761992966846,0.1314870411249478,0.0639751202845455,0.028271504256081655,0.014679331712135498,0.013728801166120715,0.13832102058132767,0.10841728211494768,0.0709775361582161,0.05843779932970078,0.01585293357505886,0.024926047126343744,0.11914879292972487,0.11571259544715744
321,True,0.07769061211947909,0.01664387068387229,0.09803952593134801,0.2858517412496251,0.1759251302356964,0.03253311191252312,0.03253311191252312,0.03253311191252312,0.032120548715316964,0.743491291174446,0.0019598040306685327,0.024187978662205456,0.7317064376563979,10.264631714289688,314.2602599547984,0.020783688706096686,0.022418075016257373,1.219419269753213,False,False,False,False,False,0.0,False,0.0,False,False,1,False,none,0.0008253240084741265,0.19046841510496088,0.09355059904359375,0.07054550942148768,0.13151252600466104,0.04935544036983124,0.03892733748802876,0.010456975864454057,0.021553220377290475,0.1393633684703607,0.10752689829071295,0.07290179855440469,0.055323279464408605,0.013547299704545733,0.02101798678919889,0.11955566509117017,0.10744347387255584
322,True,0.07849945428430274,0.022129881327728626,0.09728931193649411,0.2902997741676757,0.16181558619550707,0.03428416184175613,0.03428416184175613,0.03428416184175613,0.03383050846956029,0.743491291174446,0.0019598040306685327,0.05389481789304362,0.6725046356965237,13.068527493799014,166.76352946288506,0.020201419123736956,0.021038201621116345,1.1688727999402577,True,False,True,False,True,0.0,False,0.0,False,False,1,True,left-skating,0.0008234909910243005,0.19185967130575668,0.0950668127430031,0.07136983897577757,0.1340087166671994,0.03243864940260293,0.05005864894134452,0.019457984744571766,0.037581811816735006,0.1397871955544592,0.10740964492817956,0.07454062136416917,0.04950344169212381,0.011247803398010132,0.0202319253515976,0.11998999851437195,0.10143850314894153
323,True,0.08071613057781299,0.02992069798332105,0.09764794144264362,0.3055069115296399,0.18954135792603863,0.03561340794726528,0.03561340794726528,0.03561340794726528,0.03510445227772445,0.743491291174446,0.0019598040306685327,0.08029103183337205,0.7782222529871883,12.835189019066307,133.63354118700525,0.020078677114003463,0.02365739698118672,1.0718441330707225,True,False,True,False,True,0.0,False,0.0,False,False,1,True,left-skating,0.0008198540017474443,0.19388792933496052,0.09789109101684342,0.0733441121465373,0.13726432577413097,0.02289482734657293,0.05877280878288405,0.03170802130419152,0.05410580651480278,0.13964038447395408,0.10833788580709293,0.07589255820606347,0.045672247237850336,0.008999107883424552,0.024869856230865354,0.12064385432323081,0.09753327286160281
324,True,0.08353414215667963,0.036120772374319994,0.09933859875079952,0.327655096125024,0.218107151283808,0.03635449630878034,0.03635449630878034,0.03635449630878034,0.035824306178626406,0.743491291174446,0.0019598040306685327,0.09435893631198411,0.897588573445969,10.164152022999833,196.89160682633036,0.020336286704420527,0.018992392532961623,0.9849782546293635,True,False,True,False,True,0.0,False,0.0,False,False,1,True,left-skating,0.0008209860243368894,0.1960815082193119,0.10240684572971935,0.07581208734747602,0.138007199673781,0.02651687069436904,0.061132190725900495,0.04243845629484217,0.06573660644742586,0.13900550569557155,0.11025990850531345,0.0771156914606075,0.048794762946414064,0.006941005094318471,0.02936702166069346,0.12158576296175465,0.09534485104937526
325,True,0.08303787003206294,0.029880983124346963,0.10075683233463494,0.3485890880093837,0.20568425043509692,0.03522092157434483,0.03522092157434483,0.03522092157434483,0.03477057901776,0.743491291174446,0.0019598040306685327,0.058599813015064006,1.6298095780725663,27.538938444767776,740.2399287538515,0.025093841361904207,0.03100531344708125,0.8796336170624447,True,False,True,False,True,0.0,False,0.0,False,False,0,True,left-skating,0.002472283988026902,0.19856918344495772,0.1096330795375665,0.07947991305079684,0.13937562649017346,0.030058629376970722,0.05701239006991891,0.044420875796779336,0.0430279177801854,0.1350981846245122,0.11560764623835058,0.07250676969024525,0.05089758997796277,0.008839468353302796,0.023235670567120326,0.11966167254353095,0.1011813029706333
326,True,0.08146479512024846,0.017895971695129586,0.10265440292862142,0.35670867609739837,0.16910043706988206,0.034948928808666464,0.034948928808666464,0.034948928808666464,0.034502736325540434,0.743491291174446,0.0019598040306685327,0.004155765907785547,2.7101552479449653,57.44021657494657,1576.4209798978964,0.021733362063485362,0.02954269798349016,0.5287588068397967,True,False,True,False,True,0.0,False,0.0,False,False,1,True,left-skating,0.009531489020446315,0.20038438938070152,0.11520086272542575,0.08465575619701694,0.13710649736476804,0.027165452900687424,0.05769329249776811,0.02181661190180932,0.026947137633524812,0.12405543476992188,0.12758703924733752,0.06494879400510531,0.06046209115475762,0.012023799639600178,0.01079633760558403,0.11476168654646687,0.11783153835350013
327,True,0.08248915668170353,0.017105574403100503,0.10428368410790456,0.36466755840250237,0.16604008188173142,0.034853449254632345,0.034853449254632345,0.034853449254632345,0.03440027980103948,0.743491291174446,0.0019598040306685327,0.03429139362736455,1.5235342066250426,40.08474921218433,2744.633599147167,0.014421687555019255,0.013750134838230418,0.09060490683672283,True,False,True,False,True,0.0,False,0.0,False,False,1,True,left-skating,0.006007983000017703,0.20176722943839345,0.11958776478234419,0.08759282968908386,0.1335559308600524,0.02761654015811087,0.057595187898430454,0.018572504656751903,0.027464847508998958,0.11691866303949944,0.13576415343055703,0.062262035613816845,0.071129624933684,0.01433936814353438,0.008045577303116764,0.11149564636126541,0.12611860308961684
328,True,0.08352516396129549,0.01900944595552701,0.10503040329655165,0.37032439984053656,0.1548229098300903,0.03489139104877673,0.03489139104877673,0.03489139104877673,0.034439584378950644,0.743491291174446,0.0019598040306685327,0.059393242279461855,1.0414595539272564,18.1597557475796,858.0201802783537,0.012002666078634257,0.013917116221854866,0.050774382700486766,False,False,False,False,False,0.0,False,0.0,False,False,1,False,none,0.004897069011349231,0.20303605150283258,0.12195831141409652,0.0892841144433557,0.1303963342442199,0.028388381319261594,0.05675325497671518,0.019371274636693525,0.030179240110852407,0.11093879576747155,0.14277783463189267,0.05907308275565167,0.07810971990788827,0.016912817339459946,0.009574451735102175,0.1080327809083108,0.13161617768692344
329,True,0.08413427399691172,0.021745393928007697,0.10493056735321306,0.37270456138243063,0.1384829798013127,0.0349762199482755,0.0349762199482755,0.0349762199482755,0.03454015796132581,0.743491291174446,0.0019598040306685327,0.08202896075865929,0.7390674029235854,13.9721386566257,257.11976080833966,0.011362504295923202,0.014435378146208263,0.04143119515528219,False,False,False,False,False,0.0,False,0.0,False,False,1,False,none,0.004083236999576911,0.2042335548889897,0.12366049609179212,0.09137039720377975,0.12837992175378438,0.027881297445900427,0.05325158657262372,0.022336996459735706,0.032598112077030145,0.10642716319278081,0.14780223269390047,0.05662059986147729,0.07942239438344502,0.0197581656330266,0.012288301542238343,0.10434889993505544,0.13576826421502752
330,True,0.08413081346141524,0.025632722595277525,0.10363017708346113,0.3676948166501586,0.14400232785159672,0.034597080813703114,0.034597080813703114,0.034597080813703114,0.03420079383908278,0.743491291174446,0.0019598040306685327,0.10628095394112756,0.863572785942044,14.631287238993838,384.9568375627226,0.012407078970681568,0.00972029632392502,0.06035880110368412,True,True,False,True,True,0.0,False,0.0,False,False,1,True,right-skating,0.009000191988889128,0.20467456481692398,0.12313136584025074,0.09146180663047783,0.12188146960651837,0.02574976689499786,0.04508005512720071,0.02800743981886388,0.034608240904271934,0.10336950499958285,0.15180186159433764,0.05784386170031616,0.07828755712310215,0.02343115683526178,0.01648405282271251,0.10039816543757193,0.1398821452302534
331,True,0.0842233796669209,0.027443681207921716,0.10314994581992061,0.3740402200365194,0.14210930051425572,0.034561991538639,0.034561991538639,0.034561991538639,0.034187442971529015,0.743491291174446,0.0019598040306685327,0.11429891653881019,0.4457955833973129,19.454115400086827,810.4011671970094,0.011062150169317837,0.01293349479502641,0.02944747379838777,True,True,True,True,True,0.0,False,0.0,False,False,1,True,left-skating+right-skating,0.002462415985064581,0.20484442033675393,0.12381228446111592,0.09304916441930375,0.12083219878404869,0.021048265218494032,0.04188670398543384,0.03160901328608509,0.035929218752436216,0.10258763715828687,0.1528520598779553,0.06114562677744438,0.07756781043077235,0.025330701196577602,0.016905791596587966,0.09801500494362506,0.14015817344581324
332,True,0.0844691135995694,0.029547231948966884,0.10277640748310361,0.38350457491173034,0.15637682797383762,0.034487055548171816,0.034487055548171816,0.034487055548171816,0.03413139400076488,0.743491291174446,0.0019598040306685327,0.12224418655051261,0.5457084006146345,4.877658706864868,568.6040159012146,0.010682213222520968,0.01456897521080905,0.019049583472668656,True,True,True,True,True,0.0,False,0.0,False,False,1,True,left-skating+right-skating,0.002525165007682517,0.20500585309987515,0.1251119212822074,0.09435231630449835,0.12081806176434003,0.01622532288521771,0.039027431866360214,0.03665976272632396,0.0369653569631341,0.10153761976718782,0.1540991985638809,0.06378609069614448,0.07730344652944361,0.027395218716736888,0.01716858938967259,0.09572076347411397,0.14032886356397334
333,True,0.08450920227395563,0.031265805925209625,0.10225700105687097,0.39206480313449266,0.1572444589141006,0.034355151579794005,0.034355151579794005,0.034355151579794005,0.03401779211586072,0.743491291174446,0.0019598040306685327,0.12718213711652715,0.6248549300537013,5.560675439529764,99.69057106564289,0.009449998774979955,0.025224617872494352,0.006389952301246098,False,False,False,False,False,0.0,False,0.0,False,False,1,False,none,0.0024650300038047135,0.20496082659111428,0.1264750438482677,0.09539014534706383,0.12107776865299047,0.012157353777861486,0.035153738958797434,0.041586885758548534,0.03743326692294937,0.10064366259791284,0.15487926979031175,0.06511480254933322,0.07663843427555254,0.028833863656042534,0.017209207363298066,0.0943566015610516,0.14023636473219456
334,True,0.08464803048503823,0.03364206166152215,0.10165002009287692,0.40008506196670707,0.1611779747140886,0.03422648315406267,0.03422648315406267,0.03422648315406267,0.0339188376223102,0.743491291174446,0.0019598040306685327,0.13246609435655055,0.5251489579307164,4.715633364106453,213.10643771577347,0.008009400471711232,0.04368391912111046,0.0011072283947692566,False,False,False,False,False,0.0,False,0.0,False,False,1,False,none,0.001657419983530417,0.2046947735863219,0.12666266229703424,0.09469698665193799,0.11937128464929071,0.014683842478541625,0.031156658727400987,0.047089499280712384,0.03978463510732027,0.0997128717987834,0.15554167862928167,0.063721891460978,0.07576652005604499,0.029995759841071296,0.017698352416984666,0.0933207517070371,0.1404703190718703
335,True,0.0836088361513789,0.0334746628101506,0.10032022726512164,0.39219577970919045,0.1542497145502923,0.034093863605439395,0.034093863605439395,0.034093863605439395,0.03379994746064793,0.743491291174446,0.0019598040306685327,0.1333226852362983,0.5585091155812184,5.481065538569325,131.6040557097835,0.00795087974942977,0.18986508140666328,0.002602732544504414,False,True,False,False,False,0.0,False,0.0,False,False,2,False,none,0.001643473980948329,0.20420118053191205,0.1253148067357595,0.09207869800836035,0.11621397576763394,0.015333174213660853,0.028381850752512126,0.046470365234106525,0.03972678561125096,0.09919879475497237,0.15567133277876558,0.059281129836044666,0.07474736790635617,0.029961328899048904,0.01774017149619602,0.09335741357713885,0.14006300231834332
336,True,0.08166161977230713,0.031167484725849768,0.09849299812112623,0.3729145698190389,0.14827121124732323,0.033985531857497926,0.033985531857497926,0.033985531857497926,0.03370532608958308,0.743491291174446,0.0019598040306685327,0.13024178080661186,0.5779135738803687,6.090781799893038,92.67253631773129,0.008892366676882452,0.4228979843976493,0.003646495020288555,False,True,False,False,False,0.0,False,0.0,False,False,3,False,none,0.0016445860092062503,0.20344173742514815,0.12288166092752971,0.08881844493109914,0.11225373274705622,0.014263306902565148,0.026110233872004073,0.03987086031592222,0.038893305847911584,0.09909288306740298,0.1551008303328017,0.05240123152794209,0.07367118850496965,0.028498805645206134,0.017406967094359144,0.09468275976008171,0.13919796745491447
337,True,0.08019978867740082,0.03078797072804215,0.09667039466052041,0.3571465171310781,0.15222435868046125,0.033517985917861946,0.033517985917861946,0.033517985917861946,0.033271988311794655,0.743491291174446,0.0019598040306685327,0.12614434751298734,0.38200061469190993,8.133531143694285,271.49060284779875,0.00833220416413319,0.5217961713998668,0.0032659499533603657,False,True,False,False,False,0.0,False,0.0,False,False,3,False,none,0.0008459930249955505,0.20275215655181486,0.11993233816736451,0.08657617768709834,0.10723315130904053,0.015173225263321767,0.024012089207410728,0.03594137751801863,0.04224642747112941,0.0991761495789194,0.15432883590592547,0.04415683631090908,0.07172491027379344,0.027205159959727172,0.017758917963293392,0.09638965243045755,0.13858921324018916
338,True,0.07876967719594125,0.02837600438267336,0.09556756813369721,0.3462323177948591,0.16530023193113125,0.033441342504410276,0.033441342504410276,0.033441342504410276,0.0332234505756863,0.743491291174446,0.0019598040306685327,0.11479722650042445,0.38882888740231486,3.275890255468736,225.9985120224084,0.00775936745763214,0.49430762952159424,0.004221462481620173,False,True,False,False,False,0.0,False,0.0,False,False,3,False,none,0.0008352730073966086,0.20231243106471497,0.11817779127019945,0.08641527844027976,0.10388942980554527,0.015597801060441162,0.02238013740201201,0.02947754579810882,0.04240502439595286,0.0999314654625948,0.1526618273043685,0.03887633316454785,0.07049516609862792,0.024611030687514735,0.017010416649117042,0.09931974195935538,0.13675341457167925
339,True,0.07795409286507121,0.025921644282716264,0.09529824239252284,0.3426469212968275,0.18032939457980002,0.0336872159404438,0.0336872159404438,0.0336872159404438,0.0334823267807481,0.743491291174446,0.0019598040306685327,0.10195292166851244,0.3555302728914229,5.505284736900734,120.04967184626871,0.006611909710084434,0.4145895538918729,0.004488521200259112,False,True,False,False,False,0.0,False,0.0,False,False,3,False,none,0.0008333589939866215,0.20208753320855094,0.11755808804051511,0.08756598607127793,0.10356435809842238,0.01534979745361624,0.02121329042527665,0.024909316221411033,0.041503887259622535,0.10160277271349305,0.15026577514854694,0.03731244622821063,0.0703359693808131,0.021827735145072167,0.015445638504759326,0.1021774381038908,0.13454545383766056
340,True,0.07780466681880609,0.02381514456936024,0.09580117423528804,0.3450435343115277,0.18685457948050924,0.03406341780439097,0.03406341780439097,0.03406341780439097,0.03385421895118168,0.743491291174446,0.0019598040306685327,0.09025252972134057,0.37558678613062646,7.345218975230512,93.33872199179926,0.006373858905935333,0.30444368845955116,0.005277277617680356,False,True,False,False,False,0.0,False,0.0,False,False,2,False,none,0.0008349120034836233,0.20207088380137458,0.11784597460214997,0.08867993937780497,0.10633504500686217,0.014656697415462454,0.021044566813180697,0.022688008846715985,0.039663408156956535,0.10358488621455542,0.14814310274968245,0.03949293432981625,0.07074189868499071,0.019181603489480174,0.013727557784288264,0.1045289006598039,0.13248926116777276
341,True,0.07749298532401636,0.0162608492512457,0.09790369734827324,0.34254554063046244,0.16620685798686266,0.034131725317518936,0.034131725317518936,0.034131725317518936,0.03384947950303313,0.743491291174446,0.0019598040306685327,0.06321567956875507,1.4534252822232585,36.23609250224616,1069.2485334893927,0.011188198955153507,0.08097248851301143,0.012143644219161608,False,True,False,True,True,0.0,False,0.0,False,False,1,True,right-skating,0.010282562987413257,0.2024546241651257,0.12161701440479482,0.08731907944158425,0.12304948001355799,0.013054454400793971,0.02611056763023453,0.01733689921711586,0.020120040314453417,0.10889819021958559,0.14194348807078788,0.044863379936700004,0.06944011913132012,0.01729053145838055,0.010295926015032968,0.10808788171799466,0.12800608904679922
342,True,0.07840343185634334,0.015300994420515732,0.09943757766828587,0.34748481397751557,0.1436034987726731,0.03407024147408758,0.03407024147408758,0.03407024147408758,0.03378511102821522,0.743491291174446,0.0019598040306685327,0.05761691017717663,0.9545243353961232,31.98339840387747,1875.5583939106514,0.0074501567075128065,0.11437113961017364,0.01657450431900906,False,True,False,True,True,0.0,False,0.0,False,False,1,True,right-skating,0.008938707003835589,0.20279295488005672,0.12337203773716934,0.08459924836318815,0.1309672185378258,0.01278466948553913,0.02824859728837588,0.016901166953952145,0.017447344314199344,0.11077274211085154,0.14060541302413082,0.05356691234067638,0.06886712231819273,0.016664555291593636,0.010190911122317802,0.1094020313928832,0.1272719845405407
343,True,0.07927725330534499,0.01524447071163357,0.10062151416991544,0.3584337492594323,0.12992472967325042,0.0344794322982605,0.0344794322982605,0.0344794322982605,0.03419259702867592,0.743491291174446,0.0019598040306685327,0.06098356769283008,0.2487859823214181,24.299528033064103,1175.1559318197635,0.005305771641829779,0.048076592839952616,0.009562970105040532,False,True,False,False,False,0.0,False,0.0,False,False,1,False,none,0.0008358630002476275,0.20274219023630838,0.12466109162554298,0.08390809821287454,0.13316522618429483,0.012600324111197433,0.027978859380218928,0.015413576052858502,0.020117942688499157,0.11171807039520963,0.1398237866178276,0.06366620174446841,0.06949248168257731,0.016139042203786955,0.009307321901389656,0.10995166535612284,0.12775017449234266
344,True,0.07919558893845748,0.01538457009056975,0.10046592855442005,0.3580167830901683,0.11894951597515879,0.03442921033436269,0.03442921033436269,0.03442921033436269,0.03415361260932783,0.743491291174446,0.0019598040306685327,0.0611970172794658,0.2416348728845635,3.159115479061725,706.8528059138176,0.006133100350684692,0.020858173145878445,0.010218854188636252,False,False,False,False,False,0.0,False,0.0,False,False,1,False,none,0.0008253139967564493,0.20247402271643034,0.1250426965176026,0.08213485706004915,0.13324190603915118,0.012226569560514287,0.027236030562731443,0.015836451317233467,0.02017867652011712,0.11267570719029546,0.1387888678634078,0.06724185763458945,0.06681243109411658,0.016010189392638374,0.009512963132290043,0.10980169282170897,0.12791450359244338
345,True,0.07886784057429262,0.015282575698719351,0.10006292886615037,0.3514860616061777,0.12478201649970477,0.03431498712482595,0.03431498712482595,0.03431498712482595,0.03404750671271494,0.743491291174446,0.0019598040306685327,0.061405807987653604,0.23127733091903366,2.091902680589202,68.63085005236422,0.006730946669703009,0.01410017764606518,0.009845334557152191,False,False,False,False,False,0.0,False,0.0,False,False,1,False,none,0.0008224989869631827,0.20214642076015601,0.12505719091880627,0.08138918403798746,0.13149181004631694,0.01229537960889125,0.02658527641975169,0.01686318961846334,0.018297308645350743,0.11403923691710421,0.13710182118009887,0.06937008989271386,0.0630856108621989,0.015860379765308335,0.010109424765754986,0.10999707758953972,0.1281960481602393
346,True,0.07849854650488876,0.015146902847240245,0.09961576105743826,0.34221751372196413,0.1349437061504082,0.03424394675310822,0.03424394675310822,0.03424394675310822,0.03397888977185259,0.743491291174446,0.0019598040306685327,0.061779193591762205,0.2245697583956166,1.4093474801856907,45.52048472741468,0.006822788882107653,0.005889362080132691,0.003917029450214609,False,False,False,False,False,0.0,False,0.0,False,False,1,False,none,0.0008251529943663627,0.20174008637149482,0.12490370940932181,0.08061675773737594,0.12871456472604081,0.0122664676969987,0.02603035741713445,0.017286458155359334,0.016925015959870563,0.1156841376632607,0.1350751468328929,0.07197658071493185,0.05960319550933014,0.015621489156565395,0.010754648117165685,0.11028653242579506,0.12849159618468203
347,True,0.077972475372081,0.015338700283772724,0.0988504004015171,0.33007990379496904,0.12662878440735742,0.03412699856041037,0.03412699856041037,0.03412699856041037,0.033862069497946456,0.743491291174446,0.0019598040306685327,0.06204618979874721,0.21465835573246003,1.7591967799282633,38.78881519331065,0.006564520536987288,0.009097548703732064,0.011020401542952484,True,False,False,False,False,0.0,False,0.0,False,False,1,False,none,0.0008267560042440891,0.201182458858679,0.12409537502823895,0.07858313882539966,0.12555567209213567,0.011957019681232873,0.025250042116611415,0.017247458065239127,0.017141285504196427,0.11763338710612063,0.13275550484077808,0.07538495643437207,0.054262394095066974,0.015455854665677884,0.011510202899977454,0.11069422938503963,0.12885062635453043
348,True,0.07748772238581902,0.015796052110200125,0.098051612477692,0.31784855917100135,0.1150563967528961,0.03395715028826579,0.03395715028826579,0.03395715028826579,0.03369621445986289,0.743491291174446,0.0019598040306685327,0.060136519764262035,0.1950227988244534,2.8838470581514195,61.99416160589849,0.005645719385392331,0.009205757979266723,0.07556293445395372,True,False,False,False,False,0.0,False,0.0,False,False,1,False,none,0.0008285799995064735,0.2006850011438683,0.12298497788884365,0.07600159797176682,0.12293974738808294,0.011901020614241392,0.02481621811626509,0.017514745918833948,0.018083202453138766,0.11894828816071676,0.13125964457147835,0.07791542351506354,0.049213754534670605,0.01525852714893334,0.012327732919894446,0.1111998800181435,0.12875379580916319
349,True,0.07723670672497539,0.016266118756387088,0.09756023604783814,0.30826589246668695,0.10681049216096433,0.033798999621474236,0.033798999621474236,0.033798999621474236,0.03353920375988175,0.743491291174446,0.0019598040306685327,0.054749039293461976,0.24097910665610497,4.483678513344816,60.87909612473674,0.005589599485785981,0.00733067878470356,0.27329081758695406,True,False,False,False,False,0.0,False,0.0,False,False,1,False,none,0.0008318870095536113,0.20043218940426016,0.12231624452227756,0.07425571305294126,0.12193097266921597,0.012087963180157365,0.024895946204377756,0.01753325530465969,0.019817704378492805,0.11948289171573474,0.13076652625299456,0.07956102080715777,0.04561514498564616,0.014945000619557476,0.012768514722838378,0.11181124529194934,0.12756697448734503
350,True,0.077183163784114,0.016982675911893133,0.09724999307485428,0.30172687701204337,0.10710648516460253,0.03369812742806774,0.03369812742806774,0.03369812742806774,0.03343628446112859,0.743491291174446,0.0019598040306685327,0.04909010001881552,0.3462983561464928,4.338795509349462,41.51075501579399,0.007242481085911127,0.005354030148417684,0.529721946010539,True,False,False,False,False,0.0,False,0.0,False,False,1,False,none,0.0008275180007331073,0.2004129571755545,0.12238581922208204,0.07370602706659575,0.12227732483851267,0.011748749138652995,0.025276598098692076,0.017105462177206182,0.023010945741331564,0.11935420226344051,0.13103570973844925,0.08024252407175927,0.04273879051939218,0.014681381526097638,0.013132914202937142,0.1123213852651514,0.12549982949996868
351,True,0.07745220350294414,0.017651456047094158,0.09738578598822746,0.2998055887845105,0.11563208548138776,0.03375595506797709,0.03375595506797709,0.03375595506797709,0.03348018172935708,0.743491291174446,0.0019598040306685327,0.04752768678527076,0.39915730972303537,2.6761504882679468,92.99889186800348,0.008588650742039947,0.005759412030005754,0.6734614029986025,True,False,False,False,False,0.0,False,0.0,False,False,1,False,none,0.0008235409914050251,0.2006427465866549,0.12350364478230175,0.0742974846245206,0.12393941319614932,0.01165073965909746,0.026232610976303684,0.016902879206099237,0.026633619270979195,0.11881751124673277,0.13169179583567447,0.07984265828341298,0.04108452368976442,0.014606380552128926,0.01246294515916927,0.11241597356721109,0.1245103294109063
352,True,0.07812321565153277,0.0180509398785808,0.0981473075758501,0.30327790505318364,0.12756001506773548,0.034043669703280426,0.034043669703280426,0.034043669703280426,0.033743274226365534,0.743491291174446,0.0019598040306685327,0.05094979484028195,0.4051096621144493,2.417780382259771,73.7720836224033,0.009333968713300557,0.003572426053814117,0.7334262235919959,True,False,False,False,False,0.0,False,0.0,False,False,1,False,none,0.0008243319753091782,0.2011505929151434,0.12587642330807372,0.07630135987600663,0.12672644833732336,0.012751186762927885,0.02790545174981931,0.017570572828450995,0.029152055781242348,0.11785324372610594,0.1327665221096806,0.07871377570515004,0.04136923915977219,0.014619362580749896,0.010861768323879965,0.11201252113325287,0.12434092612694556
353,True,0.07919562560667712,0.018117177522738538,0.0995551083013233,0.3123753177787154,0.139326835501498,0.034545710912979886,0.034545710912979886,0.034545710912979886,0.034211559546023756,0.743491291174446,0.0019598040306685327,0.059501171396942665,0.3756290185740852,3.6538127014355846,76.89551245013934,0.009435913885726512,0.0013600532141926493,0.7267075546287507,True,False,False,False,False,0.0,False,0.0,False,False,1,False,none,0.0008331789867952466,0.20192094686318643,0.12962762975229858,0.07967707715883797,0.13073852608937084,0.01526010969701334,0.0302532142379469,0.01904074985413399,0.030031270197189267,0.116331102222267,0.13444992999418282,0.07737320938268302,0.04343664490849745,0.014779831646782801,0.008616858392848094,0.11111744692446206,0.12447546238513348
354,True,0.08017104575496821,0.019067683419831245,0.10053883320001387,0.3279475445390123,0.15045569141114182,0.0347381215645268,0.0347381215645268,0.0347381215645268,0.03440646380373832,0.743491291174446,0.0019598040306685327,0.0881528628689261,0.7847081397049581,15.451527517065678,417.2152820674466,0.01064993664076347,0.0006963173287141372,0.6876523052339368,True,False,False,False,False,0.0,False,0.0,False,False,1,False,none,0.0024449230113532394,0.2026370287746072,0.1311926596016272,0.08132364419978036,0.13086589848528388,0.017646245241653976,0.032640851026437614,0.023580962876582876,0.02887757875841502,0.11361410127174158,0.13799285371937306,0.0756229301087655,0.04736035806089034,0.016469799342347973,0.007342392701979097,0.10886787400738339,0.12670155390262247
355,True,0.08136328479807672,0.021632996381424963,0.10127338093696066,0.3398862399052722,0.1626153769490184,0.034636033161854214,0.034636033161854214,0.034636033161854214,0.03430466152568831,0.743491291174446,0.0019598040306685327,0.10968847482969069,0.7901154909231434,7.697683117462059,483.8936632552302,0.009779593542790866,0.0027522834569684465,0.6279345963934249,True,False,False,False,False,0.0,False,0.0,False,False,1,False,none,0.003292357985628769,0.2034756353180711,0.13189277968828503,0.0815474942860384,0.13062521198749616,0.019794245080815284,0.03366204838654649,0.029827241837159648,0.030745029672956805,0.11073132067832785,0.142030873288462,0.07410311293502655,0.05368990931313939,0.01790524998690942,0.008054464028673977,0.1071893675344713,0.12653857274684813
356,True,0.08276690990917977,0.021402887882044537,0.10322158391822488,0.35323397039123533,0.17469327716245953,0.0350351123881019,0.0350351123881019,0.0350351123881019,0.034681163345302614,0.743491291174446,0.0019598040306685327,0.10953547329604564,0.3470245793791431,18.590093643919037,591.2150317252798,0.007375827410567429,0.009964376886364205,0.5490205777144733,True,False,False,False,False,0.0,False,0.0,False,False,1,False,none,0.0021440429845824838,0.2041304335336701,0.13411253172232215,0.08320354212245135,0.13255844689380966,0.02170375650899776,0.03446232557426602,0.032480981370862305,0.029470818633867097,0.10946648751061779,0.1441561515135728,0.07649317481966895,0.06611801511611783,0.017583259705494875,0.006076491817953881,0.10709835837760208,0.12515578332560168
357,True,0.08431859630802736,0.022020584168533835,0.10508460035452521,0.3677737541278199,0.18457906128250243,0.0344654694531686,0.0344654694531686,0.0344654694531686,0.034122053104001696,0.743491291174446,0.0019598040306685327,0.11392473488401487,0.6425914950188787,10.428864010992699,740.1262182000363,0.006375453954324854,0.0038442201504136956,0.21544883587878438,True,False,False,False,False,0.0,False,0.0,False,False,1,False,none,0.0016568400023970753,0.2051077729913986,0.135093426912264,0.08378794388992866,0.13458531676643937,0.021131355947969534,0.036931029569157635,0.031681143480463775,0.030215828593800884,0.10785143315440332,0.14696014497972285,0.0784361247728139,0.07956620124761882,0.01827447926316942,0.007910885336701257,0.10663630312678522,0.12492815089580035
358,True,0.08608835356292091,0.023931420897947607,0.10680733111791202,0.38251798596004893,0.19242443111035634,0.034208405670997144,0.034208405670997144,0.034208405670997144,0.03386032001198846,0.743491291174446,0.0019598040306685327,0.12428253113136889,0.3442766034130404,11.276968696209416,616.8941212013283,0.0042539662888646515,0.014210791155321098,0.008047235150515152,True,False,True,False,True,0.0,False,0.0,False,False,1,True,left-skating,0.0016444359789602458,0.20569264979265317,0.13807413137830918,0.08403643183759758,0.13795812432151858,0.023362332670653276,0.03659000316588163,0.034819136043128876,0.0328745750105662,0.1072853490672786,0.14820925042908947,0.0810997333470058,0.08816509336400093,0.01925880322168414,0.008773169316411233,0.10584975042449417,0.12536512361646165
359,True,0.08695051410413075,0.02523428611833522,0.10752259009939591,0.3900861558592308,0.1985947889366191,0.034047802083827024,0.034047802083827024,0.034047802083827024,0.033696912013966254,0.743491291174446,0.0019598040306685327,0.12999229805145562,0.24468283710551592,5.429800073733855,247.65325746011848,0.0037814962271690315,0.006075795167877922,0.023231099063393816,True,False,False,False,False,0.0,False,0.0,False,False,1,False,none,0.0016449470131192356,0.20605660407265003,0.13936365869836237,0.08395686773230246,0.13988717384572752,0.024386222814108714,0.03637710134147488,0.036174119282210454,0.035388583973849565,0.10680882039572251,0.14904677410416417,0.08099350754928533,0.09234023572471238,0.019839249901850296,0.009535191315430578,0.10543063858962473,0.12562347632461593
360,True,0.08746391916232167,0.02612547478040424,0.10791006728962747,0.39594024701687375,0.237114741277982,0.03389748819857087,0.03389748819857087,0.03389748819857087,0.03354875359568728,0.743491291174446,0.0019598040306685327,0.13464947883418832,0.23972043568565865,3.233307285059558,90.43311385148716,0.00419235186945388,0.003126730605145216,0.02017348861992,True,False,False,False,False,0.0,False,0.0,False,False,1,False,none,0.0016599950031377375,0.2062939366796911,0.13991216882192903,0.08452170507385118,0.14177792444656057,0.024943677493776135,0.03497563236815004,0.036276541893808883,0.03785900416962205,0.10642955192506097,0.1495607880601532,0.08022695800261942,0.09512576544517193,0.020220798399474625,0.0101455546587114,0.1051578541419507,0.1259948450166155
361,True,0.08804467940407026,0.02683148407093457,0.10844907784844886,0.40209295812328616,0.26350657485000417,0.033746602946629345,0.033746602946629345,0.033746602946629345,0.03339966687128915,0.743491291174446,0.0019598040306685327,0.13840440758059702,0.24392127609958333,2.188638502210498,66.21881945136067,0.004287471142778619,0.0031381176746995113,0.006748669606835428,True,True,False,False,False,0.0,False,0.0,False,False,1,False,none,0.001639146008528769,0.20647003256857904,0.14047920411081327,0.08508490003145797,0.14327445009248324,0.025674446027067685,0.034103477930274295,0.03581625398636431,0.04038954954999929,0.10621217764033081,0.14990502303939018,0.08028047139618029,0.09861587355173106,0.020543094107939714,0.010577038639434965,0.10494405486258576,0.12634482293049254
362,True,0.08858416194259301,0.027380173258137377,0.10898549150407826,0.4074851986668898,0.2728864466792442,0.03359151388833319,0.03359151388833319,0.03359151388833319,0.03324291662629416,0.743491291174446,0.0019598040306685327,0.14056314722756702,0.24332820054988435,1.8999864167923737,37.331807863348544,0.00394874510372315,0.0031025230604425575,0.007909860863815125,True,True,False,False,False,0.0,False,0.0,False,False,0,False,none,0.0016367209900636226,0.20659497031442825,0.14072150392567848,0.0852718236043498,0.14488961357606334,0.02600295880402303,0.033722698636606825,0.03505078860538424,0.042780891478815454,0.10630113377652453,0.14995384975089115,0.08174026255766406,0.10093938092259874,0.02073523378993053,0.010953779158419283,0.10497177307273008,0.12671592910738072
363,True,0.08910377385936297,0.027666396470306165,0.10958289965571523,0.4126289724061469,0.2876202105457093,0.033457483555811546,0.033457483555811546,0.033457483555811546,0.033104214560539136,0.743491291174446,0.0019598040306685327,0.14096795032464593,0.2375450359217817,1.7143818900434051,31.69670404561254,0.0035702133024529095,0.0029477626034971746,0.006780103449813078,True,True,False,False,False,0.0,False,0.0,False,False,0,False,none,0.0016290470084641129,0.20675877824807315,0.14080706211268876,0.0854511136241191,0.14671319585005893,0.026034092170314563,0.03369539976648227,0.03407780077041626,0.0444602759359753,0.10648250820796429,0.14995616697861663,0.08390397354770499,0.10309687192482055,0.020811385504703243,0.011316123670129864,0.10513417115718261,0.12696146228055677
364,True,0.08934674566672696,0.027674989797037947,0.10990399762328995,0.41643979719662505,0.2992130671818413,0.03336758832055042,0.03336758832055042,0.03336758832055042,0.03301359255971042,0.743491291174446,0.0019598040306685327,0.14022101207802184,0.23418973652606606,1.5749570787719849,22.954155043279933,0.0032108730548469143,0.002989885847358135,0.005074732639553298,True,True,False,False,False,0.0,False,0.0,False,False,0,False,none,0.0016377430001739413,0.20691675052482505,0.14082333982225115,0.08567995169047136,0.14823067577765822,0.025181017395907147,0.033261734867461486,0.0331319080291567,0.045239221009825,0.10661488659591127,0.14992402782375377,0.08531796101582961,0.10444811850901957,0.020753785037349436,0.01157504511182065,0.10535206566767162,0.12709744178871907
365,True,0.08929936843827269,0.027599240114767973,0.10986607787944093,0.4180325765381835,0.2968673364998406,0.03331806550982054,0.03331806550982054,0.03331806550982054,0.032966829477657625,0.743491291174446,0.0019598040306685327,0.13997910142114867,0.2354016282706063,1.3218831515069696,19.6690606833188,0.0031408899139791563,0.0033682670905700184,0.004851806136649835,True,True,False,False,False,0.0,False,0.0,False,False,0,False,none,0.001669233024585992,0.20704670466366343,0.14090071831796683,0.08607076886449098,0.14931467489227113,0.024019183234853032,0.03200278330627277,0.032600385143348565,0.0454454148155847,0.10677531903039356,0.14978460809993974,0.0862151207367956,0.1033896299224244,0.02064300877857321,0.011708151721565417,0.10556417396951803,0.12730924951470138
366,True,0.08919254640261098,0.027485053315033457,0.10976171076513684,0.4178908118070671,0.28717794778478034,0.033280789725243974,0.033280789725243974,0.033280789725243974,0.032932413306867366,0.743491291174446,0.0019598040306685327,0.14045421677487413,0.2343850164356256,0.894050842136985,18.2322439868738,0.003083736196938642,0.0033935696128760805,0.005069641332534543,True,True,False,False,False,0.0,False,0.0,False,False,0,False,none,0.0017168630147352815,0.20714983139603008,0.14110882589845708,0.08658007168731242,0.15016857147174048,0.02356326326808899,0.030244377757818894,0.0321590991603817,0.04543022353556068,0.1068181656994281,0.14978159591123444,0.08681435293728602,0.10161722159352717,0.020566613213580262,0.011784277350611194,0.10572454780599183,0.12756970375472657
367,True,0.0890673573331745,0.026770431420227708,0.10983299930415674,0.41596102086590875,0.27059375933931373,0.0332604652815823,0.0332604652815823,0.0332604652815823,0.03290999955649501,0.743491291174446,0.0019598040306685327,0.14003898585443508,0.3046299552137029,2.514235552700359,69.64837408924255,0.0033527889527204553,0.0034212922073951274,0.007843666062673843,True,True,False,False,False,0.0,False,0.0,False,False,0,False,none,0.0024856690142769367,0.2072809167652969,0.1415499178092046,0.08698507591600849,0.15102134291695324,0.023835353603002103,0.028435294553204232,0.03180728669973082,0.042940514860175076,0.10656592968541398,0.1502429641902137,0.08708106051014233,0.10146186280393313,0.020509103023581724,0.011824821097423204,0.10584584494924745,0.12769042794726085
368,True,0.08904568204023944,0.026274953217248466,0.10996925831456973,0.4146114563790517,0.25666452595439787,0.033244422725895624,0.033244422725895624,0.033244422725895624,0.03289317790565981,0.743491291174446,0.0019598040306685327,0.14025548825998113,0.2600661554151157,2.089187344142775,116.13851311044864,0.002953219316376333,0.0033259596492748373,0.002183420992904,True,True,False,False,False,0.0,False,0.0,False,False,0,False,none,0.00246328700450249,0.20739104592066074,0.14231392779535748,0.08726038774099193,0.1515582267137408,0.024157808046193576,0.026876691237258204,0.031600192229929394,0.0411479207165498,0.1062683920004469,0.1507461819191789,0.08722181632782472,0.10207795376651338,0.02048345153108933,0.011868248391425331,0.10592649075826603,0.12783217754840445
369,True,0.08906173478305845,0.025825892929397354,0.1101403487342788,0.41405240644035357,0.24837652740362787,0.033232799772699134,0.033232799772699134,0.033232799772699134,0.03288075278641986,0.743491291174446,0.0019598040306685327,0.140217569897799,0.22837480771835506,1.8612698446369187,26.50332198728814,0.0029415678070978087,0.0029920524320529774,0.0009872825989232854,True,True,False,False,False,0.0,False,0.0,False,False,0,False,none,0.00246573198819533,0.20748011571730549,0.14330546827544205,0.08751384156416184,0.15186107905355864,0.024161227620363403,0.02562272024108935,0.03160175692225162,0.039351110870165844,0.10604197673299667,0.15114881009078013,0.08726912577657986,0.10331738655604678,0.0204431348927915,0.011907569032380452,0.10602580714976403,0.12793662603325762
370,True,0.08910747574022654,0.02535690948323276,0.1103576644925578,0.4134297318916005,0.2527450672151378,0.03322681623428098,0.03322681623428098,0.03322681623428098,0.032872173992577025,0.743491291174446,0.0019598040306685327,0.13996137476985293,0.20123966570551446,1.8612662056089961,15.287006676863998,0.002955619392823135,0.002723771825582033,0.0011014952090623766,True,True,False,False,False,0.0,False,0.0,False,False,0,False,none,0.002471132989739999,0.2075507890149473,0.1444436901506152,0.08769882116741456,0.15193569995810574,0.024294495646568923,0.024750794748046395,0.03164518549675095,0.03743316371305476,0.10593769684480307,0.15142640355660975,0.08743895536924408,0.10469320636290917,0.020412645213972572,0.01193664350915276,0.10612367687227728,0.12799774421915192
371,True,0.08913744474917507,0.024909140037007116,0.11054687965323103,0.4125852712897237,0.26511599006895875,0.033238476487641326,0.033238476487641326,0.033238476487641326,0.03287983418953863,0.743491291174446,0.0019598040306685327,0.13958089826998443,0.17759069260981444,1.930560671075547,18.094439557580404,0.0028467543892719497,0.0026867133084650884,0.0010556517681879296,True,True,False,False,False,0.0,False,0.0,False,False,0,False,none,0.0024586590006947517,0.20761453539962835,0.14550362510566384,0.08783041107931898,0.15196328346210264,0.024444475248969245,0.02430220635625828,0.03179303570900718,0.03551642734796943,0.10591832580640813,0.15164271346729324,0.08746084919829149,0.10565505888357274,0.020396047872082743,0.011931049218969116,0.10620978676096786,0.12801728507029758
372,True,0.08912213284367956,0.02448208733500503,0.11066881467990441,0.41101765261675355,0.2694172818222382,0.03326743697223552,0.03326743697223552,0.03326743697223552,0.03290450361947331,0.743491291174446,0.0019598040306685327,0.1389759817228553,0.16912772493187606,1.9071891926258988,11.796413083280655,0.0028573604965905683,0.002251568311366649,0.0010927228063979022,True,True,False,False,False,0.0,False,0.0,False,False,0,False,none,0.0024369479797314852,0.20765738018468538,0.1464184651169439,0.08784427816411763,0.1520165853072044,0.024601380901954482,0.024129054487230916,0.031865151833141425,0.033814356580654355,0.10595440750241841,0.15182399920243347,0.08720917511103515,0.10604916212399883,0.020361159601149918,0.011887681325074421,0.10630404282495319,0.12801784523187731
373,True,0.08910234207471746,0.024114162612326365,0.11076506856218112,0.40941286980409497,0.2661447297038146,0.033296031448250954,0.033296031448250954,0.033296031448250954,0.03292967283604072,0.743491291174446,0.0019598040306685327,0.1379712686460002,0.17464065976637508,1.6126964858529325,18.967221978805846,0.002865666506976823,0.003022759219620926,0.001418904966621495,True,True,False,False,False,0.0,False,0.0,False,False,0,False,none,0.0024971209932118654,0.20767363115402032,0.14721610280471606,0.08778498483647668,0.15207872939546827,0.024567613081450085,0.0239964349404874,0.03186823843603711,0.03247333259038118,0.10597980922929619,0.15200424597987944,0.08688606099820888,0.1065892696506469,0.020283399170157323,0.011831680252729836,0.10642476567816672,0.12797917499735662
374,True,0.0890986371052789,0.023803103662635397,0.11086381491949339,0.40800520090701975,0.26305021634765263,0.033313792949362285,0.033313792949362285,0.033313792949362285,0.032944738955280925,0.743491291174446,0.0019598040306685327,0.13662605300686503,0.18558507841178126,1.2502646565054356,15.590048036459024,0.002884631554952195,0.0031304828704087242,0.0018191593178056868,True,True,False,False,False,0.0,False,0.0,False,False,0,False,none,0.0024518459977116436,0.20767695630110203,0.14788389930796195,0.08770800334498884,0.15216770453952252,0.024571726448748714,0.023836607933104163,0.03176039697370591,0.03149791830476242,0.1060138801118108,0.15214125548196256,0.08644150192187704,0.10745751212457279,0.020179563343758478,0.01177453602831477,0.10656709127931625,0.12789964023895314
375,True,0.08874537187494876,0.022188527890296947,0.11093098653649937,0.4052311219678464,0.2587953639487045,0.03331914964030607,0.03331914964030607,0.03331914964030607,0.03295035452498652,0.743491291174446,0.0019598040306685327,0.13132420380446463,0.09572348826428079,2.835388524772294,101.94817482930169,0.0019096128769539157,0.0015845130311017343,0.0010906029955846937,True,True,False,False,False,0.0,False,0.0,False,False,0,False,none,0.0008219570154324174,0.20776533420902862,0.14899776691624203,0.08792130277342615,0.15305505730618083,0.022890582201793314,0.023754841246521385,0.027888685873457292,0.029364318315225797,0.10606082462716784,0.1521826807778526,0.08579946486340616,0.10817296569735876,0.019854837420498053,0.011646269952006643,0.10701923938714702,0.12755177843186777
376,True,0.08910319514959585,0.022960704539523095,0.11115069201962009,0.4055744070123285,0.25869193655276945,0.033345993118178624,0.033345993118178624,0.033345993118178624,0.0329689819790029,0.743491291174446,0.0019598040306685327,0.1319581940779886,0.24463776591379555,4.597321751136933,216.24360808401505,0.0035537654446198734,0.0027148468682936795,0.0034458933199371807,True,True,False,False,False,0.0,False,0.0,False,False,0,False,none,0.00245790698681958,0.20769514845429402,0.14905855752649025,0.08760127775110889,0.15269653900219385,0.024426029953383412,0.02401702277486345,0.03073514944515578,0.02965206780468244,0.1062215638935744,0.15218261298959307,0.08572114817676259,0.10947580587373172,0.019826760987484246,0.011628839920769919,0.1070496649462835,0.12766293289316202
377,True,0.08888216831119752,0.02172770401647459,0.11126698974277183,0.4034346741848911,0.25848236272353375,0.03334462852388725,0.03334462852388725,0.03334462852388725,0.03296258551084548,0.743491291174446,0.0019598040306685327,0.1279212453941616,0.09241328874974752,4.631335332186657,275.45102402407093,0.0017962931711584538,0.0003623806277539892,0.0004635462229672585,True,True,False,False,False,0.0,False,0.0,False,False,0,False,none,0.0008342799847014248,0.2077494364579183,0.14979233465890385,0.08770456758118453,0.1534059954911134,0.023634955985307626,0.02411750525916656,0.02791791738986211,0.027837185684623726,0.1064058466703536,0.15205966176413446,0.0854501483138152,0.11002684090058447,0.01959743098432222,0.011558282007090309,0.10741681031969652,0.1274397735110834
378,True,0.08887816340282474,0.021284581011624188,0.11140935753322495,0.40244958961152166,0.25961115990444683,0.033354117364704394,0.033354117364704394,0.033354117364704394,0.03296611799367429,0.743491291174446,0.0019598040306685327,0.12589694600035983,0.10254306530760515,0.502074650896153,144.68855127335124,0.002037211331296371,0.0007842903411791643,0.0011856246451331484,True,True,False,False,False,0.0,False,0.0,False,False,0,False,none,0.0008346620015799999,0.20775239335890075,0.15010976191370703,0.08762555518048214,0.1536643205694296,0.023757759633103902,0.02444583923337398,0.026996335660746752,0.0271949961722363,0.10662562484196765,0.1518933905247779,0.08540516265927287,0.11050369559888504,0.01941913792224248,0.011527854291271218,0.10769660027776705,0.12743218660703146
379,True,0.08895796352880728,0.021220542706889695,0.11153710380277981,0.40225635414584304,0.2565737926905274,0.033368480822817945,0.033368480822817945,0.033368480822817945,0.0329738439407398,0.743491291174446,0.0019598040306685327,0.1251726415938128,0.1006953412714601,0.6884198013670693,18.085599788842153,0.002008342143141123,0.0018765564112549508,0.001449885628546014,True,True,False,False,False,0.0,False,0.0,False,False,0,False,none,0.0008297830063384026,0.2077251892474795,0.15014854098345698,0.0872262345704697,0.1537778387652394,0.024179331899521605,0.024915379505171645,0.026952664009428813,0.027113119087828493,0.10684137324855211,0.1517402945630828,0.08552863751745564,0.11088337498798452,0.01928221439761345,0.011534173332688028,0.10791911803843555,0.12755993230650808
380,True,0.08905025528401707,0.02129135049428293,0.1116365568805951,0.40240032427623956,0.25050905993223416,0.03338006779575502,0.03338006779575502,0.03338006779575502,0.032979945077218346,0.743491291174446,0.0019598040306685327,0.12489019493212417,0.09786354322768662,0.7175761533818843,6.547320324139405,0.0019989947225291815,0.0029131372997519096,0.0015562679588616503,True,True,False,False,False,0.0,False,0.0,False,False,0,False,none,0.0008354830206371844,0.2076835046596723,0.15002272925685045,0.08670890295802251,0.15387676906910538,0.024556181021232023,0.02545971996024656,0.027099810683135817,0.027362399955318938,0.10706314485802136,0.15158328958863154,0.08564495819368413,0.11114080648325908,0.019139984951763923,0.011563206386913036,0.10814627265927988,0.127752403859136
381,True,0.08911120329539914,0.021387605425655234,0.11168573591864711,0.40276938469790674,0.24343916486836892,0.033384463855652614,0.033384463855652614,0.033384463855652614,0.03298044353940048,0.743491291174446,0.0019598040306685327,0.12454372042450434,0.0946211240316111,0.6165629046867064,6.992493421826557,0.002060648775136416,0.0027214247098169197,0.0016479035040207317,True,True,False,False,False,0.0,False,0.0,False,False,0,False,none,0.002156726986868307,0.20763311616839572,0.14973974703647838,0.08616825510014253,0.15392808862939558,0.024732313367976756,0.026095131626466508,0.027241550554045174,0.027728691581755335,0.10729490540020126,0.151406790019096,0.08555872108834904,0.1113012548590299,0.018974721437084188,0.011605458129736231,0.10841244258139315,0.12795806514684055
382,True,0.08916408771461237,0.021553141073535228,0.11170106992830475,0.40361927643855855,0.2376843043363736,0.033387828369959086,0.033387828369959086,0.033387828369959086,0.032981748975062515,0.743491291174446,0.0019598040306685327,0.12417083918164185,0.08918796078671644,0.5984818931460427,6.886046796936652,0.0021086930381756463,0.0028331415637246936,0.00188860418270235,True,True,False,False,False,0.0,False,0.0,False,False,0,False,none,0.0008519440016243607,0.20758266590658694,0.14932771445116827,0.08562590837584329,0.15400897691806748,0.02463656253153814,0.026728734853090783,0.02756098366430838,0.028222000149359265,0.10754070226192587,0.1512038268874135,0.08554093278233786,0.11132125592045432,0.018775707862302347,0.011653872618170922,0.10871675054991496,0.12817880770131548
383,True,0.08917859679439154,0.021700246348822515,0.1116713802762479,0.4045394897654517,0.2316325972497094,0.03339103449465252,0.03339103449465252,0.03339103449465252,0.032984670958245185,0.743491291174446,0.0019598040306685327,0.12363093835424976,0.08640394550485793,0.5989610243421567,3.8116833675850468,0.002213116616514116,0.0030232506578877767,0.0019624922519550086,True,True,False,False,False,0.0,False,0.0,False,False,0,False,none,0.0008284099749289453,0.2075371677876252,0.14884952708012705,0.08511371766122779,0.1541767934571908,0.024161518914300524,0.02731372252765565,0.0277763822549901,0.028778433156668195,0.10778803420799721,0.15098037576552414,0.08551331237052616,0.11115160519300388,0.018542411087188838,0.011703758896442923,0.10906283240994902,0.1284079559398475
384,True,0.08916514640405376,0.021809262317861604,0.11161710776611782,0.40589303104362,0.22503302198497205,0.033395391094270435,0.033395391094270435,0.033395391094270435,0.0329896201886594,0.743491291174446,0.0019598040306685327,0.12268428012744216,0.08471956994243207,0.5253983385828871,4.7268145204049485,0.002316680142187414,0.003130585815124046,0.0023377982190320784,True,True,False,False,False,0.0,False,0.0,False,False,0,False,none,0.0008337500039488077,0.20751064545799067,0.148358212919333,0.08465085858132827,0.15449103536019834,0.023288675192785765,0.027878582033700097,0.02798700487287248,0.029228320303911905,0.10803206325847145,0.15074737621465117,0.08548663869177732,0.11089072125328052,0.018276562320427767,0.011745161774234266,0.10945186143521658,0.12861862279468034
385,True,0.08917466564479787,0.022003958157937948,0.11156490147375114,0.4078220815054353,0.2183012999849923,0.03340289041111349,0.03340289041111349,0.03340289041111349,0.03299815598086332,0.743491291174446,0.0019598040306685327,0.12139350486712974,0.0844598326877662,0.6483967613230882,6.967446013476073,0.0024615704294685234,0.003485890377097192,0.0032449715910735696,True,True,False,False,False,0.0,False,0.0,False,False,0,False,none,0.0008309539989568293,0.20750741393924013,0.14795351116687422,0.08429870771576879,0.1550037652039081,0.022114839284502204,0.02844102519111413,0.028689775076682855,0.02956814114155793,0.10826711455055422,0.1505155483995476,0.08539796972189555,0.11060558298240708,0.01798925020153952,0.011768666211971488,0.10986968794779266,0.12880365158140913
386,True,0.0892010515741058,0.02221348043552523,0.11153024195363265,0.4101289881085277,0.2147671041671575,0.033407565896310526,0.033407565896310526,0.033407565896310526,0.03300446850466478,0.743491291174446,0.0019598040306685327,0.11981716952600019,0.08576158909831871,0.6651657226032605,4.9826504151429765,0.0026471091443392883,0.0040258588526787525,0.003917486379924393,True,True,False,False,False,0.0,False,0.0,False,False,0,False,none,0.00083059401367791,0.2075141953119328,0.14762911675068754,0.08408466614584291,0.15572661771131,0.020849748079368506,0.028877094858190948,0.029545590863928148,0.029843042491693526,0.10849707276270791,0.15028061350841782,0.08526916362204223,0.11034800693572051,0.017684674328188977,0.011780614058290267,0.11031559445266775,0.12897101330470284
387,True,0.08918671110686562,0.02225503827373209,0.1114972687179101,0.4117092872086396,0.21255768851958973,0.0334101546823193,0.0334101546823193,0.0334101546823193,0.033009456852943674,0.743491291174446,0.0019598040306685327,0.11771676860615798,0.08540635396992717,0.6216243260094851,7.919957723716518,0.0028720733462567595,0.004544460258461168,0.0043415414941964416,True,True,False,False,False,0.0,False,0.0,False,False,0,False,none,0.0008303030044771731,0.20752461293057625,0.14725973894211938,0.08379123176519249,0.15651877066730505,0.01982868104478238,0.029249899716185326,0.030048002419261942,0.029845499312199583,0.10873111411011688,0.15002351170138417,0.08505343139134972,0.11009667735526348,0.01735279918694466,0.01177385217652218,0.11079613641590094,0.1290934185747452
388,True,0.08915599673139149,0.022152982267512635,0.11149033488601778,0.41229203605993603,0.21066199891574414,0.033412279526263494,0.033412279526263494,0.033412279526263494,0.03301365079377036,0.743491291174446,0.0019598040306685327,0.11502537174923466,0.08752053271019013,0.6604516456859849,5.474528267026943,0.0031584899467520856,0.005437716361598984,0.004763765151831148,True,True,False,False,False,0.0,False,0.0,False,False,0,False,none,0.0008592180092819035,0.20753427533689406,0.14683096380567184,0.0834561123924452,0.15723797629975136,0.019363690358793196,0.02965143299138936,0.03037710006440613,0.029495306828482913,0.10898307819256965,0.14972887387674108,0.08474695565400596,0.10990757956055866,0.016999634810774388,0.011739887366387107,0.11129695539043324,0.1291461247729597
389,True,0.08911771609577473,0.02190537551099163,0.11152182962403578,0.4120356096282801,0.20926813326566457,0.03341500336073479,0.03341500336073479,0.03341500336073479,0.03301751879916214,0.743491291174446,0.0019598040306685327,0.11176328055715756,0.09422270043006988,0.6497233711093348,4.46653205331911,0.003561270552268128,0.006406865838629505,0.005222743285313771,True,True,False,False,False,0.0,False,0.0,False,False,0,False,none,0.0008310140110552311,0.20753996575136693,0.1463516150848348,0.08309544746740267,0.15793795185735987,0.019375582795546117,0.03020036673116253,0.03048646142236559,0.028819002286545974,0.10927040538535941,0.14938363073098732,0.08440877503819338,0.10975428250029637,0.016637110579814963,0.011678927755239994,0.1118131671547806,0.12913076499113935
390,True,0.0889941962173922,0.021299654859532835,0.11155904333667865,0.41091205066795,0.20863502654931354,0.033417654236668225,0.033417654236668225,0.033417654236668225,0.033021144585464096,0.743491291174446,0.0019598040306685327,0.10742810026461336,0.09454880181313442,0.4443228471988376,11.09903030924237,0.0038732689003045623,0.007146034236232889,0.005614991099070718,True,True,False,False,False,0.0,False,0.0,False,False,0,False,none,0.0008343210211023688,0.20753691739493862,0.1458135091955222,0.08275982836580925,0.15862993932908148,0.01939290191334651,0.030971284224006114,0.029568460977741913,0.027794888818399942,0.10959913382998522,0.1489858037758914,0.08404549342139006,0.10961519081781113,0.016255707841668104,0.011579561800321388,0.11236189238104387,0.12899662539131787
391,True,0.08881958972466247,0.020571856776859992,0.11156883404059664,0.40962216822231123,0.20839343494079918,0.03342659343949941,0.03342659343949941,0.03342659343949941,0.033031635212297385,0.743491291174446,0.0019598040306685327,0.10249273926734159,0.09304388328763019,0.3109245262043477,6.2608641075683655,0.004116471848500796,0.007652692594656253,0.005924729328246085,True,True,False,False,False,0.0,False,0.0,False,False,0,False,none,0.0008302829810418189,0.20752457838860125,0.14529479137531306,0.08243096026576067,0.15926896199435453,0.019194436674365756,0.031775069685390414,0.028302053233596563,0.026667915648828203,0.10992192866417,0.14857861242678744,0.08357424293566715,0.10955614644130275,0.015862662322281174,0.011454795902734032,0.11292142179510828,0.1287848578403384
392,True,0.08841533688827903,0.019074029244658404,0.11152910610281924,0.40726703032604517,0.20805768113463197,0.03344989585100096,0.03344989585100096,0.03344989585100096,0.03305779424783284,0.743491291174446,0.0019598040306685327,0.0954005923467034,0.13749518895632337,1.5249429529415994,44.35206069237372,0.004750805846150348,0.009379323666637547,0.006921294744950815,True,True,False,False,False,0.0,False,0.0,False,False,0,False,none,0.0016495960007887334,0.2075524557713388,0.14504692555941726,0.08232415732656101,0.16008130780127125,0.0182790438141917,0.03252184721667181,0.024336924403248642,0.025317759202905844,0.11018446160870415,0.148181768333866,0.08289468831530633,0.10938190394114636,0.015373261070531934,0.011268172301947191,0.11351926322493791,0.12838145032041837
393,True,0.08814715690813849,0.018106518748153253,0.11149403629480024,0.40544896774504857,0.20931855252601475,0.03347412252875935,0.03347412252875935,0.03347412252875935,0.033082711941006135,0.743491291174446,0.0019598040306685327,0.0896981500551195,0.1053017819805468,1.2505900190747206,75.1123734403181,0.0047290284834856835,0.009633197362320486,0.0071566962370660505,True,True,False,False,False,0.0,False,0.0,False,False,0,False,none,0.0016603060066699982,0.2075737928249066,0.14470983091545292,0.08217290406452592,0.16069151665338638,0.017859933586781743,0.03322967462288336,0.022327225151883064,0.02403738790378939,0.11041783654736056,0.14781966768585325,0.08200974987376028,0.10928262806416282,0.01497026750807754,0.011091194428863015,0.11406172248716037,0.12809917821136874
394,True,0.08790512961122338,0.0173098110195281,0.1114369024751218,0.4040725026394354,0.21072289497955676,0.03350508642518756,0.03350508642518756,0.03350508642518756,0.033114376832647875,0.743491291174446,0.0019598040306685327,0.08448235172011898,0.08916058536969393,0.8455730267504746,14.67360006809761,0.0048245814557593405,0.01033094817664854,0.00756233891098583,True,True,True,False,True,0.0,False,0.0,False,False,0,True,left-skating,0.0016481330094393343,0.2075947310068824,0.14438078165125456,0.08204321423529884,0.16126517983763525,0.017290423296300678,0.033892951885881026,0.02077827634083223,0.02293066844345942,0.11059256217474173,0.14751097604776267,0.080952227555326,0.10929758195336212,0.014591074909287436,0.010939224384533314,0.1145775996650495,0.12784460039196677
395,True,0.08768084668609927,0.016583786408292146,0.11137986677870164,0.40295745140609873,0.21230526364459315,0.03353932565806999,0.03353932565806999,0.03353932565806999,0.03314877094332874,0.743491291174446,0.0019598040306685327,0.07952314168187335,0.08099301876996608,0.7932684353127393,4.643165508864571,0.004964875355484114,0.011174280769973564,0.007841826880500984,True,True,True,False,True,0.0,False,0.0,False,False,0,True,left-skating,0.0016698240069672465,0.2076225711137841,0.14405896495364195,0.08191658938440326,0.16181647035949195,0.01663190798487334,0.03457300583808292,0.019333413888737036,0.0219581477998827,0.1107099088825034,0.1472618584833002,0.07983444095858898,0.10946732776830334,0.01423278846236496,0.01081079548218389,0.11506916781808776,0.1275961877993585
396,True,0.08748562963491525,0.0159366844379964,0.11133527803388821,0.4021565544885614,0.21619325903572184,0.03357480887306724,0.03357480887306724,0.03357480887306724,0.0331843158396062,0.743491291174446,0.0019598040306685327,0.07487719861978204,0.08268004304418275,0.6857117263037588,5.0655212273327,0.005177082373683746,0.011914998145580514,0.008165374127799278,True,True,True,False,True,0.0,False,0.0,False,False,0,True,left-skating,0.0016378329892177135,0.20766335138039746,0.14371992982204354,0.08189753990968095,0.16241645198488983,0.015970391484567217,0.035210605037884445,0.018003525291588295,0.021141350471945153,0.11080428249664537,0.14703450196093032,0.07859145238348977,0.10980730145020814,0.013893447199044917,0.010708414789407232,0.11553840482833648,0.12736912366758488
397,True,0.0872858399433294,0.015403111573519845,0.11124674939993258,0.4013512638022142,0.22131400598877965,0.03361065381170689,0.03361065381170689,0.03361065381170689,0.033220400110255,0.743491291174446,0.0019598040306685327,0.07084429348786836,0.08864683418809054,0.5584206448279941,7.253458798624334,0.005389312286409695,0.01251907478797214,0.00808551457225676,True,True,True,False,True,0.0,False,0.0,False,False,0,True,left-skating,0.0016343260067515075,0.20770357646164977,0.14335022900560274,0.08181683861793235,0.16300554649738402,0.015363914314045747,0.035662144511454115,0.01688352369620155,0.020523139443638726,0.11085474104715487,0.1468428507893145,0.077132619289342,0.11001763578874293,0.0135729447686496,0.01063283838558951,0.11599496768445745,0.12721592879211063
398,True,0.08706374714586036,0.014930405294729235,0.11110819442957076,0.40028579654176144,0.22342185607550558,0.03364823331038959,0.03364823331038959,0.03364823331038959,0.03325798943340304,0.743491291174446,0.0019598040306685327,0.06713459013244694,0.09646378247517456,0.5392634733115578,6.38493051762735,0.005633192753666708,0.01342869890008423,0.007902085598023318,True,True,True,False,True,0.0,False,0.0,False,False,0,True,left-skating,0.0016488140099681914,0.20773681133498506,0.1429591642732505,0.08160328775445463,0.16352591062945634,0.014787413105157349,0.036001020316318175,0.015880650929839965,0.020011526106539754,0.11088510786959625,0.14666812704596718,0.07559989450132107,0.10998705682383743,0.013264903223209145,0.010564540919328076,0.11644482274262334,0.12709971675788176
399,True,0.08681744851130471,0.01446441700868898,0.1109351256788433,0.3988123575266212,0.22181433926903277,0.033688065327212025,0.033688065327212025,0.033688065327212025,0.03329771792391838,0.743491291174446,0.0019598040306685327,0.06344658773142318,0.10737226137126582,0.5059420026893955,4.317563957948992,0.005980536356337945,0.014385915573849625,0.007768229994742905,True,True,True,False,True,0.0,False,0.0,False,False,1,True,left-skating,0.0016543749952688813,0.20776979503711893,0.14245904602858084,0.08138936413351001,0.16397605059066214,0.014270397525215554,0.036416301772929885,0.014888790291552045,0.01951479786910271,0.11087153385776927,0.14653548766550073,0.07400548527651461,0.10966685861133435,0.012965090613982821,0.010488989260118348,0.11688601390497513,0.1269751737420081
400,True,0.08657308572316358,0.014029214582209485,0.11075437610348161,0.3971490348272289,0.21909079235580325,0.03372984141413758,0.03372984141413758,0.03372984141413758,0.033339909614451955,0.743491291174446,0.0019598040306685327,0.059956547955349215,0.11904897089707929,0.4377644340002371,8.483380653612697,0.0063712949740135335,0.015259701851780584,0.0072289219563330415,True,True,True,False,True,0.0,False,0.0,False,False,1,True,left-skating,0.0016728390182834119,0.2077992073708095,0.14183841893219917,0.08136269980692894,0.1642969847819013,0.013898867967155367,0.03694131145349013,0.01397144019405834,0.019061246046243725,0.11083871588308104,0.146414723647125,0.07233283646446133,0.10914705570664705,0.01267112101405384,0.010413051074482038,0.11731633926885933,0.12686535195912138
401,True,0.08635666916037259,0.013647809284762741,0.11059295578557589,0.3957599736635544,0.21768267161332752,0.03377543371357051,0.03377543371357051,0.03377543371357051,0.03338483702860978,0.743491291174446,0.0019598040306685327,0.05653917533661069,0.12725919157722784,0.352318457617869,7.917456133946883,0.006729261314878646,0.016207912862718065,0.005573705827846718,True,True,True,False,True,0.0,False,0.0,False,False,1,True,left-skating,0.0016527619736734778,0.20784334933555182,0.1411780306679434,0.08138692666812247,0.1646086773909999,0.013598969599961243,0.037609087604126054,0.013187933935273514,0.01866991687719557,0.11079311555815169,0.14633515565487787,0.07051020064067808,0.10879460221347158,0.012392357060911782,0.0103410292656701,0.11771916034060115,0.12673819375242543
402,True,0.08610558761023833,0.013293679101215011,0.11037622377991275,0.39420997486419507,0.21398560249848375,0.033824019926702906,0.033824019926702906,0.033824019926702906,0.03343285004817972,0.743491291174446,0.0019598040306685327,0.053124861741016494,0.13757389793864888,0.5037017816957619,8.48247227604799,0.007208411309173607,0.017421295711994234,0.0046209247849607485,True,False,True,False,True,0.0,False,0.0,False,False,2,True,left-skating,0.0018280429940205067,0.20788373856680223,0.14047177337741262,0.08136462007935465,0.16480869030415804,0.013263720381955573,0.03806724405839792,0.012411605910685974,0.018369167244828073,0.11080528564595103,0.1462008111253948,0.06865453744640579,0.10829665157295017,0.012120196904384452,0.010273746344961542,0.11811087152421289,0.12658674127595732
403,True,0.08577467685981341,0.01294160769495954,0.11005236658143135,0.39214806721108747,0.20622652565360033,0.03387847766202398,0.03387847766202398,0.03387847766202398,0.03348801656958337,0.743491291174446,0.0019598040306685327,0.04945926559690861,0.1528164610594889,0.6330887917299934,8.76289198776588,0.00783360569330652,0.018951567298338554,0.0036278142476735397,True,False,True,False,True,0.0,False,0.0,False,False,2,True,left-skating,0.0030099930008873343,0.2079062986732682,0.13969036816254285,0.08135088194926733,0.16470944575685798,0.012845587424493713,0.03821745189832296,0.011600027073606965,0.018130531654429047,0.11086703876616523,0.14597922064354157,0.06662504939291543,0.10757419053226287,0.01184141981439781,0.01019445223740434,0.11847721674776447,0.12638564902977342
404,True,0.08542972117002591,0.012649150750449926,0.10968991130988458,0.3901530756601499,0.19783033568222697,0.03393636673011005,0.03393636673011005,0.03393636673011005,0.03354726732914553,0.743491291174446,0.0019598040306685327,0.045608607989373384,0.17535911107188473,0.9835279380389916,12.944674493015048,0.00866145888078928,0.021121366211694668,0.0030429173190890087,True,False,True,False,True,0.0,False,0.0,False,False,2,True,left-skating,0.0029439780046232045,0.2079379434097345,0.13889658445543715,0.08160278078494171,0.16451838831219515,0.012475152976483092,0.03777366527533329,0.010846147459444839,0.018082894184154583,0.1110911800973282,0.14556014071616485,0.0646439785562939,0.10679855148368916,0.011559440467007373,0.01010812089119291,0.11881815134667285,0.12616241830434113
405,True,0.08508172789495713,0.012396373466265188,0.10931017937118777,0.3884575485488962,0.18931567433500973,0.03399990191868328,0.03399990191868328,0.03399990191868328,0.03361192416519916,0.743491291174446,0.0019598040306685327,0.040743716081171444,0.2083777696444532,1.2218780228838744,10.49871501819018,0.009431736455724234,0.02397717339317293,0.0019266306157966217,True,False,True,False,True,0.0,False,0.0,False,False,2,True,left-skating,0.002931684022769332,0.2079821044456384,0.13803257299025146,0.08215426112201772,0.16429507049986902,0.012218553605914624,0.0371296141348853,0.010178060778245405,0.01809543587943094,0.11132299630766235,0.14511566536777265,0.06249857642623159,0.10624727345447744,0.011284032890844174,0.010027964316540234,0.11904268921028408,0.12568277488924887
406,True,0.08471376372186382,0.012255822187027428,0.10886641090014261,0.38675732648276645,0.18250692288920398,0.03406819729393329,0.03406819729393329,0.03406819729393329,0.03368156081254525,0.743491291174446,0.0019598040306685327,0.03588544810647587,0.25106725334818103,1.4927693386737013,12.086964533537865,0.010283033369708568,0.02539858321910852,0.006016735187422001,True,False,True,False,True,0.0,False,0.0,False,False,2,True,left-skating,0.002975748007884249,0.20803150804993273,0.13696704965189743,0.08280039593686381,0.1641105640766609,0.012037636067171495,0.03598748571852266,0.009795732377048201,0.01825984396437571,0.11167935655199647,0.14451102324858667,0.06042686798278917,0.10546557564919826,0.011007206779860928,0.00996050562682488,0.11920404091960833,0.12517542694848344
407,True,0.08425345146507368,0.012188178806230224,0.1082752090180215,0.38375327034861584,0.17539905833309186,0.03414292527331578,0.03414292527331578,0.03414292527331578,0.03375939915194537,0.743491291174446,0.0019598040306685327,0.03085240166420533,0.3012612526488365,1.7221511001154928,15.297196113462437,0.011676987856845369,0.024218282789029866,0.011114228984328574,True,False,True,False,True,0.0,False,0.0,False,False,2,True,left-skating,0.002924500993685797,0.2080297134139753,0.13559805739771116,0.08356193644953486,0.16369489154455166,0.012081723105267573,0.034607756059459094,0.009656639096829026,0.018476376376909794,0.11202097055415287,0.14376203312513158,0.0580636854318327,0.10396774769814585,0.01071394317420137,0.009905756576980706,0.11931444721837213,0.12459954621812337
408,True,0.0836173645220141,0.012187551834413671,0.10742730208454755,0.3781202096056861,0.1659218946917389,0.03423571058307987,0.03423571058307987,0.03423571058307987,0.03386023137879845,0.743491291174446,0.0019598040306685327,0.025684153351975825,0.36397256693286745,2.1530171594394494,22.838092448784632,0.013526042149595156,0.029722028057939758,0.021539227115432318,True,False,True,False,True,0.0,False,0.0,False,False,2,True,left-skating,0.0028711300110444427,0.2078543119221276,0.13384147414238756,0.08427441154316587,0.16222758386612596,0.01274654498964903,0.03314145538942491,0.009809319615715946,0.018690897327543265,0.11224511993539853,0.14280423262107092,0.05576796355789773,0.10096963420992186,0.010399636628502353,0.009850353765893128,0.11930960940876956,0.12394528342863126
409,True,0.08286490967918696,0.012776451852200266,0.10622772895484918,0.3665494924460815,0.16554812337067076,0.03402138639680984,0.03402138639680984,0.03402138639680984,0.03366838454076048,0.743491291174446,0.0019598040306685327,0.018308583880026097,0.3775669250058931,5.001272417245898,158.42707375723833,0.016115169588225092,0.020205443146574385,0.05365728104462241,False,False,False,False,False,0.0,False,0.0,False,False,1,False,none,0.0028800170111935586,0.20710736599995505,0.12934806689938,0.08507136415197765,0.15661399658263864,0.014954741385301989,0.0330488562304456,0.009991465714952727,0.019365374822689047,0.11234509580270774,0.14218690875205361,0.053723816024081494,0.09871239664349545,0.010766863637864608,0.010982103233294686,0.11886822349568642,0.12275191549046668
410,True,0.08200417709015806,0.013372144960602805,0.10488152113334315,0.3521708402678919,0.16696302405450425,0.03370416566535211,0.03370416566535211,0.03370416566535211,0.03337759999496907,0.743491291174446,0.0019598040306685327,0.011393603476051561,0.5289175718449464,10.394978638265588,232.7637632700326,0.018531730794956118,0.02196438720296487,0.09323477157778975,False,False,False,False,False,0.0,False,0.0,False,False,1,False,none,0.0029004350071772933,0.20584042332067265,0.12471147861787604,0.08739581429943621,0.14859998887770215,0.019045311036752458,0.03206797577224954,0.009492825673337766,0.019977871141137905,0.11103902535277231,0.14251484077714416,0.052194203158080085,0.09573843664382949,0.01184544257120353,0.01217244045673202,0.11789969795290896,0.12153105779069362
411,True,0.08109699357108556,0.01516383685579618,0.10307471247618201,0.3364687606804195,0.16193249359745598,0.03180918863506181,0.03180918863506181,0.03180918863506181,0.0315411195292661,0.743491291174446,0.0019598040306685327,0.012273668925766978,0.7095400531455777,9.612346011028414,204.24600427694313,0.019610941207432953,0.3004788197512937,0.0866877542873306,False,False,False,False,False,0.0,False,0.0,False,False,2,False,none,0.001461879990529269,0.20428163145430783,0.12131147771461477,0.08959237994032389,0.13680799302138125,0.028157053068049675,0.028034942623064912,0.0037251130137049573,0.023696639266291123,0.10791898201440313,0.144075791471214,0.04497262143334825,0.09162331547161592,0.018745674279566325,0.01448792086362231,0.11713684499929235,0.12298351650256807
412,True,0.08233322363751945,0.023016523289230643,0.10210545708694903,0.3296228070376999,0.20721630206102581,0.029530125992700874,0.029530125992700874,0.029530125992700874,0.029318834084059258,0.743491291174446,0.0019598040306685327,0.026709759555651358,1.2717104954662735,18.057074201052856,311.89469822384706,0.02529105919671408,1.0074073563958752,0.10304632039161575,False,False,False,False,False,0.0,False,0.0,False,False,2,False,none,0.0014633230166509748,0.20281050795834638,0.11943704861366221,0.09154564341641387,0.12218445734112715,0.04446032126794945,0.022088166359922445,0.013959707753539045,0.029266515730862457,0.10260427107184467,0.14707425330428628,0.037435868732402025,0.08622468655522542,0.029460769160273924,0.01937910051224714,0.1198863070668355,0.129513953355373
413,True,0.08841952181747396,0.03756686681656504,0.10537040681777693,0.3395367093521851,0.26742018993921857,0.02693179422418595,0.02693179422418595,0.02693179422418595,0.02677919793367359,0.743491291174446,0.0019598040306685327,0.05776496726912095,1.4913380833300234,10.35736612667394,432.7538460023794,0.03168392801423281,1.6874043640870122,0.05198868211716849,False,False,False,False,False,0.0,False,0.0,False,False,2,False,none,0.001452883007004857,0.2016722640620664,0.12029077651442352,0.0916154638334304,0.11255188869472926,0.061875731740521064,0.02220901483744216,0.03721987631464709,0.0419382771705915,0.09809881906418716,0.14958320724851454,0.054907155689697555,0.08450665136745193,0.0431035596016202,0.02800575417940138,0.1244711381260201,0.14266277063483904
414,True,0.09725106128651663,0.059292071688014175,0.10990405781935077,0.35327155058405535,0.2872831018465392,0.02378073995791833,0.02378073995791833,0.02378073995791833,0.023722304630607514,0.743491291174446,0.0019598040306685327,0.11199886876855181,1.4869300181183247,16.13769269944034,448.0538150305282,0.04010018963241631,2.6049890636652364,0.051447784902202205,False,False,False,False,False,0.0,False,0.0,False,False,2,False,none,0.0014607369957957417,0.20081266342218984,0.1242639893568617,0.09034008331276772,0.10895586699816262,0.07705566543344522,0.035114394850477466,0.06505083674380913,0.06657108878693146,0.09610168041741451,0.15072754814162137,0.07403120782276429,0.07724987211046469,0.05966075157707577,0.045885609644240336,0.11805850361704129,0.1661372183489987
415,True,0.10803478140655604,0.08499687494640275,0.11571408355994046,0.38076367309055065,0.3101579487136241,0.02197887223868445,0.02197887223868445,0.02197887223868445,0.0219762186435863,0.743491291174446,0.0019598040306685327,0.1869826856696919,1.5948902464747028,13.389886677640654,555.9979890107148,0.04950308760466576,3.4999881076645796,0.051373388785031865,False,False,False,False,False,0.0,False,0.0,False,False,2,False,none,0.001472559990361333,0.20084672796501213,0.13163035429888154,0.08618215647254428,0.11690213486407168,0.09338721942837361,0.053947656989813485,0.09647805849893744,0.10303333335450236,0.09455600485971116,0.15145773956237124,0.0886702121652887,0.07051574271119074,0.06250780196445993,0.07796830596771125,0.09898278947296528,0.20149026392906194
416,True,0.11938298978995773,0.10942784693400709,0.12270137074194132,0.4152446894849163,0.34725954560179917,0.02324580690175429,0.02324580690175429,0.02324580690175429,0.023217024004742612,0.743491291174446,0.0019598040306685327,0.24881822541905474,1.6009868178529545,14.850038431049533,289.0895309052928,0.05471138344623171,3.818501936417896,0.008371627880307526,False,False,False,False,False,0.0,False,0.0,False,False,2,False,none,0.0013734720123466104,0.2010582877730634,0.1396366293167196,0.0829251494134717,0.12996376616417216,0.11523257533964563,0.07621764936329824,0.13198743313661399,0.1428623358715425,0.09308735860898203,0.1527675572767605,0.09775020255218486,0.07023099162357334,0.05393790408368146,0.1089237146441904,0.07919675103310574,0.23434953043831877
417,True,0.12893538781279767,0.1290434230850739,0.12889937605537224,0.4381187092722762,0.38200076046268644,0.02772193171696623,0.02772193171696623,0.02772193171696623,0.027624950536950132,0.743491291174446,0.0019598040306685327,0.2640120641931829,1.5295433936145049,21.73542882509429,369.12409288137553,0.05840902224214542,3.7711958523668105,0.041115550317996255,False,False,False,False,False,0.0,False,0.0,False,False,2,False,none,0.001055599976098165,0.2008190063597639,0.14335009438598356,0.07975836289691399,0.1390809731500119,0.13590335052040312,0.10120590217278116,0.16423545293673528,0.17312117855335873,0.09250304065480892,0.1540624132094484,0.10048750672668251,0.06863223686588123,0.05679293101764888,0.12202412983255281,0.08290348781323371,0.24808613790855466
418,True,0.13391245645386599,0.13904691066295646,0.13220097171750247,0.44279742225959623,0.40161779938108,0.03318272238838453,0.03318272238838453,0.03318272238838453,0.033023439528157394,0.743491291174446,0.0019598040306685327,0.2338957775852708,1.558094817222286,24.82474167104998,309.1129902974127,0.059892751970544805,3.5357781575477416,0.05731796030526881,False,False,False,False,False,0.0,False,0.0,False,False,1,False,none,0.0008411740127485245,0.20000058065338414,0.14264034506697812,0.07372036579608314,0.1417518932681497,0.14932545414907014,0.12523306255614644,0.18124196583005087,0.19398242635806806,0.0930396416675814,0.15431165092625435,0.10344454279048684,0.06385172957400602,0.06687294904139668,0.11409030142231029,0.10041325215955536,0.23867914200233428
419,True,0.12754226566378646,0.12895918013299038,0.1270699608407185,0.4250490425598357,0.37002868373352554,0.03421640806836667,0.03421640806836667,0.03421640806836667,0.03389878120622945,0.743491291174446,0.0019598040306685327,0.1606909879094611,1.5780598737717402,18.60216064066723,595.3753962838625,0.0533443446052602,2.6580044125166644,0.18839209129599072,False,False,False,False,False,0.0,False,0.0,False,False,1,False,none,0.0008323570073116571,0.19820990817400685,0.13701373171087627,0.06499930821962772,0.13887189292292668,0.1448563292156591,0.13445244961778496,0.17070168136817845,0.20444235605161853,0.09545475029863085,0.15280161723747515,0.10455604355094221,0.06184082893452749,0.059443145295983005,0.08124953781618156,0.09135033767121091,0.20043233253495368
420,True,0.11109315350808469,0.0967438928379627,0.11587624039812534,0.37060160898165007,0.34546810724760724,0.029562503628084807,0.029562503628084807,0.029562503628084807,0.029078304786696468,0.743491291174446,0.0019598040306685327,0.049532974545487995,1.5087592235997302,39.52919655200959,1216.3559236121853,0.04781239468519619,0.42404431570676454,0.5241027445425636,False,False,False,False,False,0.0,False,0.0,False,False,1,False,none,0.0008385079854633659,0.1951396538670745,0.1229916610871769,0.0562040165631805,0.12024022458220716,0.13162139155422592,0.11867378726108851,0.14295633793851462,0.18993396874515814,0.0960020214249513,0.15064882247261036,0.09748178099365748,0.06461974175361267,0.024179144570985304,0.029906120097192717,0.10176954203248448,0.13512224118523444
421,True,0.1002319497027896,0.08133674429234473,0.10653035150627123,0.3300507027592686,0.30957840511572265,0.029591776581587154,0.029591776581587154,0.029591776581587154,0.029114248760605456,0.743491291174446,0.0019598040306685327,0.03662071166695213,1.4444904571711499,15.27288119572162,966.6861721032504,0.0424667109912462,0.05414160317759447,0.9804258006367859,False,False,False,False,False,0.0,False,0.0,False,False,1,False,none,0.0008404820109717548,0.19159417266448897,0.11473027829967204,0.04676908240448666,0.10516028142994391,0.1129691612824082,0.08935684055894692,0.12103616998154745,0.16218339827625694,0.09626048840152211,0.14726700889953037,0.08723129963135681,0.06948792087505305,0.018390257112257568,0.023737151799316996,0.1264586435723778,0.091079040055468
422,True,0.0930477653097319,0.07560304430497336,0.09886267231131808,0.3036492662265284,0.2886800672970054,0.030691955014230787,0.030691955014230787,0.030691955014230787,0.030115480211046045,0.743491291174446,0.0019598040306685327,0.08374789358729816,1.2936924411541242,17.843518209827227,497.79519209727357,0.03795623577286794,0.11763423768404017,1.175387172423873,False,False,False,False,False,0.0,False,0.0,False,False,2,False,none,0.0008345009991899133,0.18920894738662072,0.11174826843239002,0.040442193601587205,0.09643037838020001,0.08825696775751339,0.06724167710266829,0.09802142200177749,0.1370799992156501,0.09514533367972114,0.1449522334445318,0.0642292540551559,0.07329023764173755,0.0230226858307924,0.044288070171673445,0.1384317392367664,0.07697483701692481
423,True,0.08862449377020389,0.07080639655149307,0.09456385950977414,0.30043845948841935,0.3127894802028081,0.03206655187436172,0.03206655187436172,0.03206655187436172,0.03144500077382192,0.743491291174446,0.0019598040306685327,0.12365336375730807,1.0784853765787292,16.396957021538995,594.2587268938669,0.03523312834704339,0.1044749833349728,1.4500134709604098,False,False,False,False,False,0.0,False,0.0,False,False,2,False,none,0.0008301330090034753,0.18748823779412305,0.11626615095415488,0.03660694630551696,0.09471885070382273,0.06498561332538935,0.049740070665766425,0.0735118175872868,0.11754534788148292,0.09487928092263462,0.14277445179574852,0.0482226897277857,0.08110352455539815,0.030074644165464633,0.06209377657173792,0.14693016705480588,0.07105033031214318
424,True,0.08554631714767794,0.06455470967846172,0.09254351963741665,0.304160565120573,0.29484069935167584,0.03348907362291567,0.03348907362291567,0.03348907362291567,0.03287130403870219,0.743491291174446,0.0019598040306685327,0.14102594928804324,0.9669981471117164,12.43933193886548,280.14373050162857,0.034189329700032786,0.10838723383865019,1.6400992212136345,True,False,True,False,True,0.0,False,0.0,False,False,2,True,left-skating,0.0008353230077773333,0.18614464459686472,0.12135251726437284,0.03288178267231955,0.0968225534028283,0.05534644356924443,0.037645490064359584,0.058185377581100026,0.10073536213923434,0.09547664586872692,0.14075401053234493,0.039588736543311166,0.0862918016414173,0.031857355495142695,0.06744074349836983,0.14879777740633082,0.0694198320868792
425,True,0.07487873934482302,0.02974612167497738,0.08992294523477155,0.28256110624024444,0.26185957762865547,0.03542065141715352,0.03542065141715352,0.03542065141715352,0.034823896146910865,0.743491291174446,0.0019598040306685327,0.03294618914029401,2.258565071144124,48.74905319828823,1360.0549773109485,0.04543178127014531,0.30407691988621594,2.0823031449255156,True,False,True,False,True,0.0,False,0.0,False,False,1,True,left-skating,0.0032746840151958168,0.1851556584309899,0.11200935600745586,0.04454395268651194,0.09355586041678061,0.03645125509199209,0.018202170614352812,0.04995285635612135,0.03355561095249928,0.09573117967649945,0.1413575388817317,0.032928717981993684,0.08793354128185689,0.014162083584407134,0.02131393580688175,0.12574568395728647,0.10546042778980717
426,True,0.07408996521052323,0.025877244184198147,0.09016087221929829,0.27372130044301135,0.2584523214786236,0.03552987081246393,0.03552987081246393,0.03552987081246393,0.034947855641726214,0.743491291174446,0.0019598040306685327,0.003894265740029157,1.889194376731923,43.0114303016893,2299.739473173426,0.04089977260600257,0.10159376291548443,2.2860861419250305,True,False,True,False,True,0.0,False,0.0,False,False,1,True,left-skating,0.0035725389898288995,0.1852923405684042,0.1117008562241213,0.0423389567563231,0.09402405616670967,0.04138842652395171,0.012142482058869425,0.057936729123584656,0.01858803914075149,0.09495151491249436,0.14285245196496327,0.02992452239866757,0.0914673819887625,0.014312818645291006,0.01267138982716544,0.12089993431333988,0.11494754275497245
427,True,0.07139688974986726,0.016725247937509676,0.08962077035398645,0.24638460974935197,0.22997002213157983,0.03564053719885602,0.03564053719885602,0.03564053719885602,0.03509832248100222,0.743491291174446,0.0019598040306685327,0.00017078600410802558,2.8452964139352948,40.08897446187592,1327.7450087190107,0.04583419425171696,0.061581269379922546,2.5141969947883416,True,False,True,False,True,0.0,False,0.0,False,False,1,True,left-skating,0.008997748023830354,0.18571810380719259,0.1086805676949649,0.039183286804858115,0.09538016840333383,0.030098262040994427,0.022729455836931485,0.027561144671982816,0.013678168578083355,0.09460157379835626,0.14422404445608222,0.028649151661755932,0.09126384776929726,0.013299107525011114,0.012362570974961424,0.1200451970754843,0.114875584898586
428,True,0.07027546101170126,0.014413492966271766,0.08889611702684441,0.23305082534805047,0.20289685565416923,0.03556709326883498,0.03556709326883498,0.03556709326883498,0.03505710110264729,0.743491291174446,0.0019598040306685327,0.007939902542886124,1.9133018316636834,52.72018255424786,2547.505057989681,0.045198519487098604,0.05461329694314858,2.7675608093947175,True,False,True,False,True,0.0,False,0.0,False,False,2,True,left-skating,0.008954226010246202,0.18623234845050365,0.10511048663477247,0.039618394147048784,0.0927452077661471,0.027127275820907227,0.025168534123041767,0.014391933714679825,0.016203741037659508,0.09460810941545857,0.14539699349056895,0.032818160101020545,0.0856648696038783,0.012450142307508155,0.014608154805239575,0.12029608787799613,0.11196693689078938
429,True,0.070027373880307,0.01419718755261477,0.08863743598953773,0.2283086154395818,0.1777312238923749,0.03534984808758755,0.03534984808758755,0.03534984808758755,0.034889252637964795,0.743491291174446,0.0019598040306685327,0.00980952212805297,1.9266621254334515,21.055411598662996,1163.2114498094204,0.0472444066038603,0.05632133500530497,2.9351943319763634,True,False,True,False,True,0.0,False,0.0,False,False,2,True,left-skating,0.00900748698040843,0.18719592018410208,0.10216706268147842,0.04251436673421215,0.08955647578843565,0.024977207713061125,0.026035736759890883,0.012200041200260772,0.01626690540096657,0.09470965423927959,0.14660122182394125,0.03969725511535181,0.07933268256908178,0.012199545404289134,0.0161222582049426,0.12000266850266485,0.11085897976295342
430,True,0.07036722155528718,0.01422028920828721,0.08908286567095386,0.23067216062632456,0.16859249204414006,0.035154339505399514,0.035154339505399514,0.035154339505399514,0.03474066750046543,0.743491291174446,0.0019598040306685327,0.0045938355887849,1.5591448867479678,23.225685314599534,865.1617752871933,0.048245468023059894,0.04297144169006265,3.002668238136852,True,False,True,False,True,0.0,False,0.0,False,False,2,True,left-skating,0.0045358240022324026,0.18833144580443956,0.1007791285396699,0.04199910595620768,0.08993443785284405,0.02683179877590337,0.030365405418362402,0.011191756888293242,0.016471130991189128,0.0957154939807389,0.14688310775552008,0.0442349151724669,0.07364220731816563,0.012237662312655355,0.016980606641011114,0.11927182162393234,0.11100551985319548
431,True,0.07018012721393621,0.013679398968317573,0.0890137032958091,0.23128647093014068,0.17316485546754135,0.03490080335642521,0.03490080335642521,0.03490080335642521,0.03456520159900507,0.743491291174446,0.0019598040306685327,0.003843979694671873,1.9052626026833024,21.716579345406267,1102.056332413148,0.04879676602154681,0.045753076948924026,2.962652768817034,True,False,True,False,True,0.0,False,0.0,False,False,3,True,left-skating,0.007301414996618405,0.1896291665769193,0.09984499267928587,0.04477453779599009,0.08849101741418593,0.024348602539184333,0.031072539595395104,0.010432208628608114,0.01536788125629578,0.09750124702012958,0.14599768379704653,0.05150490411204576,0.06485158137701667,0.01192737859312608,0.01699012739524032,0.11912013572246741,0.1110280309200426
432,True,0.07018385922451967,0.012681217629822722,0.08935140642275198,0.23948885043402265,0.19371544547163097,0.03477217228009985,0.03477217228009985,0.03477217228009985,0.034508463708234356,0.743491291174446,0.0019598040306685327,0.008305131054392456,1.9891615818086852,14.96526412325341,534.4665023932312,0.04794286479167012,0.04616698749342517,2.823269740923438,False,False,False,False,False,0.0,False,0.0,False,False,5,False,none,0.00890555398655124,0.19156224801144722,0.09978934258638401,0.0507487335565036,0.08907360086146872,0.022493395014596674,0.03280402678161827,0.009349101040828539,0.014775175155454012,0.09881173110834233,0.14527098793843482,0.056568580821895253,0.05332267283210103,0.011642242831863936,0.014958351491144398,0.11948660649421661,0.11228495106601526
433,True,0.07042833938703581,0.012073638070095143,0.08987990649268272,0.2522147865161991,0.22541594810332805,0.034739031118758125,0.034739031118758125,0.034739031118758125,0.03452994755359044,0.743491291174446,0.0019598040306685327,0.0191763160356353,1.9176666599340029,16.01923826139814,577.2944222359797,0.04593471161294083,0.056374951263064944,2.6040899236747364,False,False,False,False,False,0.0,False,0.0,False,False,3,False,none,0.008971628994913772,0.19300815559992987,0.10004773785821541,0.05810136747026524,0.08930757699500733,0.02249420637097103,0.03308798288573054,0.009748748232656439,0.0141488086918652,0.10207182075478827,0.14212963150588304,0.06339648666122734,0.04126574400128897,0.011500810349574868,0.012896185006284061,0.12061807769830131,0.11303009011058417
434,True,0.07119701688736584,0.01212796984471498,0.09088669923491612,0.2651947483441319,0.2665848813422874,0.034793370675590775,0.034793370675590775,0.034793370675590775,0.03460696428686466,0.743491291174446,0.0019598040306685327,0.018317435688898657,1.9222919591074408,20.19732703729047,289.18043344564694,0.042588438573586386,0.04837923214475831,2.2629775258644638,False,False,False,False,False,0.0,False,0.0,False,False,2,False,none,0.008927164017222822,0.19337922653735287,0.09967393111139188,0.06580443107570809,0.08737553914834233,0.020969607104964615,0.03451209114948741,0.011809836135158226,0.013309598480415179,0.10757060360390173,0.1365817720273087,0.07040874176310495,0.0398188544142293,0.011310281957312067,0.012082162805974458,0.12068187419765576,0.11386371868554593
435,True,0.07255009211183788,0.01538696902861502,0.09160446647291216,0.2794889995568359,0.2888921246405428,0.034776290119616415,0.034776290119616415,0.034776290119616415,0.03460303556037107,0.743491291174446,0.0019598040306685327,0.017494954738355824,1.3429453095972368,28.653830390604462,1023.7161371235022,0.03808379696058066,0.07528446154807804,1.9002222248415674,False,False,False,False,False,0.0,False,0.0,False,False,2,False,none,0.003280184988398105,0.1939140320549094,0.0997206376193844,0.07113366854514294,0.08688413484051337,0.014968191368165639,0.040351696053238156,0.02412863225796672,0.013858160753183493,0.11117404394139019,0.1345479359719481,0.06966031275324203,0.043232559938276426,0.011369219061486545,0.01219186404182333,0.12006661591228036,0.11359976867645488
436,True,0.07525517786026831,0.02232474083186168,0.09289865686973718,0.299313449845694,0.28043262735044083,0.03431029322105158,0.03431029322105158,0.03431029322105158,0.034129854502180916,0.743491291174446,0.0019598040306685327,0.021048409442349758,1.070323044118783,26.059345271643686,803.2946721691983,0.034631946835494365,0.24199006848908539,1.37913403566299,False,False,False,False,False,0.0,False,0.0,False,False,1,False,none,0.0016591130115557462,0.19408478657890188,0.09964329636741437,0.07353542231017615,0.08396595488426842,0.016067086560918303,0.04511288384707307,0.03850424330929396,0.023303965038878403,0.1122836307659827,0.13533384231412984,0.07018070879164713,0.05069428347829186,0.013421911132107682,0.014068843847166664,0.1190384393573213,0.11484354718072115
437,True,0.0770814664879447,0.02733191140374392,0.09366465151601162,0.3020076740382256,0.25123659305611135,0.03336028510813131,0.03336028510813131,0.03336028510813131,0.03312402638361865,0.743491291174446,0.0019598040306685327,0.035861636840822,1.3461536042220847,24.943106406440165,518.3385384135884,0.03190763428810048,0.7002731927920189,0.8097472726492524,False,False,False,False,False,0.0,False,0.0,False,False,1,False,none,0.0016495059826411307,0.19388790607587472,0.0994742617087278,0.07302209384328633,0.08257432795008289,0.014259956850519727,0.042623832163381725,0.04203465057169026,0.032926365860602186,0.11078892210981574,0.13850333693770558,0.06840528019548966,0.06503365139687156,0.018373478589208084,0.01599315059347516,0.1191558176593173,0.11624643130106638
438,True,0.07806675366195068,0.030684043923705218,0.09386099024136584,0.29578295449167974,0.22575010925331512,0.03305367625164409,0.03305367625164409,0.03305367625164409,0.03275069339628386,0.743491291174446,0.0019598040306685327,0.05258153739329696,1.591122321610343,18.311212950553692,416.76744382003767,0.030918233777148713,1.1390687410622777,0.2720222678815457,False,False,False,False,False,0.0,False,0.0,False,False,1,False,none,0.0016456680023111403,0.193352905935107,0.09811095131805969,0.07161596050517649,0.08303997906197719,0.01784037327786564,0.03407988560202844,0.0408239899859066,0.042049048828336905,0.10806373803051882,0.14244073841743665,0.06393960768840756,0.07769443667698153,0.023073524790225026,0.01678961209035234,0.11912774156977633,0.11702556481305473
439,True,0.0777857101551934,0.030302527420756304,0.09361343773333908,0.2931757347489822,0.21329860957064442,0.03329997904909234,0.03329997904909234,0.03329997904909234,0.032948875681194305,0.743491291174446,0.0019598040306685327,0.05534259999653601,1.4188656417440322,13.46491869678265,588.9031041481747,0.03160983492212006,1.5750851292843209,0.04863676824969546,False,False,False,False,False,0.0,False,0.0,False,False,1,False,none,0.001633986015804112,0.19276007098958675,0.09696524177301148,0.07134189155987723,0.08331052119923262,0.023905363951519893,0.028941167259919853,0.037593781403175104,0.0448740835944939,0.10530738842161265,0.14545530924052294,0.05847601176693956,0.08071498600645292,0.02301994959390974,0.015722295091446473,0.11957392871968966,0.11660937191170344
440,True,0.0769328746170331,0.02666121507289513,0.0936900944650791,0.29146538736134414,0.20419383273088218,0.033781454242767,0.033781454242767,0.033781454242767,0.03340363985263671,0.743491291174446,0.0019598040306685327,0.04676943005868384,1.0801001551289047,19.348468377802273,364.25718503636807,0.03234396523767506,1.8582483947091084,0.0683091825797722,False,False,False,False,False,0.0,False,0.0,False,False,1,False,none,0.002026800997555256,0.19249665281757272,0.0964103819908991,0.07175233617638548,0.08324419034124399,0.027251424923201432,0.031025645457832107,0.032848075456174124,0.04029222435891233,0.1027070151633372,0.14763449061156145,0.05734217652482448,0.07856474419152108,0.01956174430812598,0.013942816168368087,0.119883041485635,0.11596903389693532
441,True,0.0766890465811066,0.022484272232971707,0.09475730469715156,0.2911087525958005,0.19900687184003035,0.03420786385247702,0.03420786385247702,0.03420786385247702,0.033832372315728186,0.743491291174446,0.0019598040306685327,0.033702823719270025,0.9435965050383351,21.51936357462135,273.0698771579428,0.03324425691031154,2.047233974420209,0.04997990012198061,False,False,False,False,False,0.0,False,0.0,False,False,1,False,none,0.0016670680197421461,0.19297942882988509,0.0971171505782823,0.07580757726468751,0.08274863361317399,0.02897048341807774,0.036613603988371844,0.024932527485933997,0.03655146001023896,0.1004090562059044,0.14969599173886264,0.058999217203820634,0.07911353221002568,0.01586219981330167,0.012590901622412208,0.11897844313776935,0.11565453817695781
442,True,0.07492347611157794,0.016821686622792206,0.09429073927450653,0.2850177632359917,0.167194373549726,0.03412684698488107,0.03412684698488107,0.03412684698488107,0.03382316895953418,0.743491291174446,0.0019598040306685327,0.03428564380378618,1.6300874913907202,29.442958572970255,441.346227503564,0.03746339551830974,2.150597150674678,0.039243978403816694,False,False,False,False,False,0.0,False,0.0,False,False,1,False,none,0.003316543996334076,0.1938851034397744,0.09868038055900615,0.08341084030363602,0.07896544606967505,0.029466363711528606,0.02634782221762405,0.016169248646833632,0.024477919844562684,0.09867999709511847,0.15123135752189873,0.0550497836760969,0.08329845399302213,0.014556121326247649,0.012083456673524859,0.11709866530537143,0.1153746574013263
443,True,0.07494569461009377,0.015814725426956524,0.09465601767113953,0.289329717337743,0.15626858019703693,0.03410541810067016,0.03410541810067016,0.03410541810067016,0.03386265208602319,0.743491291174446,0.0019598040306685327,0.048673382396345895,1.415634768469153,20.73068899605152,1147.1065418955143,0.03545033942961274,2.1163456845570883,0.0449430267112523,False,False,False,False,False,0.0,False,0.0,False,False,1,False,none,0.00341564099653624,0.19499208323785588,0.10043036757131939,0.09011195682277885,0.07718506537074844,0.03396665222562111,0.019450758316420878,0.01547943941026653,0.020280913469694215,0.09799844430808391,0.1515091827144895,0.052063344446847765,0.08782907914994036,0.015588822958674867,0.01190972586919048,0.11513756689258876,0.11519771099697945
444,True,0.07585951668261198,0.017695152019998744,0.09524763823681638,0.2994471907933793,0.15231472183114375,0.03413989243857315,0.03413989243857315,0.03413989243857315,0.0339460359548075,0.743491291174446,0.0019598040306685327,0.06924668954657796,1.4140069195995804,14.148917089414104,361.99453908575674,0.03346197513541802,2.0052886111255512,0.04568875366045415,False,False,False,False,False,0.0,False,0.0,False,False,1,False,none,0.0032783620117697865,0.1967175231949919,0.10266856452030622,0.09659486910062436,0.07823349360319022,0.03863502395787054,0.016046066742622347,0.020033853274263203,0.02016441933800832,0.09734707789596476,0.1517868662324355,0.04611293922983637,0.09172546369965313,0.019025868214379963,0.011556467253343493,0.11151427637536244,0.11558949428893886
445,True,0.07645345193376249,0.01668624882688382,0.0963758529693887,0.31398464826329747,0.1544844989790574,0.03484830844790481,0.03484830844790481,0.03484830844790481,0.03466190373607186,0.743491291174446,0.0019598040306685327,0.07216198608041435,0.9836186433360893,16.90438439220038,611.3746170277153,0.02907918040259997,1.8124116893766826,0.05137565942659384,False,False,False,False,False,0.0,False,0.0,False,False,1,False,none,0.0016391060198657215,0.19851434750845975,0.1054712470435723,0.10385276604088241,0.08313915918124581,0.04045732091113865,0.015342451951809832,0.016866503402691246,0.018737707746196423,0.09812666186233947,0.15049977880863077,0.04700847134947635,0.09009066053370776,0.02088657718131455,0.010254206977333053,0.10815801471035655,0.11584935573104499
446,True,0.07820383072464931,0.017937205207968144,0.09829270589687637,0.3315030646502858,0.13923998168959487,0.035195577605328994,0.035195577605328994,0.035195577605328994,0.03495538395100906,0.743491291174446,0.0019598040306685327,0.08323706513749518,1.0546479660598542,14.599550757049181,581.0774812022013,0.027992865264554332,1.8041074538236495,0.06819770505489613,False,False,False,False,False,0.0,False,0.0,False,False,2,False,none,0.0016595739871263504,0.19999664862719577,0.11277796056907513,0.11519423684478552,0.09331097825697006,0.046360076206131966,0.017963451577653024,0.016718149478465963,0.0195320826278443,0.09971648515892932,0.14814664276376946,0.04489514357085803,0.0832692954259313,0.025781494042538503,0.009717094683023812,0.10138671476021886,0.1164948370009982
447,True,0.0798155490680178,0.02015367139986942,0.09970284162406727,0.34100742755571145,0.1385436997451847,0.03488288546489033,0.03488288546489033,0.03488288546489033,0.034621152202741826,0.743491291174446,0.0019598040306685327,0.08266338262412763,0.5987347031857697,20.32577261862352,795.3423793833222,0.026868085940872873,1.8208839014458118,0.06827288206407336,False,False,False,False,False,0.0,False,0.0,False,False,2,False,none,0.0008315060113091022,0.20084493919615334,0.1185897135275609,0.12231912863127713,0.09803982339177365,0.049116072448390995,0.020437659374391064,0.014700554895626205,0.027415078385300214,0.10256926498705314,0.1451851390255076,0.05072291842611613,0.07196813024572656,0.027660274178699897,0.010838778139851363,0.09969745731289477,0.11694385292196197
448,True,0.08079268936589531,0.0254442043060007,0.09924218438586019,0.33910957261643687,0.1312094590136153,0.03347363301314304,0.03347363301314304,0.03347363301314304,0.03321083370367164,0.743491291174446,0.0019598040306685327,0.07486676385509194,0.7512144933205465,8.361471767206675,556.8553472489027,0.028268140206327813,1.8529643033977066,0.07183819750481173,False,False,False,False,False,0.0,False,0.0,False,False,1,False,none,0.0008558720001019537,0.20066926020889445,0.11912088099372298,0.1220247840124786,0.09600578968024676,0.049641984398148674,0.022691458670172058,0.022100743751768924,0.03506889206571048,0.10700512812807599,0.14135026831701572,0.05530637248153681,0.060966477650348086,0.028197551113906493,0.016409630292616894,0.09924584245499626,0.11687796563468579
449,True,0.08072770743882714,0.03014169640942227,0.09758971111529542,0.3302712055070056,0.11577634790118282,0.03252020046666332,0.03252020046666332,0.03252020046666332,0.03226473618705021,0.743491291174446,0.0019598040306685327,0.0625711990334179,0.9074193751799273,11.376620346357958,342.19126498059455,0.021599770653276208,0.9554235862203091,0.09759506601970365,False,False,False,False,False,0.0,False,0.0,False,False,1,False,none,0.0008445999992545694,0.1991091287878931,0.11369818420034278,0.11159277520460847,0.08715669299525879,0.0453298967404751,0.025506104503180083,0.03422670580965409,0.039561169608685276,0.1133794293147117,0.13556745572817336,0.0645447334661594,0.05203335757807456,0.027131729641646073,0.019647180577703628,0.1070812521669258,0.11607752269774195
450,True,0.07993855879423345,0.033309190569847005,0.0954816815356956,0.3140492827370107,0.12909075752083665,0.03185979773170727,0.03185979773170727,0.03185979773170727,0.03169108623798154,0.743491291174446,0.0019598040306685327,0.06095484224714687,1.0029826947916576,11.682643982447136,306.4528783596499,0.01706891246183977,0.16379360332396253,0.15418618190646077,False,False,False,False,False,0.0,False,0.0,False,False,1,False,none,0.0008552799990866333,0.1969262608448105,0.10883856968174564,0.09861080481950621,0.07932805172257147,0.04015833361628759,0.03045428096937449,0.04489822958275347,0.041051953635184144,0.12063832238839135,0.1280157673179979,0.07180909827853715,0.04377331087793711,0.025590020107572498,0.021696558953877915,0.1112323255532941,0.11599505235789363
451,True,0.07807972035684765,0.034078471494133726,0.09274680331108565,0.2947838246356716,0.10830188531292761,0.031344636573069705,0.031344636573069705,0.031344636573069705,0.031224632359611877,0.743491291174446,0.0019598040306685327,0.05398386530846122,1.0584286506501985,10.992918798705604,371.34805418142076,0.016649945773581042,0.05628509608507577,0.253817774216696,False,False,False,False,False,0.0,False,0.0,False,False,2,False,none,0.0008612220117356628,0.19460067792847824,0.10653667024248223,0.08759883019330639,0.07503245752399071,0.03392323055965298,0.030977273215422943,0.04526899030803904,0.043941768560808364,0.1255911075843472,0.12238508022464102,0.06903342459656318,0.03910124844108157,0.023461082460410357,0.023642044647277143,0.11289653839959107,0.11528510082347043
452,True,0.07645809901517915,0.028770631580564483,0.09235392149338405,0.28650773891348025,0.12417771836359967,0.03298515073562397,0.03298515073562397,0.03298515073562397,0.03279408775638409,0.743491291174446,0.0019598040306685327,0.05941729159231456,0.9392152263085168,10.209717296326607,465.55245568005864,0.01227814509987814,0.03610675901169258,0.39141853159192885,False,False,False,False,False,0.0,False,0.0,False,False,2,False,none,0.0008233400003518909,0.19345693502094316,0.10592657222539904,0.08643947763222007,0.07343320545067561,0.03365557880911443,0.029277442676702264,0.031126307635916617,0.04096410309482258,0.12655253625382865,0.1208927029304914,0.06945121308367089,0.04014713947454957,0.022308009302021505,0.020684106289497232,0.11143816304452739,0.11757609131848608
453,True,0.07616876436868569,0.02519070657066854,0.09316145030135808,0.2782073537313417,0.12555580064708224,0.03437824606998729,0.03437824606998729,0.03437824606998729,0.03413498326188132,0.743491291174446,0.0019598040306685327,0.07496497106262412,0.7568551856464266,13.749667833532309,264.97927173301815,0.009240427550589854,0.029165573828154243,0.3808703542192421,True,False,True,False,True,0.0,False,0.0,False,False,2,True,left-skating,0.0008172380039468408,0.19316983672615443,0.10447587878787683,0.08927254870664492,0.07471410288720898,0.037549825918900846,0.02861726011854863,0.02377480690976577,0.03527103085689223,0.1293491987746989,0.1182000936366014,0.073168825778394,0.03943589698900644,0.023532921177726613,0.018184067338289554,0.10780129949949607,0.1221826357927656
454,True,0.07632454559620971,0.023184135094941674,0.09403801576329905,0.27097623561901774,0.1341586920781953,0.03509712697234423,0.03509712697234423,0.03509712697234423,0.03481256776573497,0.743491291174446,0.0019598040306685327,0.08436217240538957,0.6388979703987411,12.39934840042763,186.810645910767,0.009389224126405828,0.027420091421376344,0.3577467138088646,True,False,True,False,True,0.0,False,0.0,False,False,2,True,left-skating,0.0008239109884016216,0.19350546661401175,0.10355462208836021,0.09225463409268807,0.07766368575382905,0.039694198629511034,0.025139598976871798,0.02392873910947909,0.028632900760989285,0.13169682833683566,0.11635550984897529,0.07862453145672087,0.037712104794934885,0.024158676494540354,0.01601622401475797,0.1052836380068724,0.1269713705599776
455,True,0.07674941682761754,0.021873719150321987,0.09504131605338272,0.27690168800770243,0.15616422784611997,0.03545098030392963,0.03545098030392963,0.03545098030392963,0.03514157374529318,0.743491291174446,0.0019598040306685327,0.08370500050398566,0.6239898691410748,9.550799019545453,157.88248194264438,0.010438543963273152,0.032949197226578256,0.36603213442142296,True,False,True,False,True,0.0,False,0.0,False,False,2,True,left-skating,0.0008285089861601591,0.1943624247868735,0.10396110966320979,0.09563574055407736,0.08140407281359632,0.038491665832161216,0.02244523998057733,0.026396977364376385,0.023478733372617338,0.13197681353991372,0.116455767483502,0.0844028604072931,0.03729674447313592,0.02340605681251647,0.014213109051777759,0.10452576888839618,0.12953758421785602
456,True,0.0775379367200126,0.02169229982064008,0.09615314901980343,0.29265433627759696,0.17942018073930371,0.03550435412059968,0.03550435412059968,0.03550435412059968,0.03519394048880185,0.743491291174446,0.0019598040306685327,0.0797202935195509,0.6435902031733367,5.739345289530449,153.373571628223,0.010436483282991503,0.03183911348918378,0.4017754396154216,True,False,True,False,True,0.0,False,0.0,False,False,2,True,left-skating,0.0008320560154970735,0.19546949138802108,0.10541544539807456,0.09834472877716736,0.08492916629038806,0.03536883813069337,0.022880814168650607,0.02924500345744563,0.021869398794481392,0.13128082211693173,0.11743675082613278,0.08973534534830543,0.037669350490269995,0.022402384617043334,0.01325241241358996,0.10441948674547753,0.13088754855752882
457,True,0.07850625855569585,0.022841160689759926,0.09706129117767448,0.30919669221761925,0.1907177715475269,0.03530735767011735,0.03530735767011735,0.03530735767011735,0.035015796542892545,0.743491291174446,0.0019598040306685327,0.07649132595337682,0.6262905511710908,4.2891905407574,126.72595321386038,0.009317493622306912,0.025662649496749314,0.45367487018388303,True,False,True,False,True,0.0,False,0.0,False,False,2,True,left-skating,0.0008491789922118187,0.196731302197088,0.10745273414073263,0.09990611129403092,0.08789231727474098,0.03128754405967271,0.023885887207488705,0.03214295318414021,0.0245794124831401,0.13075739324335575,0.118221542258013,0.09431920171447267,0.03750477097231306,0.021849933014069962,0.012792344077689439,0.10439439791959866,0.1323822918505867
458,True,0.07932592683970668,0.024157381668515235,0.0977154418967705,0.32506728100690485,0.19238252313490292,0.03498297922049429,0.03498297922049429,0.03498297922049429,0.034710667729107546,0.743491291174446,0.0019598040306685327,0.07365415734420555,0.57567809282403,4.31965676728099,71.33577072906826,0.008207774813988376,0.01986012860453822,0.41623722260863494,True,False,True,False,True,0.0,False,0.0,False,False,2,True,left-skating,0.0008366250258404762,0.19803300361255244,0.10938795276304478,0.10095465662348671,0.09042538097490785,0.026756458447678905,0.024058338235195743,0.03417481142823161,0.028233892744066232,0.1304713007180596,0.11890359176428195,0.09842064072027451,0.037318777838306706,0.021564660508184855,0.012656161993578252,0.10451877379888866,0.13333642726456796
459,True,0.08108797042111508,0.025311959005154188,0.09967997422643536,0.34371495026054005,0.19766133428265442,0.03489193701891322,0.03489193701891322,0.03489193701891322,0.03458297621178821,0.743491291174446,0.0019598040306685327,0.07156127229816311,0.41522504278803984,8.673374274202054,243.61218606766778,0.009157192233052485,0.023088637888778338,0.41075130551396116,True,False,True,False,True,0.0,False,0.0,False,False,2,True,left-skating,0.0008345420064870268,0.1990718943944202,0.11246353946679184,0.1067317579082821,0.09705289621766809,0.026682502272895984,0.02677136906541487,0.03490325040939297,0.03244921630242987,0.12966303634910273,0.1201597263764258,0.10206191973811206,0.038426206859972126,0.021880540907225587,0.012014828401568327,0.10432245980384162,0.1327523822642969
460,True,0.08310904025252414,0.02679463058261338,0.1018805101424944,0.35818526390536487,0.20921444787996027,0.03487614420421913,0.03487614420421913,0.03487614420421913,0.03452014896841115,0.743491291174446,0.0019598040306685327,0.07457150829037618,0.37448296173369616,5.571385130370035,154.8625622648722,0.010656265971920615,0.025408321040229453,0.48664117872317997,False,False,False,False,False,0.0,False,0.0,False,False,1,False,none,0.0008366749971173704,0.1999259020825198,0.11606935767927938,0.11284772335077639,0.10404485501083587,0.030869196878567803,0.02801923496059258,0.03656080746583722,0.03588624455008248,0.12860875083968445,0.1217933742766683,0.1047783554042801,0.039763773673800296,0.023194516345212128,0.011536953969321693,0.10333577370400991,0.13250982384891785
461,True,0.08478393270911762,0.028035380684004296,0.1037001167174887,0.36604596376210097,0.22147730346323516,0.03486345327668022,0.03486345327668022,0.03486345327668022,0.034464160420532165,0.743491291174446,0.0019598040306685327,0.0833140332140041,0.35413976049229035,3.690087792015129,121.13796803754552,0.011579916892451152,0.023246194632424947,0.5029782968072042,False,False,False,False,False,0.0,False,0.0,False,False,1,False,none,0.000833961006719619,0.20057618592619583,0.11898129015752452,0.11804500661887977,0.1086992260242205,0.03654313421841499,0.027476569219399193,0.03764498563835635,0.0375493616966254,0.12712900979877037,0.1239982639922513,0.10606935743892243,0.0420703053532378,0.025559669511151274,0.011387505889884152,0.10121061296430958,0.13360243889773787
462,True,0.08585790695264271,0.027199912413379154,0.10541057179906389,0.3770528272415927,0.2234852617861286,0.03503779200916186,0.03503779200916186,0.03503779200916186,0.03460001455834101,0.743491291174446,0.0019598040306685327,0.08750076935786799,0.4260211323212836,6.571300498923362,163.7690364728125,0.009908742053259475,0.021942642020214773,0.3584643412696701,False,False,False,False,False,0.0,False,0.0,False,False,1,False,none,0.002121530007570982,0.20108068952677946,0.12052904235522353,0.1213789500110243,0.11167753478086519,0.0414321708042802,0.026358273214064764,0.03611261218133986,0.03520425453396376,0.1249230739621053,0.12707168613400063,0.10644009291590736,0.0499301422079375,0.026742378809663746,0.010740404128549237,0.09974557485167945,0.13435963082489918
463,True,0.08583352350100909,0.025538977212654242,0.10593170559712738,0.3778341198909308,0.21157387945183836,0.03484720254119045,0.03484720254119045,0.03484720254119045,0.03440702804149408,0.743491291174446,0.0019598040306685327,0.09003869768542772,0.36644443670490023,5.610303326398751,257.17035946035514,0.007313511346322077,0.023856660411813915,0.03505503206698381,False,False,False,False,False,0.0,False,0.0,False,False,1,False,none,0.0008634459809400141,0.20143006504572747,0.12106882889469556,0.12350998368023355,0.11243008892701516,0.042734583955981446,0.026029767579274467,0.032352116383900786,0.03162646889103318,0.12306097557583062,0.1292990602778632,0.1034620989691231,0.054770868515559304,0.0275673921589426,0.01060993141674039,0.09849123444790912,0.13489291129631545
464,True,0.0847880465563737,0.024827713646975218,0.10477482419283986,0.36787404862652645,0.1939051338935225,0.03455275964997238,0.03455275964997238,0.03455275964997238,0.03413963963326315,0.743491291174446,0.0019598040306685327,0.09277889934688677,0.3222625844951067,6.158364717729725,152.0682822655385,0.008273862717387495,0.050395797282517044,0.026862012236553556,False,False,False,False,False,0.0,False,0.0,False,False,1,False,none,0.0008296919986605644,0.2014845392393264,0.11989484458812323,0.12368062256780248,0.11089499539385371,0.04317549623195441,0.02623085179044787,0.029491097854031617,0.030026209916475505,0.12122675007976576,0.1310485870110612,0.09282702669194064,0.0557218712738969,0.028427440487744527,0.011366106329649229,0.09658671394248482,0.1345255915034209
465,True,0.08263807105041794,0.02241653617553619,0.10271191600871188,0.3575088394437686,0.1844469090712036,0.034517647693221326,0.034517647693221326,0.034517647693221326,0.03415332249817094,0.743491291174446,0.0019598040306685327,0.08915096790525023,0.34485932224085636,5.903011228519967,202.38916388316872,0.008160011706242398,0.10614437710781789,0.014232665559747037,False,False,False,False,False,0.0,False,0.0,False,False,2,False,none,0.0008242510084528476,0.20130090147152094,0.11728128394767029,0.12111212396750437,0.10779726116133843,0.04059043920547862,0.02582385772521789,0.024422838669043493,0.027242556135573723,0.11808080247089481,0.1339961088862297,0.07777744528320735,0.059951915807088155,0.02726993977252655,0.010730810125000994,0.09534805090377203,0.13348280127461962
466,True,0.0800808695870014,0.019580738211632732,0.10024758004545764,0.34609825237145214,0.17706251898582037,0.03444163943605323,0.03444163943605323,0.03444163943605323,0.034136166834889944,0.743491291174446,0.0019598040306685327,0.08247763311772593,0.5050829942947286,7.6617118288496995,104.85194840057855,0.008069198002446555,0.1939211548966004,0.012145915996169139,False,False,False,False,False,0.0,False,0.0,False,False,2,False,none,0.0008256649889517576,0.2009874315107541,0.11463080433694436,0.11747401086194867,0.1039977505692834,0.03669888782092072,0.025024505921575832,0.01871756549817298,0.024902506495999652,0.11414907958798826,0.13715088863769126,0.06035219931807472,0.0655348124776188,0.02466670957811779,0.010036171274240507,0.09491794825874993,0.1320526412439417
467,True,0.07805818281332765,0.017845360318316475,0.09812912364499805,0.3370156103711552,0.18008719727841802,0.034306973171246036,0.034306973171246036,0.034306973171246036,0.03405127110804482,0.743491291174446,0.0019598040306685327,0.08125675355819227,0.6841695546114279,6.954245623470365,74.65196577382525,0.01020508035799933,0.3210284204300924,0.008744088857472144,False,False,False,False,False,0.0,False,0.0,False,False,2,False,none,0.00083085399819538,0.20068784256316763,0.11255962643487018,0.11540905466819265,0.10015519615834813,0.034061108924645415,0.02327167248855735,0.0143943148785645,0.02436581168210831,0.11021573323240239,0.13982996043926163,0.045309978519647784,0.07036105264957372,0.02265886554251295,0.009962449170080143,0.09421176770722388,0.13147648995408595
468,True,0.07655506875682169,0.017019690890763828,0.09640019471217431,0.3323554412296348,0.1715691596175579,0.034353407698582875,0.034353407698582875,0.034353407698582875,0.03413468893074777,0.743491291174446,0.0019598040306685327,0.08528502814483807,0.7930166361518031,5.075852772611253,116.82773422984933,0.01303301488185226,0.5263783097940979,0.0015336600531277525,False,False,False,False,False,0.0,False,0.0,False,False,2,False,none,0.0008439290104433894,0.20041858257217215,0.11077669381593261,0.1141047348277392,0.09660365208329831,0.03362358620004154,0.020327201539534427,0.011695104847731608,0.02545437353983445,0.10678058655922147,0.14161201059331036,0.034575600220754926,0.07300738693865964,0.02114443457651942,0.009784850598969823,0.0932674616000834,0.13170483959534376
469,True,0.07550351223227308,0.01689859468309339,0.09503848474866632,0.3302729955254678,0.1497420520079429,0.034599257825200486,0.034599257825200486,0.034599257825200486,0.034406818834890336,0.743491291174446,0.0019598040306685327,0.09018612481050892,0.7663802400277164,4.745195441371084,172.06640877903888,0.013936342143830653,0.7432118725247494,0.004917163770652409,False,False,False,False,False,0.0,False,0.0,False,False,3,False,none,0.0008195019909180701,0.20009772920872673,0.10866950516909503,0.11250849193827567,0.09306892196313818,0.03388201789910649,0.017999881076200736,0.010210461142124032,0.027782844806987617,0.10416841941202482,0.142524911755949,0.028022248683527706,0.07370214213792019,0.01989567251365487,0.009705400269607053,0.09370856946357259,0.13210897827645865
470,True,0.07401033815451857,0.015403900108235329,0.09354581750327966,0.3119241415035895,0.11280946271905075,0.03468436286881288,0.03468436286881288,0.03468436286881288,0.034479279402740814,0.743491291174446,0.0019598040306685327,0.07520876799359709,1.442723154891831,26.7969654010572,742.9765865618076,0.017080580442279295,1.0226149614189013,0.015357643945262393,False,False,False,False,False,0.0,False,0.0,False,False,3,False,none,0.004090900998562574,0.1997672643742851,0.10636713087604636,0.10935299159395949,0.09176558494840463,0.0298873620997164,0.014678612793556822,0.011340074383735157,0.02202786285336509,0.1031956060356322,0.1421141691446289,0.021606701592542497,0.07342554712025359,0.019548451382637336,0.008699211813203739,0.10148738407021671,0.1289014553901129
471,True,0.07332031947465277,0.016286087899140655,0.09233172999982348,0.29754386519714154,0.12314291167079217,0.03430369712942513,0.03430369712942513,0.03430369712942513,0.03415942851120782,0.743491291174446,0.0019598040306685327,0.07932717965626956,0.7334728183763883,38.218155119790765,1777.1092557079164,0.01726273576067215,1.2486613547671448,0.013212726520484483,False,True,False,True,True,0.0,False,0.0,False,False,2,True,right-skating,0.003246311011025682,0.19901637537433314,0.10470875490163427,0.10498892987211217,0.08469250447117842,0.027209718257685415,0.013341533210320278,0.013768036784885198,0.02291996363426311,0.10154704363933101,0.14388195538012422,0.020842608095214366,0.07555320563095733,0.019217474597547236,0.009238876579867075,0.10261290092063573,0.1295852302443555
472,True,0.07384707314415681,0.017293721011800836,0.09269819052160877,0.30005561241694156,0.1330660774476486,0.034236371112398155,0.034236371112398155,0.034236371112398155,0.034096946495022096,0.743491291174446,0.0019598040306685327,0.08662870922177812,0.7954114740474739,10.014796039420741,1109.391166268108,0.018698035509849224,1.4052649418265941,0.006868617218066466,False,True,False,False,False,0.0,False,0.0,False,False,2,False,none,0.003288199979579076,0.19885974102305412,0.10435535467194389,0.10627669404793258,0.08401628993815782,0.02842643805720759,0.013446146426571225,0.015803401508541162,0.02431139656294764,0.09976637264906837,0.14568671848074502,0.02057975579850358,0.07699672108616372,0.019501944731826818,0.009558141243887716,0.10366485005447469,0.13030320402548276
473,True,0.074587752874266,0.018825340053554063,0.09317522381450331,0.3045384578760856,0.14433590811885053,0.03416980045711676,0.03416980045711676,0.03416980045711676,0.03403472964419,0.743491291174446,0.0019598040306685327,0.09462758781950464,0.9082447623733387,10.084767218729464,178.3441526232449,0.019689756611560794,1.5343327620660492,0.004499871856821698,False,True,False,False,False,0.0,False,0.0,False,False,2,False,none,0.003275446011684835,0.19904413575656715,0.10480088457455213,0.10778017712684677,0.08350578604628227,0.029960694478353523,0.01334925779419399,0.018429571364229153,0.025542694338072422,0.098274608032475,0.14726174883109122,0.019672226919863783,0.07844148378609096,0.02134628075516966,0.009982813756745024,0.10486592574389984,0.1311457566838232
474,True,0.07396825807311501,0.014748628447107871,0.0937081346151174,0.3054316056576354,0.14287807507833056,0.03539126007389492,0.03539126007389492,0.03539126007389492,0.035303063981607395,0.743491291174446,0.0019598040306685327,0.0707692832671043,0.6235307540120989,13.910589944115426,549.1160280844273,0.01934630851074777,1.5481193501999175,0.010397858839522718,False,False,False,False,False,0.0,False,0.0,False,False,2,False,none,0.0008297619933728129,0.1984117515238217,0.10454468702924839,0.10593803112671586,0.08025202283871742,0.025528384583936255,0.012664516626318838,0.015621615153712791,0.020467374373934356,0.09925798344411244,0.1462713500637784,0.024636153685792878,0.08590259285574578,0.01606640604194519,0.006839118218839143,0.11265640170657651,0.12843373989664442
475,True,0.07404956257473488,0.01187765060516419,0.09477353323125846,0.31146291964692235,0.1447851663068914,0.035932050510930416,0.035932050510930416,0.035932050510930416,0.03585239128374477,0.743491291174446,0.0019598040306685327,0.047703986895154316,0.750750619987215,4.890212919661584,447.6533838857128,0.0201658445627077,1.6148102665243775,0.018436474198688137,False,False,False,False,False,0.0,False,0.0,False,False,2,False,none,0.0008288699900731444,0.1980816926034525,0.10453916939869494,0.10597712916442496,0.07931694787220277,0.022293788768462677,0.011965429098386528,0.01435186323368802,0.014852933199673044,0.10073893450041299,0.14489537620890033,0.03381705504829381,0.09229840590085807,0.01269899987327051,0.005606806114025182,0.11739671866850734,0.12596175154250452
476,True,0.0748694955915441,0.010817593798398698,0.09622012952259257,0.3201545146558683,0.14625308308429552,0.0358520537959822,0.0358520537959822,0.0358520537959822,0.035758007086449314,0.743491291174446,0.0019598040306685327,0.03048123877817943,0.7582279855909824,2.0126733080806156,129.28765030015845,0.019581589700276826,1.5519660963858917,0.009407695194378018,False,True,False,False,False,0.0,False,0.0,False,False,2,False,none,0.0008307840034831315,0.19795725147242854,0.10447214546725417,0.10683617739269204,0.07947365326335153,0.020109441389438043,0.013295738595680232,0.014495228363894268,0.011781078621089045,0.1020809192922705,0.14383904366632277,0.04593325619878855,0.09663912095187029,0.010668718028028913,0.006325350180582572,0.1200921091904002,0.12391269739061395
477,True,0.07575439378453114,0.011761004802399461,0.09708552344524168,0.3241575214306096,0.14689234681871743,0.03509473416410351,0.03509473416410351,0.03509473416410351,0.03495305684694847,0.743491291174446,0.0019598040306685327,0.025467688516097153,0.6500189768921794,4.485125643150684,135.70582361568378,0.018326264073691378,1.3604204345598918,0.0055328962761656145,False,True,False,False,False,0.0,False,0.0,False,False,1,False,none,0.0008450210152659565,0.19811158787007088,0.10447360027636522,0.1079730522238389,0.08049308261301003,0.019882792613093784,0.015377574644162737,0.01664512434539793,0.01121111751878742,0.10270092771482434,0.14374227011595556,0.05015163250985377,0.09874352491512838,0.011443168312485695,0.007744609032926798,0.12023639685191993,0.12313983899467684
478,True,0.07647001307177961,0.012813028567681364,0.09768900790647904,0.3286777317208413,0.15239291689499282,0.034487261995961666,0.034487261995961666,0.034487261995961666,0.03429560303431312,0.743491291174446,0.0019598040306685327,0.030291082881604314,0.5435030156804902,5.65306917761763,90.41262703046316,0.01572763583592873,1.0101749338849395,0.007284237359338086,False,True,False,False,False,0.0,False,0.0,False,False,1,False,none,0.0008285799995064735,0.1986825801925444,0.10449503139068271,0.10975786550334414,0.08287550389000312,0.021316548207198093,0.01730279752402736,0.01901004631163251,0.010459505372587302,0.10321645371346451,0.14393855932172542,0.04805438836924195,0.09992939115435893,0.013589256502808561,0.008193306083697078,0.11906841760272034,0.12363055800843734
479,True,0.07715724027305396,0.014345476612218374,0.09809449482666582,0.33160871141841564,0.17382108927464435,0.03399096786624772,0.03399096786624772,0.03399096786624772,0.03374035910261022,0.743491291174446,0.0019598040306685327,0.03897602921964949,0.3873434919166515,7.520087614142044,120.18984973244032,0.01459945834354034,0.5795856673902299,0.009846523163259128,False,True,False,False,False,0.0,False,0.0,False,False,2,False,none,0.000820846005808562,0.19972582124144106,0.1050334625195391,0.11337663905788076,0.08851767223180611,0.024741866315706646,0.020708531269993388,0.022459984883503845,0.009851283807677524,0.10320699963085592,0.1448163825762101,0.036358040078224796,0.09872096570658602,0.016479551287766386,0.00859108646992574,0.11742427924616429,0.12450327804558163
480,True,0.07876447462164189,0.015672462434272456,0.09979514535076506,0.3420291253465488,0.1841494636172285,0.033904520918719656,0.033904520918719656,0.033904520918719656,0.0335830136645959,0.743491291174446,0.0019598040306685327,0.04445812181320851,0.2936181145498167,8.018126508690798,130.3065003100022,0.015580624445242715,0.41178971900756217,0.01238951043133757,False,False,False,False,False,0.0,False,0.0,False,False,2,False,none,0.0008224190096370876,0.20080276351886053,0.10800907084107154,0.12007899890153295,0.09767124909963122,0.028854794749468796,0.02659971130049904,0.025514685492614587,0.010145866419463632,0.10338695327043496,0.14536210317919257,0.030014961893829253,0.0967304362386121,0.018196111285100444,0.00883318653991116,0.11520962438759327,0.12482107682845434
481,True,0.08050811729348406,0.017062726996095727,0.10165658072594685,0.35272745194517646,0.17956922462182157,0.03399330024533938,0.03399330024533938,0.03399330024533938,0.03361542381058309,0.743491291174446,0.0019598040306685327,0.04882783516086664,0.2992112061331498,3.9403724896549543,172.07812488729238,0.01414925653828881,0.31451599471898334,0.01602642166289689,False,False,False,False,False,0.0,False,0.0,False,False,2,False,none,0.0008183699974324554,0.20161034052531,0.1120919710263736,0.12588440812161467,0.10480034344003607,0.030821256592427414,0.031053831124096,0.028669933578786687,0.011384099664280566,0.10410267315797242,0.14524728523472707,0.029063353823061935,0.09593029422482688,0.01927098274686689,0.008925891994448765,0.11421429325677969,0.1250589181841365
482,True,0.0818403367373555,0.017923992386757515,0.1031457848542215,0.3605423044248639,0.17222901339124636,0.03430542410210565,0.03430542410210565,0.03430542410210565,0.03390337070150629,0.743491291174446,0.0019598040306685327,0.04787712374275266,0.3292131123301108,3.7945135258622456,102.22463320938179,0.014892066941286917,0.27354539908565084,0.03098888838506113,False,False,False,False,False,0.0,False,0.0,False,False,2,False,none,0.0008348719857167453,0.20217691277080801,0.11593241933744577,0.1295159406844551,0.11063410080270564,0.031049678307455173,0.035194286047822064,0.03105736709697823,0.01312009683883024,0.10549547358961715,0.14446493042516914,0.030864590959798145,0.09555386880884859,0.01847612762957288,0.009042377981648706,0.11228346667361107,0.12458374984292228
483,True,0.08339510535699361,0.02001508291915976,0.10452177950293824,0.3676254097528349,0.14653176339035984,0.03440887978095248,0.03440887978095248,0.03440887978095248,0.03397241277220447,0.743491291174446,0.0019598040306685327,0.05771477545173309,0.346452495587757,4.050285173542539,124.39345403061695,0.01435718360630648,0.06993715098351053,0.0625488225864487,False,False,False,False,False,0.0,False,0.0,False,False,1,False,none,0.0008236999856308103,0.2026578745936709,0.11984963575939371,0.13192336550161393,0.11629546624040588,0.03194540208297769,0.03705369354651112,0.034521995368030696,0.016016568864192372,0.1069093662177378,0.14369105809147237,0.034210190709546485,0.09351824492924236,0.019521238172987683,0.010000529271428282,0.11120299324986045,0.12500406311282627
484,True,0.08491605121266463,0.0232506088878152,0.10547119865428112,0.37339064919740916,0.14791113251037158,0.03423237107008811,0.03423237107008811,0.03423237107008811,0.033747911446066654,0.743491291174446,0.0019598040306685327,0.07242395516114608,0.39955839837936796,5.284952550765914,108.65112869430739,0.01551319659617437,0.017409434870925836,0.10468842818006807,False,False,False,False,False,0.0,False,0.0,False,False,1,False,none,0.0008278480090666562,0.20311895287675816,0.12377593607953581,0.1341975476094215,0.12227314158675667,0.033375543082873375,0.038198676211467796,0.03922742963186165,0.01913838970512695,0.1077586880744024,0.14357142467709344,0.034027901150804785,0.08904110941620938,0.021832976676361783,0.012803639537910416,0.11085596851329968,0.12545949457275019
485,True,0.08583857646784124,0.02582448623354918,0.10584327321260527,0.3751876515220453,0.16005614178153416,0.034179681450233895,0.034179681450233895,0.034179681450233895,0.03367234960717873,0.743491291174446,0.0019598040306685327,0.08534981923735918,0.4836804256667096,4.88795596762614,68.35871189159228,0.01569152321294442,0.039322302609424625,0.15250761614841563,False,False,False,False,False,0.0,False,0.0,False,False,1,False,none,0.0008196530106943101,0.20332286561315865,0.12653271970430113,0.1350290062835393,0.12581866955001955,0.033942969386927306,0.03915978904027942,0.041319454315639534,0.022376409732821408,0.10885039765445878,0.14310823149900218,0.0356242060244962,0.08267361786854455,0.023222683629686772,0.01637939725604901,0.11058918374284338,0.1254676221836926
486,True,0.08556620569770527,0.02641901906850146,0.10528193457410655,0.3719809650357711,0.16157882237258775,0.03423629050470593,0.03423629050470593,0.03423629050470593,0.03375717137451865,0.743491291174446,0.0019598040306685327,0.09235725347249212,0.5486675380748248,5.071535602171547,86.99754720889672,0.015070158393453353,0.030213942700720465,0.21732158094920778,False,False,False,False,False,0.0,False,0.0,False,False,1,False,none,0.0008242519979830831,0.20313401521177782,0.12769088779003182,0.13377914251304504,0.12590733037423837,0.03125508281082757,0.03758718758279867,0.03874724896578664,0.025027682309872217,0.11032028601619469,0.1418245910618303,0.040808614888810754,0.07553437265024268,0.022858840743128418,0.01904230425521856,0.11083947628155753,0.12470222770792334
487,True,0.08459457439521967,0.025882474565581043,0.10416527433843252,0.36396828817881705,0.15237333338507522,0.03409530704839327,0.03409530704839327,0.03409530704839327,0.03364821596556422,0.743491291174446,0.0019598040306685327,0.09467571825777421,0.634002006104967,5.335420957602828,69.58939482694345,0.01592304978746122,0.018132477008302932,0.3118392674755493,False,False,False,False,False,0.0,False,0.0,False,False,1,False,none,0.0008470049942843616,0.20279679379871543,0.12769832564269523,0.13147087625575163,0.12409034047990579,0.027708226811261054,0.03590068390844479,0.03354565543887783,0.027156634736419313,0.11231464732353631,0.1396431023464573,0.04577066308642172,0.06787036400244824,0.02196447947854955,0.02086312860847748,0.11114780333073238,0.12357146507482052
488,True,0.0835162820025382,0.024799579060166554,0.10308851631666209,0.35869022671854456,0.14429037013056434,0.03400132252720001,0.03400132252720001,0.03400132252720001,0.03357730728403717,0.743491291174446,0.0019598040306685327,0.09419280503302363,0.6835755142706492,3.5591696796769727,76.84990680203154,0.016994679558268496,0.01643324301989956,0.45058064327704,True,False,True,False,True,0.0,False,0.0,False,False,1,True,left-skating,0.0008303929935209453,0.20240376370860647,0.12694118791458978,0.12858109261033462,0.12203310438679792,0.024084380060871165,0.03400650762595491,0.02807863483660964,0.029224889656160127,0.11439733633750912,0.1372629314951586,0.05157207883581593,0.06187239838684383,0.0208620560994146,0.02103273564848185,0.1114360593328328,0.12247135510462989
489,True,0.08265924161122915,0.023537289897464963,0.10236655884915054,0.3590841551868836,0.13623189015378198,0.03405061036891623,0.03405061036891623,0.03405061036891623,0.033632494687049916,0.743491291174446,0.0019598040306685327,0.09354962861759697,0.5973816167353057,4.851855494704011,178.2391301016984,0.017674308888507333,0.01599062001739071,0.6872250886391196,True,False,True,False,True,0.0,False,0.0,False,False,0,True,left-skating,0.0008311650017276406,0.20204284497397576,0.12633261324868575,0.1262715096868203,0.1202652549502518,0.01962682872498986,0.0315787502437218,0.023726425337871792,0.0315357230828799,0.11594106551101355,0.1353765964519129,0.05814965177041553,0.0579951427633716,0.019968930681540556,0.018918080487567605,0.11148253337255251,0.12333591449209504
490,True,0.08185752400937278,0.022240671872885878,0.1017298080548684,0.36162300961977123,0.1356693370048738,0.034245765606265924,0.034245765606265924,0.034245765606265924,0.03383408593895432,0.743491291174446,0.0019598040306685327,0.09292011933540323,0.49107225289061146,6.724938119737874,85.18082764324633,0.01843572162750283,0.010009465799064707,0.8927013832862536,True,False,True,False,True,0.0,False,0.0,False,False,0,True,left-skating,0.0008291510166600347,0.20178126242765787,0.12590163493084766,0.12486925608793698,0.11860976467331341,0.014333102075968699,0.029029083952079256,0.01940750071322782,0.034040783713385064,0.1165485022232799,0.13452015920317767,0.06447255098192287,0.054788233483291114,0.019121119550107604,0.01639328351482302,0.11147507197459826,0.1244290746443472
491,True,0.08094212342284686,0.020550067068097252,0.10107280887443006,0.3638386992750745,0.13476691438421362,0.03454578684560384,0.03454578684560384,0.03454578684560384,0.034142651426721404,0.743491291174446,0.0019598040306685327,0.09120710168127144,0.4557060701598397,7.169338262415878,79.88184193124077,0.01889745164617036,0.005960978856969034,1.030627573727966,True,False,False,False,False,0.0,False,0.0,False,False,0,False,none,0.0008318460022564977,0.2015856051300469,0.12584418595245378,0.12470550951610362,0.11664534220296295,0.00821314864203854,0.026067161676164782,0.01443868721741103,0.035947395207991055,0.11644137988014946,0.13455697052850324,0.06956002968960205,0.052819610532188935,0.018301221613295976,0.013512964233690947,0.11143711131384824,0.12499765142909817
492,True,0.07862706520973363,0.015272686676199246,0.09974519138757842,0.3413570080335445,0.10889239988088084,0.0343278751769033,0.0343278751769033,0.0343278751769033,0.033909934889332215,0.743491291174446,0.0019598040306685327,0.0663699265320079,1.463240068301246,33.9473018831418,993.859470527162,0.024527779793751557,0.0652770423165202,1.161507805816403,True,False,True,False,True,0.0,False,0.0,False,False,0,True,left-skating,0.010247286001686007,0.2008186433861055,0.12222897066571291,0.11955337613472118,0.11165180748143119,0.00876656692452265,0.02189026774465578,0.01586742817720352,0.019680279186770615,0.1185520279048465,0.13345351745385045,0.07528749783065612,0.051231521913418315,0.01580130724800838,0.009741732092814476,0.11098766792273376,0.12252043128828678
493,True,0.07889440662028867,0.013992673286783214,0.10052831773145714,0.3448918225949319,0.10783084822286733,0.03421176500581024,0.03421176500581024,0.03421176500581024,0.03379434649017181,0.743491291174446,0.0019598040306685327,0.061287633069874614,0.8725535198701708,31.67664052820718,1857.3268960561165,0.021832512312256126,0.0034315227633322626,1.3124820820969134,True,False,False,False,False,0.0,False,0.0,False,False,0,False,none,0.008905663999030367,0.20087054965340118,0.12304865142829007,0.11713977534459584,0.11357139508251395,0.01142994941019015,0.021812734567860568,0.013743960203556381,0.017659168735877646,0.1191414226328873,0.1333576665739617,0.07841368237906801,0.054054247687933724,0.01554420253513545,0.00902336167256338,0.11108919430073247,0.12241054371605084
494,True,0.07993327645741385,0.014024861002507922,0.10190274827571584,0.3527733230459412,0.11380889371920226,0.03407930734614369,0.03407930734614369,0.03407930734614369,0.033655997668254126,0.743491291174446,0.0019598040306685327,0.06197768257129144,0.9595489054325446,7.886762119884731,856.7053680097189,0.022819417011228128,0.00035336149177003226,1.4548206656383837,True,False,False,False,False,0.0,False,0.0,False,False,0,False,none,0.008918909006752074,0.20103919306763912,0.12420528040175095,0.11370310862378565,0.1166918087137728,0.016913549871159367,0.02256086584612547,0.014175659648523587,0.017358594459038326,0.11891671385311785,0.13418680683938103,0.08085673039437927,0.05975588561123166,0.015737894463787473,0.008827295438682305,0.11081654967838776,0.12318648640785938
495,True,0.081384939050378,0.014622281325847442,0.10363915829188818,0.36465777616488615,0.12747036830561204,0.03395072517471076,0.03395072517471076,0.03395072517471076,0.033514860788885076,0.743491291174446,0.0019598040306685327,0.06535935948387217,1.0921197360134012,9.10034433795497,203.25314175051855,0.02352363320047424,0.000579423457207223,1.5812989487488205,True,False,False,False,False,0.0,False,0.0,False,False,0,False,none,0.0089962350029964,0.20140663843940598,0.12557303947767537,0.10846274582317145,0.12193019638766243,0.022627519707287318,0.024778928594798733,0.015308902483125901,0.017895491935995673,0.11804522752126569,0.13554327910503447,0.08265521271502856,0.06809951317341972,0.016151752768785946,0.009132978115482242,0.11027797412833655,0.12426962442957189
496,True,0.08319452671708076,0.015593046447968053,0.10572835347345166,0.37956373697874474,0.15719631107870646,0.03383911454203326,0.03383911454203326,0.03383911454203326,0.03339645346951098,0.743491291174446,0.0019598040306685327,0.0697923678973904,1.3210549029385776,24.726013715937725,614.5279731629244,0.01784717107465349,0.0016054351291899375,0.9139011707431971,True,False,False,False,False,0.0,False,0.0,False,False,0,False,none,0.010486889979802072,0.20233871740287993,0.12729614731476693,0.10140497847974342,0.13021932722802515,0.027846697369393526,0.029589964997717523,0.016726736437777296,0.01877702296833591,0.11572062544856138,0.1383914510602943,0.08433350122065895,0.07769841435029484,0.016664707761387003,0.010203718624372,0.10963533750761915,0.12426507930146476
497,True,0.08341326187974944,0.016135996890347816,0.10583901687621666,0.37830962022043746,0.14807788702338714,0.03387333354552783,0.03387333354552783,0.03387333354552783,0.03343169865590255,0.743491291174446,0.0019598040306685327,0.07743387253726053,0.7820179392039353,29.73778318961249,1434.191788264469,0.010971885467115618,0.00433783775701875,0.04736958371878726,True,False,False,False,False,0.0,False,0.0,False,False,0,False,none,0.004088696994585916,0.20300252179507675,0.12822002602246965,0.09710861932350438,0.1339087713296265,0.03009488327794438,0.03007342399254543,0.017516452224304785,0.020208733685372893,0.11444022347376677,0.14005951406208025,0.08257584136701546,0.07639390709935652,0.017114357486534774,0.009704444165178815,0.10885499718508078,0.12533547358613287
498,True,0.08409461310592574,0.016838755074225366,0.10651323244982587,0.38159277642457173,0.1415738789795769,0.03385279256278487,0.03385279256278487,0.03385279256278487,0.03341606452566167,0.743491291174446,0.0019598040306685327,0.08548489801650883,0.7383552681909004,6.013555683335774,1003.1088479764672,0.00987767598818664,0.0015161870937353212,0.012749527525999697,True,False,False,False,False,0.0,False,0.0,False,False,0,False,none,0.003278823016444221,0.20398635247917898,0.12928765889418997,0.09344029204877102,0.13856770138491775,0.03160905381557938,0.030321242266989124,0.01829475463443626,0.02171801234119777,0.11260046711333158,0.14248515106219636,0.08200553285213047,0.07955537800010762,0.017677928023455677,0.009664325297811761,0.10794534177103489,0.1263546177094832
499,True,0.08479116260325845,0.017711832375827217,0.10715093934573551,0.3844630146155614,0.14659754302220065,0.03383300019049178,0.03383300019049178,0.03383300019049178,0.03340204529924298,0.743491291174446,0.0019598040306685327,0.09446267270286013,0.6377941534095147,4.073099585219517,159.46315201849256,0.0089299183261076,0.000644170511317583,0.012675759592091466,True,False,False,False,False,0.0,False,0.0,False,False,1,False,none,0.0024468060000799596,0.2051103526691016,0.13065518958703415,0.09057932559860743,0.14340020565248313,0.03198645092236613,0.030030691785289776,0.019061784247979947,0.02364054125883621,0.1105445221337389,0.1450138506147725,0.08150547657135142,0.0825788664057388,0.018393384522524626,0.009751619473968078,0.10692922583887093,0.12747711436947157
500,True,0.08599260066219898,0.019948326069387838,0.10800735885980269,0.3889893964594725,0.14361665499261142,0.03379032837085589,0.03379032837085589,0.03379032837085589,0.03335588432179659,0.743491291174446,0.0019598040306685327,0.10779350709766544,0.6094187040878407,2.954941755711922,109.92290745411908,0.008620948677936538,0.0053236242445086025,0.004554459886761257,True,True,False,False,False,0.0,False,0.0,False,False,1,False,none,0.002459320006892085,0.20637591400266284,0.13332236968195868,0.08828257715929001,0.14899146215287473,0.03199871554520471,0.028582565965810488,0.02260820253077299,0.02750369546720852,0.1084946596987108,0.14756325589328229,0.08199578221618326,0.08613948823360464,0.01963822456850037,0.010043181711069474,0.10542754651374293,0.12891396925430704
501,True,0.0875788496262897,0.021977038169196553,0.10944612011198744,0.39416064066771195,0.13471230941980153,0.03359331877727264,0.03359331877727264,0.03359331877727264,0.03313418464632713,0.743491291174446,0.0019598040306685327,0.11517736686156788,0.36238454429939876,12.749372458942991,344.4036280730288,0.007727739635988762,0.00922035619410297,0.007906546900549491,True,True,False,False,False,0.0,False,0.0,False,False,1,False,none,0.002437186980387196,0.20702161845769274,0.13735622289410152,0.08766389081604758,0.15409677909074412,0.03162358783088237,0.02613460817658514,0.025671520876755602,0.03092935092333981,0.10833123150257609,0.14848077323759784,0.08618942021419553,0.09254909864836379,0.020885405781766727,0.010421875094924085,0.10438762239831166,0.12951858807675098
502,True,0.08903077808979873,0.022918258696868782,0.11106828455410872,0.40129219792573756,0.14357213212463887,0.033437300275287546,0.033437300275287546,0.033437300275287546,0.0329521188538264,0.743491291174446,0.0019598040306685327,0.11735630108783068,0.248629884652545,5.104786237513868,326.4231112275884,0.006703292726961871,0.006506312434523557,0.008410265239048875,True,True,False,False,False,0.0,False,0.0,False,False,0,False,none,0.0016423419874627143,0.20745111233279573,0.14044664629942105,0.0878714384024819,0.15789853364377224,0.0319263047409487,0.024990676066590358,0.027165660811163995,0.032216505570722025,0.10852080211943275,0.1489728016824237,0.09173136821069228,0.09956337259527027,0.02166711610571815,0.010623752299870948,0.1038120027521912,0.12963435580328458
503,True,0.0901178470744896,0.023463681807084733,0.11233590216362456,0.4079882868625128,0.17820472573352855,0.03325653753264566,0.03325653753264566,0.03325653753264566,0.03275409017995936,0.743491291174446,0.0019598040306685327,0.11726265013976689,0.25607266193284783,1.9997411576227495,117.86202741884179,0.005896907785134679,0.0032446217869975215,0.00590998561600504,True,True,False,False,False,0.0,False,0.0,False,False,0,False,none,0.0016418810118921101,0.20771552852793543,0.14261894792537666,0.08763570866565636,0.16082381218003097,0.031758471625687346,0.02478770065223653,0.027978907848539677,0.03262272904676512,0.10869172955140323,0.14937253406799023,0.09574239380650973,0.10587929729553792,0.022241573398416762,0.011011516934617376,0.10349460134027556,0.12951010032485472
504,True,0.09074167984338222,0.023654102492757515,0.11310420562692379,0.41307040865336103,0.2207156414422353,0.03312795790308847,0.03312795790308847,0.03312795790308847,0.03261769509221553,0.743491291174446,0.0019598040306685327,0.11582234567550209,0.25911701202542753,2.0132512613385694,32.294521599670105,0.005207058726150338,0.00036011391397468143,0.00283952526082749,True,True,False,False,False,0.0,False,0.0,False,False,0,False,none,0.0016554670000914484,0.20785675245939622,0.14407318166827518,0.08712114577362752,0.16286515999768394,0.03107195791981368,0.025236084458263582,0.02819090230549152,0.032469542799622754,0.10874074621776694,0.1497005360751422,0.09684367553835761,0.11119310359352,0.02259037144982517,0.011365593416090614,0.10333225938848245,0.12921586443275618
505,True,0.09099960646553168,0.02368516586007985,0.11343775333401562,0.4170959401887768,0.24252333550882743,0.03307067590861997,0.03307067590861997,0.03307067590861997,0.03256097611234619,0.743491291174446,0.0019598040306685327,0.1144313181389458,0.26993918640919656,1.7946918510001735,23.128557804563894,0.005040044824321227,0.002022247312348682,0.0022493875094677126,True,True,False,False,False,0.0,False,0.0,False,False,0,False,none,0.0016656860243529081,0.20791190249136635,0.145084171734211,0.08663027919008583,0.1641621665109,0.029535834857756,0.025971764119624003,0.028207623177826536,0.032117970889003894,0.10890104850034614,0.14976520978726807,0.09727461932198331,0.11386393643802732,0.022793669132338226,0.011621400241150739,0.10321531367173267,0.12893679338488684
506,True,0.0909790087227346,0.023754249269660375,0.11338726187375932,0.4202374448807242,0.23579324605613397,0.03308040158786443,0.03308040158786443,0.03308040158786443,0.032577819211753685,0.743491291174446,0.0019598040306685327,0.1140283096924386,0.28518946602614637,1.888286011660943,22.768479536914093,0.005038060935332528,0.004237388287034402,0.0054762168649726516,False,True,False,False,False,0.0,False,0.0,False,False,0,False,none,0.0016335760010406375,0.20792959408391923,0.14568668187202713,0.08645108475024778,0.16461006119574517,0.02735626498159592,0.026713174633824822,0.028729208587890565,0.03156430757983026,0.1092922957176634,0.1494715796760724,0.09769274999745757,0.1136260563575586,0.022921515358645925,0.011801965552274758,0.10304585505609477,0.128771744162905
507,True,0.09091175906096771,0.02393165469684278,0.11323846051567603,0.42422209766450636,0.2253668002908148,0.03311159143113504,0.03311159143113504,0.03311159143113504,0.03261624473970185,0.743491291174446,0.0019598040306685327,0.11390663151627912,0.30352881600243986,1.6387352176327,21.256638997704492,0.005293028409612173,0.004787128213602236,0.005918828047723319,False,False,False,False,False,0.0,False,0.0,False,False,0,False,none,0.0016391060198657215,0.20797772396886038,0.14599515639213723,0.08645075672044705,0.16496284282398843,0.024717728493386493,0.027331282744761567,0.029782242487299153,0.030943332654631617,0.10976151755318768,0.1490788120803214,0.09808003639154322,0.11295551804706393,0.023026979143466866,0.011974064501973494,0.10287376607454132,0.12867638489787356
508,True,0.09149526711862754,0.025864761721516635,0.11337210225099785,0.4304852913900301,0.21950566535084554,0.033156612566694735,0.033156612566694735,0.033156612566694735,0.032649814800226225,0.743491291174446,0.0019598040306685327,0.11529068846055467,0.2062286669795406,3.203219762088969,113.71618119236868,0.0042689495044607745,0.002699011303898149,0.00338298082412835,True,True,False,False,False,0.0,False,0.0,False,False,0,False,none,0.0008436279895249754,0.20806815390475197,0.14644269909759952,0.08648208374581126,0.16550493748941877,0.024359490252025915,0.028266551779750553,0.037419492695964424,0.030612143155363262,0.11007087942515692,0.14882139699852417,0.09855164084471847,0.11262181512705086,0.023364923285515354,0.012062487749223505,0.10253449125042055,0.12874108709674525
509,True,0.0919557183934446,0.027564168978284082,0.11341956819849812,0.43755813702690055,0.21753152553961796,0.03319493879927249,0.03319493879927249,0.03319493879927249,0.0326875068206891,0.743491291174446,0.0019598040306685327,0.11788660048848731,0.26292424051895597,1.838286893219615,136.88299986393164,0.004995050769071786,0.001028394583713778,0.0009592674632720134,True,True,False,False,False,0.0,False,0.0,False,False,0,False,none,0.0008184910111594945,0.20814640384606145,0.14692218187215814,0.08637007394442825,0.16635563350950144,0.022555908705625814,0.02891123150239574,0.04350742855372462,0.0307910555637599,0.11022043116151654,0.14869850742199425,0.09918856309457591,0.1123827174316794,0.023723136133154053,0.012235055662497758,0.10220270162969669,0.12908046426234382
510,True,0.09228534831515207,0.028756611378435576,0.11346159396072424,0.44334596265730514,0.223600389999076,0.033215167442073534,0.033215167442073534,0.033215167442073534,0.032709944678238796,0.743491291174446,0.0019598040306685327,0.12035576399759185,0.2880769381349101,0.9423400506592338,31.342879562398412,0.005227144904406078,0.0019429220701660348,0.00027343801864428656,True,True,False,False,False,0.0,False,0.0,False,False,0,False,none,0.0008146129839587957,0.20819829595562186,0.14735755700936692,0.08608083049272655,0.16716703014390172,0.02060503552718386,0.029472480612092084,0.047459823591957113,0.03105019753813599,0.11027854950295121,0.14863216974174906,0.09999510292074837,0.11239886937265807,0.024060319078957348,0.012456105304691843,0.10193699262995477,0.12941621361973632
511,True,0.09251906977783574,0.029242721183722915,0.11361118597587334,0.44535348980432865,0.2360140846047951,0.03321633344310026,0.03321633344310026,0.03321633344310026,0.03271161250739672,0.743491291174446,0.0019598040306685327,0.12197611041536226,0.2979389615019932,0.5523154461307226,18.798764795251504,0.00531535965112636,0.0026653467450702554,0.0007748525898722459,True,True,False,False,False,0.0,False,0.0,False,False,0,False,none,0.0008196640119422227,0.20822350619933774,0.14761156326834882,0.08558652000299648,0.16792104450549142,0.020285407326583415,0.03001504452625079,0.049147724786755415,0.030796608038066144,0.11033283244632762,0.14856395539504888,0.10064585327175472,0.1127098379212277,0.024339243835371584,0.01268730807469852,0.10177480638129882,0.12966386046581357
512,True,0.09272236499581499,0.028930621492876892,0.11398627949679435,0.4428959486293684,0.24798443189627067,0.03320976800117338,0.03320976800117338,0.03320976800117338,0.032701392881801884,0.743491291174446,0.0019598040306685327,0.12239799910604422,0.3020284408772764,0.6668397907588189,15.245368267529148,0.005354644562269995,0.002632592476134674,0.0005568444329401697,True,True,False,False,False,0.0,False,0.0,False,False,0,False,none,0.0008242510084528476,0.20823807044455114,0.14763247248177097,0.08517298845447957,0.16857358196985717,0.02275024911897636,0.030860708355356207,0.04865901457494048,0.029650914563970204,0.11041692456101453,0.1484979730180047,0.10097954832804754,0.11326356115166793,0.0245263589177043,0.012886197914892586,0.10170217623542167,0.12974709984238428
513,True,0.09276934945743164,0.028222642119959486,0.11428491856992234,0.43868947105422557,0.24545273090246753,0.03320846969925463,0.03320846969925463,0.03320846969925463,0.03269997482287013,0.743491291174446,0.0019598040306685327,0.12140176388041211,0.29863909226882374,0.6059167535073642,11.596363051832782,0.005286870725505175,0.0016714027953402372,0.0005284840039617314,True,True,False,False,False,0.0,False,0.0,False,False,0,False,none,0.0008454520138911903,0.20821924037556072,0.14739676441992247,0.08489453602603277,0.1687708047008975,0.0255156756330585,0.031956501208205125,0.04713823940916239,0.028220575183529037,0.11059707544282919,0.1483097280346313,0.10093780927201886,0.11329581024448598,0.024522405410167206,0.013009348476979321,0.10182204872244917,0.12970302875897669
514,True,0.09269719688140338,0.027144266440350936,0.11454817369508753,0.4340392125309626,0.23865758557534178,0.033220267180697295,0.033220267180697295,0.033220267180697295,0.032713792713622875,0.743491291174446,0.0019598040306685327,0.11893262405268736,0.2844658531470181,0.7341866582055014,11.62263646249137,0.005052890537728706,0.001023595592332215,0.0006777458748813459,True,True,False,False,False,0.0,False,0.0,False,False,0,False,none,0.0008355829922948033,0.20819575362004744,0.14705478081822204,0.08466488334911691,0.168736393183254,0.028086301902741036,0.033217446975256956,0.04452883063290369,0.0267025754345584,0.11082776855492073,0.1480587440544415,0.1006967387181537,0.11337127559281142,0.024317622396393467,0.013028037297548187,0.10214043939390224,0.12952755817818232
515,True,0.09255245765869934,0.025941021229248285,0.1147562698018497,0.43007412190242483,0.2399194641546299,0.033241715961744016,0.033241715961744016,0.033241715961744016,0.032738641094735156,0.743491291174446,0.0019598040306685327,0.11547338394068762,0.2628670092065256,0.8756770167792721,9.288473702933251,0.004699725674853664,0.0010968235573752874,0.0011763454360615765,True,True,False,False,False,0.0,False,0.0,False,False,1,False,none,0.0008247919904533774,0.2081796942302052,0.14672655996818815,0.0844612143918085,0.1686902478685938,0.03001117810025538,0.03435878052676247,0.04144285575367747,0.02536006058168782,0.11106318073609217,0.14780155443373882,0.09994828981946759,0.11395890717252682,0.02398146244367875,0.012979706137949121,0.10260142290816449,0.12927420746639312
516,True,0.09231588461419887,0.02466697021508393,0.1148655227472372,0.4271451745171038,0.24733632134235622,0.033272326798766114,0.033272326798766114,0.033272326798766114,0.03277607263535548,0.743491291174446,0.0019598040306685327,0.11143603234600175,0.2246922933983202,1.2872399405243553,17.529756823961332,0.00405705616601665,0.0016592195505641433,0.0017123902519491448,True,True,False,False,False,0.0,False,0.0,False,False,1,False,none,0.0008276079897768795,0.20816616270498708,0.14645547495612798,0.08429067123974612,0.16856830880885917,0.03073942834508493,0.03532919702158626,0.037579516731549606,0.02465284320379994,0.11130732291702486,0.14753170749278854,0.09909113405034672,0.11472855275294626,0.02353889864580405,0.012896622279182115,0.1031799007108191,0.1289984119665294
517,True,0.09192065195981262,0.023211449424767466,0.11482371947149433,0.4251939330924644,0.2524764720975351,0.03331143421051536,0.03331143421051536,0.03331143421051536,0.0328261278134231,0.743491291174446,0.0019598040306685327,0.10634920988077567,0.16711439793793204,1.9315248562366314,21.636822117593308,0.003158192024396569,0.002406945033951882,0.002177180298864525,True,True,False,False,False,0.0,False,0.0,False,False,1,False,none,0.0008265259966719896,0.20814622961855356,0.14619804378157494,0.08409977115910222,0.16830181095646202,0.02958497294565784,0.036305142569757094,0.03275480711854996,0.024397750091243085,0.11151550685304179,0.14729577608961364,0.09831418089928176,0.11552684737840965,0.02293825397634624,0.012754986512930576,0.10394112886705083,0.12865522253942635
518,True,0.09154213433551639,0.02196245301158891,0.11473536144349221,0.42406455790448944,0.254615742161754,0.03334918896325687,0.03334918896325687,0.03334918896325687,0.032874986761125075,0.743491291174446,0.0019598040306685327,0.1018372569206123,0.11523429683158916,1.9307372616537215,4.735634815143586,0.00252745267141958,0.0033380813575054355,0.002534210533983192,True,True,False,False,False,0.0,False,0.0,False,False,1,False,none,0.0008532170031685382,0.2081276683134432,0.14600011288248263,0.08402332084203225,0.16790374014111054,0.02775888738215582,0.03714055122112355,0.02832152970778439,0.024522669790944474,0.11166083858117119,0.14712510092932185,0.09779222143496065,0.11621932397035711,0.022366237024809242,0.012639375522817532,0.10468063236696853,0.12839193925677933
519,True,0.09124224033252432,0.02107246185261833,0.11463216649249298,0.4240375393640851,0.2568770349605668,0.033379854414843826,0.033379854414843826,0.033379854414843826,0.03291560425809584,0.743491291174446,0.0019598040306685327,0.09861870450510879,0.08458297634082021,1.5738754420679077,11.189341248451969,0.002329251710891098,0.0037609229844993747,0.002797555481232654,True,True,False,False,False,0.0,False,0.0,False,False,1,False,none,0.0008234299893956631,0.20810639274430448,0.14585946275003628,0.08396732566718425,0.16745513523518102,0.025954970501597154,0.037697126426254404,0.02493570227318311,0.024862796331983288,0.11172052637807507,0.14704227151951194,0.09742426030315435,0.11680803148363551,0.021907240376862473,0.012584108428444454,0.10527566861762346,0.12827482628335798
520,True,0.0909982079785217,0.020412694238416712,0.11452671255855669,0.42498863996658426,0.25844893760207766,0.03339710841717456,0.03339710841717456,0.03339710841717456,0.03294203778280581,0.743491291174446,0.0019598040306685327,0.09665806982184066,0.07623296608927708,1.3475160474143981,7.742532175478837,0.0025066995957002763,0.004135965931206097,0.002530566246913308,True,True,False,False,False,0.0,False,0.0,False,False,1,False,none,0.0008269970130641013,0.20808606538209376,0.1458013658487625,0.08390177183070242,0.1670356742575835,0.024160516764884885,0.03796414993071984,0.022227058011768615,0.025258970935054196,0.11170514127385921,0.14704039923166368,0.09723870929686414,0.11733856611704821,0.02156925782834264,0.012595490178501402,0.1057400374942214,0.12830815327427678
521,True,0.09075266564693674,0.01973529719316746,0.11442512179819318,0.42622053007839117,0.2568468786046285,0.033392748500712395,0.033392748500712395,0.033392748500712395,0.032946639793345195,0.743491291174446,0.0019598040306685327,0.09552279232998061,0.08651683372372057,1.2377109820004453,6.381121318108636,0.002896714711790251,0.00452747008075783,0.0027241233954156136,True,True,False,False,False,0.0,False,0.0,False,False,1,False,none,0.0008257350127678365,0.20805550753665758,0.14573465436462357,0.0837164170457249,0.166699901155492,0.022851733331354717,0.03790891564248089,0.0194225508203001,0.025541311158725582,0.1116100210467009,0.1471221098879147,0.09704767880270453,0.11777211757857149,0.021312206598033116,0.01266512019561104,0.10613161744903173,0.1284507877370611
522,True,0.0905540637206005,0.019091052454027577,0.1143750674761248,0.4275189559839132,0.2550052026377734,0.033365793725867066,0.033365793725867066,0.033365793725867066,0.03292641599813075,0.743491291174446,0.0019598040306685327,0.09530303043167998,0.10031657276178818,0.9104877493236504,13.380424263894746,0.003275746021548216,0.004925484437128543,0.0034733878932338624,True,True,False,False,False,0.0,False,0.0,False,False,1,False,none,0.0019794710096903145,0.20801617984647375,0.14566429188952834,0.08341019334330657,0.16634536950296555,0.02280548704677666,0.03762755742786414,0.01673322697154846,0.025664143094366647,0.11153014303899345,0.1471906443240484,0.09671419604733662,0.11804860299157123,0.021159283084093376,0.012807556666101819,0.10643541796707387,0.12871272628755887
523,True,0.0903820642424278,0.018540090339112556,0.11432938887686621,0.4299644025581192,0.2644770268443714,0.033328112440006864,0.033328112440006864,0.033328112440006864,0.032895186987902246,0.743491291174446,0.0019598040306685327,0.09579216057603301,0.11308254796864509,0.8285659062091822,8.739578368662007,0.003657543294392504,0.00524415933425157,0.004056417940636904,True,True,False,False,False,0.0,False,0.0,False,False,1,False,none,0.0008484169957228005,0.20797563173395114,0.14556079140508352,0.08288738133397952,0.1660543719639866,0.02341444743749302,0.03713045345276885,0.01434611994485503,0.02572282574703833,0.11149309751798309,0.1472246451079164,0.0961808304728851,0.118260011664911,0.021075928319178476,0.01301548734537839,0.10668571237200168,0.12908529205943434
524,True,0.09106908997447252,0.02096790685202993,0.11443615101528672,0.4355407538249281,0.2941690035550135,0.03327614509729961,0.03327614509729961,0.03327614509729961,0.03283898141154004,0.743491291174446,0.0019598040306685327,0.10514559214835863,0.2711665582481162,5.014019571326543,138.3057953815381,0.005229356184099317,0.0112744213344184,0.007004025127280502,True,True,True,False,True,0.0,False,0.0,False,False,2,True,left-skating,0.00404978301958181,0.20796478187026995,0.14587081131748136,0.08207459585899067,0.1654371933556678,0.028125559792826604,0.035118921705493036,0.021519847212117908,0.02665900063893869,0.11114300509018979,0.14763661032909162,0.09514901581633727,0.11826390458273861,0.021748840181937405,0.013943939375125723,0.10589912045641851,0.13055029200793525
525,True,0.09119788617124679,0.021895310928305677,0.1142987445855605,0.440668574644874,0.31217365553642235,0.033242474380804035,0.033242474380804035,0.033242474380804035,0.032809719442283676,0.743491291174446,0.0019598040306685327,0.10741931844262842,0.30575201912508143,6.881903853371693,270.32329931112946,0.0049766687072964845,0.005203964055681412,0.00352427797366242,True,True,False,False,False,0.0,False,0.0,False,False,2,False,none,0.008869596000295132,0.20794133065266518,0.14575668569466405,0.08149825708391012,0.16511826245086716,0.02792614685388974,0.034522917401937456,0.024297826800079993,0.027042049478661075,0.11132167605902056,0.14744407500112922,0.09449575259513388,0.1183621601604945,0.0218254878614967,0.014415879572984937,0.10598741492013382,0.13121025615288023
526,True,0.09066453925837557,0.02108910751232104,0.11385634984039376,0.44463850933842586,0.32212646410562684,0.033208961032865074,0.033208961032865074,0.033208961032865074,0.032793335504015184,0.743491291174446,0.0019598040306685327,0.10137807222271178,0.10836925777782366,7.4837853163245445,383.13934679609474,0.004865420185030876,0.004611153422344671,0.0029019577419869104,True,True,False,False,False,0.0,False,0.0,False,False,1,False,none,0.0008203739998862147,0.20794904367227726,0.14567074271312688,0.08165926473560119,0.1654230522295173,0.021525351382568683,0.034615440315931,0.022353572996113173,0.026762044381265417,0.11186781064878132,0.14683927704712352,0.09404682052117119,0.11876961565456723,0.021146371025386714,0.01409444164651885,0.10705193737613285,0.13085784178792642
527,True,0.09108001429255186,0.02233565172193343,0.11399480181609135,0.44005502473319535,0.3164376468590568,0.03318676921156338,0.03318676921156338,0.03318676921156338,0.032761421816306736,0.743491291174446,0.0019598040306685327,0.10519878053942588,0.444392618472161,10.716523750581679,484.82723031317477,0.00815372783964258,0.008270966722902867,0.0052597503338851145,True,True,False,False,False,0.0,False,0.0,False,False,1,False,none,0.008866629999829456,0.2079809172411142,0.14598852052537592,0.08254131682102199,0.16522720013124217,0.02279226335910594,0.03369119748617874,0.02696630896765935,0.026246375799643503,0.11198516898951348,0.14670623798659055,0.09370147320664024,0.11867976650547037,0.021358569635958717,0.014771352484472153,0.10691620760228972,0.13172735193855264
528,True,0.09067231279489958,0.0218820950541878,0.11360238537513684,0.4394862292173984,0.30678299497254313,0.03310368153816408,0.03310368153816408,0.03310368153816408,0.03269288907515036,0.743491291174446,0.0019598040306685327,0.10273134395658734,0.1314567427587429,10.590240820379288,637.9257166485178,0.005517257034835127,0.003525144489719598,0.0009744196301880705,True,True,False,False,False,0.0,False,0.0,False,False,1,False,none,0.00082263900549151,0.20799569601348553,0.1460969304158095,0.08241449594704013,0.165818775870894,0.017561724849539998,0.03271013941583231,0.02425975278890739,0.027437980879159905,0.11232828284075695,0.1463369766121711,0.09364723935792833,0.118782300331728,0.02105101183836934,0.014779634710314567,0.10764832731014772,0.13188773553630836
529,True,0.09097923103315833,0.02192255171055531,0.11399812414069266,0.4329156498893655,0.29167289029356813,0.033067310906624424,0.033067310906624424,0.033067310906624424,0.032647020662035856,0.743491291174446,0.0019598040306685327,0.10141127280753937,0.3737034409756896,7.539745891427382,493.57102395579136,0.008920064970840183,0.008296392291125826,0.004380413619754589,True,True,False,False,False,0.0,False,0.0,False,False,0,False,none,0.006477041984908283,0.20799632440417365,0.14603469692328191,0.08274878194012908,0.16658177771742427,0.021591156799119694,0.03179468476835074,0.026350017245096648,0.02541513968816002,0.11274247045870109,0.1459508385847779,0.09392326293158952,0.11867063065264465,0.0208872265795118,0.015037823329452776,0.10794540391603846,0.13199746059208115
530,True,0.09083150054549147,0.021557407255321608,0.11392286497554811,0.43048363837420295,0.27447693174501,0.032957361584763575,0.032957361584763575,0.032957361584763575,0.03254824288444063,0.743491291174446,0.0019598040306685327,0.1009553992350345,0.12367224247307496,7.8330097361033815,460.4251109954306,0.005789373955186507,0.0020627842686725285,0.0018033894930933464,True,True,False,False,False,0.0,False,0.0,False,False,0,False,none,0.00210957697709091,0.20798653075527407,0.14610012027182112,0.08271037395859349,0.1674274223073743,0.02020324496998896,0.030815486593275813,0.022723714180573538,0.027338221826549422,0.11307755157557081,0.14561415485531223,0.09376191385357555,0.11848415996546915,0.02084352329116287,0.015324169723000604,0.1084764838575033,0.1324169367428186
531,True,0.09091829480961197,0.021309251652595805,0.11412130919528403,0.4273505266826236,0.25562078233081087,0.0328645535468286,0.0328645535468286,0.0328645535468286,0.03245965318371404,0.743491291174446,0.0019598040306685327,0.0992633262054299,0.16643346375875723,1.3484809441721863,266.5787211762124,0.00673625414249138,0.0034655613607144,0.002979489847190141,True,False,False,False,False,0.0,False,0.0,False,False,0,False,none,0.0008949860057327896,0.20798645285249295,0.14601394927208075,0.08279785834355949,0.16810536564319928,0.021678725816734818,0.03045329266316133,0.0208081826149687,0.02813621800316371,0.11352949486705237,0.14519444858750327,0.09358737620841115,0.11837975586382135,0.02070813502715102,0.015584470965099788,0.10909795594831528,0.13263103427707618
532,True,0.09104395316300476,0.020921753293919192,0.11441801978603329,0.4253701829539245,0.2394699216428327,0.032785304509017905,0.032785304509017905,0.032785304509017905,0.032379981640285334,0.743491291174446,0.0019598040306685327,0.09661317500186262,0.17228314216843113,0.5753950850937698,36.02819236487496,0.007091838623645205,0.0036867456863400655,0.0037181693897161304,True,False,False,False,False,0.0,False,0.0,False,False,0,False,none,0.0008789050043560565,0.20800133627819312,0.14582858846476016,0.08286499778606755,0.1688337029398081,0.02366727292951714,0.030668993025714374,0.019341740106175415,0.028072823054701823,0.11407334091771518,0.1447119589954767,0.09343270596031213,0.11852027130156355,0.02052389789940573,0.015748552115393808,0.10974474553548769,0.13266832329778383
533,True,0.09109632285875637,0.020444543569301123,0.11464691595524146,0.42519724534420217,0.2313429776481401,0.03272766658345857,0.03272766658345857,0.03272766658345857,0.03232097508233019,0.743491291174446,0.0019598040306685327,0.0931274495090526,0.1623411598702792,0.8066123393869576,18.671515873459704,0.007218248710463563,0.0033780217363194452,0.005219055551641712,True,False,False,False,False,0.0,False,0.0,False,False,0,False,none,0.000828169024316594,0.208018152519949,0.14559054662094364,0.08280649488661208,0.16974661054105905,0.024546477276825098,0.031398641180272684,0.018203537784826748,0.027473361788409534,0.11464643993837655,0.14422185500845017,0.09316716669131521,0.11868484606139706,0.02028020981243087,0.015821064891537347,0.11040919389418721,0.13252656684350975
534,True,0.09094518281004085,0.019760107299084152,0.11467354131369308,0.42468239333284646,0.23385957007546315,0.03269443130470278,0.03269443130470278,0.03269443130470278,0.03228799988698458,0.743491291174446,0.0019598040306685327,0.08827708428512371,0.14760137016478547,1.0151701909665523,11.039421867288503,0.007309273734111766,0.0033097581129648214,0.007734172045938248,False,False,False,False,False,0.0,False,0.0,False,False,0,False,none,0.0008523349824827164,0.20801064264510077,0.14528439001767376,0.08243675856058841,0.17067487554126787,0.023819511081401214,0.03243250832659778,0.017026937512410953,0.026378325979865988,0.11525782571306373,0.143699812800342,0.09247461093524437,0.11877967107071741,0.019906123269203244,0.01572904243485642,0.11112378987768703,0.13208809919463238
535,True,0.09058656586669407,0.01884893764173966,0.11449910860834554,0.42297960973594406,0.2386194051912069,0.03268876309158998,0.03268876309158998,0.03268876309158998,0.03228423473791216,0.743491291174446,0.0019598040306685327,0.08216529797337778,0.13449026728016822,1.1306218471133476,7.798935341879947,0.007370517694494816,0.0058827008757303826,0.011272146108023963,False,False,False,False,False,0.0,False,0.0,False,False,0,False,none,0.0008679449965711683,0.20800579113695597,0.14486074833930054,0.08188692442020244,0.17158919786840818,0.021862059022397864,0.03385671667844858,0.015783756804630227,0.024730734972712432,0.11584477734129604,0.14320411247538695,0.09093054202657169,0.1187878839717114,0.019407928686779916,0.015473330102836068,0.11183312363214953,0.13132742638731737
536,True,0.09004906815099335,0.01777724898766989,0.11413967453876787,0.42016233036385664,0.2389955676101449,0.03271149513617716,0.03271149513617716,0.03271149513617716,0.03231142406509202,0.743491291174446,0.0019598040306685327,0.07517412964953742,0.12888863612195314,1.1777831158101846,5.945070174088805,0.007471719797809447,0.009970276637584818,0.014067167082127399,False,False,False,False,False,0.0,False,0.0,False,False,0,False,none,0.0008350420102942735,0.20798209832534797,0.1443033348658985,0.08123894702924007,0.17235280800550049,0.0189564255158659,0.035533790388269364,0.014479655606191376,0.022734454652235784,0.11639967670119822,0.14271634215347434,0.08876173058715897,0.11861917505310308,0.018817808949305424,0.015077076742946968,0.11248294119627573,0.13032882464388162
537,True,0.08933369463683062,0.016619995656694437,0.11357159429687601,0.41689080793957545,0.23231435289542157,0.03276532937780065,0.03276532937780065,0.03276532937780065,0.03237328538574242,0.743491291174446,0.0019598040306685327,0.06733922904273504,0.12886587743788322,1.112029257843308,9.030005590813683,0.007549931179768163,0.01501338121250936,0.021838567321330556,False,False,False,False,False,0.0,False,0.0,False,False,0,False,none,0.0008379979990422726,0.20791200996839046,0.1435774123282064,0.08038736128915613,0.1728095576741097,0.015601060128186904,0.03715599335084353,0.013368623307676597,0.02048470479866364,0.11686137153576777,0.1422571158474083,0.0860777279457848,0.11808606229341882,0.018114197323600437,0.01451245719683707,0.11304240380309952,0.12909105539813992
538,True,0.08843258782721916,0.015440254398292236,0.11276336563686147,0.4126503652537381,0.22446878298560763,0.03283101259295866,0.03283101259295866,0.03283101259295866,0.032449837439429946,0.743491291174446,0.0019598040306685327,0.05866205263929358,0.13256023027138955,1.1091373331024692,11.766519512122798,0.007619339501681536,0.01954959696024618,0.03379970609755118,False,False,False,False,False,0.0,False,0.0,False,False,0,False,none,0.000830963981570676,0.20780130645964937,0.14267665466259546,0.07936572230397156,0.17267198053567764,0.012539059000952743,0.03858196346214614,0.012593930487208315,0.018025601616219432,0.11725200804214844,0.14179243147315815,0.08212081302888656,0.11724414907325499,0.017332561187189528,0.013808924302551668,0.11351761623897795,0.12759668336091867
539,True,0.08730432361729565,0.014423154269415674,0.11159804673325564,0.404627243853972,0.2123492106653906,0.03289179979928887,0.03289179979928887,0.03289179979928887,0.03252536912945427,0.743491291174446,0.0019598040306685327,0.050090323098228806,0.15392023508992167,1.5907995764532252,22.794061316797166,0.0076098218824320295,0.026139009460323395,0.040379033704048044,False,False,False,False,False,0.0,False,0.0,False,False,0,False,none,0.0008416839991696179,0.20761501762780404,0.14146749823581062,0.07803768847265172,0.1719457795782274,0.010678347672517904,0.03972447000724809,0.012054150247493347,0.015802418484181607,0.11751158594803578,0.14131805652133414,0.07623812259934656,0.11482318718062562,0.016668764357428794,0.013167283988558947,0.11376658373559871,0.12605022321986695
540,True,0.08579744955392134,0.01343292410564745,0.1099189580366793,0.39285203198640795,0.20612769469062409,0.03293964831057596,0.03293964831057596,0.03293964831057596,0.0325962472298478,0.743491291174446,0.0019598040306685327,0.03999491325229099,0.2112779405564122,2.644218694876537,43.24937475660512,0.007961953221007073,0.05597083390395393,0.04007096096154366,False,False,False,False,False,0.0,False,0.0,False,False,0,False,none,0.0008280490001197904,0.20729465516829018,0.13974897574310957,0.07654344946499485,0.17016720510274044,0.009297243142806074,0.04040294672692874,0.01089681873306034,0.014186849031210704,0.11749992654443435,0.14089690945877306,0.06717049355145784,0.11237353262865193,0.01611372525136887,0.012534303406949882,0.11348941027485623,0.1241427486331081
541,True,0.08409724737295211,0.012780217023331571,0.10786959082282564,0.3787369291532008,0.20586054694230202,0.0329461952098596,0.0329461952098596,0.0329461952098596,0.03262918610269506,0.743491291174446,0.0019598040306685327,0.027802348991498915,0.3391694514052397,4.674827941384263,64.5292522849052,0.009046304567736255,0.0966995940493797,0.028273308007269876,False,False,False,False,False,0.0,False,0.0,False,False,0,False,none,0.0008353730081580579,0.20693746663540089,0.13732607975799352,0.07514014560380662,0.16747020700792647,0.008077195828041063,0.04164201963801076,0.0097324628203163,0.013278777816866521,0.11688525098063833,0.14080978491069326,0.05552235407922493,0.11063909003776638,0.01590386361138669,0.012205763844756771,0.11235250920913673,0.12163298618526887
542,True,0.08208783277770398,0.013298137112879147,0.10501773133264558,0.3624277900390901,0.2161372279954497,0.032779944332409196,0.032779944332409196,0.032779944332409196,0.03249438449521058,0.743491291174446,0.0019598040306685327,0.01607322337384165,0.6042690782256709,8.601503112850434,122.56282332084365,0.011583781207704417,0.21969784474495652,0.029842644222323644,False,False,False,False,False,0.0,False,0.0,False,False,0,False,none,0.0008243320044130087,0.20657525653766978,0.13440395534981672,0.07413524854347762,0.16344470909241077,0.006619520306716802,0.042876222083730285,0.009665959806682561,0.014049884034644142,0.11485517365285018,0.14165415884387594,0.03920946829180101,0.10755428067055742,0.016665819953840044,0.012810884656349839,0.10990571853121751,0.1189790640876228
543,True,0.08017606515317686,0.015111153881893987,0.10186436891027117,0.3483225267675103,0.23421481037354594,0.032322047874715945,0.032322047874715945,0.032322047874715945,0.03206549600631593,0.743491291174446,0.0019598040306685327,0.007711236752637296,0.9726045185721234,11.47677712260292,100.39993088559116,0.015799292681779674,0.45152195051812416,0.08139732913793983,False,False,False,False,False,0.0,False,0.0,False,False,0,False,none,0.0008255740103777498,0.20623477666939655,0.1317550732272844,0.0736716040838246,0.15766290730206228,0.004808461998635861,0.04318737161774711,0.011551311397073558,0.016095655661015,0.11090463608778875,0.1436620233250373,0.021230649719634856,0.10562692689776065,0.01885457584387429,0.013943072625613107,0.1062850463246095,0.11734294966947213
544,True,0.08017029895775504,0.01762275984195418,0.10101947866302201,0.35450832734306903,0.2566150724014495,0.031689648344132224,0.031689648344132224,0.031689648344132224,0.0314405819179775,0.743491291174446,0.0019598040306685327,0.005252912228473683,1.2289222977215477,9.255240705480249,178.74432035331213,0.021392630714913787,0.9529840223017061,0.09527898073578539,False,False,False,False,False,0.0,False,0.0,False,False,2,False,none,0.000826816976768896,0.20592404499633282,0.13033722272126058,0.07414086372389131,0.15127724975537057,0.0025745725258759025,0.040814257646651704,0.017376943237780277,0.01653052434502024,0.10559672638483823,0.14626303496399023,0.028008943533846357,0.1056841610881377,0.02174883895197365,0.014834732833042574,0.10430919592456427,0.11730347069150432
545,True,0.08073053547010937,0.020577256211360043,0.10078162855635914,0.3563408230380684,0.2913315327483931,0.031386821797313724,0.031386821797313724,0.031386821797313724,0.031151415637480265,0.743491291174446,0.0019598040306685327,0.0006052324005705324,0.9847388020678761,11.851795864904062,544.6661706458,0.025517389829544834,1.495280047714443,0.04774566368960977,False,False,False,False,False,0.0,False,0.0,False,False,2,False,none,0.0008321060158777982,0.20461043248930308,0.12765682492346334,0.07399649261566607,0.1381413394969793,0.003760097510508823,0.03244544966744999,0.02562350283125479,0.015586244177700263,0.10202838709891197,0.14817944489966708,0.046239693538973524,0.11150891515595954,0.025798128079677303,0.015301149756807818,0.10423807486257189,0.11657439041685512
546,True,0.08174649193860221,0.02512358782355923,0.10062079331028323,0.3485588176172426,0.3158423766502822,0.03116935013820653,0.03116935013820653,0.03116935013820653,0.030966712226467363,0.743491291174446,0.0019598040306685327,0.003877729185912893,0.7776518486845473,22.03727972474273,350.74331178634196,0.032838448542560725,2.222604613222803,0.03367788948864065,False,False,False,False,False,0.0,False,0.0,False,False,1,False,none,0.0008312649733852595,0.20240165786642417,0.12754862976582335,0.07382312828186732,0.12320511463983025,0.012133809899473342,0.021250795615807366,0.03939902894235185,0.014626345919096522,0.10010686460089124,0.15042510821919122,0.05055286639846901,0.12171413646199035,0.03090633274100546,0.015562643691783087,0.10783869898981792,0.1164487089838132
547,True,0.08242119384085239,0.026993968357756234,0.10089693566855108,0.3407600132244173,0.3109761726376595,0.03244570657301541,0.03244570657301541,0.03244570657301541,0.032268749725563,0.743491291174446,0.0019598040306685327,0.0037894734259404927,0.8470499602165528,14.560471231895857,482.26092048392036,0.03945719942219952,2.8242365259937126,0.03385081686019329,False,False,False,False,False,0.0,False,0.0,False,False,1,False,none,0.0008161069999914616,0.20063436015155758,0.12970209449022685,0.07216629076159696,0.11598931417862766,0.022252612937077285,0.015436394625206825,0.053956013273298985,0.014367100101119213,0.09865312707637658,0.1521908143618496,0.04149023769215337,0.12936788038332458,0.026421481322815774,0.01323127873379097,0.11295976123288004,0.11992034013173593
548,True,0.08250940860565716,0.026762799806700006,0.10109161153864289,0.3313067914864298,0.2810582018277989,0.03463098446280382,0.03463098446280382,0.03463098446280382,0.03447918273778927,0.743491291174446,0.0019598040306685327,0.008261071398606212,1.015878863510662,13.083083204986846,160.03208347924783,0.04347154638308568,3.165126773974467,0.03749539742566565,False,False,False,False,False,0.0,False,0.0,False,False,2,False,none,0.0008150049834512174,0.19896527425330973,0.1313229185680444,0.06974218618026061,0.1123986711801028,0.031258880614425714,0.014231476891251009,0.06506349906022085,0.01688390138251644,0.09813598910819286,0.1528482616402865,0.024784580792261007,0.13554947576025667,0.01466524447583607,0.010438554308226652,0.12108794455391149,0.12277367892141182
549,True,0.08324494877588846,0.026426661748904512,0.1021843777848831,0.32991108189179963,0.2419149545727823,0.03660369078833594,0.03660369078833594,0.03660369078833594,0.036472752232672725,0.743491291174446,0.0019598040306685327,0.0011772808097132437,1.145071444246413,9.97842135648982,176.59531757938836,0.0448823884798076,3.21604448860413,0.06929773359293796,False,False,False,False,False,0.0,False,0.0,False,False,2,False,none,0.0008232200052589178,0.19722261334952973,0.13099037997860008,0.06943226728404518,0.10909019841364928,0.03736104436195097,0.016264987532352542,0.07056258393254858,0.019674703544561332,0.09859015238147012,0.15228975328820896,0.021191594381637393,0.14150829201827672,0.006409803451610226,0.009059556066897916,0.13008645240635303,0.12218479802252322
550,True,0.08407874546157655,0.02905025215036846,0.10242157656531259,0.32223780793508044,0.19730505086540506,0.03674597233922682,0.03674597233922682,0.03674597233922682,0.036608260156605434,0.743491291174446,0.0019598040306685327,0.029962027260930894,1.1252385132747063,10.466818981925051,281.63721946061116,0.03895398853226493,2.4874235162455234,0.10101347361557375,False,False,False,False,False,0.0,False,0.0,False,False,2,False,none,0.0008182910096365958,0.19550616981797828,0.12400593734156351,0.06711976465018059,0.10488311662813142,0.03739218544132709,0.024745181735453325,0.06217222812853346,0.02240026851934245,0.10082578077527354,0.14937132940544984,0.03188387818355415,0.14660536972192026,0.01386757217753763,0.01776093977606031,0.13381381240343235,0.1129063926794866
551,True,0.08145988850316879,0.029566817454703576,0.09875757885265717,0.2847831720407005,0.17259743198213479,0.03262663727999913,0.03262663727999913,0.03262663727999913,0.03236588322861586,0.743491291174446,0.0019598040306685327,0.04495450136681734,0.7208961504783102,27.657376882025698,835.4261992039102,0.02824748450941049,0.4376805238278363,0.12179723159145717,False,False,False,False,False,0.0,False,0.0,False,False,1,False,none,0.0008189009968191385,0.19453057425170897,0.11346358355376406,0.06287779793565415,0.1057719040334629,0.03075006937115097,0.03393928852939472,0.046308095617387565,0.023655047137055078,0.10215283669334824,0.14781215843303874,0.02178324729338675,0.14046833247187732,0.022839043310743202,0.025465083753628468,0.12730690176905968,0.10423425189603941
552,True,0.0801216617801336,0.03193206312614263,0.09618486133146391,0.26095170435677173,0.17176730388119513,0.03115109457469893,0.03115109457469893,0.03115109457469893,0.03079466532570974,0.743491291174446,0.0019598040306685327,0.05594551981335739,0.8111390561155772,18.262723683175654,518.7593678439592,0.02394036483402793,0.05611529351835912,0.23784444944007693,False,False,False,False,False,0.0,False,0.0,False,False,1,False,none,0.0008188110077753663,0.19255112320354406,0.10766935692861426,0.05714488713431071,0.10009131809309328,0.029044058201593836,0.035710143127784755,0.04047655131168625,0.02618572785082769,0.10287895085845186,0.14703602998828058,0.02632590581167373,0.13085546800069534,0.03034327645160288,0.030722696890453694,0.12789557195130258,0.0970155226782218
553,True,0.07809234255187955,0.0315264541976764,0.09361430533661395,0.25286431666063514,0.19483501600037162,0.0316983313654212,0.0316983313654212,0.0316983313654212,0.031331229008625366,0.743491291174446,0.0019598040306685327,0.059226479065326076,0.8177230512228874,5.802831369860585,484.91742078516876,0.021392765660126427,0.06133388342663703,0.3991120779412084,False,False,False,False,False,0.0,False,0.0,False,False,1,False,none,0.0008212959801312536,0.19098587969278416,0.10279913083223069,0.052679050001064535,0.09655042395283434,0.026462756549756807,0.032845259121936324,0.03809065707759222,0.028104268922864686,0.1024115381430295,0.14764839925440784,0.024020390064874605,0.12407735662941766,0.028146579192971952,0.031764311597276745,0.12914634859749233,0.09374513119953858
554,True,0.07565935258113028,0.027671377037290005,0.09165534442907704,0.25364798176063885,0.22229270892439157,0.03274850143160163,0.03274850143160163,0.03274850143160163,0.03241073464563289,0.743491291174446,0.0019598040306685327,0.049689963333492626,0.7667617292847175,9.147100358005716,231.12537882922473,0.017599245090811982,0.0714398511578012,0.6021585184448935,False,False,False,False,False,0.0,False,0.0,False,False,1,False,none,0.0008261250040959567,0.1904700372547996,0.10173055808109994,0.052108172675437464,0.09743366108980887,0.021863545208231496,0.02713028243963418,0.03675845710859147,0.024566051884561114,0.10023224695682456,0.1490783147321393,0.020124333023646433,0.11583209984124712,0.022165905122235787,0.027195094033771645,0.12777625327683106,0.09608462856922453
555,True,0.07389081161565392,0.024255624832149325,0.09043587387682211,0.2604957689416049,0.2331882792541703,0.03395480081141516,0.03395480081141516,0.03395480081141516,0.0336378985542487,0.743491291174446,0.0019598040306685327,0.04137757223299987,0.700461879422027,9.898252331376643,158.34793687168883,0.015927600062406785,0.05220698465456111,0.7632231153897648,True,False,True,False,True,0.0,False,0.0,False,False,1,True,left-skating,0.0008426370040979236,0.18998508429748498,0.09993113238961292,0.052344595877967554,0.09815619837470844,0.01854862872983733,0.025569526874477222,0.035364236002860504,0.02210173908939845,0.09939909904767315,0.14875047582150455,0.018277425751708803,0.10931402434196723,0.016612463012779025,0.02294406122355932,0.12660199997904317,0.09835229503588004
556,True,0.07289131470437768,0.020647650676108686,0.09030586938046735,0.2716649126022335,0.24073753916136698,0.034838027186566554,0.034838027186566554,0.034838027186566554,0.03452955325720714,0.743491291174446,0.0019598040306685327,0.02658427887491066,0.6215871804948262,8.583626893690102,214.25258515364075,0.014456555551092353,0.03538888586848167,0.7754503402006666,True,False,True,False,True,0.0,False,0.0,False,False,1,True,left-skating,0.0008229990198742598,0.18986491853122725,0.09856468375135699,0.05310572152723548,0.10135513935322604,0.019508665154321474,0.024649029176175494,0.0328825337638732,0.02052186980615979,0.0989321286552857,0.1486790228122371,0.01651815181540219,0.10431117486341684,0.01170125292175923,0.01748494621264253,0.12380759788240736,0.10437419904331616
557,True,0.07197344228059233,0.014115608883508197,0.09125938674628703,0.282559932190696,0.24846417075799201,0.034933432395464585,0.034933432395464585,0.034933432395464585,0.0345977478323274,0.743491291174446,0.0019598040306685327,0.0056725045803445165,0.9032992940000178,12.05526586739381,280.24947839025134,0.016567207582898095,0.006875771886277853,0.8607036033508206,True,False,False,False,False,0.0,False,0.0,False,False,1,False,none,0.0016335860127583146,0.19027288604593176,0.09700058512960875,0.05732774757074518,0.10914348954964989,0.025003197410280002,0.026331280774606024,0.018390190420872574,0.01597437019989684,0.09847821371064275,0.14864508537200938,0.010804357792872607,0.09984627328606806,0.012245801019759412,0.009852073893503968,0.11617585165919436,0.11608367265383568
558,True,0.07331409856001464,0.015185659152117212,0.09269024502931378,0.28899201527158586,0.25128925769311444,0.03463752897059942,0.03463752897059942,0.03463752897059942,0.034300146973624136,0.743491291174446,0.0019598040306685327,0.04673484316928045,0.9966411921393193,13.613621655319118,413.92740902987737,0.014482170926986228,0.04209116300451338,0.7546075157468647,True,False,True,False,True,0.0,False,0.0,False,False,1,True,left-skating,0.0040734580252319574,0.1908614491719476,0.09898668027086907,0.0622594226623149,0.11536743935935528,0.03490160389021124,0.025525657093883533,0.019096053053699064,0.010561858826698788,0.09821163857176421,0.14876665491669708,0.00566146538673486,0.09502994494654962,0.01947761913312927,0.011607105594941726,0.10745181945385843,0.1292591646275796
559,True,0.07526540313436347,0.020369100971515758,0.09356417052197936,0.2932588552578337,0.25230066633007986,0.034639719384090696,0.034639719384090696,0.034639719384090696,0.034326769300632214,0.743491291174446,0.0019598040306685327,0.06772293905547722,0.7645356167274268,16.95912348188709,610.9067428680127,0.011074046743018902,0.021754317193993157,0.545339700482138,True,False,True,False,True,0.0,False,0.0,False,False,1,True,left-skating,0.006503382988739759,0.19148517368199053,0.10063512019510007,0.06607887036717879,0.11689058290898663,0.03829701651409137,0.023096827130674395,0.029007351551599222,0.013062846193096452,0.09843456390522572,0.1481222758796009,0.009796483728055182,0.09129295710995806,0.023759429694039845,0.015646776447327516,0.10348206879554706,0.13515810604734357
560,True,0.0750770077695224,0.021758263856603118,0.09284992240716217,0.29103628462552594,0.2348295775502202,0.034489498747525084,0.034489498747525084,0.034489498747525084,0.03420252925208793,0.743491291174446,0.0019598040306685327,0.07243265008309785,0.8731476779575664,18.466591151254896,369.2541840294032,0.010926454727037793,0.0007253480963201631,0.49835091107673674,True,False,False,False,False,0.0,False,0.0,False,False,1,False,none,0.009500070009380579,0.19228281538342124,0.1000582640223604,0.0703933247195312,0.11415965301368833,0.036848355251660324,0.0210283686056188,0.03114141673275045,0.014491630996217407,0.09894064154405732,0.14739486752524855,0.010385224983250561,0.08407490877431101,0.024878457752519477,0.01652154994492515,0.10233940395580632,0.136293241106992
561,True,0.07518086532417945,0.02339618055015521,0.09244242691552086,0.2915864436774729,0.2238340288848437,0.03439809962958339,0.03439809962958339,0.03439809962958339,0.03413391709457574,0.743491291174446,0.0019598040306685327,0.0779561842976586,0.8121854996820906,7.765423546400317,554.5771684683709,0.010692142374427303,0.0026938986615335737,0.4785303313729076,True,False,False,False,False,0.0,False,0.0,False,False,2,False,none,0.005669461999787018,0.19336205971643086,0.09974301384164058,0.07385327014079388,0.1121295354563398,0.0354329501543892,0.01957311425956518,0.033289449509579745,0.016344275481918236,0.0992078873189397,0.14678569994136503,0.012415380341716532,0.07814723463090043,0.026139995646088304,0.01781100156303455,0.10099049345730254,0.13766848372686655
562,True,0.07622319069280029,0.026340027801362874,0.09285091165661274,0.2969333992914749,0.22863950578765563,0.03442080179528128,0.03442080179528128,0.03442080179528128,0.034174972164553376,0.743491291174446,0.0019598040306685327,0.08898389270139594,0.7270864461611365,7.261987184810287,239.41801257885703,0.010615570199333738,0.002424173682968309,0.4761091321828692,True,False,False,False,False,0.0,False,0.0,False,False,2,False,none,0.004125688021304086,0.19485982056936973,0.1009079420302815,0.07701263917314778,0.11212861264074377,0.03611813448442212,0.017604122822007084,0.037084906150903284,0.019765848271390152,0.09897737356487032,0.14640565227296873,0.016839343314204377,0.07367304775432795,0.02860252694240431,0.019906829840753745,0.09867214871389356,0.14101210253911617
563,True,0.0760914936376541,0.026771141684989237,0.09253161095520908,0.29605385613769153,0.2220066045543839,0.034352430016535394,0.034352430016535394,0.034352430016535394,0.034131578218063174,0.743491291174446,0.0019598040306685327,0.09092106420999291,0.7499216374040184,9.47948132875814,373.83892377236697,0.010288768904678178,0.013938581960131586,0.47595349928388636,True,False,True,False,True,0.0,False,0.0,False,False,2,True,left-skating,0.007333394984016195,0.19600888776481348,0.0992446415395492,0.07918418345134617,0.10713353203231948,0.032556393817249445,0.0178462935684533,0.03673858422227914,0.020755106352953807,0.09932920571866694,0.1458999929537967,0.021392021780251437,0.07117432840763813,0.029103159636827462,0.020487716527896542,0.09830930260851664,0.14230054781990806
564,True,0.07620417153867738,0.02670292914823693,0.09270458566882421,0.29708997607378995,0.21600007480023103,0.034255989856027805,0.034255989856027805,0.034255989856027805,0.03403502564411925,0.743491291174446,0.0019598040306685327,0.08998351186815201,0.6057404643635148,10.479120906344946,398.71758204266746,0.011314860637254759,0.006628268304231634,0.4752440257920727,True,False,False,False,False,0.0,False,0.0,False,False,2,False,none,0.005780252016847953,0.19673099787973503,0.09919230300085073,0.0796857927193857,0.10565821779931266,0.030321008371955664,0.01892073663453105,0.035579966828293806,0.022243078664820812,0.10035553005629788,0.1447593790498827,0.02700432130698725,0.0695048750667372,0.029160815856770432,0.019827855243062655,0.09795260215372577,0.14236926398648883
565,True,0.07701332411674922,0.028425040371195965,0.09320941869860032,0.3023064861096237,0.2156195882897473,0.03412910057129481,0.03412910057129481,0.03412910057129481,0.033900085895719946,0.743491291174446,0.0019598040306685327,0.09552021247081834,0.5674289397728416,4.896972256926596,289.93454815563507,0.012447609729770583,0.013246295693364057,0.44792524402238443,True,False,True,False,True,0.0,False,0.0,False,False,2,True,left-skating,0.004119905992411077,0.19753860281059746,0.1005017677171548,0.08039602929419007,0.1052091648391076,0.03161016553040277,0.018931673851618036,0.03664403572135235,0.02570540078049524,0.10123965863011526,0.143903896075454,0.033216372586914344,0.06651666564896093,0.030997239104582085,0.020353485878354182,0.09604287941931137,0.14340614797937692
566,True,0.07810610483219368,0.030843457258898324,0.09386032068995881,0.30832513602673156,0.224273078451649,0.03404265547893982,0.03404265547893982,0.03404265547893982,0.03380023305637949,0.743491291174446,0.0019598040306685327,0.10415284569904815,0.44707824979534294,6.3736633696398535,232.57931084019225,0.01252111867585723,0.012963542076691505,0.23148609497981312,True,False,True,False,True,0.0,False,0.0,False,False,2,True,left-skating,0.00248908597859554,0.19820901081954512,0.10223523953276946,0.08104439678728292,0.1043134020310666,0.03470087810045262,0.018564797819043077,0.03835789437459215,0.02985009920585352,0.10197933570544297,0.14319158780925584,0.04027605639893089,0.06326127621228432,0.03385946035641384,0.02130637509873378,0.09339469056858675,0.14515317649484533
567,True,0.07890133290508591,0.03282515356758845,0.0942600593509184,0.3128806847925758,0.2392356748247404,0.03398123622149928,0.03398123622149928,0.03398123622149928,0.03372851221387747,0.743491291174446,0.0019598040306685327,0.11111373140644853,0.44752275048138085,5.976018445549942,98.32963086939453,0.014611078784733791,0.017651185425441963,0.09594221812921253,True,False,True,False,True,0.0,False,0.0,False,False,2,True,left-skating,0.0038255480176303536,0.1987899082928314,0.10380819113000092,0.08065346281698466,0.10369592208896278,0.03739718970007093,0.017224819761260887,0.03930809821170866,0.03323237274014352,0.10252725516568104,0.14272657454576104,0.046948347832637516,0.06060463305780562,0.03670655013891666,0.02205359317958497,0.09080011555786795,0.14594429226115596
568,True,0.07915955258579131,0.033464162742891636,0.09439134920009119,0.3163015223789899,0.23798325982026447,0.03396887309498883,0.03396887309498883,0.03396887309498883,0.03370930132281408,0.743491291174446,0.0019598040306685327,0.11424177257171952,0.456730662026588,4.851155089634369,233.78611821269217,0.01482647099374149,0.014600564080100553,0.05749109307637261,True,False,True,False,True,0.0,False,0.0,False,False,2,True,left-skating,0.0025392009993083775,0.19930775669048292,0.1048842154623374,0.07935616844657739,0.10396657964280068,0.038818702784667744,0.016441091058885277,0.039022489584480444,0.03429432952623937,0.10327641939340322,0.14222209492951526,0.05132254367758962,0.05843146478976227,0.0387059812509216,0.021833850609925133,0.08886584574341591,0.14580330778165668
569,True,0.07871135271918635,0.032589056880318615,0.09408545133214229,0.31585575427009666,0.2252360877658433,0.03400962824332593,0.03400962824332593,0.03400962824332593,0.03374978015364682,0.743491291174446,0.0019598040306685327,0.1127233532893539,0.5059362748025197,5.943315079199136,99.18791318353266,0.015997193395339625,0.01433160185872485,0.03437356372681703,False,False,False,False,False,0.0,False,0.0,False,False,2,False,none,0.002495999011443928,0.19964346629157884,0.10560526329562775,0.07689783072754623,0.10498514750939252,0.03844818602445353,0.01587900163400224,0.03733899762066429,0.03297752083707698,0.10412186201453999,0.14150349831731482,0.05392077725841712,0.05626503710528048,0.039693020862941956,0.02034668820059125,0.08770063770315821,0.14405470810439552
570,True,0.07840037013353068,0.031656026533652105,0.09398181800015687,0.3152768829094005,0.1978372341345489,0.03418804598491244,0.03418804598491244,0.03418804598491244,0.03393316121133312,0.743491291174446,0.0019598040306685327,0.11089598051745629,0.48536498516013477,4.788480809158353,146.2651407060132,0.015422309962306067,0.011517169322066152,0.00778053636718431,False,False,False,False,False,0.0,False,0.0,False,False,2,False,none,0.0016788009961601347,0.19993543232695274,0.1055475764051708,0.07567114345720162,0.10663741249882912,0.03827376198748023,0.01604290015244458,0.035939482894238074,0.03146749850662323,0.10457598850768372,0.1412096764384468,0.056343165472794846,0.054567710189625855,0.04039718767780318,0.018819937055943935,0.08695327540828018,0.14202377315697204
571,True,0.07786877631006736,0.02977327114375199,0.09390061136550581,0.315360970115582,0.17440763374270682,0.03424262577471937,0.03424262577471937,0.03424262577471937,0.03399205477002074,0.743491291174446,0.0019598040306685327,0.10546394930617198,0.5033006561342096,4.169428542141786,139.13423864013043,0.014378371355464823,0.09548204778568296,0.020491768606471502,False,False,False,False,False,0.0,False,0.0,False,False,2,False,none,0.0016556270129512995,0.20018393840158838,0.10562884944486588,0.07609651129016377,0.10918779365019855,0.03492567851609937,0.015583453307156494,0.033539532072891835,0.029705400217873854,0.10529431900183862,0.14049567620967984,0.058461807231385735,0.05386830153804822,0.03931669684287119,0.016531455441371082,0.08770301720631606,0.13937799058872885
572,True,0.07794599876279712,0.02967673346308674,0.09403575386270058,0.3166896665360508,0.13468247259079774,0.03389446201476332,0.03389446201476332,0.03389446201476332,0.033649670260877444,0.743491291174446,0.0019598040306685327,0.10785772498265134,0.8384112145560813,21.062866596341063,568.3435019030728,0.015790558263010835,0.45321284703984527,0.03469822547226365,False,False,False,False,False,0.0,False,0.0,False,False,2,False,none,0.008234341978095472,0.20041512852662882,0.10705918732427556,0.07804162112122627,0.11179717947318649,0.030815000909901857,0.0137219754126437,0.0334240998365307,0.02932971265404567,0.1058958165849067,0.1398383996258714,0.05798075979296187,0.054375551272152635,0.04012516451581092,0.015827956845959664,0.09021396229007464,0.1382744640185768
573,True,0.07790468129968271,0.028590276817924195,0.09434281612693556,0.31941839601722755,0.12450172367612869,0.03401656053376087,0.03401656053376087,0.03401656053376087,0.03378991686943128,0.743491291174446,0.0019598040306685327,0.10754632949677356,0.7810061405712447,20.510766946071985,888.4576167380662,0.016418388566990457,0.8935105692209903,0.015401163206515633,False,True,False,True,True,0.0,False,0.0,False,False,2,True,right-skating,0.009011574991745874,0.20059037775017408,0.10796605014431197,0.08031466205098492,0.11279933529004013,0.027412950055114797,0.01390311692525643,0.032775378895104255,0.029031201890742996,0.10611035138469166,0.1396661683254557,0.056728574185197826,0.05519712292385706,0.03783500893066458,0.014719517555184953,0.09441386718954747,0.1370112172985947
574,True,0.0784260901711621,0.03000242159511714,0.09456731302984374,0.3235736974658945,0.1354897093792901,0.034075627848053174,0.034075627848053174,0.034075627848053174,0.033852325645486035,0.743491291174446,0.0019598040306685327,0.11682835156647053,0.49692381800119945,17.879275805480994,795.3135305162173,0.018445516384883103,1.293518826581324,0.01441523846126191,False,True,False,True,True,0.0,False,0.0,False,False,2,True,right-skating,0.0016620289825368673,0.20095852387938964,0.10918701336707431,0.08299478758260431,0.1142095719532958,0.02584193591011819,0.015345403238350212,0.037562644054728714,0.030347708690057918,0.10547810019560282,0.14052769314633864,0.050654948757800945,0.057113997712802206,0.03701628121770413,0.01508305241797781,0.09520226945953686,0.13729351115521102
575,True,0.07876830397162887,0.03114757835519659,0.0946418791771063,0.32764657226803184,0.13717584361602775,0.03406140929778847,0.03406140929778847,0.03406140929778847,0.033828657463639326,0.743491291174446,0.0019598040306685327,0.1236204983302116,0.5041730372168512,4.00897873363837,435.5456418827631,0.01947259632791216,1.4713092146238433,0.006607628535856668,False,True,False,False,False,0.0,False,0.0,False,False,2,False,none,0.0008401420200243592,0.20131445325070535,0.11082985123317828,0.08606840335709523,0.11541016940030854,0.024643824914505286,0.017315087549255696,0.043322429491102814,0.030233157006396817,0.10521277518188224,0.1408847995999556,0.04317285938644221,0.058788793453485935,0.03595583511045653,0.015078891812830198,0.09468158349105253,0.1373799493074086
576,True,0.07895745261454826,0.030702055270301214,0.0950425850626306,0.32963673957261685,0.13642465010562427,0.03393144690917177,0.03393144690917177,0.03393144690917177,0.0336982610298586,0.743491291174446,0.0019598040306685327,0.12588443957884854,0.5850317958758865,3.3859829881137937,136.5018648046881,0.020714937046157112,1.579448913858295,0.012508247629596325,False,True,False,True,True,0.0,False,0.0,False,False,2,True,right-skating,0.0008376570185646415,0.20165720057683673,0.11328821954282606,0.08837992895481157,0.11671446903321248,0.0241130236992232,0.01800325260647293,0.045495853503286283,0.029512595703736114,0.10443109832597416,0.14173738504125188,0.038160770479187305,0.06101863704438551,0.032948678160780516,0.014851093713401948,0.09634927315359144,0.1366577622937939
577,True,0.07908457529112092,0.02880509058235902,0.09584440352737489,0.32942896115718917,0.13690819630906306,0.0340200023914804,0.0340200023914804,0.0340200023914804,0.03377727687122157,0.743491291174446,0.0019598040306685327,0.12374827499430284,0.5920268737184889,3.0650884025751277,101.19982942734646,0.020893541771737432,1.5952705185239033,0.008060562847645041,False,True,False,False,False,0.0,False,0.0,False,False,2,False,none,0.0008388099959120154,0.20200392899484637,0.11588680071775764,0.09023265191923532,0.11852637833635551,0.02484606159425273,0.01842020540532231,0.04457220987049333,0.027967739454948886,0.10384209635534163,0.14237392108646146,0.03480801177109812,0.06332998603960821,0.02862274629285556,0.014057666711138301,0.10042568039208391,0.13543711971613523
578,True,0.07900938205948337,0.02537181843665007,0.09688856993376112,0.32881901797222096,0.13294355587408666,0.034457601285985025,0.034457601285985025,0.034457601285985025,0.03420140565180897,0.743491291174446,0.0019598040306685327,0.11556052320314003,0.5765818812426543,4.821398336548403,87.65419633870756,0.02091075997994076,1.5789241779135943,0.006002253521860337,False,True,False,False,False,0.0,False,0.0,False,False,2,False,none,0.0008439189987257123,0.2023345072708847,0.11850619337612277,0.09196730651077935,0.12119565542478683,0.02527695114762993,0.020163990441110554,0.03998740086965005,0.02588661945148976,0.10428919981625914,0.14188437260336362,0.03283746458317609,0.0642701345679801,0.02318043155174358,0.012432821873716892,0.10638916339023,0.13354790007281037
579,True,0.07882452592187396,0.021023858769511853,0.09809141497266134,0.3316595711160357,0.13442232958462194,0.03498545746965873,0.03498545746965873,0.03498545746965873,0.03470897834643666,0.743491291174446,0.0019598040306685327,0.09916224397815965,0.5666208610143126,7.707156209343295,126.24547445783752,0.020193181364082997,1.4908663522044936,0.009366739830740118,False,True,False,False,False,0.0,False,0.0,False,False,2,False,none,0.0008350920106749982,0.2027813875966692,0.12097420918197767,0.09337197595817098,0.1252415596353353,0.0242445095378119,0.02271541859337773,0.0344844829153776,0.022601507005191254,0.10550769114464477,0.14097485844716584,0.03178974261427493,0.06568015195374623,0.017032733142805914,0.009976712014672649,0.11322061460293024,0.13059486040583135
580,True,0.07947455642272809,0.018105369570393222,0.09993095204017305,0.34110246745371753,0.15135946676771753,0.0354846407165664,0.0354846407165664,0.0354846407165664,0.035189458605679534,0.743491291174446,0.0019598040306685327,0.090628182264489,0.5853143054458622,10.593932975848361,186.77727643256736,0.016930221885257647,1.1688462640202804,0.010740352125222835,False,True,False,True,True,0.0,False,0.0,False,False,2,True,right-skating,0.0008291809936054051,0.20334856619529046,0.12359965412032241,0.09464998675211372,0.13063792483881148,0.02316943085613932,0.0254604818077642,0.03033625460767163,0.020786258635539165,0.1071153491399759,0.14052412075829807,0.036293493512540874,0.06946791516442903,0.01282383897420585,0.008475126064156248,0.11589193378995365,0.12901256754643753
581,True,0.0807524579309938,0.0223401763938521,0.10022321844337435,0.3542506917285344,0.1480689474808539,0.03419322518965361,0.03419322518965361,0.03419322518965361,0.03396496729903816,0.743491291174446,0.0019598040306685327,0.11474443940139012,1.7553655551058305,42.06238067138222,1159.9786695493442,0.015085525529999862,0.2940465073444513,0.024209622896657193,False,True,False,True,True,0.0,False,0.0,False,False,1,True,right-skating,0.008988240006146953,0.20449616034665347,0.12383869101968827,0.08726991076505088,0.13388742851877036,0.01867410194295018,0.023500843485061932,0.030078253322489226,0.031287663157230965,0.10468610537855694,0.14630544808099205,0.04192237135935314,0.07384851472802043,0.015536693454660947,0.012458095641027254,0.11121361279672551,0.1330354328986689
582,True,0.08410540548381933,0.023847800038857267,0.10419127396547334,0.3764511262490811,0.15202293618281432,0.03470769313997467,0.03470769313997467,0.03470769313997467,0.03442895659271884,0.743491291174446,0.0019598040306685327,0.12809498974033207,0.32452144036487623,45.13073620459668,2593.1509199373954,0.006098633120656038,0.05031943407811181,0.017796778596205674,False,True,False,True,True,0.0,False,0.0,False,False,1,True,right-skating,0.0008336589962709695,0.20546078188493014,0.12768044224667863,0.09003837167489169,0.1411480883999002,0.024393715014127022,0.026193166351872566,0.03469671152100353,0.03214794673613916,0.10414059942598869,0.14799792753206442,0.05727926087564225,0.08131985600652573,0.01629755849062819,0.012248983407658176,0.11088474869798431,0.13375832947507443
583,True,0.08634999854358204,0.024292483584049,0.10703583686342638,0.3934963834197909,0.18787615266969135,0.03459364385714341,0.03459364385714341,0.03459364385714341,0.034282912436795626,0.743491291174446,0.0019598040306685327,0.13478819561154912,0.33055541335291017,2.892025162290776,1362.4572079193103,0.005010505042681283,0.009956265209984798,0.014592275643066803,False,False,False,False,False,0.0,False,0.0,False,False,1,False,none,0.002036148012848571,0.20623039884174538,0.13106068912840077,0.09133242005448525,0.1470681060371275,0.026325697090436247,0.030290865533886588,0.035356682799376475,0.03106416020052149,0.10432964726358955,0.14909402425816626,0.06812670921174928,0.0871438578043137,0.01774651021152767,0.013002581124770379,0.10937777854959459,0.13404984858762137
584,True,0.08779130415399626,0.024064189271507094,0.10903367578149266,0.40401163945768226,0.23803322961101925,0.03428301269968136,0.03428301269968136,0.03428301269968136,0.03395050534430339,0.743491291174446,0.0019598040306685327,0.1382498539315411,0.31138283915146986,3.548847610014973,82.3414272567859,0.004015487561653798,0.01133468246496582,0.010493744758277045,True,False,True,False,True,0.0,False,0.0,False,False,1,True,left-skating,0.0008503510034643114,0.20689492178220112,0.1341739937060722,0.0922075364838062,0.15118552336596108,0.026386824316833073,0.034488621553914876,0.03411509984058003,0.029319714868698707,0.10429292937866219,0.15014011806109515,0.07504133727014706,0.09144571246317983,0.01900150969049655,0.013820432686253084,0.10811504770857709,0.13403154328746222
585,True,0.08887008209972304,0.028326112948726754,0.10905140515005513,0.4103232257939962,0.24834217298543446,0.03375759609110984,0.03375759609110984,0.03375759609110984,0.03345071224742518,0.743491291174446,0.0019598040306685327,0.1574645358540585,0.8259697550403545,16.812411938818325,465.5191431818921,0.007697904708630067,0.017977660677481893,0.0017542773242845194,True,True,True,False,True,0.0,False,0.0,False,False,2,True,left-skating,0.0032605880114715546,0.20764490528265192,0.13568378052268146,0.09008227555129207,0.15005737863224183,0.02719934313740946,0.031434285927600884,0.038856676641202285,0.03691978630048351,0.10209312136091295,0.15366629611669347,0.07479288318328306,0.09367532714755485,0.021085946753836075,0.01644204209938514,0.10607659794146287,0.13621066699687684
586,True,0.08935429675853218,0.027508447739718257,0.10996957976480348,0.4093187637488497,0.23664063355943646,0.033701157714491406,0.033701157714491406,0.033701157714491406,0.03337612196707812,0.743491291174446,0.0019598040306685327,0.16024136037943193,0.1666547010443115,21.127038827374285,1124.8777377195531,0.003854701394847455,0.002766993586902565,0.0045837878518115525,True,True,False,False,False,0.0,False,0.0,False,False,2,False,none,0.0008405430126003921,0.20793108331238602,0.13975663470121066,0.09182342816641671,0.15138009025725527,0.028282010621880804,0.0318910074310873,0.03631000969314569,0.03546495894548067,0.10208221074956053,0.15391674836866973,0.07627282002568668,0.09489271249488172,0.021807416345826666,0.016451405974419988,0.10528499181569279,0.13612121923291354
587,True,0.0897667145053498,0.02710584201441406,0.11065367200232838,0.4103124975222757,0.22049544859733697,0.03361464771915846,0.03361464771915846,0.03361464771915846,0.033272903274228785,0.743491291174446,0.0019598040306685327,0.16153104076546176,0.1916448034620408,1.5695136942954575,632.7610135125326,0.00442234272385837,0.0018107465108794464,0.008525608288740312,True,True,False,False,False,0.0,False,0.0,False,False,2,False,none,0.0008259249734692276,0.2080601472811381,0.14253837848440068,0.09295048675828459,0.15161359146832715,0.028294788184408965,0.03133287354419733,0.03441253097961887,0.034886222057040624,0.10236863876080461,0.15405998143856692,0.07876664675501377,0.09707186358738608,0.02259449767655862,0.016530117344438114,0.10466900069929098,0.13611766706612125
588,True,0.090364133170335,0.027281321941294637,0.11139173691334846,0.4148045393247403,0.2152989557864629,0.03352825820220233,0.03352825820220233,0.03352825820220233,0.033173588637156366,0.743491291174446,0.0019598040306685327,0.16354315606828537,0.19759369581497632,1.203647592149381,34.26114561448416,0.00479868120979283,0.004552130922795186,0.006386183651349986,True,True,False,False,False,0.0,False,0.0,False,False,2,False,none,0.0008644280023872852,0.20819899484745985,0.1444938544948727,0.09439650624437881,0.15182318023735156,0.027741307888948942,0.030429263501845976,0.03349653206491452,0.03533952808946745,0.10262475424474944,0.15435921590858073,0.08274893260469182,0.09963884894032403,0.02342710356478091,0.016862124046015663,0.1040701290711311,0.13617585497584672
589,True,0.09145695355319217,0.03029568853476587,0.1118440418926676,0.41818556146408403,0.23535068891330346,0.033288515965165466,0.033288515965165466,0.033288515965165466,0.03292971726388292,0.743491291174446,0.0019598040306685327,0.17290791689381146,0.4449599896210874,7.9098837859048245,221.85543298429005,0.0075103626090896655,0.008847672539431188,0.00222078258598969,False,True,False,False,False,0.0,False,0.0,False,False,2,False,none,0.0032844329834915698,0.2080081446908199,0.14412064834485142,0.09364808869517363,0.1489812222496389,0.030867323166524345,0.026728672714478614,0.041562437617060674,0.03634246285372717,0.10258250806516267,0.15560097139268012,0.08765806555002743,0.104438672828803,0.024988783796133885,0.01828906987214176,0.10271756059897173,0.13677662441487942
590,True,0.09207162055758294,0.030073590692654917,0.11273763051255896,0.42479231085130337,0.26293578634493,0.03322164327518694,0.03322164327518694,0.03322164327518694,0.03285611154698459,0.743491291174446,0.0019598040306685327,0.1771461536512975,0.12920462127512178,9.848267528524092,528.3291471086325,0.0050375722040669965,0.0033815155332911793,0.006465533829271231,True,True,False,False,False,0.0,False,0.0,False,False,2,False,none,0.0008310150005854666,0.20834522383491572,0.14655410844557912,0.09577485216635687,0.15094869988195744,0.03016691808164602,0.025841713304603064,0.036982515142876385,0.03834626840138917,0.10224893975186013,0.15640461281209272,0.09117090380607586,0.10685569660400387,0.02608490151237987,0.018880677713974243,0.10168341453869269,0.13685648292292363
591,True,0.09232928621346062,0.02995634581880788,0.11312026634501153,0.42666877646546175,0.27887338995792305,0.033100101416179556,0.033100101416179556,0.033100101416179556,0.032730050519363806,0.743491291174446,0.0019598040306685327,0.17970994561693665,0.16409314639678235,1.4265152388840057,315.4859283753477,0.00532938684138974,0.0063953271268284186,0.005867532709514685,True,True,False,False,False,0.0,False,0.0,False,False,2,False,none,0.0008287399832624942,0.20853309939900605,0.148148344480005,0.0970925737776943,0.1524281697360848,0.03016801991174512,0.02475803163446385,0.033947800948196355,0.039329256999191826,0.10194275646840607,0.15720653440454976,0.0911021894500543,0.10849575264357252,0.027151814449328647,0.019396510878514694,0.10077837814605814,0.1367893460884984
592,True,0.09245989016020144,0.030141859521351226,0.11323256703981817,0.42653848506772607,0.27746877945935483,0.03299163732188333,0.03299163732188333,0.03299163732188333,0.032619682432372225,0.743491291174446,0.0019598040306685327,0.1817994718141187,0.1761825666097892,0.9041224357776505,28.52954913025948,0.005088985860288507,0.006255026581500828,0.004008089737215232,True,True,False,False,False,0.0,False,0.0,False,False,2,False,none,0.0008348920091520995,0.2085676703172822,0.14899773526373325,0.09744427558731496,0.1528286578972102,0.03059754410661127,0.02378120134785793,0.03231026491622298,0.04032776973935061,0.10181098327337126,0.1577375287377448,0.09100453991588198,0.10926139308821631,0.028055295726179926,0.019874107703651382,0.10002321730951638,0.13673605763307758
593,True,0.09258963985495547,0.03170277641105233,0.11288526100292318,0.42171256660891665,0.2709286207439941,0.032870347945484366,0.032870347945484366,0.032870347945484366,0.03249734187306873,0.743491291174446,0.0019598040306685327,0.1810460418093125,0.4297236384384146,8.226173787580544,231.59025635523517,0.007654354229539384,0.002115910714162539,0.009027274570538374,True,True,False,False,False,0.0,False,0.0,False,False,1,False,none,0.004899502993794158,0.2081245469378848,0.1464642095617551,0.09410959854359506,0.14999795492736037,0.0324116035448181,0.022437970767531935,0.039837905710051046,0.03815272593819175,0.10234584765199516,0.1579750605256784,0.09309657029061155,0.11200951095455589,0.02852251209414498,0.02029796190182155,0.09954394771685113,0.13610631061244077
594,True,0.09300740870927465,0.031799150921114246,0.1134101613053281,0.42498634883263053,0.2673922135982749,0.03278464862512006,0.03278464862512006,0.03278464862512006,0.032405489795159205,0.743491291174446,0.0019598040306685327,0.18385081639019507,0.08863615940273577,10.40582130374357,555.295769973828,0.004363812605107091,0.00546039921728779,0.004588914001880442,True,True,False,False,False,0.0,False,0.0,False,False,1,False,none,0.0008341410139109939,0.20829063900829436,0.14773864458080344,0.09532836698679392,0.15127983050716762,0.03312842390833415,0.022161232706292944,0.035814845753711445,0.0407823830105048,0.10238144045002964,0.15819311492269644,0.09496994660027576,0.11241002540054294,0.029577114073315345,0.021022260846925395,0.09875119715937937,0.13628907343332652
595,True,0.0935122568416263,0.03232385626192787,0.11390839036819245,0.42764373833997704,0.2594266486720453,0.03269554068135164,0.03269554068135164,0.03269554068135164,0.03230985739816734,0.743491291174446,0.0019598040306685327,0.18588990952179718,0.12004208963624219,1.0437276383890814,335.8752842092059,0.004784424807180703,0.004111858365024603,0.004264376979703673,True,True,False,False,False,0.0,False,0.0,False,False,1,False,none,0.0008393600000999868,0.20839651471112408,0.14872205920654746,0.09609907301236553,0.15200988286789505,0.034061926336099495,0.02168549276187889,0.03431454348257359,0.04267683280453695,0.10250374978602118,0.15836039692191617,0.09712054083730225,0.11340307811606995,0.030576989098676056,0.021727059661924907,0.09809643225037835,0.1364415376107108
596,True,0.0939980926182706,0.033118832437647655,0.11429117934514492,0.4296531576664877,0.2544236667811853,0.03261122241289802,0.03261122241289802,0.03261122241289802,0.03222045624357229,0.743491291174446,0.0019598040306685327,0.18755242657498572,0.12842621765247528,0.49652198911835455,24.39414854231922,0.004913759683592401,0.005482254874720751,0.0026271813073867945,True,True,False,False,False,0.0,False,0.0,False,False,0,False,none,0.0008316260064020753,0.20846389522384662,0.14944476611623106,0.09644433302085609,0.15236393529049116,0.03479374852740022,0.02120049387976275,0.03434770528439121,0.04416257960999535,0.10260916246534267,0.1585531433407655,0.09891939141783736,0.1147458603663056,0.0315399025614855,0.02242514229471855,0.09742371032958953,0.1365317121633101
597,True,0.09438937275309375,0.03394124227227549,0.11453874958003318,0.4310922559569384,0.2514666316614254,0.032540368767583365,0.032540368767583365,0.032540368767583365,0.03214772494115084,0.743491291174446,0.0019598040306685327,0.18877710858129793,0.12559288382938358,0.3706284137469606,12.33675022587379,0.004913473165760644,0.007232499115174543,0.0016367110137481531,True,True,False,False,False,0.0,False,0.0,False,False,0,False,none,0.000827938987640664,0.2084978067669667,0.14983125778176887,0.09648540152422151,0.15251283153756956,0.034955644592277346,0.020877286331880247,0.03486063904745747,0.045336819111334484,0.10264401353670659,0.15881527186124367,0.1003996871592759,0.11611490412506081,0.03244985352090232,0.023117657409407674,0.09678186758437038,0.1365490221590566
598,True,0.09474493616116324,0.03485486559724289,0.11470829301580336,0.43242001368712274,0.2566743003405673,0.03248084068918207,0.03248084068918207,0.03248084068918207,0.03208754613449296,0.743491291174446,0.0019598040306685327,0.19002818174158786,0.11418979950737436,0.5884312683736065,10.328666484333496,0.00481274570487356,0.009753471427727641,0.0012569055137503797,False,True,False,False,False,0.0,False,0.0,False,False,0,False,none,0.0008376670011784881,0.2085055569787144,0.15006660474473643,0.0964232278636638,0.15263844175717703,0.03497137369816842,0.020586501474295398,0.0360568112590405,0.04614355317050727,0.10260549406344682,0.15914855387594212,0.10157338432351078,0.11731631100568327,0.03337352888687758,0.02384556907254622,0.09613179991350225,0.1365322664907997
599,True,0.09514485287014804,0.03599303971731575,0.11486212392109209,0.43368384921898345,0.26480454274057547,0.03243635766009339,0.03243635766009339,0.03243635766009339,0.03204228550020182,0.743491291174446,0.0019598040306685327,0.19210596002812166,0.09897705112040328,0.9181545221982096,10.579197004791284,0.004680155795527394,0.009397168624889467,0.0018047556805039593,False,True,False,False,False,0.0,False,0.0,False,False,0,False,none,0.000827156996820122,0.20850531922181284,0.15021022616655982,0.09626767775747842,0.1526958457209008,0.03536414036118369,0.020468324268972646,0.03813372463810895,0.04672588370951792,0.10252439192535662,0.15950968219547235,0.10272578681792711,0.11815288957009713,0.03442746453406798,0.024685085987568155,0.09536034041777668,0.13656086262956685
