source_frame_idx,valid,rf_kpe_all_m,rf_kpe_targeted_m,rf_kpe_untracked_m,bone_direction_error_rad,bend_plane_error_rad,root_translation_error_m,root_yaw_error_rad,joint_velocity_rms_rad_s,joint_acceleration_rms_rad_s2,joint_jerk_rms_rad_s3,pose_jump_rms_m,left_foot_speed_m_s,right_foot_speed_m_s,left_source_stance,right_source_stance,foot_skating,ground_penetration_depth_m,joint_limit_violation_rad,self_contact_count_diagnostic,artifact,solve_time_s
0,True,0.39473353980080594,0.6492162846669772,0.30990595817874883,1.3273133973257965,0.6657703199044263,0.0,0.0,0.0,0.0,0.0,0.0,0.003549008979552954,0.002163526152769764,True,True,False,0.0,0.0,0,False,0.017750533996149898
1,True,0.39436733724818274,0.6485296049820641,0.3096465813368888,1.3271823641765614,0.6704296800539846,0.00017450829275895676,0.016063032779420894,0.3881828648771442,0.0,0.0,0.0012395163069562406,0.003549008979552954,0.002163526152769764,True,True,False,0.0,0.0,0,False,0.00312286100233905
2,True,0.3941576559697679,0.6481629024190111,0.30948924048668686,1.3282745531499887,0.6733534704025068,0.0003076056558716256,0.022841427647168455,0.22588838630120434,5.868929105223419,0.0,0.0011260570564487463,0.001751448346232657,0.0018653598271574498,True,True,False,0.0,0.0,0,False,0.0031543509976472706
3,True,0.3940734186057142,0.648007844124394,0.3094286100994877,1.3296033737287403,0.7397451471015399,0.00039219538205608633,0.02453903307673921,0.15213286019905914,3.1848711234099962,113.43752012730995,0.0009221828298544452,0.0009741697198389827,0.0013306614926863124,True,True,False,0.0,0.0,0,False,0.0031037349835969508
4,True,0.39405288505865793,0.6479476783108351,0.3094212873079322,1.3309775874104595,0.8781907212659111,0.00044861223479688016,0.023745365402846552,0.12383906435260773,1.9622810303200389,53.71439433051535,0.0008089027366418934,0.0008754779948556637,0.0005349415337587453,True,True,False,0.0,0.0,0,False,0.0031445419881492853
5,True,0.3940732298617009,0.6479593197023591,0.3094445332481482,1.3323710911050175,1.0111612911899566,0.0004935757789166481,0.022121321469359856,0.10173258891513069,1.4280850269541951,40.35409343935882,0.0007160401835249764,0.00019684493752856043,0.0004314296422880931,True,True,False,0.0,0.0,0,False,0.0031506640079896897
6,True,0.39412329919304007,0.6480249691074462,0.3094894092215714,1.3337382657109775,1.065955752619877,0.0005322620400849477,0.020214487002967685,0.07211786964725271,1.7556365508948073,38.07996297918016,0.0006315627268709093,9.720513607700963e-05,0.00041471229386098526,True,True,False,0.0,0.0,0,False,0.0031743189902044833
7,True,0.39419528039002943,0.6481061862189592,0.3095583117803861,1.3348748693013361,1.058385269911791,0.0005679317790990841,0.018089567046020827,0.040161705177184245,1.421096798988065,50.23918111106726,0.0005322008852126378,0.00011346178269918224,0.00040472913379898377,True,True,False,0.0,0.0,0,False,0.0031168909918051213
8,True,0.3942745829657201,0.6481736064117152,0.3096415751503884,1.3357086501978803,1.056369066317309,0.0006065080733238801,0.0160006393862846,0.03915961263077046,1.2136075868713887,28.200803006581335,0.0004802667015357078,9.354239961626592e-05,0.0006815469772024964,True,True,False,0.0,0.0,0,False,0.0031501319899689406
9,True,0.3943410648739485,0.6481999288791592,0.30972144353887826,1.336023232965267,1.0286587378744891,0.0006454564413853779,0.014495539674991063,0.04275726005213204,0.5854295251876055,31.38615483493742,0.0004309112150937965,0.00010662019312958366,0.00019594181689686774,True,True,False,0.0,0.0,0,False,0.0031366269977297634
10,True,0.39437979532555956,0.6481669517339346,0.30978407652276785,1.335664782851048,1.002150103626153,0.0006862379401876023,0.014828566105596908,0.03635731593765207,0.6092377532882589,21.901025421277986,0.00039837043617909826,0.00013176765305441138,0.0003222518134765903,True,True,False,0.0,0.0,0,False,0.0031373290112242103
11,True,0.394407461086561,0.6481345863134242,0.30983175267760654,1.3350438553234811,0.9900191602498294,0.0007287130009560601,0.016373489532697683,0.036768747792262156,0.7630461847506992,23.47912777010181,0.00037554709664169443,0.00013760682351064466,0.0008399866426118706,True,True,False,0.0,0.0,0,False,0.003179599007125944
12,True,0.394411363188951,0.648065867932055,0.30985986160791623,1.3341334002552268,0.994777612885299,0.0007719258998360886,0.018981571417256538,0.051054959735004464,0.863830769729355,15.303673320464826,0.0003430034959687525,0.0001262615431617582,0.00014064036359145762,True,True,False,0.0,0.0,0,False,0.0031282319978345186
13,True,0.3943988040492473,0.6479802630669922,0.30987165104333236,1.3331834688085145,1.0030083474339928,0.0008138289055525768,0.02207933730849332,0.05938492044026586,0.5650213530001105,20.290142069370887,0.00031691455654921287,9.315052255787887e-05,0.0002582928500538104,True,True,False,0.0,0.0,0,False,0.0031782060104887933
14,True,0.3943797763795033,0.6478912229120711,0.3098759608686475,1.332303423014749,0.999820652068652,0.0008538184309790414,0.025254567935760752,0.06715216711626265,0.7664320199481478,15.347678263288492,0.0002996873930963629,3.0220406231197547e-05,0.00026628751598397536,True,True,False,0.0,0.0,0,False,0.003111380006885156
15,True,0.39434743546805123,0.6477847046036316,0.3098683457561911,1.331407843720771,0.9912968482692831,0.0008894727959473513,0.02872440665197118,0.08453176356179629,0.8787903906918328,19.300685210782348,0.00028177873864612083,0.0001277268566101701,0.00020010375810980183,True,True,False,0.0,0.0,0,False,0.0031470679969061166
16,True,0.39431364000796154,0.6477017671133384,0.30985093097283606,1.3307846665305911,0.9824816887833432,0.0009191819807100093,0.03201962568711014,0.06032324409133317,1.1575071652841393,52.113093740600256,0.0002491566617408682,0.00015794349258085156,0.00023327511410430523,True,True,False,0.0,0.0,0,False,0.0031432899995706975
17,True,0.39429028839895697,0.6476522921235602,0.3098362871574227,1.3304263190357315,0.9683342088129852,0.000939850761650598,0.034478728167296246,0.05128376715342008,2.0137920828927567,33.050149140714815,0.00018337954665831595,0.00014467491281461726,0.00013119556349720885,True,True,False,0.0,0.0,0,False,0.003170892014168203
18,True,0.3942688449143235,0.6476188117354191,0.30981885597395814,1.3301509173142685,0.950639265046118,0.000952777956536386,0.03645095407198373,0.07229971151968852,1.124057294552085,31.05218097178431,0.00010888515353662165,0.0001705249011746038,6.241818546173833e-05,True,True,False,0.0,0.0,0,False,0.003118543012533337
19,True,0.3942595043532237,0.6476254916602864,0.30980417525086956,1.3302897181817992,0.9352088446277179,0.0009585362030177055,0.03718055357811245,0.05319711568712856,0.7935176737156061,50.67922242393028,0.00010200054648455223,0.00023008898962034307,0.00013970565444349045,True,True,False,0.0,0.0,0,False,0.003136257000733167
20,True,0.3942468611088475,0.647629283006211,0.3097860538097262,1.330388835841409,0.9275893536153753,0.0009600038178631592,0.03806921453614209,0.03160753153907626,1.1113828404620967,20.74959730464832,0.00011305607395791386,0.00047040633221133714,7.96237356577667e-05,True,True,False,0.0,0.0,0,False,0.003117510990705341
21,True,0.39423339679210034,0.6476425318794802,0.3097636850963072,1.330488725197499,0.9288351557497382,0.0009560572322447219,0.038817705105447686,0.038252868633702024,0.8129682402380003,23.081116393332483,0.00010375205226356703,0.0011633110478568012,0.00011531287957005161,True,True,False,0.0,0.0,0,False,0.00319755298551172
22,True,0.39422666167603554,0.6476783663428586,0.30974276012042795,1.3307385537188456,0.9316942571170096,0.0009475978360840205,0.039229304484698746,0.03995109811018909,0.5907171938225511,28.59485838349155,8.337834652905986e-05,0.000228522041626422,0.0001322808016825968,True,True,False,0.0,0.0,0,False,0.0031696299847681075
23,True,0.3942428270731476,0.6477567009340733,0.30973820245283895,1.3312379323595458,0.9309864928527273,0.0009346081528521721,0.03900013215433451,0.04703128495171243,0.8566585590761339,13.918120975678852,9.295312234386414e-05,0.0012840255182394076,0.00014938628866378894,True,True,False,0.0,0.0,0,False,0.0031227509898599237
24,True,0.394276972804766,0.6478591973434051,0.30974956462521946,1.3318398124517863,0.9257894275553944,0.0009169922117773088,0.03818622447411779,0.0456469689562862,0.427516078983665,20.925918560705906,0.00012776055136206187,0.0017535960077375006,0.0017467007041188519,True,True,False,0.0,0.0,0,False,0.0031809210195206106
25,True,0.39432121464512354,0.6479671685111703,0.30977256335644127,1.3324472243755259,0.9158698947451649,0.000898820611640802,0.03741982153680312,0.03820408576145746,0.3022300624403704,13.448113743639489,0.00015174659038775642,0.0025746557094574727,0.0025697840408278536,True,True,False,0.0,0.0,0,False,0.003136135987006128
26,True,0.39436459481282793,0.6480600208094988,0.3097994528139378,1.33292705364752,0.9092985366342213,0.0008818043826711514,0.03702025925089458,0.035280334353502064,0.1731223245238432,6.461280474956352,0.00016256901757696077,0.0011408506188598626,0.0011021105708999015,True,True,False,0.0,0.0,0,False,0.0031750999914947897
27,True,0.39440745215103235,0.6481413575084135,0.30982948369857194,1.3332972023405516,0.9080142103128725,0.0008650819384615055,0.03678253295765099,0.03040670156494255,0.20905913601023698,4.78591166436669,0.0001703287538784924,0.00036247332328633296,0.0004225141970074498,True,True,False,0.0,0.0,0,False,0.003123903996311128
28,True,0.39445081134534443,0.6482126046865465,0.30986354689827716,1.3336032884705489,0.9110230484353298,0.0008487841370715958,0.036609199169292284,0.022266227058667425,0.30954624765980265,4.921634260274965,0.00018057295216924343,0.0002477143112049678,0.00015338147285056872,True,True,False,0.0,0.0,0,False,0.0031819930009078234
29,True,0.39449329801519095,0.648273589547849,0.30989986750430504,1.3338219059602432,0.9182435279717002,0.0008326434359802662,0.0364725964774979,0.018031973569956828,0.47471199969647515,7.874088979612779,0.00018785253524481035,0.0006011385946654784,7.45924936223122e-05,True,True,False,0.0,0.0,0,False,0.003120086999842897
30,True,0.39453202779937846,0.6483251259576156,0.30993432841329943,1.3339425127944655,0.9318684894457925,0.0008166806404752194,0.036389670528607754,0.025483347027034815,0.5488263628766128,7.531041707365998,0.00019357155272413468,0.0006503573609475991,0.00019129135314229544,True,True,False,0.0,0.0,0,False,0.003153118013869971
31,True,0.39458771969364537,0.6483976328533687,0.30998441530707094,1.3340360245076583,0.9494843252953813,0.0008012276756110022,0.03625180625432467,0.033738179416236996,0.42054998920558595,13.351461501024115,0.0002199865926599025,0.0011705555839487296,0.002567141973558229,True,True,False,0.0,0.0,0,False,0.0031207469874061644
32,True,0.39463441023247325,0.6484523593507803,0.3100284271930376,1.334083925933741,0.9543636928932909,0.0007856444244094506,0.03606100153531355,0.04538790212374579,0.583694225271844,12.940012971356346,0.0002369961980628921,0.0009636224396559841,0.001405092580945398,True,True,False,0.0,0.0,0,False,0.003185350011335686
33,True,0.39467077833623243,0.6484939354108537,0.31006305931135864,1.3341455198332826,0.9490226454974077,0.0007712661389180066,0.03582190285213582,0.04475414406039194,0.28977454205567715,18.887013060401493,0.000221569485366138,0.0009666822258875418,0.0008144548934007097,True,True,False,0.0,0.0,0,False,0.0031420269806403667
34,True,0.39470538705095787,0.6485357773548721,0.3100952569496533,1.3341827005912785,0.9351718413332275,0.0007586618105822399,0.03560482607420723,0.029577447431980774,0.6321218735478465,20.868122095244775,0.00021240339985556417,0.000876506124977002,0.001004233818024212,True,True,False,0.0,0.0,0,False,0.003124043985735625
35,True,0.39473334986737213,0.6485638463123009,0.3101231843857291,1.3340951165551873,0.9163999858900898,0.0007463752675003022,0.03544608623701406,0.0226739961585122,0.5334154356076137,7.059894204957183,0.000221743801978128,0.0008305874551123265,0.0012241088920441248,True,True,False,0.0,0.0,0,False,0.003174398996634409
36,True,0.39475130414501164,0.6485696054055109,0.3101452037248453,1.3338900792538648,0.8953532377417965,0.0007343789228894413,0.03536101422166915,0.02325091267209459,0.3850351820317149,8.999147788483649,0.00022426307724547658,0.000809389872331339,0.0016805779725377655,True,True,False,0.0,0.0,0,False,0.0031328710028901696
37,True,0.39474508995007807,0.6485343540632501,0.3101486685790205,1.3335679873237498,0.8764637638844917,0.000722995928017836,0.03539897519834767,0.025825476601556784,0.3859544558329702,11.16422180619533,0.0002257819732643428,0.00021785873511669581,0.00011065811151839246,True,True,False,0.0,0.0,0,False,0.003178365994244814
38,True,0.3947338239288403,0.6484917019688831,0.3101478645821594,1.3331905855965036,0.8583237066832398,0.000710765038299406,0.03544279014740858,0.015575083930606278,0.4971964991301229,21.90766609168088,0.0002322093692121765,0.00037451302208577297,0.0006747357377077457,True,True,False,0.0,0.0,0,False,0.0031242939876392484
39,True,0.3947334396690036,0.6484777287912347,0.31015200996159326,1.333013301771804,0.8404894492870862,0.0006985039869227888,0.03535344808107288,0.01359857450229384,0.5390459146638468,9.462361015190302,0.000210808061547799,0.0008544555866016461,0.0010248287315670886,True,True,False,0.0,0.0,0,False,0.003168928000377491
40,True,0.3947432858232687,0.6484843637170679,0.31016292652533545,1.332974726399656,0.8249304693173346,0.0006866809771614997,0.03510600004766573,0.01705194539052506,0.2601896313011616,15.379449247088832,0.00019977259981787503,0.00028627925904194394,0.0002759773661708467,True,True,False,0.0,0.0,0,False,0.003117371001280844
41,True,0.3947683916928699,0.6485235319788155,0.31018334493088806,1.3330447418285842,0.8137598708546357,0.0006748581945859725,0.03473914206907436,0.02076791076341986,0.2954540052536065,6.60657238865046,0.0002001569328484721,0.0010001726063062506,0.00040130331032104224,True,True,False,0.0,0.0,0,False,0.003153589990688488
42,True,0.39480383736364555,0.6485928041787747,0.3102075150919358,1.3332439202698727,0.8076739157182192,0.0006630819802829971,0.034044371909605964,0.031192742135853754,0.40233521579013715,6.196997196809855,0.00020884020404958573,0.00020478567079853098,0.00013624040246647335,True,True,False,0.0,0.0,0,False,0.0031482490012422204
43,True,0.39482805960250117,0.6486499481547237,0.31022076341842697,1.3333828276915842,0.8054345855744911,0.0006534566009389211,0.033282693988544,0.04004666344706968,0.3467323241441,11.61284037799976,0.00021090490034612124,0.00035699944658434593,0.00012482632045197098,True,True,False,0.0,0.0,0,False,0.003171081974869594
44,True,0.3948458359283682,0.6486891834016737,0.3102313867705997,1.3334554853080396,0.8043825086805565,0.00064501586560798,0.03259307913619103,0.04193503784596571,0.21191877500585585,11.093738764592459,0.00021789808734583332,0.0007077250424237789,0.0009577051765808713,True,True,False,0.0,0.0,0,False,0.0031162289960775524
45,True,0.39485521453015604,0.6487107760754214,0.31023669401506754,1.3334804360275543,0.8020710197859364,0.00063898889012717,0.03198607808861986,0.03865663180876862,0.31737882135800777,9.13329674391742,0.000245743034180158,0.0006285992811129856,0.0007271118669838222,True,True,False,0.0,0.0,0,False,0.0031463660125155
46,True,0.3948669196838073,0.6487348851946714,0.3102442645135192,1.3334905316709422,0.7957992027869077,0.0006355065244221666,0.0314826506430923,0.039315988992085715,0.24672405948899617,7.446259087389496,0.00024795018186171176,0.00027101756329761626,0.00019110025120198996,True,True,False,0.0,0.0,0,False,0.0031737980025354773
47,True,0.39487943713142937,0.648762081593305,0.3102518889774708,1.3335242440682513,0.7820569088209711,0.0006339260638594555,0.031028175745750897,0.03872511525877944,0.3730928853009661,8.468249301013202,0.000248829872348186,0.0002473822561757029,0.0001903726093007963,True,True,False,0.0,0.0,0,False,0.003161814995110035
48,True,0.39489590559160115,0.6487882599639682,0.3102651208008122,1.3335668099112692,0.7628755813745571,0.0006355659769336367,0.030567658981106582,0.039852491771435655,0.38789020595307894,8.547446105358672,0.00024794630650007676,0.00012697569788005042,0.0002573765803587983,True,True,False,0.0,0.0,0,False,0.003173276985762641
49,True,0.39490743243697013,0.6488059163690948,0.31027460445959504,1.3336385613678654,0.7417868105946608,0.0006374603699356692,0.03017653240607565,0.035351152069940245,0.4164929829682129,13.469410994433181,0.00023872959480519219,0.0002273619557963329,0.0001094997546127728,True,True,False,0.0,0.0,0,False,0.003132900019409135
50,True,0.39490976752908585,0.6488057228739372,0.3102777824141354,1.3337220468629702,0.72247773368594,0.0006390785398827115,0.029965834281198145,0.03491347999591918,0.486735185281344,8.661492952147903,0.00026094304706317326,0.00039423800265714603,0.0008522636554536274,True,True,False,0.0,0.0,0,False,0.0032064499973785132
51,True,0.3949156914462308,0.6488129100298144,0.31028328525170273,1.3338738464648245,0.7069182557525289,0.0006408307924839696,0.02978147344344717,0.03584129691179758,0.399609818403344,10.254194611435372,0.00022320894408202883,0.00025767442789889964,0.00022724900998146786,True,True,False,0.0,0.0,0,False,0.003136096987873316
52,True,0.39491948533277865,0.6488211922998032,0.310285583010437,1.3340469483688386,0.6973825850018122,0.0006426862928711966,0.029679768353592983,0.03166632566980938,0.3129558217158697,10.184706979535434,0.00019226288412856323,0.0008453847112395177,0.0009692164006288086,True,True,False,0.0,0.0,0,False,0.003162677021464333
53,True,0.3949140717215146,0.6488215163362261,0.3102782568499442,1.3341477784683116,0.6934783756131158,0.0006445792517704962,0.029943720577227714,0.02051329309829193,0.41977794420692377,10.398894161759813,0.0001883438907018832,0.00022023181457934128,0.00043995077843391557,True,True,False,0.0,0.0,0,False,0.0031703609856776893
54,True,0.3948960052497683,0.6487974593886608,0.3102621872034709,1.3341836719037472,0.6920157832888367,0.0006482847858400852,0.030237737163565592,0.018133274851642598,0.18037298949906375,12.150240043836972,0.00018796979309392882,0.0003249728244561519,0.0017147423206691633,True,True,False,0.0,0.0,0,False,0.0031515150039922446
55,True,0.394878613470125,0.6487769717944092,0.31024582736203027,1.3342089227569505,0.6911612172257304,0.0006539510388426129,0.0304747967365131,0.013109665292194239,0.19478137373387505,5.632663292857732,0.00016979288130053517,0.0001488457499961969,0.0007959665063318555,True,True,False,0.0,0.0,0,False,0.003153448982629925
56,True,0.39486369376038194,0.6487635207088469,0.3102304181108936,1.3342535252108747,0.6902315151694857,0.0006622904731165506,0.03069816328837116,0.012193954131159783,0.4390128805413133,9.362802795090241,0.00014346045761629353,0.0002985049870507471,0.0013143730320714095,True,True,False,0.0,0.0,0,False,0.003176341997459531
57,True,0.394850628366654,0.6487471516780312,0.31021845392952824,1.3342692254365163,0.687916053359687,0.0006716714246859048,0.030937014552540942,0.011717637170210548,0.1116404529105789,12.016874481445782,0.00013379035079305127,0.000875123501259845,0.0010722017688181507,True,True,False,0.0,0.0,0,False,0.00314744800562039
58,True,0.39482316219111424,0.6487060322051017,0.3101955388531185,1.3342548915967125,0.6843619547693877,0.0006813623210387477,0.031133440869196338,0.011647560755005216,0.23078170169866652,7.947341664476538,0.0001289681452005292,0.0010959034776950283,0.0011364395221621908,True,True,False,0.0,0.0,0,False,0.0031560140196233988
59,True,0.3947910446352978,0.6486574315622158,0.3101689156596585,1.3342647498705094,0.6796730297694372,0.0006909189814189964,0.03129995932760932,0.012345211792807934,0.1359329774788164,4.556693213202067,0.0001297798216759317,0.000930108812229758,0.002385283329002067,True,True,False,0.0,0.0,0,False,0.0031506940140388906
60,True,0.3947761545873751,0.6486359343000743,0.31015622801647535,1.334317096035576,0.6737984833350495,0.0007004217504786331,0.031433589165858374,0.013595696770983675,0.20618261107395655,4.61110462516088,0.00013658556559505698,0.0012351604643475794,0.0014643783768367058,True,True,False,0.0,0.0,0,False,0.003156845981720835
61,True,0.3947749157545695,0.6486398761557417,0.3101532622875121,1.3344489523429826,0.6673392490578619,0.000708701788644875,0.031427500865280227,0.02086907862617496,0.35350945409444867,7.087524924149498,0.00014912591239147515,0.0016350231280329798,6.370982497337445e-05,True,True,False,0.0,0.0,0,False,0.003130094992229715
62,True,0.39477106840808873,0.6486418829122317,0.31014746357337447,1.3346937261270382,0.6603699426194559,0.0007166049038750161,0.031161349168348895,0.03790614527490532,0.6301759056985718,11.47556380299,0.0001543745737003394,0.0009327383038087842,0.0012265278058230195,True,True,False,0.0,0.0,0,False,0.0031479590106755495
63,True,0.3947667562916989,0.6486463498731215,0.31014022509789135,1.3350363699490708,0.6533870196980471,0.0007256853990319991,0.030725220181081703,0.055436795687426085,0.6271015789882235,9.297422866000003,0.00016522043883253449,0.0011457811812533025,0.0018410295776899593,True,True,False,0.0,0.0,0,False,0.0031643399852328002
64,True,0.3947564026919662,0.6486385975825949,0.31012900439509006,1.3354231195364024,0.6480527272177793,0.0007370743192957303,0.030168538171414072,0.06338378726501746,0.5117857510743593,14.68465760039258,0.00017822681599304898,0.0012358460046128146,0.002133172796756654,True,True,False,0.0,0.0,0,False,0.003141836990835145
65,True,0.3947362238943312,0.6486157981715968,0.31010969913524267,1.3358274665553727,0.6434000828857446,0.0007499645109727756,0.029665687270826083,0.06932154154287438,0.8200979187672719,16.11691891350756,0.0002033108752825742,0.00031385074313058405,0.0010070214610690003,True,True,False,0.0,0.0,0,False,0.003132690006168559
66,True,0.39471284393626493,0.6485871324351623,0.31008808110329916,1.3362818368560714,0.6391198771591667,0.0007650043347480706,0.02879489979714589,0.0804369893309383,0.7944532127005313,7.17664940626465,0.00022566862290887812,0.0012272236165056937,0.0016294073443846912,True,True,False,0.0,0.0,0,False,0.003131368022877723
67,True,0.3946791561777161,0.6485322947250772,0.3100614433285957,1.3366544469585406,0.6352901782163596,0.0007821761739172298,0.02816436696035929,0.08539188614203029,0.2862153880961297,22.48662445323205,0.00026355234877340383,8.221297974452037e-05,0.00026063881056490756,True,True,False,0.0,0.0,0,False,0.003130486002191901
68,True,0.3946443957114589,0.6484666506754326,0.3100369773901342,1.3369963914502525,0.6314434000401412,0.000802127642338087,0.02752331811562647,0.0823279572336696,0.16891828085305483,9.927803630369722,0.000283411643463284,0.00041428675114332775,0.0003999078872679783,True,True,False,0.0,0.0,0,False,0.003144571994198486
69,True,0.3946112668661755,0.6483948144141599,0.31001675101684734,1.337288904170713,0.6273973913932871,0.0008257891208200373,0.026850257564098978,0.06668743004027894,0.5255932258187641,13.12484581469764,0.00029382683171407745,0.0004023076821776746,0.0008819247476168693,True,True,False,0.0,0.0,0,False,0.003173526987666264
70,True,0.3945830400286468,0.6483172917019849,0.31000495613753415,1.3375673469441782,0.6225833850892654,0.0008546478005854463,0.02614347782587645,0.05138818557948461,0.5734644728107253,6.152121186828536,0.0002965529983730334,0.00034400169806293187,0.0013240148098585744,True,True,False,0.0,0.0,0,False,0.00313745898893103
71,True,0.3945742354514779,0.64825533800867,0.3100138679324139,1.3378897382741683,0.6174768577783569,0.0008891327980584824,0.025179227181058472,0.03974675188291328,0.5100568125616138,5.852562836110531,0.00029604694564072973,0.0002624995004708656,0.0004609204568988577,True,True,False,0.0,0.0,0,False,0.0031260579999070615
72,True,0.3945775765694896,0.6482003751199893,0.3100366437193231,1.3382396883081633,0.614079327017808,0.0009285029989874202,0.02409408437341365,0.029175883608915022,0.5172615661480707,14.16521431402681,0.0003087035438347981,0.000336999532341446,0.00017285041480523554,True,True,False,0.0,0.0,0,False,0.0031299949914682657
73,True,0.39458921743406417,0.6481555004096778,0.31006712310885964,1.3386664307949179,0.6122844671348211,0.0009726401196213094,0.02276572976958069,0.023981648018504303,0.37512915337233427,6.956055182712869,0.00033110210338899144,0.00029244189638930214,9.485257499586195e-05,True,True,False,0.0,0.0,0,False,0.003132679994450882
74,True,0.3946021485656129,0.6481157765019897,0.3100976059201539,1.33915336104316,0.6126279550056168,0.001021112121743821,0.021201262417070765,0.019195849096149666,0.2968545215575921,9.901347808921381,0.00035092230055429975,0.0002316468225203796,6.108051192712372e-05,True,True,False,0.0,0.0,0,False,0.003162947978125885
75,True,0.39461368224209875,0.6480737871353389,0.31012698061101857,1.3396413382633083,0.6144779091123107,0.001071967903287592,0.019488308094170348,0.018564613544120864,0.2374705964336984,10.280577686941877,0.00037226667839143445,0.0002528784244102257,0.00013338189657585174,True,True,False,0.0,0.0,0,False,0.003145533992210403
76,True,0.39461502563789763,0.6480143437912909,0.3101485862534333,1.3400929978435012,0.6170262202689833,0.0011236867621293603,0.017746538228328834,0.017913731621583592,0.19392302157046393,5.514398327469415,0.0003914192333655821,0.0014173131382956188,0.00014002841494769396,True,True,False,0.0,0.0,0,False,0.003119475004496053
77,True,0.3946169135860224,0.6479457672787864,0.310173962355101,1.3403820598463165,0.6184214589881161,0.001175798049823671,0.016347454462520394,0.01697616164005226,0.2751764479590491,9.066993065517417,0.00039665526487698383,0.0006575844250517762,0.0001543410788071619,True,True,False,0.0,0.0,0,False,0.003143080015433952
78,True,0.39462689089670466,0.647883155017219,0.3102081361898665,1.3405587471052378,0.6183623849978388,0.0012286926539249188,0.015062504535191534,0.016036396205284815,0.3095771383020946,10.154090542282603,0.0003970121217200535,0.0007200792228947584,0.0002076333849276064,True,True,False,0.0,0.0,0,False,0.003123442002106458
79,True,0.39465168876359913,0.647844697953418,0.3102540190336595,1.3406544872424915,0.6175017707660216,0.0012808588963451016,0.013865872341237262,0.017761912948372195,0.3127010539074175,5.213744969600601,0.000395088416804084,0.003320458042617881,0.00027734491641588746,True,True,False,0.0,0.0,0,False,0.003157396975439042
80,True,0.3946515155903021,0.6477739833092153,0.31027735968399756,1.3406798161828517,0.6177394803726236,0.0013297362830454666,0.012646624563863451,0.03412617820972466,0.9138414441160587,24.101204150995486,0.00039547764911785423,0.0002526839423177827,0.00025908056457612865,True,True,False,0.0,0.0,0,False,0.003141517023323104
81,True,0.39463066019281384,0.6476764106479782,0.310282076707759,1.340658573415999,0.6189109086051087,0.0013754181706504504,0.011572587671641932,0.050506633905070236,0.6081053910794969,15.076893256795644,0.0003780678325160475,0.0013759020005761093,0.0002617068687141225,True,True,False,0.0,0.0,0,False,0.0031423379841726273
82,True,0.3946141384969243,0.6475916749128178,0.3102882930249597,1.3405478317818178,0.6209058454786817,0.0014163230960137607,0.010605202639081934,0.05214074656615925,0.2673924985760064,20.075208348391584,0.0003611280631935945,0.0003096846176646089,0.00027332310581222314,True,True,False,0.0,0.0,0,False,0.003122291003819555
83,True,0.3945866843850109,0.6474921652476694,0.31028485743079154,1.34037134088316,0.6226370225625375,0.001449931844507859,0.009673442204977789,0.03643869561623804,0.5490708001204944,17.92158899661285,0.0003585242142668145,0.0007945177046467029,0.0001304861434236093,True,True,False,0.0,0.0,0,False,0.00315367997973226
84,True,0.3945745387334524,0.6474268868505245,0.31029042269442825,1.3402897075199023,0.6232410120461044,0.0014791659380839401,0.008443631702464094,0.01802281050034756,0.6472357155238243,10.190050524014941,0.0003453478330591791,0.0009840570805405467,0.0011044453160237832,True,True,False,0.0,0.0,0,False,0.003143070003716275
85,True,0.3945641560955374,0.6473686718753038,0.31029598416894866,1.3402081759238351,0.6233077964686461,0.0015075061260383415,0.007218601508875544,0.013997122511324414,0.34477878960751773,11.373493153582594,0.00032266161970214265,0.001842210405277178,0.00017668853911292622,True,True,False,0.0,0.0,0,False,0.003189165989169851
86,True,0.39455724120796015,0.6473077662702346,0.31030706618720205,1.3400617808273758,0.6237128409803803,0.0015347781308476791,0.006043793048766233,0.017704392319743495,0.29002957144985675,11.925327355395954,0.00031521278720539797,0.00040907474989975627,0.00013552483932293923,True,True,False,0.0,0.0,0,False,0.0031615849875379354
87,True,0.3945536016047242,0.6472480815323787,0.310322108295506,1.339885447669478,0.6243622617682161,0.0015615930101657363,0.005014454713139215,0.020487537228490463,0.2292933112477706,8.387705491184729,0.00030444099725013133,0.0016195970002685907,0.00015032794040414883,True,True,False,0.0,0.0,0,False,0.0031567050027661026
88,True,0.3945420198898886,0.6471830078113219,0.3103283572494108,1.339727967991225,0.6248176608955437,0.0015883918388522405,0.00424675797775298,0.03175128533018997,0.5371088101955537,11.532679082510821,0.0002893102014204797,0.0003118003641877008,0.0009836508374835445,True,True,False,0.0,0.0,0,False,0.0031589900027029216
89,True,0.39453000325498666,0.647117278521481,0.31033424483282185,1.3395670246085636,0.6252147636151317,0.0016153216342582025,0.0036525519760226555,0.041952098619085755,0.3637379935189633,10.520850927097152,0.00027746211708670423,0.0006831837740842317,0.0015484591882576723,True,True,False,0.0,0.0,0,False,0.0031454739801120013
90,True,0.39451857299630994,0.6470509805873872,0.3103411037992841,1.3393662072714383,0.6254908152956292,0.0016430167523529507,0.003208849117779966,0.05136998162732512,0.3338971511458231,7.124878404544608,0.0002756832297502206,0.00048046464578434874,0.0012700752144245145,True,True,False,0.0,0.0,0,False,0.0031651609751861542
91,True,0.3945088724204752,0.6469800439481105,0.3103518152445967,1.3390512804005408,0.6255509619811755,0.0016716670905230972,0.0030073215005370635,0.0698233611481184,0.6405648812915562,10.571967041740777,0.000294844241865891,0.0005265019906624529,0.00028829045604943543,True,True,False,0.0,0.0,0,False,0.0031454040145035833
92,True,0.39450523625991857,0.6469180282246785,0.31036763893833197,1.3386324070865017,0.6260163113339463,0.00170228751877332,0.0030295816330887515,0.10111631927588507,0.9651682069236494,15.051425531200715,0.0003025551044376914,0.00021395829394045708,0.0003003195261800695,True,True,False,0.0,0.0,0,False,0.0031910199904814363
93,True,0.39450780892167836,0.6468575838421118,0.3103912172815339,1.3381456736418726,0.6266438099628835,0.001735837484620774,0.0032859336398445294,0.11969700199743685,0.5882058599137812,13.125390211954736,0.00028971343644536806,0.00038342411832774966,0.0002982935359347924,True,True,False,0.0,0.0,0,False,0.0031638390209991485
94,True,0.3945053069420113,0.646775719274485,0.31041516949785347,1.3375571684057272,0.6268009392799797,0.0017712767541412985,0.0037429998330142933,0.08717077944971739,1.035655221317679,47.730434743439695,0.00028429491440945314,0.0002290354126911006,0.0007651386682772924,True,True,False,0.0,0.0,0,False,0.003158117993734777
95,True,0.3944934855199889,0.6466690522469936,0.310434963277654,1.3367150661156524,0.6261918763574514,0.0018087276587185413,0.00460435811184956,0.03946830522499813,1.523151522133663,16.788437366750482,0.0002958924583154293,0.0001598593090770739,0.000714363733640394,True,True,False,0.0,0.0,0,False,0.003174379002302885
96,True,0.3944720268571839,0.6465371887133999,0.3104503062384452,1.3356433475342573,0.6256647533253037,0.0018471043764714948,0.005755042840593694,0.018075844662185595,1.0055918618584143,17.08177168561446,0.00031435079721264103,0.0001707922974073854,0.00014988191974940685,True,True,False,0.0,0.0,0,False,0.0031520870106760412
97,True,0.3944467815438719,0.6463957576248602,0.31046378951687587,1.3344942032334108,0.6259170982212549,0.001887541581189626,0.007183939337621181,0.01842610971281768,0.24701765969891928,28.441075063688686,0.00032668129266097336,0.0001812319050094445,0.00035018953955728973,True,True,False,0.0,0.0,0,False,0.00314690699451603
98,True,0.3944230808481139,0.6462576188405955,0.3104782348506199,1.333380618684208,0.6267537822640822,0.0019283931115160126,0.008910773648517223,0.016289221893094268,0.2646045941546554,9.875487961356072,0.00032466374618318863,0.00026192272920522956,0.0010920096319057334,True,True,False,0.0,0.0,0,False,0.0031393920071423054
99,True,0.3944129692186057,0.6461506253422389,0.31050041717739457,1.3324211437903417,0.6272279818747835,0.0019652857858880987,0.010709932100344764,0.016371580218958022,0.28400340493642495,10.13930613150127,0.0003221332818692262,0.00026178790008091115,0.000824290093328215,True,True,False,0.0,0.0,0,False,0.0031356360123027116
100,True,0.3944148382395288,0.6460642052162733,0.3105317159139473,1.331605415787368,0.6255978970687895,0.001999433158363937,0.012377455845112408,0.0251158742268779,0.8081730649802016,28.544949825533596,0.00031314097181137074,0.00027352783843646064,0.0002766953389344072,True,True,False,0.0,0.0,0,False,0.003157727012876421
101,True,0.39442475244663294,0.6459979587529012,0.31056701701121026,1.3311332966068365,0.6222884440612617,0.002035073249432377,0.013877354389792096,0.02669037428040554,0.6549706784986663,38.42816523960479,0.0002941070436401214,0.0002881431907872643,0.0002361451856299505,True,True,False,0.0,0.0,0,False,0.0031670549942646176
102,True,0.3944059529444995,0.6458705845816041,0.3105844090654646,1.3305693361754214,0.6186413950693197,0.0020719535708249195,0.015411598873089625,0.06440063037999995,1.9374429822783674,54.20965796573077,0.00032531114249143397,0.00025986632389495814,0.00017558788075124147,True,True,False,0.0,0.0,0,False,0.003142699017189443
103,True,0.39436994567795347,0.6456700919166138,0.3106032302650667,1.3295429467601,0.6085625459478583,0.0021114220468489756,0.01686715473436151,0.08403076517713971,1.8397034892506354,85.862863093275,0.00039519353086645877,0.0003301261883311591,0.00015279271096461754,True,True,False,0.0,0.0,0,False,0.0031400140142068267
104,True,0.3942595193378356,0.6453040388158382,0.31057801284516806,1.327619113838098,0.6006915331271053,0.0021555185544239615,0.01770881352828102,0.1463498533822118,2.3303987959139456,90.83067662660608,0.0005967821176580871,0.0007054188402806271,0.0004997919166542937,True,True,False,0.0,0.0,0,False,0.003131608013063669
105,True,0.3940066871590331,0.6446073112129371,0.3104731458077317,1.3235023512497177,0.5956027984030617,0.0022185197388054495,0.018581752092682535,0.15335347118772638,2.246418876075683,100.15185242756384,0.0011409644576947655,0.0004859733539653674,0.00022141349933063563,True,True,False,0.0,0.0,0,False,0.0031308559991884977
106,True,0.3934798873261949,0.6432403659092356,0.3102263944651813,1.3154463232815723,0.5923850130339078,0.00230411702459225,0.020157890669996847,0.1973585172713447,3.8546940893027046,96.83364678686868,0.002020849328300046,0.0006321338825412181,0.0010571501989373251,True,True,False,0.0,0.0,0,False,0.003144573012832552
107,True,0.39242531508851064,0.6406621920891566,0.30967968942162855,1.30023450848199,0.6048025121490356,0.0024094292590382217,0.02292476283175704,0.2947210728771632,5.732644963806128,147.94242781904873,0.003478881800040972,0.0003733787691312724,0.0006464172891199007,True,True,False,0.0,0.0,0,False,0.0031307070166803896
108,True,0.39068199228478623,0.6364349618834575,0.30876433575189577,1.277562730263228,0.6247256471840029,0.0025354283627991524,0.02587565824501148,0.4507231257239472,9.247304576821978,332.2007590751057,0.0051602602030808055,0.00019282483487244472,0.0007284537606162759,True,True,False,0.0,0.0,0,False,0.0031328300246968865
109,True,0.3881100075919374,0.6299628838858177,0.30749238216064395,1.2455121065293038,0.6381964712224735,0.002706473504791896,0.027710140192713117,0.6294805289953209,7.011027887632589,187.27900503268765,0.00711043609591037,0.00012306229306323937,0.001095659345349791,True,True,False,0.0,0.0,0,False,0.003130165016045794
110,True,0.3846267078488276,0.6209177503531609,0.3058630270140498,1.2028822329623157,0.6472557923811146,0.0029274450853216797,0.028915623883654984,0.7297284357824204,8.251284875563076,247.610860774391,0.009072556522820331,0.00028101067082267177,0.0014375387640916126,True,True,False,0.0,0.0,0,False,0.0031353950034826994
111,True,0.38021743952592585,0.6093265105084997,0.3038477491984012,1.1509407204634905,0.6613082472662902,0.003177840374510247,0.03277195140346766,0.7801561261612203,8.832769970879493,281.7936160754667,0.010358649335298956,0.000615927701363003,0.001573263692284758,True,True,False,0.0,0.0,0,False,0.0031429700029548258
112,True,0.37494418277855074,0.5952273400039454,0.30151646370341917,1.0931337845678173,0.6932811074207645,0.0034379899811560156,0.035761961132568576,0.8573501029025974,9.755339081273585,147.8588525458055,0.011177133028253078,0.0010554307847283017,0.001636624369072426,True,True,False,0.0,0.0,0,False,0.003135464998194948
113,True,0.36870014042610816,0.5779960520888978,0.2989348365385117,1.0303854477814562,0.7422439168331157,0.0036741170905854902,0.039063414227078486,0.9314775252626306,10.375414060841067,210.18475479380348,0.011675215218126794,0.001372656910060627,0.0013517959054989155,True,True,False,0.0,0.0,0,False,0.0031168699788395315
114,True,0.3611004098451258,0.5566925122593667,0.2959030423737122,0.9629549426948947,0.8129779052385637,0.003907399987754335,0.05089716885968021,1.0451243613116163,10.503362120275119,184.9984613602777,0.012582788145066644,0.0010828748481294262,0.0010864405439463196,True,True,False,0.0,0.0,0,False,0.0031256870133802295
115,True,0.35183796865033545,0.5311001008494585,0.29208392458396115,0.8965866510009283,0.883046388370337,0.00421113515241949,0.06557304372946704,1.5546072060657616,24.89265511596723,527.6946942534639,0.013871520915426046,0.0010887862293058887,0.0032084439146460564,True,True,False,0.0,0.0,0,False,0.004758922994369641
116,True,0.3412430371442025,0.502754512227097,0.2874058787832377,0.8327305174451821,0.8917947734496933,0.004564055182208468,0.07476140241265417,1.561828973306509,16.207566964806436,763.5372156432426,0.01473869471815122,0.0015985286364412104,0.000976486253874024,True,True,False,0.0,0.0,0,False,0.0047785800124984235
117,True,0.33022072130401897,0.47391185633707533,0.2823236762930001,0.774882851967545,0.839100778116396,0.004957696379835754,0.08294940046876986,1.07276247600728,22.753600384593028,751.476614118095,0.014300311655735943,0.0021145586657545417,0.0015786904578917087,True,True,False,0.0,0.0,0,False,0.003126808995148167
118,True,0.31995951808707485,0.44743492620360276,0.27746771538156556,0.7220811738660573,0.7501572596849063,0.00508354732696133,0.08362939484847898,0.8690405676856069,17.11932222321267,422.11442305536343,0.012807861041397304,0.009811529545993338,0.00946949960371504,True,True,False,0.0,0.0,0,False,0.0023159669945016503
119,True,0.3100329521508792,0.42200483937064526,0.2727089897442905,0.6794395137405257,0.6577872231968291,0.005800906752249538,0.06700578227204534,1.0301913148465383,17.727082346785792,538.9886707151733,0.012548279656910006,0.012613039143096184,0.01128273120958411,True,True,True,0.0,0.0,0,True,0.003930917999241501
120,True,0.3011629776097854,0.3991122590598224,0.26851321712643966,0.6405799530243321,0.571733359413801,0.006378075755263961,0.04963023548556467,1.111226843524507,17.68723813261608,697.612876648768,0.011397474791855947,0.002621720973898656,0.0037499236276617386,True,True,False,0.0,0.0,0,False,0.003957448992878199
121,True,0.2934105022675968,0.37786235348968483,0.26525988519356736,0.6105538808882263,0.5034980216829574,0.007028284091980272,0.035701333289949844,1.0682159385034764,8.791652928296658,593.0672054718652,0.010914392477107609,0.0025140302530826143,0.005872345511954337,True,False,False,0.0,0.0,0,False,0.0039166710048448294
122,True,0.2874784460749574,0.3586263488250898,0.26376247849157997,0.5896750135142633,0.4587566363217094,0.007758808845949895,0.026092172342468745,1.0838925112481521,18.07112407085476,378.08547780004926,0.010531222720421323,0.002234491824085315,0.007603197453704299,True,False,False,0.0,0.0,0,False,0.00393940499634482
123,True,0.28412998467094075,0.34333049489253675,0.26439648126374204,0.5798605777049183,0.4300994191485884,0.008658370309699416,0.016274834881230493,0.8532455202944486,14.950270178351623,570.988721659815,0.010087639717637119,0.005263304636730729,0.015589582324647392,True,False,False,0.0,0.0,0,False,0.003111138998065144
124,True,0.28344800873703935,0.33272618503044665,0.26702194997257017,0.5751112443034803,0.4141933647612422,0.009601202146940104,0.003329922118090023,0.8765876977755387,9.857705823459625,365.03603926900826,0.010291634113216193,0.0031460074817372665,0.022593161275499526,True,False,False,0.0,0.0,1,False,0.0031246949802152812
125,True,0.2855219588030633,0.3272201404533065,0.2716225649196488,0.5743437292348429,0.4068687015758132,0.010606354152067943,0.009484202538242892,1.0933556663392279,15.570995602719805,296.9802952926121,0.010575905656120656,0.0019827079792334745,0.03707475466670135,True,False,False,0.0,0.0,2,False,0.003971144004026428
126,True,0.2900278914362442,0.32642704812512674,0.27789483920661673,0.5820477054972746,0.4054403376346351,0.011777083191900262,0.007084800263028602,1.1439884205386992,13.38285329269263,482.75737796825473,0.010749377759143803,0.004127598889549572,0.06079778264208876,True,False,False,0.0,0.0,2,False,0.003935728018404916
127,True,0.2956766327976745,0.3279494616356532,0.2849190231850149,0.596285283410089,0.4142119668947712,0.013016066142679058,0.029746564677598508,1.2694748155555156,7.701958520351991,256.15171972812647,0.011148249453969883,0.0038201921783925256,0.08946960111877679,True,False,False,0.0,0.0,2,False,0.003934475011192262
128,True,0.3016100003431291,0.3316935528284768,0.2915821495146799,0.616152956149355,0.4196612624160007,0.01423734301933465,0.06935853733300124,1.2169483213306143,13.441363240193414,369.9333476171261,0.009909992168178183,0.003033030060576554,0.10123678342698696,True,False,False,0.0,0.0,0,False,0.003979118977440521
129,True,0.30702260486743455,0.3363913573898871,0.2972330206932837,0.6367747778208174,0.42189027877336793,0.01534457449167306,0.09953046457528036,1.1227641090229188,14.325723601094449,267.3316455441349,0.008197804347470592,0.0038770293216007887,0.09646338281644566,True,False,False,0.0,0.0,0,False,0.004036568017909303
130,True,0.3110248651552039,0.3405483906468231,0.30118368999133094,0.6522638608115454,0.42936189016402443,0.016295850250797116,0.12525790178065588,1.1066805396388102,17.183690111706778,221.3879415646368,0.006485420713149096,0.003661881082226588,0.04523535195056275,True,False,False,0.0,0.0,0,False,0.004006912000477314
131,True,0.3138103818507689,0.3441300770319135,0.30370381679038744,0.6608306458700928,0.41258838145434584,0.017050761376485382,0.08998515114173955,0.929317794018689,14.5775176230101,465.69300122461834,0.006138455768924375,0.0006102093577139579,0.10117811285436645,True,False,False,0.0,0.0,0,False,0.00402239101822488
132,True,0.31471618105571486,0.346454330871526,0.3041367977837778,0.6659292460491395,0.38892936742909473,0.017623351523407632,0.03378206352953872,0.5544784509921651,19.591910378026984,491.67350285470695,0.007591271747025082,0.0010898617873098615,0.31316541796819947,True,False,False,0.0,0.0,0,False,0.0039614760025870055
133,True,0.31357279105974184,0.34673966844353676,0.3025171652651435,0.6726804678799049,0.3654677605583689,0.018123991340466394,0.021685027114005884,0.5576468432283753,16.247136800286015,321.7677850145681,0.010214958258121135,0.0008369693592200977,0.6041709374476062,True,False,False,0.0,0.0,0,False,0.003993646998424083
134,True,0.3117663381272176,0.3469723473328209,0.3000310017253498,0.6841549159199264,0.3531460201140332,0.018646476515858303,0.0632426289555692,0.9591737550743028,19.602311119338875,285.6168161962067,0.01355383976792015,0.0024501758030605245,0.9087761870820829,True,False,False,0.0,0.0,0,False,0.003947650024201721
135,True,0.31061783928216763,0.3492394080137885,0.297743983038294,0.7016671085479842,0.3551131853255436,0.01923762997802923,0.07328199698102433,1.15765313236887,8.760867573567888,413.61028870065365,0.015452763121606396,0.003172086810853852,1.0626155326724416,True,False,False,0.0,0.0,0,False,0.003945335018215701
136,True,0.31112090697807243,0.35546078862849545,0.29634094642793146,0.7228684343583018,0.35814024607240535,0.019910019393812768,0.09205186920579012,1.117478556077722,7.7845544507716085,326.5777705682356,0.016863442200181652,0.002400215060407542,1.1427698860482673,True,False,False,0.0,0.0,1,False,0.003935587010346353
137,True,0.3130949674505182,0.3652060795084433,0.29572459676454316,0.746202308075911,0.35519467768353663,0.02074328006411906,0.08113552652778178,0.9332665228306044,10.067185019919876,274.3219953259765,0.017028636322264052,0.0025050741141834317,1.1191058557045885,True,False,False,0.0,0.0,1,False,0.003968520002672449
138,True,0.3158560736804981,0.37713259916509656,0.295430565185632,0.7661398796302392,0.35268571447475394,0.02171029080875199,0.0469108046184028,0.7027563427165238,13.639109905370857,230.11732367510047,0.016615265937156024,0.002327462917001567,1.058771281479684,True,False,False,0.0,0.0,0,False,0.003944244002923369
139,True,0.31895019120798473,0.3903623301277155,0.29514614490140784,0.7773133147350466,0.35679851404901947,0.02270855913808006,0.03143943144511141,0.7536555761447634,16.11451599775489,187.6205594470638,0.01606376530481367,0.0009660418185501719,0.9611793706244264,True,False,False,0.0,0.0,0,False,0.004741930984891951
140,True,0.32190225947971035,0.4026667241274576,0.29498077126379463,0.7814428074144578,0.3646024865227191,0.024006497648505088,0.021057869569877763,0.773168347826065,9.85334491060753,374.95662840270586,0.015841082245926813,0.0024043026660155245,0.8575799024135113,True,False,False,0.0,0.0,0,False,0.004728575004264712
141,True,0.3247510814710099,0.4140074755511155,0.29499895011097466,0.779895645947359,0.3702820667905826,0.025547007459437724,0.01474570325172686,0.9143913278307186,10.012923499032752,199.59088035650834,0.016083024472820187,0.004851351019986801,0.7274043152982449,True,False,False,0.0,0.0,0,False,0.004756679001729935
142,True,0.3272558890358621,0.42408170200062034,0.2949806180476094,0.7741236717876706,0.3765663740664668,0.0274126958003311,0.006117852988059891,0.9922213916168369,9.85591351588904,274.88281398976744,0.017053836749492617,0.006653886247478393,0.5768211817279323,True,False,False,0.0,0.0,0,False,0.00476970398449339
143,True,0.3302760480451373,0.4340376930594766,0.29568883304035753,0.772223387139809,0.3882703430560628,0.029759954522472452,0.007470648862347051,0.9636719865354864,16.785688423981508,478.5189511662529,0.01764493511911546,0.00794471026870262,0.5182089186563673,True,False,False,0.0,0.0,0,False,0.00394937300006859
144,True,0.33357372785765194,0.4427060773552912,0.29719627802510545,0.7738222700849436,0.4095179659267463,0.032446843012876446,0.03076480301482487,0.8657190729404258,9.340603115216128,635.1195831225524,0.01896416840570262,0.010290310061607558,0.45580062470261645,True,False,True,0.0,0.0,0,True,0.003939714020816609
145,True,0.3368855076110175,0.4499061326657473,0.2992119659261075,0.7822801743161949,0.44464449020837366,0.03554496999253014,0.06833832644960003,0.81217930213603,8.67909921232631,197.31229342134196,0.020165419986649658,0.012735641757057494,0.34859226890420913,True,False,True,0.0,0.0,0,True,0.003944163006963208
146,True,0.34150711155938346,0.4586553000799812,0.3024577153858509,0.7881341282406438,0.4610099110899353,0.038905683359547034,0.061272026032040294,0.8399509625873481,13.751113786137866,413.9344114956694,0.020062040980826597,0.023683740908583342,0.2740773567925546,True,False,True,0.0,0.0,0,True,0.003949153004214168
147,True,0.3463305065342727,0.4662392562545328,0.306360923294186,0.7873443929006855,0.4656657207709809,0.04245833248131678,0.030847282423686062,0.8275362425448024,11.456529824787394,380.67413587995975,0.019914252153207582,0.04453290649194434,0.17121134864185325,False,False,False,0.0,0.0,0,False,0.00397640498704277
148,True,0.3508125434073313,0.4714858966410062,0.3105880923294396,0.7810019827435832,0.45903311720141066,0.04600323129423861,0.040390321302990806,0.802021879031788,11.905283219758772,325.1299292954992,0.01986706114332412,0.0804333015403548,0.0888975503988733,False,False,False,0.0,0.0,0,False,0.003939955000532791
149,True,0.35355384526171607,0.47203060276632713,0.31406159276017903,0.7653222114248283,0.4814012711189994,0.049460436540137646,0.08711795185608029,0.8306464050578393,15.682669032938767,418.66328254692814,0.0204373721593116,0.15396236715485298,0.05089161180183611,False,False,False,0.0,0.0,0,False,0.003954443003749475
150,True,0.35488788016922956,0.46954477823443547,0.31666891414749426,0.7460936682102334,0.5102031649368782,0.05257175990829859,0.0943561292029762,0.9796773920908064,12.41213244440545,375.08878726461023,0.020196603441209677,0.26218101114240094,0.029764571134438603,False,False,False,0.0,0.0,0,False,0.003934474982088432
151,True,0.35265071050298796,0.46215290360641087,0.3161499794685137,0.7143003209501367,0.525645648842404,0.055412501544362815,0.028670073215844916,1.077390319550927,16.79236004123695,508.9740752122539,0.02187520561177769,0.598436513642369,0.013086020995238706,False,False,False,0.0,0.0,0,False,0.003934355016099289
152,True,0.34570253525387695,0.4474562724845936,0.311784622843638,0.6748195876502772,0.5423865785428998,0.05827196843308941,0.07327211863231864,1.042438958299592,18.06113703252102,682.9503966856882,0.0255110494510023,1.2128824052916343,0.007877224571243652,False,False,False,0.0,0.0,0,False,0.00392375499359332
153,True,0.33700948451668694,0.42896131635936485,0.3063588739024609,0.6456200166656849,0.6177471172602395,0.06121973350768144,0.16876777153298028,1.2674012272015651,28.532600910226076,631.8137106412016,0.028191892882512705,1.6853515441103482,0.007589311733070636,False,False,False,0.0,0.0,0,False,0.003928364021703601
154,True,0.3282705038656581,0.41023821523907833,0.30094793340785136,0.6234533229778579,0.6513963645200077,0.06407514094622718,0.19368859917521355,1.754141005388201,26.833358932789892,494.2524319942092,0.030091141174582222,2.0421122081703,0.006576581069261822,False,False,False,0.0,0.0,0,False,0.0039691299898549914
155,True,0.32131529197083464,0.3949677388996746,0.296764476327888,0.6301689315039174,0.6151466608599632,0.06685416985167428,0.14642864440070302,1.6799772357915013,14.121990865602076,839.9842178445352,0.03093506633341555,2.2136226241943096,0.0052279326893166,False,False,False,0.0,0.0,0,False,0.003936269000405446
156,True,0.31655972614545486,0.3856552429740596,0.29352788720258666,0.6640658994373276,0.5742751020978343,0.06952119391408781,0.08682578297800725,1.1492743905838423,25.105223379816707,705.6594502829748,0.0316704936028148,2.2834413554336925,0.00415195484219566,False,False,False,0.0,0.0,0,False,0.0039340140065178275
157,True,0.3146984090840359,0.384234794643111,0.2915196138976775,0.68374967447994,0.5542524602830593,0.07210415577493255,0.04453365817772159,0.8650627639906443,25.9653787034088,397.29281020485854,0.0315996819912233,2.248199665752097,0.005252692487598742,False,True,False,0.0,0.0,0,False,0.003924616990843788
158,True,0.31696575070687966,0.39108980252023134,0.2922577334357624,0.6919278469135398,0.5389691382182861,0.07468330876274461,0.002366886974837446,0.9499826603555251,13.798185246834187,472.08371738340725,0.03096951115858881,2.128975132450054,0.007686970625265628,False,True,False,0.0,0.0,0,False,0.003961276001064107
159,True,0.3217460444447186,0.4022291714555596,0.2949183354411049,0.688138560847837,0.5255903195698176,0.07734486376783917,0.03688277273642981,0.9825750764944507,11.974126406960625,356.2958812946481,0.0301753967569573,2.003911329500997,0.009295117104313338,False,True,False,0.0,0.0,0,False,0.003942670999094844
160,True,0.32769669969014426,0.41524833958792473,0.29851281972421745,0.676166978237549,0.5055755898643456,0.08019527623589359,0.07655698184600457,0.9195048335209259,13.737315752449122,374.283764426411,0.029179746916324356,1.8212303116691744,0.009837704619042615,False,True,False,0.0,0.0,0,False,0.003937430010410026
161,True,0.3344105049656907,0.4290927483982836,0.30284975715482637,0.658822927921292,0.4881102281044605,0.08316030941075685,0.10667695112039399,1.0164201361919003,13.530694306125616,196.61392611859685,0.02904098415555849,1.6934587939069128,0.007694984413813002,False,True,False,0.0,0.0,0,False,0.004746289981994778
162,True,0.34134851421746404,0.4417069189828984,0.30789571262898585,0.6441681982003535,0.4742023969419748,0.08649707497514343,0.13541680204684048,0.9221191137793522,10.402271205746725,497.50709089973304,0.02761390918147904,1.4113595200725229,0.006475970428646084,False,True,False,0.0,0.0,0,False,0.003953681007260457
163,True,0.34669165053104545,0.4502768899845613,0.31216323737987345,0.6213595735690265,0.47384782614537824,0.08989901322516052,0.11564632922181994,1.0662550082747915,17.37025532848673,494.3925007137853,0.025680316812158745,0.9033712805738634,0.0049188175948256165,False,True,False,0.0,0.0,0,False,0.004742992983665317
164,True,0.34754573720226317,0.4516994936840662,0.3128278183749954,0.5895471068474722,0.5049897491686636,0.09359606405439533,0.0018258438861593618,1.0902450326111137,15.1008832843584,590.7602978872116,0.023325125936658243,0.23956566131815063,0.004821773090283746,False,True,False,0.0,0.0,0,False,0.004735569003969431
165,True,0.346972813666027,0.451151371815474,0.3122466276162113,0.5628830384943808,0.5625384963850996,0.0978900824228982,0.12049006386783256,1.0063518739001422,17.03670128162763,525.1654804407658,0.02393603770902082,0.14467910572471837,0.010057034912207953,False,True,True,0.0,0.0,0,True,0.004750037012854591
166,True,0.34515640237841805,0.44975566485041724,0.3102899815544184,0.5489522846142562,0.641163810460881,0.10243598661099768,0.25313872740803683,1.0335076455083556,12.722936501086323,356.811357043628,0.024667227132031684,0.06995862862205715,0.0321906124935239,False,False,False,0.0,0.0,0,False,0.004800251015694812
167,True,0.34274764185336226,0.44750958069588653,0.3078269955725209,0.5591278286215938,0.7259432685019849,0.10672911042779527,0.37657409750996096,0.9311889788203551,10.103553801728566,380.14770287047594,0.02294575753995045,0.027698088720746743,0.08829273182142387,False,False,False,0.0,0.0,0,False,0.003935157001251355
168,True,0.3426117076182832,0.44676152048283946,0.3078951033300978,0.5803654925366692,0.743325616325496,0.11097712589658741,0.39655520050191195,0.7919734650298246,19.23248574802449,568.0756277752596,0.022476760949237787,0.0101190619130855,0.49270294955339167,False,False,False,0.0,0.0,0,False,0.003930598002625629
169,True,0.3439353630084446,0.4458721118089365,0.3099564467416139,0.6016410687246031,0.6648183128414096,0.11526019096602547,0.29894065138391124,1.0171503433713924,24.97141079629617,540.8624762447974,0.025672129874624243,0.01075620562193394,1.3545732839279316,True,False,True,0.0,0.0,0,True,0.003961717011407018
170,True,0.3407387325495372,0.43644654719818676,0.30883612766665397,0.6389555029636684,0.5682549946094959,0.1191495243575273,0.17096848410323554,1.4682243110070758,21.475018601928465,428.8483555025035,0.030941822927675743,0.014129030124195606,2.1213569004688178,True,False,True,0.0,0.0,0,True,0.003942259994801134
171,True,0.33283043940455886,0.4209982199403534,0.3034411792259607,0.7142036723459193,0.5077718740009435,0.12256789215314641,0.067736185434917,1.4285523287820523,16.72105830116225,713.1022662914941,0.03457344741757906,0.008012194253194235,2.520993784322879,True,False,False,0.0,0.0,0,False,0.003938962996471673
172,True,0.322871466096133,0.4054064252416828,0.2953598130476163,0.7856119274249489,0.48783161848170037,0.12579586595771844,0.01432134968760157,1.2219880783499282,15.275717819746497,446.68758385410143,0.03673875142811811,0.0037326260241190286,2.6584893220060124,True,False,False,0.0,0.0,0,False,0.003945987002225593
173,True,0.31535006043393726,0.3971877222516757,0.28807083982802445,0.8452567701470707,0.49078877938129695,0.12900067016193437,0.01235368088665112,0.977302958463805,12.932217686432365,353.15307257627666,0.036785259217068725,0.0037399579046556316,2.596975409740887,True,False,False,0.0,0.0,0,False,0.00394883198896423
174,True,0.3143781343623202,0.4022755912842012,0.28507898205502663,0.8936854422214076,0.5022503692816066,0.13227896434803768,0.03202887000268384,0.8074997831084916,11.775859835378283,222.04654262322785,0.035964591248300384,0.004303588906983057,2.45854981842925,True,False,False,0.0,0.0,0,False,0.003980242006946355
175,True,0.31928992591021116,0.4165802517569513,0.2868598172946312,0.92984508965337,0.5325735915827587,0.1357575391454417,0.012732996082226888,0.6812405923474839,11.573082690729942,316.36329673493236,0.034907791825293924,0.004823613719607333,2.2804197243167548,True,False,False,0.0,0.0,0,False,0.003932331019314006
176,True,0.32769105353230654,0.4366980757444323,0.291355379461598,0.9529103314084347,0.5441975950321963,0.1393703477888226,0.013683557391758194,0.7408779283498659,11.16824452959885,278.1629153720006,0.03367013588320797,0.004595416085960588,2.094340281494966,True,False,False,0.0,0.0,0,False,0.003929775994038209
177,True,0.3377868464712209,0.4608141068770687,0.29677775966927167,0.95584800465929,0.5475466736430369,0.14246114968458423,0.014778571101079496,0.9689774336644373,15.285721107712435,266.51173339446694,0.03386546872841999,0.02962372946647459,2.0373210884194872,True,False,True,0.0,0.0,0,True,0.0031358870037365705
178,True,0.34782331324887344,0.4831192675554516,0.3027246618133474,0.9553371403386802,0.5548995145694375,0.14653850640699692,0.006366087943137977,0.9768727286355641,8.06155838391107,553.3873102259887,0.03298207210378025,0.006687030939915784,1.7883635070962682,True,False,False,0.0,0.0,0,False,0.003155812999466434
179,True,0.35712365331615875,0.5037902125829941,0.30823480022721367,0.9455152272218653,0.5861424267008184,0.15096762357191143,0.04144097127887236,1.0285117358338909,7.218231486375589,299.3595897142027,0.03303332572609931,0.008430184775480363,1.5820404917773152,True,False,False,0.0,0.0,0,False,0.0031330000201705843
180,True,0.36351276268157046,0.5184164901304318,0.3118781868652834,0.930168322409562,0.6571450594818338,0.15575674377978974,0.145263759116945,1.1633073320591072,15.66222996145686,362.3157290327659,0.03340483431480027,0.01665947793835901,1.2187594869012504,False,False,False,0.0,0.0,0,False,0.0031345740135293454
181,True,0.3676022977543615,0.5258079883533147,0.3148670675547105,0.911050908619974,0.7141824139444497,0.16161051848522762,0.21541247603996583,1.3198904713447617,15.259733996108514,356.22209371354984,0.0344889257105295,0.009825179864097913,0.68336341429427,False,False,False,0.0,0.0,0,False,0.004746659978991374
182,True,0.3737223130937562,0.534273080585538,0.32020539059649566,0.887895084548011,0.7102295915224341,0.1671512912084464,0.2152425130382316,1.2692465735067835,24.14902181534625,852.601359993206,0.032170133177210986,0.05633436813826665,0.4628983452800695,False,False,False,0.0,0.0,0,False,0.00473607997992076
183,True,0.37379953597703086,0.5290244153323547,0.3220579095252562,0.8398174803011142,0.7785135247119719,0.1730325466625586,0.32781645604653953,1.147130508694524,24.17977912459268,771.7419227913795,0.0326486495024785,0.16134190674957175,0.22905537477858634,False,False,False,0.0,0.0,0,False,0.004784642020240426
184,True,0.36164857483256935,0.5013314022555161,0.31508763235825377,0.7611843618349002,0.9644441612362756,0.178789912377975,0.590886409637887,1.2434567780463646,18.8911708451763,413.15937891468724,0.03247667245904815,0.3157552884398498,0.09286804146629529,False,False,False,0.0,0.0,0,False,0.004763492004713044
185,True,0.3458106046569288,0.46698140323750614,0.30542033846340305,0.6821061323032921,1.0834329093790194,0.18400534116766057,0.7974024221793172,1.1658828979880662,18.777682179439484,776.4950288645914,0.030578799491893977,0.615658160634845,0.03311956246784631,False,False,False,0.0,0.0,0,False,0.004747811995912343
186,True,0.31978573959790674,0.4171157203080531,0.28734241269452465,0.5893695472533131,1.1719493566883243,0.18914236030985948,1.00873436437815,1.2709424762539379,25.44890813110232,486.8745452987436,0.03484664751703557,1.5249243182476022,0.003719365834904712,False,False,False,0.0,0.0,0,False,0.004794700973434374
187,True,0.2947289910966462,0.36973017271141834,0.26972859722505543,0.5109976923171119,1.2849594881584294,0.19423080521298255,1.14729942400648,1.530265132335698,27.484764341403526,944.1988277752517,0.0388991390845345,2.2402270226978587,0.012067023735590673,False,False,False,0.0,0.0,0,False,0.0039413679915014654
188,True,0.2899163159924042,0.3534060712067808,0.2687530642542786,0.48291436634979384,1.2508442671237632,0.198685787987855,1.0283164141202914,1.6175482345822387,16.899519049848386,683.5891729942597,0.04174028543027639,2.713737450373425,0.00775711293048595,False,False,False,0.0,0.0,0,False,0.003933163010515273
189,True,0.2811134042437593,0.33287752668573173,0.2638586967631018,0.4784235623743796,1.2160836300840818,0.20279441693827288,0.9427300995754535,1.2966924833651374,24.647541690192394,713.361233182296,0.04343926391767589,2.923629080438924,0.00202823171772148,False,False,False,0.0,0.0,0,False,0.003952439001295716
190,True,0.2789762515664656,0.32574367964611695,0.2633871088732485,0.5164452352360628,1.1229434871513613,0.20666496224355224,0.7796036846561154,1.185238943864708,25.775160014444594,360.8313423529602,0.04356132115577152,2.927611724221196,0.003316644930506255,False,False,False,0.0,0.0,0,False,0.00396355998236686
191,True,0.2820641110318407,0.3313232348074369,0.26564440310664195,0.5478275024795433,0.9538461415409432,0.21036387633003883,0.590944301127154,1.29117893303182,19.219872649464374,365.2182685853688,0.04299578510033543,2.8243047029324426,0.005902352601254665,False,True,False,0.0,0.0,0,False,0.003957929991884157
192,True,0.2940637302295943,0.35264584109572106,0.27453635994088543,0.5724457707620932,0.7253957523816086,0.21396033043415633,0.3128786136510253,1.3626734508515808,14.196652349857478,349.8766910563752,0.04184461487471434,2.6697114347859143,0.006495569304965517,False,True,False,0.0,0.0,0,False,0.003932291001547128
193,True,0.305159823210086,0.37430916568470446,0.28211004238521326,0.571111439129053,0.6009302628361476,0.2175897328965271,0.149188963556264,1.358933804902482,12.545532284988358,334.5190258951434,0.04024307277173133,2.4613852685562416,0.006074477146232126,False,True,False,0.0,0.0,0,False,0.003930528007913381
194,True,0.3144691384628158,0.3940421074577022,0.2879448154645204,0.5518338747614269,0.5682705638522841,0.22124781569619445,0.11858703339490684,1.3814557986521847,12.240636294433562,254.5951155060058,0.03839457141510183,2.249921728301116,0.004254825579342246,False,True,False,0.0,0.0,0,False,0.003957058012019843
195,True,0.32431442886563616,0.41354232790187595,0.29457179585355625,0.5352365907825396,0.5539850008423449,0.22500594980263314,0.12478652893309206,1.2188345454790246,17.308924466052197,468.43014386944395,0.03626100806601931,2.0426817355095754,0.0040468521661667116,False,True,False,0.0,0.0,0,False,0.0039518389967270195
196,True,0.33587875309539605,0.43310936786018917,0.3034685481737983,0.5401029302979639,0.515006881821518,0.22896318131967505,0.09316519474326146,1.084128828029257,14.484548716516505,377.2496106159267,0.03436101474247169,1.8164638499595325,0.005572800034174452,False,True,False,0.0,0.0,0,False,0.003981864982051775
197,True,0.3444940404213302,0.44576331673034075,0.31073761498499336,0.544127904611226,0.5184669998391985,0.23302027252709478,0.12210958134689642,1.0114172868719868,19.764569891441575,392.31099334089174,0.030068449772773675,1.323186615651128,0.005676545025954405,False,True,False,0.0,0.0,0,False,0.003961215988965705
198,True,0.3475137917999214,0.4488516736424729,0.3137344978524044,0.5357011571887734,0.5351910471502201,0.23716714724649465,0.17736356394838748,1.3317246736892232,17.925740629152806,361.71715698621534,0.026531453589370264,0.620123018325445,0.009041984988204016,False,True,False,0.0,0.0,0,False,0.004766997997649014
199,True,0.3472362254836474,0.4482752570783196,0.3135565482854234,0.5348553735282014,0.5774688797602249,0.24158289096958205,0.2529053221218655,1.0386396791207086,22.246432956450224,960.8913038729848,0.02420120024207612,0.3246917935579936,0.01830240476079838,False,False,False,0.0,0.0,0,False,0.004731000983156264
200,True,0.34222308136396024,0.442349560099328,0.3088475884521709,0.5321723700174475,0.6998864187486752,0.24604535320546816,0.40620487622578194,0.8853688606716961,12.227230904815713,543.7636286632908,0.02392611681093935,0.16010603779109836,0.04724214387430336,False,False,False,0.0,0.0,0,False,0.003943922987673432
201,True,0.34147100027110566,0.4423242001951784,0.3078532669630814,0.5390321138991587,0.7480835401914578,0.2503864309907232,0.4430056232290079,0.6807050677543501,14.74585957550147,453.13014199978676,0.023217900153495508,0.0957442205319185,0.08971180961610137,False,False,False,0.0,0.0,0,False,0.0039408069860655814
202,True,0.34400198899115325,0.4469269384502108,0.30969367250480073,0.554989368740442,0.7449988220690487,0.25451572832750025,0.4022014752067604,0.6492022064866805,13.489030074327333,253.4212069951064,0.02149644341876929,0.04996616900375108,0.16272491888196716,False,False,False,0.0,0.0,0,False,0.003949193021981046
203,True,0.34538274909042055,0.4496401049521008,0.3106302971365272,0.5721888438102654,0.7287112428996364,0.2584707486371926,0.3641324857899022,0.6693372686856915,12.19387830182015,365.7161221487533,0.019851934095072393,0.018079736036071187,0.33804575310965407,False,False,False,0.0,0.0,0,False,0.003942440001992509
204,True,0.345067683224454,0.4481159966975508,0.31071824540008847,0.5805752345923402,0.6344260257637844,0.26260932057298847,0.2664712796196389,0.6706440933380364,17.709182439492142,473.97860082738805,0.023371433129914042,0.006170478671149299,0.9923610286360004,False,False,False,0.0,0.0,0,False,0.003938181995181367
205,True,0.3402326762391538,0.43741017437127644,0.30784017686177967,0.5767165825445101,0.5467959169459804,0.2667683641354616,0.1922206185960027,0.9414066481431739,19.336675011106745,712.3561607367716,0.02659583969484305,0.006587545987441404,1.5679462711580259,True,False,False,0.0,0.0,0,False,0.003944985015550628
206,True,0.33287576395623497,0.421067908942925,0.303478382294005,0.5655979576506263,0.491100397959765,0.2708191455408347,0.12181586952778999,1.2468995183708833,14.07084361623772,257.6488110118073,0.02953156181075103,0.005716891894853719,1.9873787842400403,True,False,False,0.0,0.0,0,False,0.0039437620143871754
207,True,0.32331559098276796,0.4005156920091974,0.29758222397395817,0.6250996405909413,0.4787228889806266,0.27468099384637207,0.10190678404177113,1.3814341337657343,9.63176016093971,336.0050535120333,0.03173286740833008,0.003410709854069256,2.247913087912138,True,False,False,0.0,0.0,0,False,0.003983517992310226
208,True,0.31365637170546706,0.3796615813413663,0.29165463516016726,0.6899865588414699,0.475173127242447,0.27834620454508313,0.09337342284790151,1.316435504058728,9.21412644637114,337.91157203927287,0.032825186218006085,0.003712144269173903,2.3442019082900996,True,False,False,0.0,0.0,0,False,0.003935746994102374
209,True,0.3052104729774103,0.3618735685618363,0.2863227744492682,0.7425943157861863,0.47431642619555714,0.2819829042270321,0.08583553718276572,1.1757239694467454,9.663124637979518,218.74513495400416,0.03401219132388205,0.004498817401907204,2.3951035046176767,True,False,False,0.0,0.0,0,False,0.00394993499503471
210,True,0.299083773143205,0.35028208105569986,0.28201767050570675,0.7809243196317177,0.4860215883566252,0.2855253366855783,0.09094726202146908,0.9954532255277471,11.6573291633311,249.97042814129088,0.034104127872671,0.003909235825740494,2.335508682336071,True,False,False,0.0,0.0,0,False,0.003943813004298136
211,True,0.29730859161665013,0.34906976944261636,0.28005486567466137,0.8039897351026242,0.4915765781460607,0.2890556861682524,0.0843164823921112,0.7946047813094259,12.885542893459808,302.46691899846286,0.034049925895251514,0.0035081610418315943,2.247118092480391,True,False,False,0.0,0.0,0,False,0.003970463003497571
212,True,0.299844010089318,0.3574041337910701,0.2806573021887339,0.8130072148849847,0.4988541525619301,0.29260555808130156,0.08420006925351897,0.6894698937441963,12.68380818425444,256.430444240801,0.03342520714137354,0.0028985578891292363,2.1155125666527814,True,False,False,0.0,0.0,0,False,0.003948722005588934
213,True,0.30521573497917076,0.3718487148930328,0.28300474167455,0.8087003531643034,0.5028479317017297,0.296171096888776,0.08201461564647428,0.7851021192621132,12.410026096716518,196.8852442501745,0.03314547485985154,0.0016035565520056193,1.9730759008893517,True,False,False,0.0,0.0,0,False,0.003951227001380175
214,True,0.31224678035949,0.3900675861966481,0.2863065117471039,0.7955156650525466,0.4999866269952645,0.29973701573271805,0.07545650951622072,1.1076964357732746,18.744475362249073,346.57735117766845,0.0327790601879706,0.0034197790885434646,1.835658673444975,True,False,False,0.0,0.0,0,False,0.004764514014823362
215,True,0.3196219658210459,0.40818261743764356,0.29010174861551336,0.7759652217718264,0.5056518993057427,0.3034065572581356,0.0805463000648019,1.1752511945856503,9.771891256087716,529.0820268024567,0.032291307721587933,0.001059877633876692,1.6604562153769138,True,False,False,0.0,0.0,0,False,0.004812594008399174
216,True,0.32659581411681865,0.4241963547052473,0.29406230058734245,0.7478669788674296,0.5303108537793809,0.30726140844581845,0.11772177693060161,1.2560734949706702,12.154335603550665,256.33888376007377,0.033036727376227364,0.005649982647437979,1.463426206087648,True,False,False,0.0,0.0,0,False,0.004747831990243867
217,True,0.33140887681379483,0.4339937877336182,0.29721390650718704,0.7262569922556472,0.5492950031470664,0.31132190789182335,0.1473685698955134,1.5142829307228345,25.032084502418147,636.9641179133677,0.0319724623184535,0.005948657232839881,0.8813936076274587,True,False,False,0.0,0.0,0,False,0.004773058986756951
218,True,0.3370459957247179,0.4417514538166225,0.3021441763607498,0.7243740482933583,0.5293799910405328,0.3156263063553093,0.1202932124054954,1.513819435769605,21.009652962703974,720.8675446996989,0.028831491867427842,0.0196524969774419,0.4883161828095585,True,False,True,0.0,0.0,0,True,0.004803907999303192
219,True,0.34352089601383745,0.4485270203106966,0.30851885458155104,0.7165171345618483,0.4523063954093691,0.3203001911356653,0.0025913105269315118,1.2194736264155264,21.681372043127897,689.0464603765978,0.027005886949744658,0.04266288791983737,0.2533219269565426,False,False,False,0.0,0.0,0,False,0.004797997011337429
220,True,0.34739625578824823,0.4491396880151525,0.31348177837928,0.6957770694952424,0.4185646190042652,0.32520274103421143,0.07585529495546983,0.9802660693958969,25.139922891620817,618.6111228794856,0.02738455163576985,0.10298060871811474,0.11453337792995924,False,False,False,0.0,0.0,0,False,0.004867788986302912
221,True,0.34878638494063713,0.44242688362292776,0.31757288537987355,0.6675896777148023,0.4307114028761607,0.330071615448979,0.10349782975190647,1.045782192027654,26.95814159338606,595.3109075356723,0.027131866401237218,0.23755764007812671,0.031120450883459855,False,False,False,0.0,0.0,0,False,0.004879351006820798
222,True,0.3481270700235925,0.43173680925981195,0.3202571569448527,0.6480080819937325,0.4594793529433043,0.3345875553270572,0.07614146089024465,1.2675783982816946,24.56582819713685,906.320073257491,0.026628014696451683,0.4111989540182559,0.027382514438673778,False,False,False,0.0,0.0,0,False,0.004913484997814521
223,True,0.3416074800714201,0.4122599843929041,0.3180566452975922,0.613514787025054,0.5056478471380644,0.3387939267210586,0.10792551726420196,1.3979469200822716,27.95832280481202,803.5055298621357,0.028806370974891197,0.9260195993253474,0.002653756738794144,False,False,False,0.0,0.0,0,False,0.004886182985501364
224,True,0.33030848575428046,0.3864925200308418,0.31158047432876007,0.5607168220063473,0.5943279022393522,0.34300307923765194,0.28949678473549234,1.025255369037383,29.019005385604366,1193.2287418947906,0.0319811198140481,1.5616183146703977,0.007214962778099449,False,False,False,0.0,0.0,0,False,0.004050154006108642
225,True,0.3204291423498168,0.3630955894019723,0.3062069933324317,0.5155319754843568,0.6862573140693713,0.34698129439865577,0.36282047964499986,0.94480623472953,20.517203894390654,804.0111783112925,0.03411446157625116,1.9740060335699254,0.012020598009823144,False,False,False,0.0,0.0,0,False,0.004059011000208557
226,True,0.3120418257581756,0.3436454728470593,0.30150727672854766,0.4834030281776626,0.7342749324256554,0.3508378684687308,0.4068639255084079,1.0770737330579692,17.76386133723389,399.2287380908242,0.03570307263324228,2.276899234090078,0.010575737711333962,False,False,False,0.0,0.0,0,False,0.0040620660001877695
227,True,0.30745988992743145,0.33292212408242355,0.298972478542434,0.47362839114543476,0.7293445857403544,0.35451871271272606,0.39450082852638046,1.1590864649441264,10.171378171246293,355.7834796168958,0.03677620023592399,2.4697990475730425,0.004400742401175863,False,False,False,0.0,0.0,0,False,0.004047638998599723
228,True,0.30792833332965547,0.33349071009859466,0.29940754107334244,0.5091686138834355,0.6751357272127855,0.3579714696025277,0.310542713644246,1.0285768009431298,10.245267594564826,408.4187569158371,0.036972389101446644,2.51849248848698,0.0038963001953880574,False,True,False,0.0,0.0,0,False,0.004063878994202241
229,True,0.3165422623772368,0.349070482073235,0.3056995224785708,0.5480933008400376,0.47755870901191677,0.36124537032292436,0.025684990902575807,0.8486660598284131,11.656713068584766,295.23121310512204,0.03626611187036608,2.4761220522339524,0.005873632936678539,False,True,False,0.0,0.0,1,False,0.004056285019032657
230,True,0.32288838143568493,0.3659284821103,0.3085416812108132,0.5665101082221207,0.39163016059462286,0.36455103361321917,0.4775373194845612,0.7526621661018905,11.832054430322167,208.2016509229288,0.03514330301226773,2.3475730666074712,0.006478075349202793,False,True,False,0.0,0.0,1,False,0.004057929007103667
231,True,0.31091310202502526,0.36132575397556776,0.2941088847081778,0.5391017132351963,0.8103805422248836,0.36794127335222115,1.0375897691031222,0.7439558346258611,11.399686150512236,278.3808094505113,0.03408807035977227,2.192029274839725,0.006149618132796998,False,True,False,0.0,0.0,1,False,0.004065412009367719
232,True,0.2912803987466002,0.3455087944685037,0.27320426683929916,0.48960481240464016,1.1727111488070832,0.37134146148155994,1.4321803742867718,0.8227214437400067,9.947756975711144,163.188469050676,0.03262812363364873,1.99057036902117,0.007299918057473938,False,True,False,0.0,0.0,0,False,0.004030987998703495
233,True,0.2797062616819659,0.33655689791211646,0.26075604960524906,0.46033343678823385,1.2760017905046346,0.37468452038813843,1.6326996697695981,0.9227518431358371,14.122277263444662,395.26902407346404,0.028658955447394135,1.4718191711424453,0.011467817114034742,False,True,True,0.0,0.0,0,True,0.004031218006275594
234,True,0.27460969709034044,0.33120969360955643,0.25574303158393524,0.4405296406622904,1.2741617592302428,0.3777707600203056,1.7213853329034432,1.3123102353635914,21.176487061082156,517.2919738424085,0.023683692097639437,0.46306919556786075,0.026412433300584903,False,True,True,0.0,0.0,0,True,0.004867298004683107
235,True,0.24722382331740264,0.29105944817413454,0.23261194836515872,0.3896468656406283,1.2484198695656317,0.38148013675416087,1.9966893123693206,0.8751632510595765,26.734338903020078,1221.6271287818467,0.021384778328084362,0.10344708667708627,0.04278751961924886,False,False,False,0.0,0.0,0,False,0.00407074301620014
236,True,0.11882253978756441,0.10010604248148511,0.12506137222292418,0.1600723558361018,0.40761285229921174,0.3852304735194661,3.1060004278228566,0.9318245831035206,15.66493265053751,532.2201091655037,0.020817833181822832,0.04292948603438505,0.06649098201832616,False,False,False,0.0,0.0,0,False,0.004025387024739757
237,True,0.14162970395353866,0.1426880914988106,0.1412769081051147,0.1959410527701675,0.463180738745821,0.3888642739180846,2.4493205424236213,0.9748482672166754,14.320273888652768,363.63915826094603,0.019659846529249656,0.015206654384351032,0.15508958995173852,False,False,False,0.0,0.0,0,False,0.004059380997205153
238,True,0.14149535245690306,0.14191767337996955,0.1413545788158809,0.1992461416881335,0.49139887767470014,0.39213930704798383,2.444931730060153,0.7840659996079359,14.416795486021591,605.2319910649436,0.018268271786647756,0.0033515848880507604,0.4999179485173672,False,False,False,0.0,0.0,0,False,0.004095630021765828
239,True,0.11460141458727496,0.09534517886898186,0.121020159826706,0.14257888102023106,0.2849595862777392,0.39505833349409786,2.8515723962356523,0.6469723423929353,15.501394588616924,351.55005991656253,0.018357319745009957,0.005599844996200135,0.8654794187554008,False,False,False,0.0,0.0,0,False,0.004052498989040032
240,True,0.1476795164169767,0.14919068362572604,0.1471757940140603,0.21193236824407813,0.5444399452267263,0.3976957156181375,2.8326237006086274,0.8912455729292245,18.729748176416056,471.0000523344724,0.019192921695617655,0.012939654306242526,1.1431710274586833,False,False,False,0.0,0.0,0,False,0.004012221994344145
241,True,0.20245109313323917,0.22437359165965862,0.19514359362443268,0.29186359034827825,1.004174002045937,0.3999741018911858,2.3339430584554237,1.0703328590960641,9.904927646786286,432.997091358999,0.01972281087078614,0.019560628847612227,1.331741375415711,False,False,False,0.0,0.0,0,False,0.004031188000226393
242,True,0.28042327930675576,0.32670700815813786,0.26499536968962834,0.43365040410601163,1.2749367128558944,0.4017610990543726,1.5166923699394528,1.0392867250995872,8.27089073975424,330.94921592101747,0.019634064422825264,0.01598603912100676,1.4283596369321034,False,False,False,0.0,0.0,0,False,0.004053871001815423
243,True,0.3192830830708354,0.377908456309574,0.29974129199125593,0.551672129647451,0.7178009839321597,0.40320149171617353,0.7351785666033446,0.8766399516861584,13.104290119562187,310.85311499574755,0.019785231343477372,0.0022523702966083005,1.4434939697407132,True,False,False,0.0,0.0,0,False,0.004012121993582696
244,True,0.3196767922576067,0.3811305583180149,0.299192203570804,0.6000198027082797,0.44016174681916465,0.4042521134791827,0.25752317762989185,0.7443698639708181,13.960767379506501,250.66616804321728,0.018861521352032926,0.0033074534012118083,1.3815031697297309,True,False,False,0.0,0.0,0,False,0.003986633004387841
245,True,0.31246725993248886,0.37647462599520914,0.2911314712449154,0.6196558220327568,0.391767954346866,0.40506447291730824,0.12161995259284121,0.601937360412894,13.07768509477661,369.70840178129777,0.017815147894761862,0.004927856383757684,1.2544967039452732,True,False,False,0.0,0.0,0,False,0.003971253987401724
246,True,0.3052535681416549,0.374083386388112,0.2823102953928358,0.6202165315062342,0.43794196221163917,0.40554585826091294,0.04902712526583609,0.6895177167522614,15.782018897880262,306.737039571881,0.016705541426488734,0.0034270090561437754,1.0784190988632882,True,False,False,0.0,0.0,0,False,0.003995130013208836
247,True,0.2980835587751949,0.371292830410639,0.27368046823004677,0.59628166951309,0.5354291533970114,0.4057195613045354,0.06895468547553585,1.095812591824374,17.174657963861623,403.5718044603427,0.014300903128410664,0.0009122693102277559,0.5855379752059913,True,False,False,0.0,0.0,0,False,0.00396448202081956
248,True,0.2946624944513362,0.3710444974681666,0.2692018267790594,0.5610856116981802,0.5340047675811423,0.4056444316799251,0.003774763700187478,1.225571067564768,12.749679554240256,570.8084669673066,0.010995819418333379,0.003724208400560395,0.074670997800069,True,False,False,0.0,0.0,0,False,0.003975202009314671
249,True,0.29185927868831374,0.36976514633580704,0.2658906561391492,0.5366025439784946,0.5021707758058461,0.4055790514097001,0.18285793644312198,0.9564919841675666,14.93464350336371,535.5242236524251,0.007702146560235293,0.006216472379381196,0.00818448275165818,False,False,False,0.0,0.0,0,False,0.003967427997849882
250,True,0.28800158875536186,0.36558219979918805,0.2621413850740864,0.5256362442152849,0.49138809502714026,0.4054893724738256,0.2329816028278531,0.7769210916394207,10.855079525336414,342.7086877139323,0.006297796435444761,0.007705617628301943,0.002637699785573532,False,True,False,0.0,0.0,0,False,0.004014095000457019
251,True,0.2846430456664101,0.35978812215994094,0.2595946868352331,0.512584957800942,0.4401650360069345,0.40563340596069164,0.157264625916705,0.5822962804832952,16.968945587134122,302.58115745008314,0.005661832796186638,0.01174834769473263,0.006980319019336376,False,True,False,0.0,0.0,0,False,0.003982947004260495
252,True,0.2815099028122737,0.3529270728050548,0.25770417948134666,0.49889570931220306,0.5507190094965297,0.4059546518749462,0.1124506406202479,0.5924141290069947,11.67995934680969,354.0010238884786,0.005728722737125554,0.012594961250452641,0.008221107774001856,False,True,False,0.0,0.0,0,False,0.00398230500286445
253,True,0.2780774682552672,0.34518411286512607,0.2557085867186476,0.4871058386393746,0.5000295080242528,0.40614895142728497,0.056105758056360866,0.5509972996521944,7.144708126739389,345.0172224970563,0.005862347345298301,0.007897580433176241,0.007163848452977211,False,False,False,0.0,0.0,0,False,0.003965945012168959
254,True,0.27459623651740983,0.3376174956061946,0.2535891501544815,0.47377001584515377,0.4889926755353341,0.40612588043375925,0.025550007133858355,0.5888787909575219,11.455871515442665,269.472526981563,0.005622724551813948,0.015218172422614664,0.006147244566995348,False,True,False,0.0,0.0,0,False,0.003990972007159144
255,True,0.27171690070985166,0.3320025923254031,0.2516216701713346,0.45857722073482193,0.4921384744371573,0.40598888319828397,0.00639326375107907,0.7373862318025686,13.929564698573701,349.77938167248755,0.004972957076752971,0.015087141917891973,0.003467648538933042,False,True,False,0.0,0.0,0,False,0.003957268985686824
256,True,0.2697769066115056,0.3291989905675378,0.2499695452928283,0.4436332556577673,0.504278875446192,0.4058025151940459,0.0064849645167075485,1.0298723712058293,15.233546320569628,198.60059118096208,0.004463541420589758,0.004818328199807305,0.0004206663405828205,True,True,False,0.0,0.0,0,False,0.003978749009547755
257,True,0.2687796591040147,0.32833365582804486,0.2489283268626714,0.43347488347171764,0.4974254148107064,0.40563517149577405,0.0023607910167724455,1.2034983872098481,12.36735408198586,313.3698214600342,0.003640815626158939,0.005028678857393049,0.0013810211816898405,True,True,False,0.0,0.0,0,False,0.0039755229954607785
258,True,0.268171293733683,0.3274583395039375,0.24840894514359824,0.42969443146565633,0.48480039377832507,0.40553787139450076,0.01830276550035026,1.3306795919050938,15.45044845488034,285.6194141652885,0.0027450351607073036,0.0033193842054885917,0.0011646706085001483,True,True,False,0.0,0.0,0,False,0.0039767950074747205
259,True,0.2680126404042617,0.32695693367349177,0.24836454264785165,0.42803989909118345,0.4748425814943082,0.40549949692068826,0.040244834790125195,1.0977747782536742,11.565450538260114,515.4070293351555,0.00253379716722633,0.0025342053887783163,0.00043167343965855944,True,True,False,0.0,0.0,0,False,0.003962087008403614
260,True,0.26817765470124205,0.32684727646598705,0.24862111411299379,0.42603865531630924,0.46805771345690517,0.40553464150802715,0.061670722782216185,0.36128751923006985,28.357150353702586,674.3516840580205,0.0031077275281254676,0.0036559112149966862,0.002592451717790904,True,True,False,0.0,0.0,0,False,0.0031755609961692244
261,True,0.26845782369923143,0.327219427255937,0.24887062251366301,0.42240373905908213,0.46167547211093474,0.40549781559300446,0.07551758593159597,0.5284737511962923,15.83261746403112,401.9629391439139,0.0031407161781137473,0.0019579133809930534,0.0018666174836947484,True,True,False,0.0,0.0,0,False,0.003172094002366066
262,True,0.26859794444176394,0.32769259188616484,0.24889972862696355,0.41479975125562524,0.4615502046599326,0.4053820184565114,0.07599030460028279,0.9903219204147079,16.837534945977065,193.81937591748883,0.0032590113749251487,0.002796253021534592,0.0035203182652048847,True,True,False,0.0,0.0,0,False,0.003961766982683912
263,True,0.2683842784102965,0.32738843028897474,0.24871622778407046,0.4082161866933114,0.4672101780594718,0.40530598648279026,0.06916754981137974,0.8628811751429792,5.553009404451863,623.9691018710784,0.0026379637085936244,0.001583631375648631,0.0027109874668351753,True,True,False,0.0,0.0,0,False,0.004010017990367487
264,True,0.26783874202124036,0.3261794166327337,0.24839185048407586,0.4031825314718874,0.4729994495521499,0.4052707695020533,0.060256489379966194,0.6477676967363917,8.484968716195246,163.2450129636022,0.0018837560817947315,0.0031580013705017553,0.0033634421125327916,True,True,False,0.0,0.0,0,False,0.003174910001689568
265,True,0.2670020747333609,0.3245157328588961,0.24783085535818247,0.39727753239253455,0.4740107234913103,0.4051479594188334,0.052520851817634544,0.47795751294438005,6.786752915976513,162.89979322635548,0.0015378007265769308,0.001465343976573395,0.0020474788033767372,True,True,False,0.0,0.0,1,False,0.003156825987389311
266,True,0.26597434451421076,0.3224652896409487,0.24714402947196468,0.3914110913295076,0.4728683807056823,0.40500287734898827,0.04601940146339256,0.30044780587084285,7.898382280249744,87.1217237847368,0.001586165574148064,0.0014575396559318218,0.0021306514057018843,True,True,False,0.0,0.0,1,False,0.0031615649932064116
267,True,0.264812594962877,0.32005063269116224,0.24639991572011524,0.38538939338275824,0.47410949541811515,0.40485618676730845,0.039803727978976015,0.2503263512220785,5.568594729315666,129.4709286608917,0.0018921851731052645,0.0011749661858525679,0.0020862981405075386,True,True,False,0.0,0.0,1,False,0.0031699599931016564
268,True,0.2636697944278291,0.3176876345020818,0.2456638477364115,0.3804716726882994,0.47621621576908757,0.40473451399379445,0.03330702742040326,0.23276651965522863,3.5326113165299424,114.35664041803757,0.0021268907821248555,0.0010244059884916175,0.0020581595238550517,True,True,False,0.0,0.0,1,False,0.003184737986885011
269,True,0.2625456895860643,0.31541265568456467,0.24492336755323085,0.3783124462513423,0.478222740474871,0.4046106977775076,0.025030218119895586,0.2221545279253488,2.067959454589607,96.0633706501915,0.0024415577569359284,0.0006553934854710363,0.002016085334307849,True,True,False,0.0,0.0,1,False,0.0031718740065116435
270,True,0.2614091754904408,0.31307334667243847,0.24418778509644157,0.37759278015461745,0.4830095894300205,0.4044792107840187,0.014314859737867502,0.2263382596013392,3.672804806635503,100.03640249304688,0.0028017396876339326,0.0005758968576406807,0.0018189170226474978,True,True,False,0.0,0.0,1,False,0.003161695000017062
271,True,0.26032055508865365,0.31071798950737517,0.24352141028241306,0.37794218709242416,0.4869630326118933,0.40433487718265076,0.0032917535087397805,0.2512132781323846,4.030936784508203,97.71777296045295,0.0031661620421667602,0.000554126445475297,0.0016263606430000313,True,True,False,0.0,0.0,1,False,0.003163348010275513
272,True,0.2593670938360249,0.30844149153461753,0.24300896126982732,0.3797671720594776,0.48799690625435915,0.4042000293927631,0.0050543150176252105,0.38682869831991806,7.547486563993538,164.6023624537205,0.00353004558240478,0.0004603931731088549,0.0013590387644434642,True,True,False,0.0,0.0,1,False,0.0031550319981761277
273,True,0.2585172201299903,0.3064484934317294,0.2425401290294106,0.38140653390947477,0.48972030980323056,0.40401068325143547,0.010264235973722169,0.7710101718318599,14.061279681014575,230.6227225498782,0.003821988484988962,0.0028020954252971257,0.002990864565935299,True,True,False,0.0,0.0,1,False,0.004016369988676161
274,True,0.25776017193315914,0.30473329900317836,0.24210246290981938,0.3861862328703113,0.49147698887324426,0.40389529344606545,0.017302454623729924,0.8845452909693928,5.385403762087404,332.14194678288635,0.0040051503766585185,0.0008662309190939586,0.0007833526318362816,True,True,False,0.0,0.0,1,False,0.003931499988539144
275,True,0.25707511403942374,0.3033328135043568,0.241655880884446,0.3926220145573534,0.49395913664656166,0.40377435178354987,0.022429228061553896,0.6680952902208185,7.5914187604332515,355.406000897386,0.004225993697135025,0.0009377951126855564,0.0006163540724374341,True,True,False,0.0,0.0,2,False,0.003949413017835468
276,True,0.2565740293097742,0.3024446484742613,0.2412838229216118,0.4008586678751835,0.4977730911118934,0.40370811931180917,0.026705853713781647,0.295267926952828,12.84166985496012,201.54102974185176,0.004112646190554959,0.001502935742353962,0.00326955731780115,True,True,False,0.0,0.0,2,False,0.0031560140196233988
277,True,0.25626740953138977,0.30210957153276413,0.24098668886426497,0.4090085449081477,0.5032852293331733,0.4035891515941999,0.03329448693908943,0.2873872286787279,12.031660426051316,119.15949414828047,0.0038391633256890287,0.001326540735354825,0.0006574863852843486,True,True,False,0.0,0.0,2,False,0.0031302050047088414
278,True,0.25612208977565987,0.30219759234016824,0.2407635889208237,0.41611234507245753,0.5106769222290147,0.40342522491144583,0.04262228835623283,0.5730326402502071,10.812233804489448,120.60922512169876,0.003810776191037358,0.0029421254024206774,0.002050327757951787,True,True,False,0.0,0.0,1,False,0.003969430981669575
279,True,0.25623222280110775,0.30273334349332787,0.24073184923703436,0.4247770189882883,0.5182031138209893,0.40331142454377955,0.05133397115544636,0.6769381601996999,5.297544848082062,246.36133030749727,0.0037406219637989967,0.0014259613097845473,0.0007068251063918011,True,True,False,0.0,0.0,0,False,0.003966866992413998
280,True,0.25653025520320183,0.30365584727025857,0.24082172451418293,0.43351136213462355,0.5273912401070593,0.403196755883771,0.059555820688045324,0.6257679986572645,5.190624350414142,190.4864873248864,0.003735305030794341,0.0014091768487009117,0.0008155600510076122,True,True,False,0.0,0.0,0,False,0.003957539011025801
281,True,0.25688223060638227,0.30460125799226995,0.24097588814441973,0.4425583097580343,0.5379286020197167,0.4031427977191077,0.07004756255687505,0.45181516218333406,6.928869986337682,186.02190080060166,0.003778409871409378,0.0014804453660441223,0.003697173821331003,True,True,False,0.0,0.0,0,False,0.0031196950003504753
282,True,0.2571043131968765,0.30525395919576626,0.24105443119724654,0.44928787762836403,0.5472738469801794,0.4030310987651406,0.08230768320587001,0.3019550550244428,7.126404179473129,99.16804688007386,0.003918239265511106,0.0015365107235080025,0.0012810068244867737,True,True,False,0.0,0.0,0,False,0.003170551994116977
283,True,0.2573859701496635,0.3061950281594242,0.24111628414640993,0.4546082623359603,0.5535361841796779,0.402910395215154,0.09522024670426266,0.2409713010296324,10.415472880322199,156.09212094228747,0.004015343708031813,0.001915959624724172,0.0010388960219149819,True,True,False,0.0,0.0,0,False,0.0031423479958903044
284,True,0.2577082346232001,0.30739261501981213,0.24114677449099609,0.45917169135778557,0.5587504578668276,0.4027969929636671,0.1087907585024326,0.2507430407300995,5.52911420384566,262.82976681793025,0.004056644069043073,0.002094883180381343,0.0013368644409414898,True,True,False,0.0,0.0,0,False,0.003122970985714346
285,True,0.25810758492271674,0.3089034491892315,0.2411756301672118,0.46372022393699464,0.5656749118453344,0.4026894605600186,0.12267057584918661,0.2896626004402139,2.7690362318336765,98.54113280138479,0.0042648431806616895,0.0021653374446963585,0.0018226136863483888,True,True,False,0.0,0.0,0,False,0.0031450339884031564
286,True,0.2586300829386454,0.3107407500698549,0.24125986056157558,0.4678785307381151,0.5775388899576985,0.40257205838320853,0.1368261039596184,0.283084574304336,2.117164764141259,116.71339352340087,0.004479858687501486,0.0025159093958916842,0.0020379952319628672,True,True,False,0.0,0.0,0,False,0.00313794901012443
287,True,0.25937112812296836,0.31308380310140776,0.24146690313015529,0.47173779494316104,0.5920114264509109,0.40244133300836404,0.1513916295030202,0.24571785440023658,2.215002069397662,72.3461127988726,0.004850083146903747,0.002873221077406013,0.002047032855541583,True,True,False,0.0,0.0,0,False,0.003166042995871976
288,True,0.2602326549346169,0.3157566536594911,0.2417246553596589,0.47538812732051444,0.6107566992566684,0.402303578414825,0.1703299199063668,0.15850842446737717,4.728135290251284,110.83215941139362,0.005108676628971122,0.0028368360002118775,0.002047419047365179,True,True,False,0.0,0.0,0,False,0.0031836160051170737
289,True,0.2612402026031427,0.3187861364318297,0.24205822466024704,0.47906033748739607,0.6345849707771474,0.40216617454250697,0.19087216257693274,0.20178372656376287,5.010412024734567,31.514737468757325,0.005465749812177274,0.002976062424387414,0.002583627139057191,True,True,False,0.0,0.0,0,False,0.0031331909995060414
290,True,0.26249340533377274,0.3223377943188527,0.2425452756720794,0.48290215887540733,0.6626857654086248,0.4020383866105929,0.21134924086926143,0.2712065064337939,3.1748685114757276,84.51004807458614,0.005973829973852678,0.0033964345896547094,0.002715248662093553,True,True,False,0.0,0.0,1,False,0.003149931988446042
291,True,0.26408075573587275,0.32661841104259715,0.24323487063363125,0.48723678440263263,0.692232513946677,0.4019255434788444,0.23160103054449555,0.351211530536706,2.8730059062021223,40.76608830341791,0.00641804057653218,0.003774590897742668,0.002484964887336576,True,True,False,0.0,0.0,1,False,0.0031349940109066665
292,True,0.26594163201980453,0.33145952298165854,0.24410233503252,0.49212468851237884,0.722245220935349,0.40182510859536924,0.2530297871108098,0.3462947588734729,1.3254016069992556,97.1203440277186,0.006895034582548981,0.003874648084433744,0.0026251907410407256,True,True,False,0.0,0.0,1,False,0.0031321889837272465
293,True,0.2680385199552293,0.3367529719653448,0.24513370261852416,0.4981203964116958,0.754485421577948,0.40175831110641647,0.2779642479649569,0.27042154148264536,3.8655504283350663,97.56101489478705,0.007470926980980732,0.0037270607972719858,0.003690201507130777,True,True,False,0.0,0.0,1,False,0.003175120014930144
294,True,0.27037410446417837,0.34218210060763016,0.2464381057496945,0.5043626722931521,0.7779116845105762,0.4017778955232126,0.30669267334779177,0.22295485775156404,3.204500115507318,99.49502523214576,0.007832951248424164,0.004398945739664859,0.005331142362007921,True,True,False,0.0,0.0,1,False,0.003153760015266016
295,True,0.27325294542589784,0.3481841242428269,0.24827588582025484,0.5121236040334647,0.7886727802397286,0.40197174349140796,0.3420789975423095,0.2651945351868052,4.0926658867235695,90.59017528520084,0.008546874608550739,0.004068282873205396,0.007995789570623538,True,False,False,0.0,0.0,1,False,0.0031547709950245917
296,True,0.27686554460275886,0.3548419709531276,0.2508734024859693,0.5224130702492447,0.805524151156668,0.40254409282777487,0.39939329612953994,0.4471813633639261,6.811412569926864,147.1434893148086,0.010542631790526232,0.0035472162392400247,0.011740747432748298,True,False,False,0.0,0.0,1,False,0.0031452640250790864
297,True,0.2813040779594524,0.36116741166031685,0.25468296672583085,0.5378880756891674,0.8501071259213063,0.4036004706943914,0.48125761269941636,0.7441652026454522,11.09215210901092,198.23387445434105,0.012689961031507954,0.008264315082972058,0.04500326518444036,True,False,False,0.0,0.0,1,False,0.0031874330015853047
298,True,0.28619603211315064,0.3659309782800637,0.25961771672417966,0.5628553382423962,0.9420801332577686,0.4050487073084739,0.5912177074927714,1.1127021176677558,12.42890413519612,143.06516613212648,0.015199980227098805,0.01842650609110696,0.09921947558906123,False,False,False,0.0,0.0,1,False,0.0032367859967052937
299,True,0.28784244999584413,0.36348246316574756,0.262629112272543,0.5930425121103285,1.097808860163539,0.40690076793412,0.7617512774603279,1.9078997702424663,28.151607395732555,629.5728561937376,0.019988714994760168,0.03254495926696596,0.26141618529223715,False,False,False,0.0,0.0,1,False,0.004001041001174599
300,True,0.2924394375667143,0.36142144967849704,0.26944543352945344,0.6309224040582362,1.1799873632020637,0.4087011140018114,0.8602535737267851,2.399787430593979,38.66640809448492,1308.5247607906445,0.024005525446880182,0.027903502388613707,0.6459375513253183,False,False,False,0.0,0.0,1,False,0.004899980005575344
301,True,0.2962016050532587,0.35990590121417976,0.27496683966628505,0.6640102361370616,1.2396696797504168,0.41034906287540907,0.9474125896903206,2.163063307418577,16.148983865696124,1203.9523234679198,0.02768947805414596,0.028243077929947857,1.1754761529428526,False,False,False,0.0,0.0,1,False,0.00487212699954398
302,True,0.3017364866646321,0.36637166927595644,0.28019142579419065,0.6878506664557164,1.2493147776865854,0.41090465802963977,0.9922232937313977,1.073923948992995,54.96188288257807,1573.2708794725063,0.031152489316258188,0.06229482444923115,1.8543008015222786,False,False,False,0.0,0.0,0,False,0.0032078209915198386
303,True,0.31512331261569304,0.3838913846144477,0.29220062194944146,0.7288732201705803,1.2223575807637788,0.41150083681300353,0.9984344908318026,1.3732351875586495,25.62358921893028,1397.4569897691376,0.04008639830169296,0.0363643050750908,2.5177533069687805,False,False,False,0.0,0.0,0,False,0.003215928009012714
304,True,0.33716934692306916,0.4152984368975688,0.3111263169315693,0.7832305628100236,1.2083796956383235,0.41318857538447373,0.979084508742696,1.6637710998898942,20.226153276591212,742.3136924491965,0.04732542997805394,0.07487640349868219,3.000273165673069,False,False,False,0.0,0.0,1,False,0.004037319013150409
305,True,0.3669102324158253,0.463084343100463,0.3348521955209461,0.8358510072092582,1.2053365712372175,0.41415470585855985,0.9249095215190665,1.4161722834060477,33.445759381377556,1191.1496531288594,0.050218672962020094,0.057844032779920784,3.337881723923554,False,False,False,0.0,0.0,0,False,0.004885072004981339
306,True,0.402865912943453,0.5236696921474969,0.36259798654210496,0.8944621926908187,1.1859163593897333,0.4154479846002591,0.8274607308905138,1.5801839296011366,30.152036487153442,550.2931217973123,0.05290724309806657,0.09172126532071818,3.532159953998372,False,False,False,0.0,0.0,0,False,0.004930046998197213
307,True,0.4473498177131303,0.603558795422747,0.3952801584765913,0.9803289605486835,1.1120103439710622,0.4163458827629713,0.5515871918695647,2.8162025817587986,73.49642636623739,2064.1088922558806,0.04894770983843536,0.17037784843535242,2.745328966602281,False,False,False,0.0,0.0,0,False,0.004043731023557484
308,True,0.47970280725348996,0.6497479979713228,0.4230210770142124,1.095306118228405,0.9401680182712134,0.41917878607200304,0.06623104326612328,2.3662984303972348,80.77383095540499,3782.0261603875224,0.036760110866847606,0.17637936264808102,0.5637924067526506,False,False,False,0.0,0.0,0,False,0.0048781590012367815
309,True,0.48482075218090187,0.6402358335083507,0.4330157250717523,1.1304620237299818,0.8771712598730681,0.4223601471268651,0.2772105587980933,3.4409122591021917,83.89446681589109,2955.2898047803897,0.035757326927065645,1.249792112151363,0.09634394203388887,False,False,False,0.0,0.0,0,False,0.006599450978683308
310,True,0.4771048899193653,0.61609678784278,0.430774257278227,1.1062995725093185,0.8677503822654213,0.42428207179713573,0.16909402687466013,2.494577029262314,72.4288267559265,4010.9210175554767,0.03605748101907491,2.3406356882495603,0.023779388055628615,False,False,False,0.0,0.0,0,False,0.005714559025363997
311,True,0.45906874308069323,0.5815103532705743,0.41825487301739944,1.0757122512752806,0.9008178682365154,0.4261930125847737,0.05874886982718697,2.0757848066285707,48.062819642454905,2440.328699058652,0.03994713333764167,2.8223212701519222,0.017547630823316257,False,False,False,0.0,0.0,0,False,0.005699881003238261
312,True,0.43863405810416345,0.5459164710130953,0.40287325380118616,1.049606513057765,0.8537144441958323,0.4280650813447074,0.12401883212680742,2.1147275602934408,41.45305923568582,1003.8102105935548,0.04239718629945258,3.028784042188062,0.012999295484666615,False,False,False,0.0,0.0,0,False,0.005742692010244355
313,True,0.4115318174322616,0.49990184604409527,0.38207514122831704,0.9893728642262588,0.8645983691017896,0.4295561943219125,0.2605097803494587,1.9791099511406,39.94764462779661,1549.915244045683,0.04490195430112147,3.1473064235811186,0.008035552827204966,False,False,False,0.0,0.0,0,False,0.006525792006868869
314,True,0.3787238373456484,0.44782650402775087,0.3556896151182809,0.901676975080988,0.9892494471737193,0.43102435431481395,0.4757739717196752,2.0946320295528484,28.743895117636395,720.9783175272469,0.04533544733800006,3.0615870960690508,0.027654818377491903,False,False,False,0.0,0.0,0,False,0.006606303999433294
315,True,0.3499260964158252,0.40615226512401653,0.3311840401797616,0.82246781601188,1.1180474574231165,0.43243614257899804,0.666062707691665,1.902525120751275,28.648324884428735,1007.7140940362045,0.04247231813662636,2.780837553885172,0.09830656442065344,False,False,False,0.0,0.0,0,False,0.005734798003686592
316,True,0.3329166229949206,0.3843904027974207,0.31575869639408727,0.7589766615092434,1.2516539061992709,0.43381037588864996,0.8410596655661462,1.6887702690607282,27.664111125108043,604.9645220434152,0.03834266522716672,2.3318069441432545,0.1973352558894275,False,False,False,0.0,0.0,0,False,0.004892716009635478
317,True,0.34230298708593937,0.4143269581845235,0.31829499671974465,0.8787629642145162,0.7888752489126614,0.43536108542497004,0.9976816331469108,1.9284699680496056,47.340571115268816,1525.5981627153399,0.03037281630452625,1.2681633733835391,0.08026525546904131,False,False,False,0.0,0.0,0,False,0.004925176996039227
318,True,0.36622044059730446,0.4399747772835489,0.3416356617018897,0.9205932902987909,0.6812929698943183,0.4375749740051399,0.09078149846480099,1.4800015729883211,45.90527615017042,2272.0904593173336,0.0236593327584802,0.24961565845569744,0.3678045583138894,False,False,False,0.0,0.0,0,False,0.004084409010829404
319,True,0.3729036733080475,0.4513294571511628,0.3467617453603426,0.9877732810905135,0.5544681605905851,0.43697401862330537,0.1537894811452667,1.1802784555312797,38.9024327227513,1543.237443730625,0.022419527539091454,0.12452502029581305,1.1608439380308029,False,False,False,0.0,0.0,0,False,0.003222510014893487
320,True,0.3744070720693761,0.4513266150055167,0.3487672244239959,1.0596637372947524,0.5918149169726094,0.44028637951958777,0.12847640039571617,1.9705234991654816,45.214616291505685,1657.8619799508433,0.028179938031039457,0.14864986758255744,1.533454702545467,False,False,False,0.0,0.0,0,False,0.00407602297491394
321,True,0.3750973701675322,0.45398341949460086,0.34880202039184266,1.0797322372360494,0.642733854942086,0.4407201419626193,0.08981817639656131,1.837982130489772,43.702535048529114,2169.222925059096,0.024360659493653538,0.030789551691346836,1.514706012181393,False,False,False,0.0,0.0,0,False,0.004903116001514718
322,True,0.37344081953305097,0.4554410877670241,0.34610739678839325,1.0618293670007806,0.6843765860300258,0.44121880613436393,0.06346468883515577,2.035276699043772,31.961593503622165,957.6817124296638,0.024084618504629837,0.005372844517627417,1.410172620851238,True,False,False,0.0,0.0,0,False,0.006555156985996291
323,True,0.3693341288141644,0.45513391632261546,0.3407341996446807,1.0207792526345705,0.7160591020701899,0.441470343835206,0.02637414271688465,1.9022982698050117,25.127173737997502,940.8388271716815,0.024001388843478567,0.011693214164752852,1.3238647091065479,True,False,True,0.0,0.0,0,True,0.0057220529997721314
324,True,0.36467248878799907,0.4569445762954099,0.3339151262855287,0.9653307804738568,0.7203479081792136,0.44145932577048924,0.016402523283208792,2.0249119542676284,26.816497032528506,432.6556432010403,0.025141519272315983,0.0076662507248698155,1.219895770324898,True,False,False,0.0,0.0,0,False,0.006502006988739595
325,True,0.3600602966657133,0.46095645613322334,0.3264282435098767,0.9126846280029971,0.7367974631897298,0.44166654809843064,0.02871835521581101,2.051672566579025,30.45059233490762,674.9293171695944,0.02432793076539129,0.009623890186951398,1.0577934261494732,True,False,False,0.0,0.0,0,False,0.007215755991637707
326,True,0.3545419969872834,0.46219078595224283,0.3186590673322969,0.866830406940958,0.7245408634930852,0.44177286532606524,0.03864271441216794,1.7140131426677012,31.744195539707373,1266.7131864921203,0.020879256873755112,0.00021817942398259078,0.5705149837571711,True,False,False,0.0,0.0,0,False,0.004860143992118537
327,True,0.34995934275217433,0.45938252027253657,0.3134849502453868,0.8362287748929346,0.6813885189966364,0.44171197821816516,0.003358934094203514,1.5639244791744056,23.936843249405307,1016.8378068696837,0.015697553137690876,0.0016947509936974749,0.1436079509632916,True,False,False,0.0,0.0,0,False,0.004880302993115038
328,True,0.34721245861887173,0.4555022915326682,0.3111158476476063,0.8118070414122719,0.5797322409114706,0.44206736449081424,0.14410645833277758,1.109877481671517,23.823115436956044,907.167352911754,0.013184323108376994,0.0070558282726117345,0.01796498866176644,False,False,False,0.0,0.0,0,False,0.0040294050122611225
329,True,0.3434663015115699,0.4486371182701618,0.30840936259203927,0.771625503165513,0.5170230820496751,0.44282406921353784,0.2592052049361462,0.8570198145284436,21.546176769109643,564.8209541202247,0.013938176481443298,0.008182434281330041,0.012566033467358165,False,False,False,0.0,0.0,0,False,0.003972106002038345
330,True,0.33959508840053176,0.43983756412960356,0.3061809298241745,0.7255309598801764,0.49881405018634223,0.44373148862120826,0.27243668921918407,0.8082060909326183,23.728518371659963,555.0536800753005,0.014470916534417223,0.010161058591837736,0.00630117721482651,True,True,True,0.0,0.0,0,True,0.0031361870060209185
331,True,0.3355601274303957,0.4305128582443015,0.3039092171590937,0.6716757136555777,0.48370447017397805,0.44468199391337265,0.27837101819052773,1.1559699759889934,17.83794326412142,532.6083363536469,0.014258974978003106,0.003476815731859544,0.002680946112104156,True,True,False,0.0,0.0,0,False,0.00315540301380679
332,True,0.3311427249760834,0.4207630073897586,0.30126929750485837,0.6043299814139846,0.47471591921354755,0.4455377269131568,0.3070566854514993,1.7868310031862635,24.112098324619417,473.8835411466542,0.015084761063539818,0.012201824300580547,0.007306200591179872,True,True,True,0.0,0.0,0,True,0.004772689018864185
333,True,0.32757230163031414,0.4112130283990185,0.2996920593740792,0.5504290334921692,0.4809613085182647,0.44661852445127515,0.3403060468503865,1.4948824246185768,20.583032917216087,1221.1305246458662,0.011506782979668246,0.025793182153274526,0.015314022872452098,False,False,False,0.0,0.0,1,False,0.00476117801736109
334,True,0.3244223895709567,0.4017614169069733,0.2986427137922845,0.5136433933285168,0.49616411749270434,0.4479451747639898,0.40180893797831674,1.229662653737722,17.858127473238195,329.1652858577797,0.009304799977401206,0.03909284141658109,0.014698518084636118,False,False,False,0.0,0.0,1,False,0.003961826005252078
335,True,0.3209617780526469,0.3907206687753836,0.2977088144784013,0.5062334533576579,0.48135834218092516,0.4492900920650043,0.4402558912100856,0.9186367880429204,32.955107652443665,730.0377434380017,0.008226151619823424,0.22166110110642567,0.008497716674742058,False,True,False,0.0,0.0,1,False,0.003947429999243468
336,True,0.31689571943504163,0.37698116369817286,0.2968672380139979,0.5260121816797683,0.4720861539996467,0.45058558371574814,0.44079418105105406,1.271487385025675,44.576532518028365,1799.5943215508546,0.010500372592537825,0.49846391055231376,0.003958681175077436,False,True,False,0.0,0.0,1,False,0.003996843006461859
337,True,0.31317756507948796,0.3659705200542406,0.2955799134212371,0.5621648938021436,0.471340426056448,0.45180076111204387,0.4690283096655601,1.295743421720741,11.403152479755665,1378.769739863166,0.010395248627972987,0.6228791534975706,0.004519408049301068,False,True,False,0.0,0.0,1,False,0.003968909994000569
338,True,0.3097847013810395,0.35980815595296783,0.29311021652373004,0.5930786406692943,0.4942037251699007,0.4527843414107255,0.5382212711169121,0.9073413048700796,35.311377862180194,1078.1062991009205,0.008854269042861912,0.5952788190423339,0.004599920780511397,False,True,False,0.0,0.0,1,False,0.003968147997511551
339,True,0.3081217947104733,0.3606733732233197,0.29060460187285786,0.61305451892489,0.5098918808835714,0.45351295759042864,0.5763307758004639,0.9353613248107489,24.2369578037257,799.6503050172596,0.0076451313916461395,0.5040816245340806,0.001243640083465802,False,True,False,0.0,0.0,1,False,0.00397218600846827
340,True,0.306659435529695,0.36442970970658,0.2874026774707334,0.6148696019597729,0.5472810538022621,0.45393867203068494,0.6247245697775712,0.8970233967113966,24.48746988565181,772.2903082306613,0.007851906737545064,0.35401634915278674,0.0005998311722049419,False,True,False,0.0,0.0,1,False,0.003950896003516391
341,True,0.3073347720839793,0.3710123258638744,0.28610892082401423,0.6038081754586736,0.5592785053106343,0.454185920513511,0.6319732083995904,1.0274452182141922,18.45487474283218,580.8402039519925,0.008453466456487889,0.09605967704514753,0.00448774559784657,False,True,False,0.0,0.0,1,False,0.0039846799918450415
342,True,0.3086744879544763,0.3783262829572163,0.2854572229535628,0.5863788367785321,0.5504993301456503,0.45436043632656253,0.6145434281023436,0.9988565828591629,13.669114073068828,542.317863926358,0.009089897852689655,0.12686733316950918,0.005730053789232677,False,True,False,0.0,0.0,1,False,0.003996122017269954
343,True,0.31255675501461777,0.3883006459969145,0.2873087913538521,0.5726487280898996,0.4798817882586246,0.4545607009951409,0.49138949922017305,0.8298013182215381,14.602116855984852,643.552886916254,0.008568120392373618,0.044928159886668456,0.011562898950388555,False,True,True,0.0,0.0,0,True,0.003977886983193457
344,True,0.3166738664892755,0.39636088572928263,0.2901115267426064,0.5694964088901755,0.4336411406336254,0.45498097736834026,0.3296595052159428,0.6307419083127707,17.14099957555221,383.1700496986033,0.007971764550232666,0.013178209181023977,0.015512910305705679,False,False,False,0.0,0.0,0,False,0.003946888988139108
345,True,0.3191750901017104,0.4007747693148274,0.2919751970306715,0.5678304944609445,0.43543090158414055,0.4553541432181399,0.16817455805266013,0.6850677475989533,11.514695855115932,385.38958071283906,0.008925489406782934,0.014749624603518934,0.012277030830324722,False,False,False,0.0,0.0,0,False,0.003991963982116431
346,True,0.3196787512126918,0.4021051075174412,0.2922032991111087,0.5659299151045506,0.5023086426118338,0.4556890613603662,0.0004363180140951606,0.7043806100141806,8.170179539464101,316.66848543215093,0.008744675270597474,0.012075428605225945,0.014481127859887383,False,False,False,0.0,0.0,0,False,0.003961796988733113
347,True,0.3166651767907665,0.398079359021381,0.2895271160472284,0.5605130192412813,0.645619630788711,0.4560505289410849,0.23028991106221405,0.6433108621164415,10.881009214950744,334.56479258076484,0.008392023539201723,0.0031859723581056116,0.017743566494495613,True,False,False,0.0,0.0,0,False,0.003939433983759955
348,True,0.31345592776915715,0.3925451125032573,0.2870928661911238,0.55487383340158,0.7469929205691608,0.45640095623589433,0.37120102726178206,0.7354210570007781,15.036936309478723,272.49088617648573,0.007315027931582383,0.001846373547726249,0.07729257038521056,True,False,False,0.0,0.0,0,False,0.0039590120140928775
349,True,0.31208050308654234,0.38892993779429996,0.28646402485062317,0.554578272801227,0.7614682011316467,0.456634228421419,0.3989029338479264,0.8943598264568883,12.58804441972813,322.1722441302936,0.007423702654337851,0.001672630732157149,0.3216810402605355,True,False,False,0.0,0.0,0,False,0.004135385010158643
350,True,0.30984301383959434,0.3840216287727651,0.2851168088618707,0.55973590929425,0.7357505286647628,0.45675545048396204,0.37756180057694344,0.9669581320961673,8.887121869685135,295.8386429128124,0.00930329363187937,0.002407158003410891,0.6217216117728972,True,False,False,0.0,0.0,0,False,0.003989279008237645
351,True,0.30604147862586056,0.37821072743343087,0.28198506235667037,0.5681801163331268,0.7152006422693787,0.4567981237280196,0.34438045182654564,0.8736823692345794,10.499922093302448,340.3838609398248,0.01054656508513437,0.0018533186120054267,0.777474485346083,True,False,False,0.0,0.0,0,False,0.003987586009316146
352,True,0.30090542345292637,0.37195405260475756,0.2772225470689826,0.5760339862331318,0.6922500831018935,0.45671739164391284,0.3023917512886727,0.7128406410992163,12.179745230009136,250.64416109977398,0.011091990299583928,0.0013469997851535053,0.85200082337634,True,False,False,0.0,0.0,0,False,0.0039699219923932105
353,True,0.2943188258317728,0.36471982400725433,0.27085182643994565,0.5766344707440243,0.679319762249618,0.4565324408415222,0.2724013340369804,0.5652549487192835,9.637137276369126,254.4646894868426,0.010916337092322,0.0016269806784684451,0.8576635583491551,True,False,False,0.0,0.0,0,False,0.003967247001128271
354,True,0.28674630273827667,0.35672713435231057,0.26341935886693196,0.5678495892068964,0.6776787878487449,0.4562380196793027,0.2615021990871842,0.5547259558929506,8.88715825090351,145.6044555686711,0.010730048093214227,0.0017571163160497586,0.8220292649746097,True,False,False,0.0,0.0,0,False,0.003949844016460702
355,True,0.2785515261433706,0.3479294870613931,0.2554255391706963,0.547388463572822,0.6845993979533932,0.4558195605402288,0.27066132758045014,0.5930933184528734,10.302816469227658,188.91455259136796,0.010423970295702172,0.0016736616898435268,0.7590351431956424,True,False,False,0.0,0.0,0,False,0.003961186012020335
356,True,0.27096512984881244,0.33827800267339697,0.24852750557395098,0.511611348817268,0.6785705290876284,0.4552702794258914,0.27869667814045335,1.1381200091621653,27.385607432396,661.7389417863833,0.010381179682254327,0.007714870928543358,0.5854071994611351,True,False,False,0.0,0.0,0,False,0.0039591219974681735
357,True,0.26754744616727766,0.3343177234268967,0.245290687080738,0.471219253843693,0.6210868288144694,0.4546071454307002,0.22208524029058307,1.0834087395036596,13.094302703903596,1058.3182017636443,0.007625329209696588,0.0036258290727367412,0.2020423829410045,True,False,False,0.0,0.0,0,False,0.003969201003201306
358,True,0.2656572921847759,0.332285458472404,0.2434479034222332,0.4463132834285053,0.573588528054885,0.45407038412581496,0.17214744279570793,0.7296408485265574,17.554033011904526,495.43715575721785,0.005345180139690669,0.003178424791382788,0.011301546623965687,True,False,False,0.0,0.0,0,False,0.003940005000913516
359,True,0.2644247434089481,0.32997293117274157,0.2425753474876836,0.4306004123997072,0.559438171006907,0.45365502543809777,0.11186509666753075,0.5482216795854676,10.354043605457553,439.0038360259995,0.004522926874546562,0.007414008609905481,0.02518722532628473,True,False,False,0.0,0.0,0,False,0.003979460016125813
360,True,0.2626244905625913,0.32571396553604065,0.24159466557144152,0.4187053881890545,0.5739868937312074,0.4533822937077765,0.0860478748401261,0.4329175316111521,7.549658451657888,215.47827985336158,0.004759483663795503,0.004927324059658758,0.024733091098181073,True,False,False,0.0,0.0,0,False,0.003181572014000267
361,True,0.2603927415213595,0.321076718678285,0.24016474913571761,0.4119751102234339,0.6066581439305062,0.4530463422820356,0.08850660310683311,0.553873357233917,8.069544811569756,393.97443483871035,0.005142045048031994,0.00592472612580374,0.004884898089112783,True,True,False,0.0,0.0,0,False,0.0039877060044091195
362,True,0.2580811528332497,0.31641627159183844,0.2386361132470535,0.4118113852307691,0.6939315368749429,0.45282608664052576,0.12836167477345728,0.4668618821081029,8.367536645859802,395.64908008217157,0.004377833079673798,0.0060543068641750455,0.002576722490134211,True,True,False,0.0,0.0,1,False,0.0031306869932450354
363,True,0.2563043102670767,0.31294530882013905,0.2374239774160559,0.4153173310926572,0.5845702348825026,0.4524352437493133,0.155812549947282,0.6188328000972474,7.014548953413307,306.16628576432436,0.0045619026204632845,0.004260770436174837,0.006521843859491384,True,True,False,0.0,0.0,1,False,0.003973028011387214
364,True,0.2551202032331031,0.3107712157803792,0.23656986571734442,0.41889864732455245,0.6733773026153758,0.45217617048815895,0.16977285031983547,0.5402315640400741,5.975394440267723,320.6958826621502,0.003928198440929208,0.0023750705325888155,0.002443222830331153,True,True,False,0.0,0.0,1,False,0.00398609199328348
365,True,0.25407547620001314,0.3089142507876201,0.23579588467081083,0.42064223725763694,0.6611447766010831,0.4520067315398753,0.1824487641747681,0.3956149866587435,7.142072988009929,161.91734464080872,0.003518308234212951,0.0028685422676130263,0.0017620651480663942,True,True,False,0.0,0.0,1,False,0.0031555930036120117
366,True,0.25322642798293415,0.3075969902674812,0.23510290722141847,0.42283860997273187,0.6070434680061761,0.45177581227193137,0.1904856545710325,0.3735547194356391,4.552305931598492,207.526037459247,0.003182927843921117,0.0004441906890504442,0.001663972261558971,True,True,False,0.0,0.0,1,False,0.0031422979955095798
367,True,0.25316391561263,0.30759464415509846,0.23502033943180714,0.42822210241846026,0.5186712357668928,0.45154318959034745,0.1678848466194951,0.30300742251546925,4.32298403935589,149.59683997673784,0.0029153596797474577,0.00034539977738894036,0.0025155596496084618,True,True,False,0.0,0.0,1,False,0.0031810109794605523
368,True,0.252995721660479,0.3074813976216707,0.23483382967341515,0.4334961202780661,0.5313484725161381,0.4513257074223247,0.15745381676920478,0.19838947924068032,6.171219022304873,123.16110121483838,0.0025310984576173015,0.0003150993084557816,0.0032453254681998906,True,True,False,0.0,0.0,1,False,0.0031378199928440154
369,True,0.25296343525717374,0.307842439533547,0.23467043383171593,0.4379798216316017,0.5757634436765913,0.4511234396811877,0.14797873979187837,0.20589698803791595,6.10628617364883,109.87569996957998,0.002416355329784228,0.0008410679283578285,0.004184152956060183,True,True,False,0.0,0.0,1,False,0.0031554129964206368
370,True,0.25316169843812847,0.3085615296926193,0.2346950880199649,0.44246715467787,0.5789007455120939,0.45093485872565114,0.13041569698241173,0.32736897311791463,5.628458739746319,96.34458002514384,0.0025133677373414863,0.0014367823801110413,0.004164047217998156,True,True,False,0.0,0.0,1,False,0.003165672009345144
371,True,0.2535065420280264,0.30955984290632754,0.234822108401926,0.4469669008543387,0.5605865798153276,0.4507790826369363,0.10614960232303172,0.35004871981749613,2.6522682637885615,166.9567074171126,0.002656796657192839,0.0010927431033701956,0.004084661203049262,True,True,False,0.0,0.0,1,False,0.0031443220213986933
372,True,0.2538797794154757,0.31072967274930924,0.23492981497086451,0.4512813358120571,0.5295292446754746,0.4506258728297024,0.0814854804277969,0.3358344928341675,3.3283560646567523,97.23924787664237,0.0027921094489885023,0.0006732176016654984,0.0038405049175401344,True,True,False,0.0,0.0,0,False,0.0031556739995721728
373,True,0.2541296010014741,0.31180532813155065,0.23490435862478187,0.45448455164138735,0.49198984629674763,0.4504848995287046,0.06322218602711493,0.3587896866396118,2.460965119868841,70.74220829172395,0.0027735022983880224,0.0014761290374377726,0.0034701973990821683,True,True,False,0.0,0.0,0,False,0.0031447020010091364
374,True,0.25441051080541016,0.3129654425425056,0.23489220022637833,0.45774473955556794,0.4561507510685647,0.4503624351664055,0.046062494795979125,0.3499807860411251,2.080339527555354,80.27901114346324,0.002692151760280863,0.002147598216377431,0.0028684312704418654,True,True,False,0.0,0.0,0,False,0.003158428007736802
375,True,0.2547741698761278,0.3143028835824545,0.2349312653073522,0.46139018267701115,0.4398532598291196,0.45023644243343347,0.03138896053255924,0.30813766058250613,2.3539355840622807,67.83641152319399,0.0028173008667874374,0.0002565857643036293,0.0021426371045396237,True,True,False,0.0,0.0,0,False,0.0031503940117545426
376,True,0.25522292482653686,0.31581604799383833,0.23502521710410298,0.4657643235008395,0.4343225260599895,0.4501194444818757,0.018871863093208763,0.2570094537989996,2.271042260353692,39.24239225603743,0.0027812771904540826,0.0003312154768734973,0.001494718552243903,True,True,False,0.0,0.0,1,False,0.003138180007226765
377,True,0.2556767842092628,0.31717240944841774,0.23517824246287786,0.4704350300729811,0.4297032510171357,0.4500092759439395,0.008218453440084428,0.20934794028498283,2.6515149360745163,53.122302019206664,0.0026360386484484137,0.0006685187611271108,0.0012228724063765494,True,True,False,0.0,0.0,1,False,0.0031495720031671226
378,True,0.2560587950702794,0.31814242905926504,0.23536425040728418,0.4744660870074464,0.4303124229868571,0.4499079075592304,0.001594453533767304,0.20149554905888037,2.636119795102919,65.63696368006512,0.002455628083446156,0.0012151274984723728,0.0009130387303035954,True,True,False,0.0,0.0,1,False,0.003169439994962886
379,True,0.25622953051506264,0.318516486107749,0.23546721198416717,0.4767930652956562,0.43284657519129865,0.44980627356440944,0.011847740232275417,0.19124856911526222,1.9844893261390888,70.99880779050154,0.0022528548211326054,0.0014175122598665648,0.0008587479786292453,True,True,False,0.0,0.0,1,False,0.0031625569972675294
380,True,0.2562627415700862,0.3184234690502411,0.23554249907670122,0.47830566634562083,0.4339085828122,0.4497097857709312,0.024150531260441976,0.16710048108640158,1.9345520037582695,62.75974516838943,0.0021452760718059577,0.0018276244341895607,0.000871470368568097,True,True,False,0.0,0.0,1,False,0.0031776850228197873
381,True,0.25627829888462444,0.3181740020150887,0.23564639784113642,0.4799081144680763,0.43164852027188594,0.44961905426608056,0.03923113030977854,0.10785427300849139,3.3232003662534266,89.30301515125386,0.0021508095886710694,0.001792395181409633,0.0007874589103598038,True,True,False,0.0,0.0,1,False,0.0031454339914489537
382,True,0.25625796997687966,0.3177486547147097,0.23576107506426966,0.48065323117680514,0.4286143131762417,0.44953313560113584,0.05590101707763351,0.09455649918304253,3.0427522238623324,63.79274843894462,0.002209480445144552,0.0017066553776685766,0.000858768235928122,True,True,False,0.0,0.0,1,False,0.00315892999060452
383,True,0.25616958215021524,0.3170735243266311,0.23586826809140993,0.4801097516935283,0.4287915368425619,0.44946068766637737,0.0737415132084831,0.16329385855978523,3.333174988191451,59.69097869423008,0.002346416940862741,0.0014798625706420583,0.00101255150436127,True,True,False,0.0,0.0,0,False,0.003177664999384433
384,True,0.256053998191825,0.3164184755197595,0.2359325057491802,0.47846880560958305,0.43701478106124675,0.44938364785222346,0.09321347239652635,0.24029987050479576,2.7894358820565466,67.17690125289697,0.0025334695624068026,0.001352940904365454,0.0010798836411624502,True,True,False,0.0,0.0,0,False,0.0031559830240439624
385,True,0.2559454169360674,0.31577391409070554,0.23600258455118805,0.4757668332608571,0.4489678005254273,0.44930851012191797,0.11542543093701331,0.2565801615363764,2.0068297871730034,82.9573496615794,0.0027644347411793454,0.0009628773351290575,0.00039093669504341625,True,True,False,0.0,0.0,0,False,0.003171502990880981
386,True,0.25593220635724795,0.31532869786186607,0.23613337585570857,0.473010806096465,0.44997961441999434,0.4492391207340257,0.13905182193966414,0.23245443095052146,2.1449965122209003,62.90170643195048,0.003004982054219549,0.0006435029159569857,0.00021560297350560302,True,True,False,0.0,0.0,0,False,0.003173998004058376
387,True,0.25590806208754885,0.3147722698531651,0.23628665949901015,0.47023341504071037,0.44747248202391887,0.4491696292338165,0.16347634418026358,0.18572832934669076,3.5892669294506843,115.85489810880937,0.003310994309459998,0.0007781850874108398,0.0002853246869447826,True,True,False,0.0,0.0,0,False,0.0031532979919575155
388,True,0.2559040684303587,0.31414604561465287,0.2364900760355939,0.4677936820164864,0.445881859653,0.44910881560710647,0.18949097482657629,0.16106018383978393,2.543862879685086,130.08366506141405,0.0036215062415244402,0.0006897584797181097,0.0005611376689862079,True,True,False,0.0,0.0,0,False,0.0031662829860579222
389,True,0.25591278125236183,0.3134301496634065,0.23674032511534696,0.4657502485389414,0.44773396477606014,0.4490659824073894,0.21582570706140758,0.17293795271973716,2.9294139306172173,40.80458744257713,0.004002823795914265,0.0007161966766112458,0.0007321318384016283,True,True,False,0.0,0.0,0,False,0.0031568149861413985
390,True,0.2559997478607109,0.31284102581647816,0.2370526552087884,0.46508756305704796,0.45459468414866877,0.44903673825798074,0.2406258154065093,0.13362425127797395,2.4023553069836527,121.185005523376,0.004241905830459822,0.0007942518114714223,0.0007443648024872522,True,True,False,0.0,0.0,1,False,0.0031582489900756627
391,True,0.2561160479743077,0.312277401581948,0.23739559677176092,0.4645115655374598,0.46064093787882193,0.4490161511947923,0.26552551667937885,0.12690071231386,2.006380725583678,77.98586479972717,0.004438411401571419,0.0010135264273892176,0.0008555617430266077,True,True,False,0.0,0.0,1,False,0.0031770629866514355
392,True,0.25633453277199186,0.31189946466732676,0.23781288880688023,0.4643714444711825,0.48181590773477145,0.44898799067053613,0.29032411418318227,0.11356252407140484,1.5375901403931092,71.06754655507291,0.004750507754930092,0.0011946089763498976,0.0010734137193956618,True,True,False,0.0,0.0,1,False,0.0031624760013073683
393,True,0.25668720263042866,0.3118710855416031,0.23829257499337053,0.46448247010466065,0.5328851943042245,0.4489502232871432,0.31446030512216727,0.11661201317548367,1.2702222410886828,36.386306398381706,0.005091769370743753,0.0014603362607745133,0.0012323675462958055,True,True,False,0.0,0.0,2,False,0.0031772140064276755
394,True,0.2572259070993823,0.3123645926385201,0.2388463452530031,0.46527840858438413,0.621137088313068,0.44891402624954546,0.33884831766127865,0.10789008627949064,1.1387181425456803,44.7319664412509,0.005323274787169828,0.0014853834914064586,0.0015141638876747271,True,True,False,0.0,0.0,2,False,0.0031691990152467042
395,True,0.257960119705084,0.313335780522598,0.239501566099246,0.4671835194854851,0.7363779913936855,0.4488708011658132,0.36393697044524487,0.10231633039956883,1.5971604448002297,32.55550617382263,0.005584569593956838,0.001384906638843935,0.0018790356784646098,True,True,False,0.0,0.0,2,False,0.003155812999466434
396,True,0.2588657651374578,0.31476381111200147,0.24023308314594324,0.47002201822831474,0.8271900827544004,0.44882340791373443,0.39139733770265317,0.11091866728236986,1.4727718143045605,35.73606006499771,0.005933028968029996,0.001434215472884417,0.0022026204585281132,True,True,False,0.0,0.0,2,False,0.003181862994097173
397,True,0.25998419149559876,0.31672337681272145,0.24107112972322453,0.4739554469760404,0.7525573314827584,0.44876442133520966,0.4215511228304294,0.11319492386268452,0.7670913595902399,49.16451552890918,0.0061920698908212776,0.0013635160638151736,0.002639251299075431,True,True,False,0.0,0.0,2,False,0.0031425589986611158
398,True,0.261393096739564,0.31936774757209635,0.24206821312871993,0.47940929908306384,0.7454959126617172,0.4486926385108652,0.45304355987301914,0.11881222074694606,0.9341342316591353,18.229482777243174,0.006465502220125996,0.0010884454324473858,0.0031990342479941017,True,True,False,0.0,0.0,2,False,0.0031554629968013614
399,True,0.263193127180593,0.3227504978163534,0.2433406703020062,0.48687542202514056,0.8659793913359,0.44860990649900623,0.4836789819905858,0.12822380931586674,1.1499745117875817,30.810552691405654,0.006953655333111821,0.0010497936971065585,0.003998626143523515,True,True,False,0.0,0.0,2,False,0.003164950991049409
400,True,0.2653709027631541,0.3268734449264003,0.24487005537540538,0.4961813730894193,0.7750379956916097,0.4485223559490852,0.5149970979879364,0.14084516458652419,1.261864890792102,26.597083720315656,0.0074920536495212495,0.0011705681434203733,0.004925054336020829,True,True,False,0.0,0.0,2,False,0.003167205984937027
401,True,0.2677829394133582,0.3315533798900103,0.2465261259211408,0.5064441013696478,0.677243611269645,0.4484262002204289,0.5502548967510044,0.14139986609629712,1.2440982299168972,64.55220577796214,0.007828392844445638,0.0008685862982087867,0.006502293523856893,True,True,False,0.0,0.0,2,False,0.0031701800180599093
402,True,0.2707054866480479,0.3372057386800494,0.2485387359707141,0.51839577994926,0.646333549918358,0.4483192910666005,0.5858325392355852,0.15600141667095843,1.1552024398620613,40.18013718023549,0.008304018556725426,0.0007002254505802287,0.007691472643172263,True,False,False,0.0,0.0,2,False,0.0031487510132137686
403,True,0.27428219952376376,0.34406126118700225,0.25102251230268424,0.5320770336738297,0.6466642853669213,0.4482274334537227,0.6222436042303114,0.18007554975456003,1.1866486730959906,25.02110628918583,0.008945883962059678,0.000700321262930557,0.008331716758666246,True,False,False,0.0,0.0,2,False,0.0031393720128107816
404,True,0.2788126535699214,0.3526016967689217,0.2542163058369213,0.5472533760430799,0.6673861990594133,0.4481573963932457,0.6557373160097528,0.20883299793147797,3.5358135247260485,95.10033927551075,0.009742629314145495,0.007323525234410727,0.008216639511361961,True,False,False,0.0,0.0,2,False,0.0032320180034730583
405,True,0.28439675643388573,0.36322647206872394,0.2581201845556063,0.5653648524800036,0.6954619381256384,0.448083663975441,0.6910085764604699,0.25962764560599466,2.752312436669253,99.06555842610942,0.010427960823691605,0.008507509182965157,0.009585188776115174,True,False,False,0.0,0.0,2,False,0.0032317069999407977
406,True,0.2913142203884722,0.376354289977665,0.26296753052540794,0.5861059306686051,0.7288872529993441,0.44800836232598096,0.719361946386883,0.32209193808062797,2.478401741073783,54.37554518210115,0.011267760079835576,0.010081314030094152,0.007097629768879609,True,False,True,0.0,0.0,2,True,0.0032378180185332894
407,True,0.29990182203935073,0.3923027601939971,0.26910150932113513,0.610490229447147,0.7638180973030417,0.4479845811933244,0.7458797361086505,0.3949929128463236,2.992565431027087,65.6691650760146,0.012715446460600629,0.012372670376122254,0.0023368911232272333,True,False,True,0.0,0.0,1,True,0.0032322679762728512
408,True,0.31031269152178537,0.4109784956485051,0.2767574234795454,0.6394549303302115,0.8032557730789063,0.44815335777931775,0.7789148879402248,0.4853279702315224,4.225002997411002,105.18594011524921,0.01461601334046374,0.01572384399381459,0.0064031469203786814,True,False,True,0.0,0.0,1,True,0.0032390010019298643
409,True,0.3220440696309148,0.4313331582210207,0.28561437343421286,0.674565981177432,0.8526627271876417,0.44854704259608036,0.8330376672794885,0.6310518913896508,8.317195197803088,211.06717926533466,0.016947817890828318,0.002977773709757057,0.00902272683249382,False,False,False,0.0,0.0,1,False,0.0032445719989482313
410,True,0.3313377130464591,0.4471044302034638,0.2927488073274575,0.7106540470416653,0.9585341814668783,0.4493819252093444,0.9614742712634193,0.9801848250814869,14.836019453928182,307.65551466656865,0.019888797015660535,0.015991992154988404,0.032540058171866615,False,False,False,0.0,0.0,1,False,0.0032469959987793118
411,True,0.3391582196123012,0.4569509123819251,0.2998939886890932,0.7603301349752383,1.1062906833438453,0.45063442762376854,1.1112433425914923,2.5966260041852736,53.17368583887064,1264.8134832634234,0.025916703624473843,0.17034798818032915,0.0642905884366706,False,False,False,0.0,0.0,0,False,0.0049352160131093115
412,True,0.35032714883927196,0.4668766229452448,0.31147732413728096,0.8282871431545471,1.21901602691061,0.4520469738185903,1.1786349137060081,3.686812483492177,74.04657734765962,2636.0662066938016,0.033165404978461516,0.8700538775842548,0.07319038305863139,False,False,False,0.0,0.0,0,False,0.005743713991250843
413,True,0.3633705106249415,0.485192424255229,0.3227632060815124,0.9038910951862855,1.2724149740363333,0.4527088964524417,1.182924226907977,2.028461568872289,73.93139904620517,4228.494376995646,0.03871439595863839,1.8358455936365508,0.030505475129508606,False,False,False,0.0,0.0,0,False,0.003252105991123244
414,True,0.37880826162953385,0.508373702390409,0.3356197813759088,1.0248324901392278,1.2265391357207207,0.45399688210469785,1.096570884871793,2.630332235938366,44.126443543525525,2474.4441168657804,0.054846341786924,3.19569376139904,0.0363638618904601,False,False,False,0.0,0.0,0,False,0.004072226001881063
415,True,0.4086934769619103,0.5563008827251951,0.35949100837414866,1.1811489568311861,1.152428025738016,0.4544008803645828,0.9314203736016595,2.4362878250671036,42.27047853202592,1834.354157964146,0.06562253026703015,4.193543536639573,0.12057948448413211,False,False,False,0.0,0.0,0,False,0.004091351991519332
416,True,0.46580779804991596,0.647151559380018,0.4053598776065486,1.3428046619774208,1.1600213456439414,0.4547618552705101,0.7739225838242848,2.3954692383055534,40.39455336070619,978.5252508192402,0.0704077635327378,4.658771854425081,0.11050800432761539,False,False,False,0.0,0.0,0,False,0.004090489994268864
417,True,0.5184065862076649,0.7382916170589895,0.44511157592388995,1.4774861365643757,1.1796423938342637,0.45497645190819236,0.7265445026488654,2.8017687027934466,47.910817119692155,1032.4980555120876,0.07357523194569919,4.675639406424239,0.11258613018398601,False,False,False,0.0,0.0,0,False,0.004921140003716573
418,True,0.5535049239342887,0.810053920114275,0.46798859187429337,1.5680340764950076,1.1408299765216339,0.45480264539885074,0.8043443385562642,3.1558039106630855,63.96288919178276,1889.3015234438803,0.06741789427411404,4.386976585046307,0.1317344152512366,False,False,False,0.0,0.0,0,False,0.00828214199282229
419,True,0.563387981762781,0.8418392754324132,0.4705708838729037,1.6240160421663958,1.1235906294739852,0.4566774799460955,0.9251434031406339,3.495574038947955,87.37485406249134,3301.6791300679347,0.049518924897281213,2.216421002325247,0.3904170294299921,False,False,False,0.0002522651236913035,0.0,0,False,0.010846266988664865
420,True,0.5313397995423665,0.7859660368777563,0.4464643870972366,1.5432838148954688,0.9977272151999412,0.45762352981901344,1.2265085907058826,3.4397031830666034,90.42227951387346,3677.4304244075156,0.047788422334846516,0.274591221101871,0.5793565100166811,False,False,False,0.01137925087522029,0.0,0,True,0.010864200012292713
421,True,0.5016508535646731,0.7154805805207669,0.430374277912642,1.4245963059216409,0.9894809360885276,0.4583253511887118,1.4313122549950599,4.204521966005981,87.56887182758636,2715.0211815342423,0.07263589566870157,0.1811318638309259,0.7447309887547064,False,False,False,0.0,0.0,0,False,0.006618195999180898
422,True,0.4591227323232167,0.6357549673968861,0.40024532063199375,1.2774257523300636,1.0277186311443274,0.4584827737436421,1.6319005129670534,3.666667499677231,86.3297646775848,3669.8442835718793,0.046634486524315885,0.09766219477734807,1.016508264723286,False,False,False,0.0,0.0,0,False,0.005753161996835843
423,True,0.406455315408601,0.5441888297590476,0.3605441439584522,1.1068841284318223,1.0354055755627893,0.45866907312982946,1.8389538479655567,2.5049878219522954,66.42213258006333,3210.839363620183,0.0409592406115736,0.07835600445798589,1.3416496771256072,False,False,False,0.0,0.0,0,False,0.004948351997882128
424,True,0.35944734277699786,0.46504773260064436,0.32424721283578234,0.9629673048748497,0.9961216417808256,0.45951975363671144,2.000454100190795,2.4616553995573547,56.75415157795248,1329.7521138985396,0.04114442575240102,0.08355845702911187,1.7237026518440108,True,False,True,0.0,0.0,0,True,0.005773519980721176
425,True,0.3344019993944562,0.42177458077428287,0.3052778056011805,0.9052569986703214,1.0133428247693261,0.46069398658797267,2.0456899356761507,2.781830375425626,38.78277773638227,1554.2993790168832,0.04166993026532652,0.07022982572977234,2.17685926875177,True,False,True,0.0005448485281485532,0.0,0,True,0.005792064999695867
426,True,0.3123696463321446,0.38543832860701405,0.28801341890718807,0.8642176244196286,1.027586043789725,0.4618204845576895,2.0709267235904165,2.503193919577348,30.856086210464166,1386.406582513336,0.04330150824062821,0.055897348223929375,2.619047384496298,True,False,True,0.004785100504136927,0.0,0,True,0.004940387007081881
427,True,0.293393564888628,0.34962959135194865,0.27464822273418776,0.8444823586628214,1.0370090868393012,0.4666796346060173,2.070783788915427,2.6243423082561796,44.32497905253604,1291.8002696256267,0.04932856157867136,0.24545265649860507,3.2030115762965488,True,False,True,0.0,0.0,0,True,0.005757740989793092
428,True,0.2781574749144034,0.3225177538208518,0.26337071527892064,0.8414422480598768,1.0679707572040757,0.4682639349535288,2.0446095591769318,2.118922804998064,49.23079743111396,2076.2522596280082,0.05017299467136785,0.0036670181490951743,3.364742417665861,True,False,False,0.0,0.0,0,False,0.006617064005695283
429,True,0.2630183349017779,0.2973478265938049,0.2515751710044356,0.8426446848309248,1.0959953559709374,0.46986739913260456,2.0186666154717035,2.319956982228662,25.06979051515119,1180.6483628088472,0.05345305567577052,0.006438004492725525,3.5652555306887415,True,False,False,0.0,0.0,0,False,0.006617524981265888
430,True,0.24754280460021005,0.2735049853997975,0.2388887443336809,0.8365157162971433,1.1087062844269273,0.4716235782769454,2.0055634597415195,2.296804986670832,44.92097585864401,1689.0192989877576,0.055356572570380715,0.007785325592717618,3.6379923991800553,True,False,False,0.0,0.0,0,False,0.006626201997278258
431,True,0.23454077784654936,0.25675863304793467,0.22713482611275426,0.8170417264156724,1.1078636395908479,0.47376170002896273,2.0130334216730015,2.434799854482027,41.02751849794325,2025.956590492951,0.05585245806042603,0.014647944247601392,3.5618713562419213,True,False,True,0.0,0.0,0,True,0.0066142689902335405
432,True,0.23234992159371046,0.25244443226185553,0.22565175137099544,0.7882922770624157,1.097977205539727,0.47627219855770236,2.031453648716085,3.017420207474621,42.207652262314774,487.7101771258,0.05498186537303988,0.034576444844848044,3.3758152331798166,False,False,False,0.0,0.0,0,False,0.006618988001719117
433,True,0.23796437223888706,0.2610055891512045,0.23028396660144793,0.7573185331862684,1.086420966316367,0.47879626484400534,2.0391862269462315,3.5849377362040418,36.66555998608721,639.0624092387544,0.05292951928261893,0.062493742380043904,3.0892511725030563,False,False,False,0.0,0.0,1,False,0.0066063439880963415
434,True,0.24888585641377614,0.28279980763286716,0.23758120600741248,0.733436543378146,1.0896665003509964,0.48127319646267863,2.0193981557405523,3.5629015427345156,29.266594446288792,1050.4367989192606,0.04952205810318478,0.08046081676646902,2.676310628087138,False,False,False,0.0,0.0,0,False,0.006623437016969547
435,True,0.27056555391665343,0.3264206794129513,0.2519471787512208,0.7614429984511655,1.137710513695985,0.4837628314281994,1.902257243088408,2.9724731945582095,54.14549039839519,1459.489603068118,0.045976634811752404,0.13599701584803364,2.1317255590814597,False,False,False,0.0,0.0,0,False,0.005790413008071482
436,True,0.30445015862374275,0.3900961951442654,0.27590147978356855,0.8613932348565259,1.2049095503414178,0.4868471544688509,1.6809297724891394,3.0435310290545976,67.95147205173991,1496.1410641383088,0.044818884563511664,0.2955454052530517,1.4435973979262295,False,False,False,0.0,0.0,0,False,0.0049210190190933645
437,True,0.3572177050522365,0.4735853520091824,0.31842848939992124,1.0641730166404975,1.1553880757858606,0.4894775406607691,1.2150334047555995,2.3519996594705486,78.34655664345424,3025.4778776751286,0.03884104436399533,0.7857139555292438,0.7078574105124498,False,False,False,0.0,0.0,0,False,0.00492372500593774
438,True,0.3790475266998682,0.504574568326775,0.3372051794908992,1.1790680421077393,1.2084327979908638,0.49283679958101906,0.9419198358973082,2.8340503571607374,56.04401472947899,1552.4594711090638,0.03358281791448369,1.2539104948491184,0.27850106366217425,False,False,False,0.0,0.0,0,False,0.005774913006462157
439,True,0.3811301835685726,0.5039180396814674,0.3402008981976076,1.2208326187840548,1.1426684216579726,0.4963668121591098,0.8636768145632625,1.8097550265823135,70.46930595903203,2991.271509048803,0.0340562115208242,1.8143619913934916,0.10396634294926485,False,False,False,0.0,0.0,0,False,0.00492964600562118
440,True,0.37920565490731917,0.49529293262080254,0.3405098956694914,1.2361552781872471,1.066392016723163,0.4991034119465365,0.8033736647305834,1.7069426405726718,33.11033014050741,1804.7368141624688,0.03723566347300964,2.12321162226483,0.019104848895903595,False,False,False,0.0,0.0,0,False,0.004927401983877644
441,True,0.3726028219458625,0.4809199085798521,0.33649712640119916,1.2041125210319232,1.049712174368056,0.5011163456664303,0.8002211769379324,1.733994435394632,38.364121008807246,1225.2083979145011,0.03997500507167179,2.3020716316333,0.003326588384497522,False,False,False,0.0,0.0,0,False,0.004929325019475073
442,True,0.3680840698004388,0.4706783617702292,0.3338859724771752,1.1443920356477364,1.0325125813458067,0.5027217092545967,0.7593507381542306,1.854103420659821,34.11103042473267,979.2965943586063,0.0414188593587312,2.3975801694572847,0.018179537337527175,False,False,False,0.0,0.0,0,False,0.006596185005037114
443,True,0.36666696197746984,0.465743780573329,0.33364135577885007,1.0709249256615707,0.8682981503575242,0.5042806606272319,0.6470576772153112,1.8417799801160968,26.950222867342696,894.1611161010953,0.04092511603227381,2.424895590323783,0.004664308201809066,False,False,False,0.0,0.0,0,False,0.006583481008419767
444,True,0.36375316694480897,0.4599459921044874,0.33168889189158274,0.9863079962942454,0.7091966143199792,0.5056363929676275,0.4701111338157997,1.9271433269152771,26.98921127337759,620.2037263039891,0.04020541338002484,2.359278552717914,0.0018049901506924447,False,False,False,0.0,0.0,0,False,0.006532706000143662
445,True,0.3576856721359484,0.4504840270663651,0.3267528871591428,0.9061242759652115,0.6331578167264648,0.5069666541717339,0.23351983841584234,1.9222232064825862,22.250178980375,662.6899666998305,0.037651916871426196,2.177016603030608,0.016537805696618668,False,False,False,0.0,0.0,0,False,0.00572714299778454
446,True,0.35017426696523896,0.4400480386509149,0.3202163430700136,0.845300128456315,0.6279353859698849,0.5084964686321861,0.017455387372618203,2.0105330926065186,21.61373105209144,528.9508350567356,0.0359631205362434,2.1633750536566376,0.042909889323245236,False,False,False,0.0,0.0,0,False,0.006438297015847638
447,True,0.34545829795945504,0.43433639087891557,0.3158322669863016,0.8232821572012482,0.6849468343510975,0.5104610378221341,0.14642539357792028,1.8851510666107232,28.554713837269464,704.7887753110369,0.034217986611016514,2.2185990589760904,0.08746628972249977,False,False,False,0.0,0.0,1,False,0.004761758988024667
448,True,0.34902754216032833,0.4407479738972929,0.3184540649146735,0.8478051683498538,0.6854224956530263,0.5125513721621375,0.1505382334366938,2.015381549565977,25.332921293850468,695.7069934472644,0.03472921968027204,2.209590360114577,0.09412220424757699,False,False,False,0.0,0.0,1,False,0.0047572100011166185
449,True,0.3501274649776824,0.44440274748231906,0.3187023708094702,0.8501219654763119,0.7676506174579021,0.5138913454507017,0.283211203683972,1.9002113136430268,45.210847812882854,1743.3246486957848,0.025555700842063718,1.104448090277088,0.07785369076378217,False,False,False,0.0,0.0,1,False,0.0031388210190925747
450,True,0.33776168732570017,0.4248574842991592,0.30872975500121386,0.8475418531144571,0.9947298300966436,0.5160161009507093,0.5924025452758219,1.7064739109987872,35.41135092697596,1863.8363240873402,0.01828855999185398,0.10811063384003526,0.16311838127396822,False,False,False,0.0,0.0,0,False,0.003128783020656556
451,True,0.3366666732876972,0.4207616926243076,0.3086350001754938,0.8807225593355777,1.0623214763888604,0.5185187561142407,0.6656462943004224,1.9681420496781696,45.33262824509593,1075.957637580073,0.019998355868553027,0.04912100241807419,0.2744455420719752,False,False,False,0.0,0.0,0,False,0.004815930995391682
452,True,0.35310261258344944,0.4393631890135359,0.324349087106754,0.9197797261679628,0.8664531427378876,0.5202674826432313,0.42938225857824475,1.912834574446172,52.21708053745938,2013.5626257850063,0.012926227710638543,0.010665739040691803,0.4476825085947691,False,False,False,0.0,0.0,0,False,0.004870714008575305
453,True,0.3556180504302308,0.44256275566496384,0.32663648201865314,0.8990150596155863,0.8220965880213724,0.5212904510547162,0.3631214803501297,1.6869194563456302,33.97564575118513,1782.3664333788258,0.010166062952459207,0.01829178151401984,0.5057768631409392,True,False,True,0.0,0.0,0,True,0.004904999019345269
454,True,0.35427794078000047,0.44129996900560137,0.32527059803813346,0.856359622790674,0.8091595462471517,0.5219239093074632,0.35442604166590796,1.1722236529057741,33.07629502172095,1077.7097410828412,0.011320356529310115,0.017492050212376407,0.44933820770223104,True,False,True,0.0,0.0,0,True,0.004196610010694712
455,True,0.3533260426055879,0.4398737160524941,0.32447681812328577,0.8221443567524855,0.7771003985315572,0.5232245197744411,0.3463133901675237,1.090513998773093,30.13590449618679,861.3444075236144,0.012513895677841697,0.09374649024231865,0.4678004033884501,True,False,True,0.0,0.0,0,True,0.0048747620021458715
456,True,0.3534109096601944,0.4434690097297468,0.3233915429703435,0.7741527908338313,0.7499839119351465,0.5230926124099377,0.333435109656133,1.6510983741591632,32.60567836241278,1022.8836695639443,0.014275623503636089,0.007741105919579881,0.4850822800877311,True,False,False,0.0,0.0,0,False,0.006421333993785083
457,True,0.35040795727341834,0.44445517594143696,0.3190588843840788,0.7263640046234133,0.7936751387146848,0.5226884610344141,0.40608773227392786,1.5853290660181178,15.217680746826614,1146.3016219805702,0.012335581397502238,0.008016936474751912,0.559920932198185,True,False,False,0.0,0.0,0,False,0.004807304998394102
458,True,0.34641739476586464,0.4429809170825275,0.3142295539936437,0.6853361840948698,0.8489678751398766,0.5221863951785441,0.484653967224185,1.2992898974410383,16.45514158220796,723.0030311678513,0.010294854148384047,0.004072284663035213,0.5049128323095876,True,False,False,0.0,0.0,0,False,0.004818224988412112
459,True,0.342787701081315,0.4406934087380508,0.3101524651957364,0.6597856009534248,0.8795497455393563,0.521698526369948,0.5399354443812916,0.9967899597041058,19.238637130655665,386.4069646361469,0.00922888694730961,0.0033686297246771236,0.47334905918667525,True,False,False,0.0,0.0,0,False,0.004004788002930582
460,True,0.3395057050504866,0.43842666157081134,0.306532052877045,0.645671676814275,0.8892406389830825,0.5210681628975274,0.5677077859977384,0.8354552768761383,19.526287142424028,514.1383711534008,0.010741377862032464,0.006620046434446987,0.5659803045026014,False,False,False,0.0,0.0,0,False,0.0039924849988892674
461,True,0.33629063670356474,0.43601926364053534,0.3030477610579079,0.6360966713510768,0.8866745423372658,0.5202680775435304,0.5745617433466523,1.1900259674134812,27.346402299874587,480.2430575502828,0.012071100144757298,0.0055848415682786335,0.6018978789307534,False,False,False,0.0,0.0,0,False,0.004040265019284561
462,True,0.33827140861486066,0.43887659871100915,0.3047363452494778,0.6217946082489153,0.8033374293645515,0.5194338216321336,0.4707830061982077,1.8076427931940562,30.723541974261185,979.3042823774286,0.011835357370928196,0.012223211058637969,0.4298846936805871,False,False,False,0.0,0.0,0,False,0.004824486997677013
463,True,0.34356506093634054,0.44568695862935337,0.30952442837200295,0.6159060446150666,0.707452099550048,0.5187817368774933,0.3104312416919073,1.7902585368630832,28.468417620175746,1220.5109845763673,0.008640254925040705,0.018963538121564448,0.02803557926185835,False,False,False,0.0,0.0,0,False,0.004846418974921107
464,True,0.3474747922445509,0.4487336004834972,0.31372185616490217,0.6243806179819711,0.630903023334146,0.5183334797573884,0.1373067544220967,1.4504496072385678,24.755631778153866,853.3047755146781,0.011141602709899699,0.04568008911802211,0.04309879067322385,False,False,False,0.0,0.0,0,False,0.004835688014281914
465,True,0.3485236659918858,0.44636551008414316,0.3159097179611334,0.6348213042700349,0.5488914849616197,0.5180468353069934,0.07515737841662173,1.0491257652248585,35.00309653913006,930.1641322294045,0.012026058853326424,0.11163640033902762,0.022579926007654773,False,False,False,0.0,0.0,0,False,0.003976324980612844
466,True,0.3462593862813122,0.4382736867244872,0.3155879528002538,0.6514246530394903,0.5131465622264894,0.5180338699936267,0.3338398268056219,1.6321919516105172,31.01284995791879,595.8411911249688,0.013119756684697292,0.23625495508720848,0.008642896908158898,False,False,False,0.0,0.0,0,False,0.005617145012365654
467,True,0.34105754595028265,0.42437526853011354,0.31328497175700576,0.6745210203712708,0.5785901968092363,0.5179533571902891,0.5446058439484724,1.5559129417750477,19.789160176343767,1095.3830598389495,0.015072999594638176,0.4415878747908197,0.010904007828932648,False,False,False,0.0,0.0,1,False,0.004032690019812435
468,True,0.3380402115122706,0.4121054699395376,0.31335179203651486,0.7009197339086596,0.5957794539941028,0.5175839569491825,0.610329919151978,1.5432654713073601,15.48408100521284,701.2657975165359,0.017601486386674366,0.6854323132871954,0.010719117456008367,False,False,False,0.0,0.0,1,False,0.004028231982374564
469,True,0.3365146434905593,0.402062538312963,0.3146653452164247,0.7252128865651658,0.5770406650893309,0.5170172898145894,0.6237943080948358,1.2870737846540787,17.544897214441548,441.57767865097065,0.017747357447324953,0.9124808316779961,0.008935160104228278,False,False,False,0.0,0.0,1,False,0.003950554993934929
470,True,0.3351892681707761,0.3938566094730543,0.31563348773668337,0.7347680289995824,0.5523990677561854,0.5163102398633131,0.6260849842429344,0.9856756060707138,24.074792493905512,492.77116145827745,0.018806198335363882,1.226481290064728,0.004258472383120489,False,False,False,0.0,0.0,1,False,0.004016170016257092
471,True,0.33516287355502955,0.3893350305199728,0.3171054879000485,0.7277967725518019,0.5072053775115619,0.5154356964153473,0.5897290709680783,0.800487448538672,16.03071413668966,647.651983492382,0.020514150312631346,1.4755547740387431,0.0069664217315805205,False,True,False,0.0,0.0,1,False,0.003994347993284464
472,True,0.33491424651226936,0.38851692503983926,0.3170466870030794,0.6979720346362625,0.4919256400114006,0.514312175478818,0.6013829649712867,0.948913964677002,22.5466817735664,373.32792078354856,0.021674736680577587,1.633428031497555,0.00917099310012192,False,True,False,0.0,0.0,1,False,0.0047495850012637675
473,True,0.336277670367806,0.3927671229451392,0.3174478528420282,0.657682153179307,0.5040968216194691,0.5130596648614872,0.6417278556348966,1.1174591096748154,14.089824802263239,485.29461151054136,0.022736879336279322,1.7635132350118357,0.00847097026933511,False,True,False,0.0,0.0,0,False,0.004792246007127687
474,True,0.342320168772561,0.40544952297224984,0.32127705070599805,0.6117567405523503,0.47773417949360486,0.5115804100890419,0.6048737361035428,1.2785007424369286,13.74856700901794,321.8538408150658,0.02319079531100837,1.8320729593792002,0.010811974024554508,False,False,False,0.0,0.0,0,False,0.0047915049945004284
475,True,0.3534057897238183,0.4264884495052671,0.3290449031300021,0.587382528026081,0.4153997456326528,0.5096800046758442,0.42089568737042615,1.4494456231572295,14.821463357367094,242.91067467539435,0.023251236945909966,1.8605962708705484,0.011208747807952132,False,False,False,0.0,0.0,0,False,0.0048054409853648394
476,True,0.2337574163524473,0.2687922697173905,0.2220791318974662,0.3894780960066685,1.0816616331650406,0.5074249999925036,1.7223717354004178,1.517124477532301,14.797139146673413,265.85145263340735,0.022086992783794987,1.7538654234829267,0.003601880359691751,False,True,False,0.0,0.0,0,False,0.004822582995984703
477,True,0.22221193380459853,0.26551845530985396,0.2077764266361801,0.3793210130243121,1.2167180912345135,0.5049110358768913,2.1948262179053892,0.9694072759881864,24.258747003540513,804.137108385769,0.02081755060666439,1.499279869413623,0.004180335853544905,False,True,False,0.0,0.0,0,False,0.0039774359902367
478,True,0.3094332176691851,0.38998318902933005,0.2825832272158035,0.5428852521633909,1.094108127389761,0.5022562246527037,1.407092328767541,0.7947119289591876,19.75336967747813,789.7412807724903,0.01838575168778522,1.1582818762868816,0.009136819695140321,False,True,False,0.0,0.0,0,False,0.003990852012066171
479,True,0.34207958076745276,0.43661084016816376,0.31056916096721576,0.6082220109724868,0.8378299439228568,0.4995599552001381,0.9662880009147783,0.877776563502004,20.625052861964306,376.5567669347443,0.016658464480964544,0.7672319321235317,0.007440408689585644,False,True,False,0.0,0.0,1,False,0.004006621020380408
480,True,0.34896290747570774,0.44799789524845063,0.31595124488479337,0.6227883301539691,0.6880852050480343,0.49682597613221574,0.7830265323641028,0.846588553489231,25.842660156884246,1047.407554149719,0.015791691209505222,0.43223736035807064,0.008285494663722857,False,False,False,0.0,0.0,1,False,0.0039487720059696585
481,True,0.35626198117092056,0.460074525583465,0.3216577997000724,0.6357999050458374,0.5460486590686114,0.4940312605766879,0.5253573211955039,0.9441822143057532,15.377938477017036,596.9537383628644,0.014729942248579066,0.2669603925646241,0.017599590433218914,False,False,False,0.0,0.0,1,False,0.003991061996202916
482,True,0.35885478297102025,0.4674334008846134,0.3226619103331559,0.641250582464076,0.49742213656882117,0.4908750683531829,0.3370274136377349,0.9365418509506431,14.17805044574598,610.6084342790687,0.016208897431594458,0.24232118084464,0.029612871665548293,False,False,False,0.0,0.0,0,False,0.004002594010671601
483,True,0.35806717873461236,0.46848478532151994,0.32126130987230966,0.6351805479906,0.47278250639851604,0.48781516741686476,0.10117014652526214,0.6511840837831575,15.7713895596305,717.4316393635196,0.01616605404343207,0.09946318509362762,0.058744516876257556,False,False,False,0.0,0.0,0,False,0.0039789189759176224
484,True,0.35425638933392095,0.4639907261477101,0.317678277062658,0.623596960642683,0.5334782370088532,0.4847175043295361,0.029131921209475144,0.772210209605239,17.24268648508499,293.69809808103594,0.018428403929918957,0.04374811191422863,0.10124729858927124,False,False,False,0.0,0.0,0,False,0.0039499650010839105
485,True,0.3495326524589967,0.45724108883446035,0.31362984033384206,0.6137600044169229,0.5682826185858043,0.48162640905450116,0.11333757891317096,0.9195035177451417,12.165004385053495,458.3407968555825,0.019158079396096997,0.032111011030119305,0.16099903256415302,False,False,False,0.0,0.0,0,False,0.00401999699533917
486,True,0.3438332973723883,0.4470696355374947,0.3094211846506862,0.6040875660664241,0.5977973502121431,0.47878316242449864,0.17092500195241356,1.0088371466135397,12.885952108242314,372.13078386986854,0.01879142488182132,0.014950320850268446,0.2552438802067872,False,False,False,0.0,0.0,0,False,0.003995960985776037
487,True,0.3389629644681529,0.43575939142514886,0.306697488815821,0.608522404465509,0.6037104939655792,0.4761624986881837,0.19305241406402884,1.1840602466484522,13.102095299691968,306.474764332843,0.020129408371257138,0.015160775395321435,0.39986218797045353,False,False,False,0.0,0.0,0,False,0.003984038979979232
488,True,0.33368578808127436,0.4221261442501872,0.3042056693583034,0.6254727118966591,0.5937538194234966,0.47374749126310567,0.21081419968473347,1.1904628419758232,13.186630995391683,449.2165163640654,0.021388379257214665,0.011289520000370703,0.5665583713846528,True,False,True,0.0,0.0,0,True,0.003994258004240692
489,True,0.3266023118172929,0.4067189882359723,0.2998967530110664,0.6393037173524666,0.5862529838833631,0.4714230484603409,0.23097893135810008,1.015087439794646,19.88982762616335,513.8909340935132,0.021259025265649406,0.005596715504148775,0.8181376717499467,True,False,False,0.0,0.0,0,False,0.00396855000872165
490,True,0.3193317862694325,0.39234792240341276,0.29499307422477244,0.6478530796975248,0.553959147652585,0.4691760993818767,0.20146762024764772,0.9313256455385959,14.013841070665256,378.4795458993777,0.021717393521806246,0.00380439723702935,1.0430779923147044,True,False,False,0.0,0.0,0,False,0.003952589991968125
491,True,0.31170761818837034,0.37839445858348775,0.2894786713899979,0.6478295913374407,0.519921274420486,0.467016642072256,0.15822393286700073,0.7173111223811558,14.307311805239182,413.2218892293425,0.021934656007703415,0.002751019810911215,1.2037264827555372,True,False,False,0.0,0.0,0,False,0.003987765026977286
492,True,0.30422811727085475,0.36600932396204855,0.28363438170712346,0.6423006312181914,0.4878434482600892,0.46489932183787636,0.11369203473973652,0.6565733414205176,15.534992336343004,276.5559399278732,0.023080080293875014,0.003260304919703805,1.3678371322753955,True,False,False,0.0,0.0,0,False,0.004005329014034942
493,True,0.2980866601448291,0.3567222057331046,0.27854147828207065,0.6306767962192197,0.4430003394599052,0.4627689298359629,0.0496128749763842,0.8866194384712958,15.387609938065717,194.5160715372639,0.024413520097922612,0.0038412875024227845,1.5341996874047024,True,False,False,0.0,0.0,0,False,0.003956457017920911
494,True,0.2935365873480106,0.3507091780753332,0.2744790571055697,0.6103837371454152,0.41587290118181314,0.4606272809510379,0.011966003181038442,1.287332115664213,15.517641177327627,267.79753897789504,0.0254265040395081,0.005543218970747219,1.6891890582295581,True,False,False,0.0,0.0,1,False,0.004817995009943843
495,True,0.2908517439095309,0.3477850260312991,0.2718739832022748,0.5818075132258457,0.4254405126013582,0.45853263886807594,0.016099917374792418,1.423823294612705,14.160436780239179,540.0438244478072,0.02564055988152184,0.001166033957527329,1.834248533035006,True,False,False,0.0,0.0,1,False,0.004775965993758291
496,True,0.2904451082014248,0.35098748230384214,0.2702643168339522,0.5680400236229627,0.4133424975757784,0.45655905604033475,0.10866141518823037,1.261243308599204,24.976022347490304,842.2764530916725,0.017827963798034786,0.003290255960439245,1.0506771656364102,True,False,False,0.0,0.0,1,False,0.004027880990179256
497,True,0.28827096182306766,0.3513188589494189,0.26725499611428394,0.5945342649401806,0.41016465351931847,0.4548933182187139,0.04918535954618822,0.45330184290809533,38.21810996753771,1484.8473024366403,0.010833727792301837,0.003508533251137446,0.04682597925455707,True,False,False,0.0,0.0,0,False,0.003941469010896981
498,True,0.2865579274680732,0.3525362359554227,0.26456515797228997,0.6022304674242613,0.4279800743275316,0.4532732538023121,0.06367885840765133,0.5427917668035597,10.41762596428195,1317.6798865865865,0.009466253202403465,0.0010879805840140454,0.007435278731817859,True,False,False,0.0,0.0,0,False,0.004010738979559392
499,True,0.28502565064422586,0.35407428676494107,0.26200943860398745,0.603927161620411,0.44176922117514034,0.45167448835908053,0.08656754695339532,0.5620504935374544,7.99955849594028,389.2402570379485,0.008697959652266682,0.0016654814545560754,0.016226756615794057,True,False,False,0.0,0.0,0,False,0.0040106489905156195
500,True,0.28303132589724933,0.3545505749565117,0.25919157621082856,0.5999066082703669,0.44477945351309134,0.4500512953674313,0.10543917428970431,0.5558634874190317,4.434432704897117,268.0437487015552,0.007956251864310182,0.0029806023977260354,0.0032135808155982627,True,True,False,0.0,0.0,0,False,0.0039819550001993775
501,True,0.28099341164166597,0.3546099718237099,0.25645455824765134,0.5912484570979933,0.4566134899158514,0.4484629168384966,0.12119489332468561,0.5949376456957418,6.210049062275935,182.71522338092862,0.0073058854763713215,0.004945653557317517,0.0016849573422492898,True,True,False,0.0,0.0,0,False,0.003985632007243112
502,True,0.27932117238686144,0.35457806421283333,0.25423554177820407,0.5943310414299956,0.5534368565264867,0.44696057276471307,0.12961189847635549,0.5502796405928351,6.033195725659692,286.43737806234276,0.006708154131941602,0.004503276319233244,0.0028217807612530153,True,True,False,0.0,0.0,0,False,0.003970793972257525
503,True,0.27813777372949156,0.3542656395254558,0.2527618184641701,0.5986815206291568,0.6404460892802318,0.4456204955167504,0.12555185145332207,0.4646387987882696,5.042445571166445,163.00840256029088,0.005678668861229977,0.004197766733219462,0.0021772989702961735,True,True,False,0.0,0.0,0,False,0.003955585008952767
504,True,0.2772781837690753,0.35323297989889796,0.2519599183924678,0.5989865563068544,0.4350256883196566,0.4445342938411314,0.1153089153508369,0.32546700290771047,8.309986728215229,188.84110621752717,0.005008868954414754,0.003868632823968289,0.0028075739294133517,True,True,False,0.0,0.0,0,False,0.0031497130112256855
505,True,0.2763394652652828,0.35146060447736877,0.2512990855279208,0.591999322414326,0.45401070917841,0.44353341170938476,0.0935651174962884,0.33091613873663533,6.176021873835423,178.82987233695806,0.005061314815950789,0.004631236867715917,0.0020183420598575805,True,True,False,0.0,0.0,0,False,0.003146887000184506
506,True,0.2752013313519585,0.34872646266451107,0.2506929542477743,0.5775241297465048,0.4576539461984189,0.44272009852862476,0.07168001476198363,0.4028007162096972,6.3394061677178595,119.64276259607401,0.00521242417510383,0.005582225552925449,0.005391240942793617,False,True,False,0.0,0.0,0,False,0.0031483100028708577
507,True,0.27417350061200135,0.3459954889815248,0.25023283782216016,0.5585721289975145,0.4450631636284392,0.44198700575195154,0.060828415565805004,0.45357475158779387,5.2830269217732,186.38272262124846,0.005625334442696114,0.00655411733161049,0.006157079100063675,False,False,False,0.0,0.0,0,False,0.0031295939988922328
508,True,0.27314437878978987,0.3430163598749473,0.2498537184280707,0.5368468722146201,0.4444378860909267,0.4412980544607216,0.04965608564057369,0.511953050952097,5.644657938039418,157.5925783184779,0.005923035032304209,0.006114355010098346,0.003875652553615646,True,True,False,0.0,0.0,0,False,0.0031334609957411885
509,True,0.2724754994232712,0.34108024495822625,0.24960725091161953,0.5126151245105088,0.44545357185222434,0.4406208596841567,0.03813523340431348,0.5303366527397424,6.2372958524473345,257.06641215595187,0.006011945976418759,0.005519138340283746,0.0017548919784571482,True,True,False,0.0,0.0,0,False,0.003945695993024856
510,True,0.27232444939530626,0.3405471429851402,0.24958355153202819,0.4922432769532429,0.443064287522354,0.4400672115597617,0.02973060978747746,0.5679661464128329,11.733582052710327,306.1615980088685,0.005454155058506287,0.0032426970056203706,0.000588211444867167,True,True,False,0.0,0.0,0,False,0.00395344098797068
511,True,0.27268757728488063,0.34100768335718173,0.24991420859411353,0.4772006286771105,0.442220732863587,0.43957959538544733,0.026426081617749977,0.7352171275143504,12.99350734067259,246.5623277471941,0.004789963910935814,0.001169606976042154,7.765128129177997e-05,True,True,False,0.0,0.0,0,False,0.00395439300336875
512,True,0.27337947652061956,0.34170208180197814,0.2506052747601667,0.46838600192564894,0.4413713447610149,0.43919163349011864,0.03182030956514684,0.6220787148178004,7.62099078902679,438.43712754790715,0.004800815929073939,0.0021158159669673136,0.002668097863888405,True,True,False,0.0,0.0,1,False,0.0031629769946448505
513,True,0.27416229593400354,0.34232402279733626,0.25144172031289264,0.46207489487844267,0.4417910954858122,0.43880997646800257,0.0374299343289837,0.35838757388655273,19.70614064518382,534.8230901474534,0.004374407854347835,0.0006137032158645488,0.0008018983630849639,True,True,False,0.0,0.0,1,False,0.0031426390050910413
514,True,0.2749150479206512,0.3430451193827257,0.25220502409995965,0.4556891276730799,0.44929699660808325,0.4384000091749154,0.04347062551234628,1.141510878822139,29.85563533292585,383.0702610944068,0.0041713205557654,0.0030212508771108853,0.0027438371567740584,True,True,False,0.0,0.0,1,False,0.003943471994716674
515,True,0.275725017176042,0.34425798694616055,0.2528806939193358,0.4540732008843327,0.4603023895233899,0.4381366579740721,0.05417695019916671,0.5413941465809365,23.22051420867298,1547.5737986981262,0.003635127977111328,0.0012356293232171633,0.002088026216665181,True,True,False,0.0,0.0,1,False,0.0031545509991701692
516,True,0.2766970240712327,0.3463166189670428,0.25349049243929594,0.4531474899430561,0.4689220646738728,0.437840663996453,0.06653020574776417,0.42366742455755624,18.352140773059386,304.65264716075933,0.003062711381042525,0.0008728414337867371,0.0012743993830533252,True,True,False,0.0,0.0,1,False,0.0031387709896080196
517,True,0.27743132417894145,0.3479806031988184,0.2539148978389825,0.4504038488960884,0.47539880302967774,0.43753637581882066,0.07560514456176318,0.4295333831417975,8.527282713870925,438.9514329848097,0.0026499515253192237,0.0014975190736514481,0.002111512819025912,True,True,False,0.0,0.0,1,False,0.0031292730127461255
518,True,0.2778959398802582,0.3489761643557623,0.2542025317217569,0.44658093047346537,0.47344115100025363,0.4372364419909448,0.08445101444826467,0.3132687087419093,6.056925990197981,261.4650195471317,0.0026043041227440757,0.0018383401236299979,0.0021934613263191326,True,True,False,0.0,0.0,2,False,0.0031421880121342838
519,True,0.27820860191682895,0.34968577614356133,0.25438287717458485,0.4430845405203397,0.46497674430443514,0.43695550426583224,0.0931645212713257,0.3065128000817316,2.2731550288309377,160.90282494179735,0.0027188244109986283,0.0017847456798354632,0.002387947378809819,True,True,False,0.0,0.0,2,False,0.003140825021546334
520,True,0.2784097896117793,0.3501841118059119,0.2544850155470684,0.4405720080332949,0.45232410579382104,0.4366795559055117,0.10196576751241818,0.2829762385645277,1.6234087272649977,48.95742043055672,0.003010059496123476,0.001689897454449204,0.0032017601040846616,True,True,False,0.0,0.0,2,False,0.0031375990074593574
521,True,0.27846414718162643,0.35016290693082297,0.25456456059856086,0.43996774430252966,0.4398210425429846,0.43640407254458236,0.10926063846081593,0.20216873145455413,3.9850792740218273,103.03840576132183,0.0033985461523514363,0.0015082099643789456,0.0036004389934446578,True,True,False,0.0,0.0,2,False,0.0031426390050910413
522,True,0.2786008864416416,0.3502456280619617,0.2547193059015349,0.44317324900282024,0.42948298297930815,0.4361263812805771,0.11715614598694858,0.2429965852580573,3.0022505021669073,143.65796544310757,0.0037725069136522226,0.0012040307983977334,0.003161950568513353,True,True,False,0.0,0.0,2,False,0.003137368999887258
523,True,0.2787823342016706,0.35086560778953013,0.2547545763390508,0.4485811736821587,0.4249441594655792,0.43584989532833235,0.13090699074687276,0.28925180337693684,5.766688592273599,166.79489344456354,0.004193771230964564,0.0007936875382676698,0.0024889607599362148,True,True,False,0.0,0.0,2,False,0.0031495919974986464
524,True,0.2790323849334724,0.35291814942678457,0.2544037967690351,0.4539829765883894,0.42522602739896875,0.4355265050403961,0.1510377066551503,0.7001174397712595,14.076056813930993,270.40573926691405,0.004776011356052169,0.002491735306547297,0.0037709982195801442,True,True,False,0.0,0.0,2,False,0.003948732017306611
525,True,0.27960038906331575,0.3560835341134355,0.25410600737994243,0.4558900581286935,0.4288542423809041,0.43524160914913157,0.16836174096868842,0.9564376515592611,18.438127964720156,593.6153579160963,0.005386731881009484,0.0005958262678603198,0.002260050175877467,True,True,False,0.0,0.0,2,False,0.003950856014853343
526,True,0.2810768613818961,0.360231532449129,0.25469197102615176,0.4560717558918217,0.4442154809354064,0.43490326081841363,0.1828227933282929,1.2040477729075887,19.431124423536932,400.3726750835417,0.0063926680224764805,0.0002592207538691881,0.0023985787971945375,True,True,False,0.0,0.0,2,False,0.003953310020733625
527,True,0.28333383643853244,0.3655717659249859,0.2559211932763812,0.4636834251513591,0.4655064122395909,0.43450192213860306,0.19900111587953465,0.8675682635273706,14.662805452483827,745.967879297843,0.006709548695146919,0.00014552081379051818,0.0027296514827116272,True,True,False,0.0,0.0,1,False,0.003947329998482019
528,True,0.2864134364621372,0.37256642708918974,0.25769577291978635,0.48055630919672776,0.47215369201703805,0.43404973113368667,0.22416549566576838,0.3867628803356205,21.159364858549996,375.8354012939398,0.007100296712392662,0.0004352661566735326,0.0032868310828123044,True,True,False,0.0,0.0,1,False,0.003949823993025348
529,True,0.28978908586178653,0.3801807919995351,0.2596585171492037,0.5019038605474484,0.46832053899506143,0.43355993948666893,0.2639466338891252,0.5201218385655714,14.592434808269116,252.8988884386805,0.007207537224566166,0.0011936199883013567,0.004056198680872219,True,True,False,0.0,0.0,1,False,0.003969160025008023
530,True,0.2929704495527807,0.3873436455156115,0.2615127175651703,0.524387423696957,0.46542967413940856,0.43302025190327575,0.3239772776378767,0.6076325644736934,4.891496983856402,341.3211967288721,0.007372641059797002,0.0015280485322507623,0.003968599393772347,True,True,False,0.0,0.0,0,False,0.003935788001399487
531,True,0.29537812088102033,0.3928527235296493,0.26288658666481074,0.5454633507879261,0.4655884842661848,0.4324170308347184,0.41087630973506456,0.5309593406868468,5.390688342370587,237.0902898804474,0.007388317805946413,0.0014204774919848063,0.00479550392028423,True,False,False,0.0,0.0,0,False,0.0039649120008107275
532,True,0.296677213601539,0.39639527552903453,0.26343785962570715,0.5630008319227717,0.475074529638817,0.43175212135482827,0.5192718683039497,0.38362156148016513,6.950027372231077,132.41127213323674,0.007455790723413373,0.0017921622680887007,0.006542501055034662,True,False,False,0.0,0.0,0,False,0.0039661450136918575
533,True,0.29630781000651346,0.3973738865606007,0.26261911782181774,0.5751632359550398,0.5106912088324146,0.4310969851041529,0.6457908017550571,0.2686760953930573,5.554695712720976,142.4787613689685,0.007492142538204261,0.005596406302036539,0.009571983779990544,True,False,False,0.0,0.0,0,False,0.0031850789964664727
534,True,0.2943921449496754,0.3961064837523688,0.26048736534877764,0.5803653730268308,0.5904551661287755,0.4303643963579712,0.7826274838738156,0.18654563051350892,4.811133319413427,138.14383846015554,0.007831403086461084,0.006502399841513145,0.012970432834662263,False,False,False,0.0,0.0,0,False,0.0031770839996170253
535,True,0.29058847061871124,0.3918217589390939,0.2568440411785837,0.5778323576337435,0.864924446323593,0.4295914257467286,0.9276164144679255,0.18793407151707617,3.438242198534661,96.79307031403694,0.007975420872936732,0.008992642763251341,0.016821410845855624,False,False,False,0.0,0.0,0,False,0.0031986650137696415
536,True,0.2853176312539129,0.3849926545044712,0.25209262350372685,0.5682460240985097,1.0217658704242911,0.42877237179153244,1.0687741183813968,0.2354611413537411,3.6489132370968056,71.16803146403778,0.008184266505968306,0.012174492486353685,0.020872284634082472,False,False,False,0.0,0.0,0,False,0.0031565449899062514
537,True,0.27761399938923376,0.37427779399802136,0.24539273451963792,0.5506190209549482,1.112908504634208,0.4279409953836754,1.2245459851730465,0.24642499846617796,2.9553574856447677,116.52508904957915,0.008425734350834194,0.01612507753455196,0.03175098056794997,False,False,False,0.0,0.0,0,False,0.0031673159974161536
538,True,0.2658123820618138,0.3573105634824838,0.23531298825492383,0.5223090234454533,1.2333558032079552,0.4271059173010455,1.41346162566781,0.3149168763760393,6.786521867603707,154.97551809197765,0.008688728391374792,0.020598192980288508,0.046654977651104414,False,False,False,0.0,0.0,0,False,0.003141035995213315
539,True,0.25148361061274765,0.3365280662958377,0.22313545871838428,0.488014484138094,1.0244011850125747,0.42630036820861616,1.6057356223639554,0.5150069237285735,8.375362368564172,143.31118023348745,0.009063590384946826,0.023990260364774876,0.05472034757789713,False,False,False,0.0,0.0,0,False,0.0031897170119918883
540,True,0.23776904709871066,0.3160467267685182,0.21167648720877477,0.45480370767375217,1.262899233435494,0.4255267604570059,1.769736129339709,0.6524708165087122,7.483303948180247,272.45564398729414,0.010353785217353466,0.04962321129874558,0.0569488997253821,False,False,False,0.0,0.0,0,False,0.0031626369745936245
541,True,0.23017417746629584,0.30404203259617635,0.20555155908966902,0.43566669724278867,1.300145590701084,0.4247603333931879,1.858790684826275,0.8811059453460416,10.984992339010503,159.65923559399835,0.012638190704460919,0.09205428598781358,0.0434632021629452,False,False,False,0.0,0.0,0,False,0.0031931140110827982
542,True,0.2301162958772167,0.30166216694033376,0.20626767218951095,0.43413869382153397,1.3121525606780091,0.424145293541906,1.872490584750784,1.630322992382009,25.09540954057097,536.4803847252668,0.017873909134186478,0.2456134564129252,0.026853461599783184,False,False,False,0.0,0.0,1,False,0.004020537016913295
543,True,0.23217957884197898,0.29983052255782533,0.20962926427003023,0.45739566509112806,1.3016309785802984,0.42363672034259237,1.8705395591385143,2.0211883388430625,17.48359572216016,582.3816211994676,0.023654508889549994,0.5543908388562699,0.10565436542982118,False,False,False,0.0,0.0,1,False,0.0039702219946775585
544,True,0.23570557899860592,0.3004164204372991,0.21413529851904153,0.4810149431487472,1.2794268304748175,0.42245137385498926,1.8652340925600204,2.363463275955961,34.34652127299765,995.2454764034284,0.0277145076026325,1.006514584348788,0.10929591775367212,False,False,False,0.0,0.0,1,False,0.004079278995050117
545,True,0.2404252818900552,0.3032303905948135,0.21949024565513575,0.5075252784517548,1.2732691867647905,0.42290205957667953,1.871290091005622,1.4763639817863081,42.43902432988329,2157.9864180543964,0.03282644512401773,1.6054221002898004,0.06391777490262593,False,False,False,0.0,0.0,1,False,0.003267313994001597
546,True,0.25201510742557387,0.3141109979173369,0.23131647726165283,0.5206633749905402,1.26162762100985,0.42182028836506646,1.8678028059658163,1.4879380259099664,41.160042632989324,1507.5588359347198,0.04098436510972165,2.7182193386193068,0.010844774997219666,False,False,False,0.0,0.0,1,False,0.004054652992635965
547,True,0.2751457028097828,0.34027476698342246,0.2534360147519029,0.5454253625852498,1.2871931277078819,0.41997153112827756,1.8614051079976017,1.3872759248424307,37.75181715125222,1640.1137922041323,0.04927256429446018,3.4001917551990695,0.07081080626801413,False,False,False,0.0,0.0,1,False,0.004928253008984029
548,True,0.30032190827154875,0.3742121891129525,0.27569181465774745,0.5603310437435397,1.3320107455695176,0.4174401464895825,1.8774165312987299,1.9409847790625154,37.3793690413902,616.0179259855097,0.05446330401134006,3.871899676887151,0.0920339299286595,False,False,False,0.0,0.0,1,False,0.0057668179797474295
549,True,0.31306482916089245,0.39432754389225716,0.2859772575837709,0.551445637028001,1.3307615157331107,0.41659052421612114,1.952832488814421,2.0636573340974427,27.988538702712603,1114.7184023490925,0.053796905023326305,3.922829956337289,0.10818427307480954,False,False,False,0.0,0.0,1,False,0.007372171006863937
550,True,0.29097412694576263,0.3699868419945277,0.26463655526284097,0.4891740729665255,1.1801677911192736,0.41537538835114396,2.169482683559259,2.6006236618975334,70.7427859592991,2249.7334424280693,0.04192918007691926,2.64355834395848,0.1680790444159025,False,False,False,0.0,0.0,0,False,0.007457161991624162
551,True,0.26676516372333814,0.33741338867581905,0.24321575540584447,0.4459646406925752,0.9653210461151243,0.41351153581187433,2.3255753688762795,1.080097454095787,88.06089343955212,4195.41875173444,0.028011146851287343,0.22638244951738787,0.24650877390807496,False,False,False,0.0,0.0,0,False,0.003217460005544126
552,True,0.2662016899538905,0.3368187599498781,0.2426626666218947,0.4446495477877165,0.8868568169508997,0.4122738064583179,2.347773731274704,1.7528396832535262,28.473595836302167,2293.664166984409,0.030235325300048847,0.0420518976009184,0.24500492301395133,False,False,False,0.0,0.0,0,False,0.004086081986315548
553,True,0.2853318089591335,0.36129511108674806,0.2600107082499287,0.4941241023233471,0.9501102787723208,0.4123552924004035,2.2519093800851144,1.6572250001470408,25.466363749220662,1237.3720346481846,0.02449696475997521,0.07767653628151357,0.33196254743460696,False,False,False,0.0,0.0,0,False,0.004102563019841909
554,True,0.2649307173079365,0.33015199347849966,0.24319029191774874,0.46027931667053235,0.8576625128205901,0.4113845291569205,2.353153829075853,1.593197433541896,43.40194653390831,1376.6103927697457,0.018310014434868994,0.029867592948273177,0.5533990030218584,False,False,False,0.0,0.0,0,False,0.004913374985335395
555,True,0.24906918819020474,0.30476176918339476,0.23050499452580805,0.42910244205357145,0.7883978747369016,0.41064171474585864,2.42547729377885,1.792168598709027,27.008966312999128,953.7435757048376,0.01664838322200585,0.02254628996877177,0.7912548433141127,True,False,True,0.0,0.0,0,True,0.005747862014686689
556,True,0.24792394335069792,0.2998225515318672,0.23062440729030811,0.42585343469978576,0.7974531393142803,0.4100798053030334,2.4203701105645226,1.4457113596526485,38.3351530491915,1436.7816255743514,0.015605527953190909,0.019239398581926498,0.9210645947511528,True,False,True,0.0,0.0,1,True,0.005719108012272045
557,True,0.24557463059577572,0.29383191123753655,0.22948887038185548,0.4200066758993225,0.8076568542284968,0.4095838530040244,2.416551186525839,1.3967287192462359,24.81800027739091,1125.085851599518,0.015890043723459597,0.014421670671167402,0.9723955767738989,True,False,True,0.0,0.0,1,True,0.005744766007410362
558,True,0.24272942665949557,0.2880229687653102,0.2276315792908907,0.41212290629375187,0.8173972252006906,0.4091694119756316,2.4162273741123,1.1773425022855626,22.32444240893551,713.4648118835689,0.014787333168274,0.01105165294224825,0.9085787993284723,True,False,True,0.0,0.0,1,True,0.004891313990810886
559,True,0.24296126306542895,0.2880346661774131,0.22793679536143432,0.4102654777546936,0.8270713812156643,0.4086225623606661,2.4032831821761627,0.9604385211724747,18.839596558093653,485.58315090182765,0.012665711820985586,0.0052317087112485365,0.6799666145078934,True,False,False,0.0,0.0,1,False,0.004923774977214634
560,True,0.24598227007195825,0.2929293626750793,0.23033323920425122,0.41944163262688616,0.8708748077718745,0.40831745949541276,2.3741975162674005,0.7037110395671465,23.002291675247843,808.2760311196736,0.0124716591795945,0.012626334552287293,0.5961759745515203,True,False,True,0.0,0.0,1,True,0.00406652400852181
561,True,0.2520479869974563,0.3032883896741718,0.2349678527718844,0.4309707275987271,0.9269774575196926,0.40750426449676314,2.3286292239816877,0.937351188699019,21.191074233817293,687.0951999855944,0.012864732790449538,0.008795818140257601,0.5319533318260294,True,False,False,0.0,0.0,1,False,0.004916189995128661
562,True,0.2561682885803579,0.31107245461962235,0.23786689990060306,0.43739065732278065,0.9626917867364324,0.4070271106483109,2.291485907774259,0.7770638915571225,15.106198979991245,849.9408108495794,0.012425789629325345,0.016739887640788462,0.5745894704537483,True,False,True,0.0,0.0,1,True,0.00404780000098981
563,True,0.26648747611763385,0.3280055624649295,0.24598144733520197,0.45427966538513026,1.0225302994486167,0.4061427830109645,2.2172827220686115,1.1251188060062762,13.198516698348618,574.4403669047358,0.013245995803844364,0.009966459859147283,0.5458555081226029,True,False,False,0.0,0.0,1,False,0.0049022239982150495
564,True,0.2790937147992853,0.3477451343444325,0.25620990828423623,0.48135159744003114,1.1053243135354962,0.40574149727216113,2.125456380748057,0.8736732934895871,13.533551225426535,735.0170423269261,0.013085892387485861,0.014826932448172223,0.561120387522702,True,False,True,0.0,0.0,0,True,0.004075601988006383
565,True,0.30123741450536656,0.3805419497575559,0.2748025694213035,0.5304259392485141,1.230844596928173,0.40521034667402084,1.9636072860164255,0.962826777293564,11.39593341387785,530.6169339569824,0.013937464682677893,0.014236222304017413,0.5218921727807696,True,False,True,0.0,0.0,0,True,0.00404697799240239
566,True,0.3383613657186009,0.4337517622093145,0.30656456688836314,0.6137707861503503,1.3779364476483993,0.4048258978104496,1.6805026630937052,0.8662449701004483,10.451869203260488,464.9426372830703,0.01409653395069154,0.01145802323974991,0.27246760758748556,True,False,True,0.0,0.0,0,True,0.0040584789821878076
567,True,0.39413104387173864,0.5116695229780559,0.35495155083629953,0.7438711366163091,1.1982334287074667,0.40471340947157797,1.1619285981967515,0.8768765889515607,14.179713202350678,352.9856707703474,0.015834696645150588,0.009148012194885988,0.10710261391704409,True,False,False,0.0,0.0,0,False,0.004102753009647131
568,True,0.4263938121618429,0.5567916316466515,0.3829278723335734,0.8243982573816435,0.8262448896495737,0.40483427078717205,0.6424997018344282,0.7447668968384286,11.223914402017462,553.4982035036695,0.015793809040429468,0.013718810079913853,0.0341340563624744,True,False,True,0.0,0.0,0,True,0.004102563019841909
569,True,0.42970714864341325,0.5623447464622259,0.38549461603714236,0.8375519562867398,0.7185424979025755,0.40511910332335144,0.4470116264922777,0.7053848268454248,13.487221651164106,280.72771892712314,0.01735426323972693,0.029204019636167734,0.04349339474401439,False,False,False,0.0,0.0,0,False,0.004060552979353815
570,True,0.42548335197736886,0.5557073897238299,0.3820753393952152,0.8314107229548009,0.7108119461395881,0.40571693421978305,0.4826180905212383,0.7434384881350761,12.719985252479491,308.7638009472501,0.0177751626860443,0.06455764258623702,0.030452928698369634,False,False,False,0.0,0.0,0,False,0.0032660620054230094
571,True,0.42023557432181174,0.5471672248303868,0.37792502415228674,0.813615230574557,0.7074075983507896,0.4059179788239858,0.5338299382402582,0.7601137754481103,12.23814456532957,551.8392527355695,0.01671882588470966,0.11521788131686736,0.008509544609583225,False,False,False,0.0,0.0,0,False,0.003240404010284692
572,True,0.41453428610625437,0.5374322081096831,0.37356831210511143,0.7815399420804859,0.6776796354194284,0.40560194847201797,0.5183705319579206,1.281617063656333,30.958578824757495,734.0032824693,0.01893782919666797,0.3260668887833665,0.028518570510809086,False,False,False,0.0,0.0,0,False,0.00482810300309211
573,True,0.4086481124680976,0.52443949380879,0.37005098535453357,0.7457036941318367,0.598869211462132,0.40620890061664644,0.35537826496112346,0.7237020910744845,37.13686973513729,1796.7663178502723,0.018749164063134816,0.942172667366517,0.013429622248623417,False,True,True,0.0,0.0,0,True,0.004079128004377708
574,True,0.39577103953634685,0.5005026606485734,0.36086049916560464,0.6932747467854932,0.5514722723632889,0.406658882173483,0.23727589970202548,1.0820785967729407,17.21505775917609,810.4059304501006,0.021910669781677976,1.4868124042572903,0.009551017528501538,False,True,False,0.0,0.0,0,False,0.004050914983963594
575,True,0.3790138134214478,0.4709994463737762,0.3483519357706717,0.6458863032407902,0.5642491418994076,0.40710329182266525,0.022909004458079772,1.2939011854895934,19.10167422965684,662.8706703675988,0.023353679888615263,1.685642049194628,0.009980525663221097,False,True,False,0.0,0.0,0,False,0.004015738988528028
576,True,0.35725047297803203,0.4359786510813083,0.33100774694360674,0.6132159452368658,0.6411751501235896,0.40752057497024613,0.190043464699128,1.418341423567148,15.711853355709847,552.4276803242385,0.024268595061122694,1.8116271006573423,0.0070031709460782,False,True,False,0.0,0.0,0,False,0.004051015013828874
577,True,0.33332244707613784,0.4001745457896001,0.3110384141716504,0.5906376670078326,0.7432692527997784,0.40775681792270435,0.3721108044980308,1.4517171636903863,17.28251675124693,432.35259446151224,0.024512542577476024,1.8660757841455509,0.0047384184002042225,False,True,False,0.0,0.0,0,False,0.003993586986325681
578,True,0.29540761396755255,0.3486574531940382,0.277657667558724,0.5409040333086474,1.0619948150073621,0.40784801075433164,0.7687259075551942,1.1882609814035525,14.645375235232097,582.5545159414792,0.024661743994530153,1.8645999465836787,0.0038028094085465394,False,True,False,0.0,0.0,0,False,0.00400593999074772
579,True,0.2764039622545196,0.3252436593604728,0.26012406321920184,0.5208031922622283,1.1085012461448185,0.4077274027258304,0.8484055120151852,0.90948736474287,26.653370302668623,539.0139435844868,0.023684917925891332,1.7846648576781727,0.003503617991172303,False,True,False,0.0,0.0,0,False,0.003982274996815249
580,True,0.2982952081720993,0.3591851629333612,0.27799855658501205,0.560683724173385,0.41057343456752693,0.40720486258517113,0.14967798455395023,1.4141082347237925,49.94681131743976,1666.2062230721808,0.020255284229984193,1.2750383247159343,0.0010776375751172691,False,True,False,0.0,0.0,0,False,0.003978538996307179
581,True,0.2753167748724568,0.3354396705470455,0.2552758096475939,0.48113994985426967,0.8022299155553689,0.40630845319417286,0.9466497562574354,1.4872260457378152,32.12069643155496,2036.3520874707808,0.013567810985538583,0.33743818299855105,0.0075659273971813885,False,True,False,0.0,0.0,0,False,0.004047969006933272
582,True,0.28158801011727613,0.34793207363200396,0.2594733222790336,0.4600402643760925,0.5475892711127381,0.40531854134835865,0.6391993085581646,1.3203107380917634,21.6301857961291,1148.5179259586691,0.009801181492033946,0.04194731519662815,0.013334197690791711,False,True,True,0.0,0.0,0,True,0.003948191006202251
583,True,0.2834114414494275,0.3526897136465226,0.2603186840503959,0.44931518218423744,0.4643982921324121,0.4043047292793091,0.10886291950954631,1.113186868817044,13.764987578184948,609.4227079911409,0.0066459398270669965,0.013222808436547467,0.015421731566300846,False,False,False,0.0,0.0,0,False,0.003982675989391282
584,True,0.27814915604654755,0.3465314059115987,0.2553550727581972,0.4371734567605913,0.5965986520164909,0.4033880027658448,0.07083453855474595,0.8584427876357477,12.872992689534621,369.9754055340995,0.005076132641724702,0.007265922096143869,0.011944081669781831,True,False,False,0.0,0.0,0,False,0.004006000002846122
585,True,0.27431398713328803,0.3409676920295947,0.25209608550118573,0.4307033456880174,0.7381874742403467,0.4026531618106589,0.11576598524519686,0.6240968997321281,14.540806832674406,278.5382740217891,0.004701129266461102,0.005195621943133272,0.007134844030039908,True,True,False,0.0,0.0,0,False,0.003951586986659095
586,True,0.270574222372796,0.33499845177311954,0.24909947923935485,0.42615593282312325,0.7005205862755097,0.4021555536196897,0.18813184521012413,0.3972437593443967,12.628023982112477,426.98216824559915,0.004366539953235969,0.004695689526199667,0.002587808485913343,True,True,False,0.0,0.0,1,False,0.0031588099955115467
587,True,0.2685506916387331,0.3319609907803248,0.24741392525820247,0.4262698220403097,0.6509056503426792,0.4015329629022988,0.21602579013270937,0.43978262581450717,10.175796630891735,315.84758907254945,0.004957863274215881,0.004976835568834208,0.005166968122365915,True,True,False,0.0,0.0,1,False,0.004014114994788542
588,True,0.268208155907064,0.3320562998248906,0.24692544126778845,0.43145588041301036,0.7189901089405654,0.40093372895782,0.19220045128780835,0.6152983697855076,13.129466090093686,264.4949930641356,0.00512740885357523,0.008414860541413341,0.0007846870715701017,True,True,False,0.0,0.0,1,False,0.003951546997996047
589,True,0.26885280141715906,0.3337132248495968,0.24723266027301308,0.438861733552573,0.524867132308503,0.4002646370091848,0.1322417609081865,0.7822115934542684,7.708822791029556,252.1913627231664,0.005661624368860054,0.00955847605047714,0.001751464908080917,False,True,False,0.0,0.0,1,False,0.003979350003646687
590,True,0.26892879295233635,0.3342544869235801,0.24715356162858845,0.4445928686914201,0.4977781116468664,0.39955411911321215,0.09579828486684393,0.464610485326461,15.397697559472707,618.6384022125383,0.005971890644750245,0.006104263260548571,0.0026663920802911536,True,True,False,0.0,0.0,1,False,0.003998747008154169
591,True,0.2685254736647548,0.3344172582854367,0.24656154545786088,0.45167546335127656,0.4918380030310808,0.3989270699443748,0.09099183261454488,0.3819205676503194,13.660019860047642,297.54654060039513,0.005870134823746596,0.0033118557647515124,0.003087844540381406,True,True,False,0.0,0.0,1,False,0.0031475979776587337
592,True,0.26795721406279005,0.33503673492040165,0.24559737377691956,0.45956486738740193,0.5089260493540253,0.3982736590252112,0.12170273057373814,0.3580941786255167,8.414070194295519,481.7405414497232,0.005412491447122113,0.0018588007323510724,0.0035369425696737595,True,True,False,0.0,0.0,1,False,0.003994389000581577
593,True,0.26814764776904115,0.3369309982514197,0.24521986427491504,0.47189703740304956,0.5186260378866427,0.39763584926327683,0.1415359639587492,0.27963580026556156,6.714226077558679,278.175889024969,0.0055398252246111,0.0026977598061505934,0.0013514926005939666,True,True,False,0.0,0.0,1,False,0.004019105021143332
594,True,0.2687527779913086,0.3394205667618026,0.24519684840114395,0.4864347684723172,0.5342563742237207,0.39694983180634535,0.16504783640856213,0.22526868525371818,5.686435046780924,205.71219155724629,0.0055322948439197085,0.0037034800749983607,0.001345660078905485,True,True,False,0.0,0.0,1,False,0.0039809829904697835
595,True,0.2694396157186332,0.3420938299071246,0.24522154432246937,0.5009861031265206,0.5579486542166676,0.3962558196847687,0.19870581476145222,0.22450263818175067,3.592561482148133,132.9087337805217,0.005421250951478951,0.004302016050480535,0.0030517995026950796,True,True,False,0.0,0.0,1,False,0.003184026980306953
596,True,0.27025178588135296,0.34500010060853836,0.24533568097229116,0.5125939122207934,0.5957351917586529,0.39543167063996537,0.2355864206413478,0.2079396256205811,2.706573312878145,144.8056354789863,0.005337187189055629,0.00462015988060327,0.0037032110199234367,True,True,False,0.0,0.0,1,False,0.003982345981057733
597,True,0.2709402950309731,0.34775844463480543,0.245334245163029,0.5215808922532114,0.6401603971766201,0.3946763128942444,0.27952598801720074,0.1562323098303231,3.866815595247306,155.1691487293198,0.005235368506954609,0.007009672526520571,0.004025868156356084,True,True,False,0.0,0.0,1,False,0.003153639001538977
598,True,0.27144703295852435,0.3501407477269257,0.2452157947023906,0.5266861101034352,0.6826864833823698,0.39385459144202534,0.3291668440988695,0.13869170498136923,2.69172014701387,95.79426823410805,0.005121334949787033,0.007819785170809893,0.0037782426418777153,False,True,False,0.0,0.0,0,False,0.0031720440019853413
599,True,0.2715417782669749,0.35160112754627576,0.24485532850720795,0.5278461378623379,0.722966894498251,0.3929972517764152,0.38685285893320276,0.1341764560489922,2.289118887877151,95.34016112416863,0.00495633180441048,0.007269730535015088,0.004353399727378316,False,True,False,0.0,0.0,0,False,0.0031397530110552907
