source_frame_idx,valid,rf_kpe_all_m,rf_kpe_targeted_m,rf_kpe_untracked_m,bone_direction_error_rad,bend_plane_error_rad,root_translation_error_m,root_yaw_error_rad,joint_velocity_rms_rad_s,joint_acceleration_rms_rad_s2,joint_jerk_rms_rad_s3,pose_jump_rms_m,left_foot_speed_m_s,right_foot_speed_m_s,left_source_stance,right_source_stance,foot_skating,ground_penetration_depth_m,joint_limit_violation_rad,self_contact_count_diagnostic,artifact,solve_time_s
0,True,0.3855922743881517,0.6299396516146388,0.30414314864598935,1.2737066751829327,0.7798906498398281,0.0,0.0,0.0,0.0,0.0,0.0,0.006855221812131781,0.3178248900975708,True,True,True,0.0,0.0,0,True,0.6944898010115139
1,True,0.38677414191640114,0.6349540575889514,0.3040475033588845,1.3025525707775891,0.7511720800056167,0.010147061213433747,0.029194481258881355,2.0656335843678453,0.0,0.0,0.016697416725373927,0.006855221812131781,0.3178248900975708,True,True,True,0.0002814823078707059,0.0,0,True,0.31973168801050633
2,True,0.3866650381487902,0.6347950798871541,0.3039550242360022,1.3107745101788397,0.7550109568734685,0.012445753133750804,0.035629930434788674,0.900734591081549,40.433751952820984,0.0,0.004786969814492524,0.07390277097738122,0.09789773162274451,True,True,True,0.00028491948587635457,0.0,0,True,0.19519677700009197
3,True,0.38648807282243947,0.634025602185684,0.3039755630346912,1.3166686929846,0.7626730998652987,0.012913175665890583,0.03413650962145853,0.6144579161213006,11.833846116499947,903.8300444265644,0.002499491960779591,0.02688559952017409,0.07674991516161282,True,True,True,0.00019827830844606174,0.0,0,True,0.14600368301034905
4,True,0.386427543383718,0.6333372405631034,0.3041243109905894,1.3221109784554756,0.7702272991477525,0.01330284563187838,0.029961556310606378,0.5076529181241588,5.320729741864366,208.68954005788981,0.0017791431410754987,0.022735567907749058,0.03387529080957682,True,True,True,0.00011385313230778508,0.0,0,True,0.1471043739875313
5,True,0.38644164663227826,0.6327768080095307,0.30432992617319404,1.32752818834524,0.7778657137539609,0.013861285667796378,0.025315042937407384,0.45397346565134405,2.8644667129913963,83.09094420156484,0.0015852794356646877,0.02357032400499959,0.0118385611065848,True,True,True,0.0,0.0,0,True,0.14696065202588215
6,True,0.3865486416751749,0.6324092453175258,0.30459510712772453,1.3331220663131162,0.7856282751090528,0.014713816251463546,0.02098352866443154,0.4182336302271308,1.804497868197379,39.92787855644517,0.001426604318936638,0.007419859879238698,0.008651779921036854,True,True,False,0.0,0.0,0,False,0.1464727800048422
7,True,0.386694088127435,0.6321231672814015,0.3048843950761127,1.3383475664430993,0.7919236617999592,0.015696612188965172,0.0169963474928656,0.3840295688370157,1.323866938957716,24.263506740576776,0.0013186958041711265,0.006827948689871294,0.0025062115032052717,True,True,False,0.0,0.0,0,False,0.14406312702340074
8,True,0.386822008022298,0.6318161876715266,0.3051572814725552,1.3426629696752563,0.7960211324239894,0.016620726168144338,0.013572115169542931,0.3477274436515835,1.3199321043514467,20.806868828822058,0.00130825614279525,0.004048084730218418,0.006521243727678085,True,True,False,0.0,0.0,0,False,0.14382600999670103
9,True,0.38696744573246433,0.6315749985822675,0.30543159478253,1.3463339342479708,0.7992093222094439,0.017433248437674166,0.01128066458887833,0.3116270810452245,1.1753611061133131,18.64255080416852,0.0012132135221356165,0.008130551686302907,0.005421921638857097,True,True,False,0.0,0.0,0,False,0.1455181360070128
10,True,0.3870702344504465,0.6313045019820919,0.3056588119398979,1.3493835835930845,0.8026556489679589,0.01816047654193023,0.010705457190820944,0.285123868395702,1.0824716143939794,21.134441139831797,0.0011412171594915727,0.0069676915686164185,0.004895656976015745,True,True,False,0.0,0.0,0,False,0.14340531500056386
11,True,0.3871565807396388,0.6310318361983538,0.30586482892006706,1.3512281745361847,0.8064766425706129,0.018870202205427473,0.011797392239752957,0.2503605542671528,1.133229768871019,32.21739533674389,0.0010258693978417051,0.004156517491670772,0.004759752252569447,True,True,False,0.0,0.0,0,False,0.14370060301735066
12,True,0.38723307133202317,0.6308061845752606,0.3060420335842773,1.35231850199968,0.8109129080889235,0.01949635557574123,0.014526087264630672,0.22100931104911348,1.0215021219920237,24.353165343095597,0.0009332472027020839,0.0039490689811342685,0.0051962688827143135,True,True,False,0.0,0.0,0,False,0.14441610500216484
13,True,0.38727963999556425,0.6305807356962182,0.3061792747620129,1.3529042201396764,0.8152644285237071,0.01999940509562794,0.017844180326539005,0.19091044765681042,0.960153552616162,18.003588681064798,0.0007884181045285243,0.005124182503275047,0.00901235852792265,True,True,False,0.0,0.0,0,False,0.144359647994861
14,True,0.3872604503800858,0.6304292098805976,0.30620419721324854,1.3529616215310747,0.8206372998211842,0.02011990445614057,0.021772456537811236,0.14932093333086047,1.625332328504801,30.18207172386938,0.0006440610832944131,0.012999163540096562,0.009942627595853364,True,True,True,0.0,0.0,0,True,0.14435410700389184
15,True,0.3871511362789575,0.6303648924524891,0.3060798842211137,1.35254137173534,0.827351600773502,0.019646932853961234,0.025018767016957707,0.10176426584922692,2.4173022733732488,38.45406434198977,0.00039293597512165,0.008103426236370694,0.00999558061005885,True,True,False,0.0,0.0,0,False,0.09628066999721341
16,True,0.3870944031640151,0.6303062136101418,0.30602379968197285,1.351773025097494,0.8329662722912071,0.01944315245415143,0.02824529277160681,0.08693105616965363,0.6706303570165689,64.25931305610327,0.00029742224322920223,0.003906410966720599,0.010509165758673528,True,True,True,0.0,0.0,0,True,0.14787857700139284
17,True,0.3870393543867182,0.6302368173634322,0.30597353339448025,1.351173520468299,0.8372958630242264,0.019322918636140475,0.03057637214239972,0.07608233250628794,0.442014089176952,12.658964581110427,0.0002423687498601353,0.0034488941650661787,0.003474879250402985,True,True,False,0.0,0.0,0,False,0.09618048000265844
18,True,0.3870420255841392,0.6302509712630682,0.3059723770244962,1.3508031285680944,0.8408552105542576,0.019257384824571157,0.032429201044263944,0.06901167809893564,0.3636644023045299,9.212951383779323,0.0002419121300540722,0.009372573945058468,0.00038600472307587995,True,True,False,0.0,0.0,0,False,0.09646825300296769
19,True,0.38701562502202475,0.6302128202680178,0.3059498932733605,1.3507685388033392,0.8431835758140612,0.019299659028907186,0.032801330322673294,0.06105090952064332,0.4026484153829554,14.88972567456101,0.00018728546584039925,0.004286189723332781,0.004708537965296594,True,True,False,0.0,0.0,0,False,0.09614224801771343
20,True,0.38701058868364246,0.6302228848822828,0.30593982328409564,1.3508144796556347,0.8451943926616095,0.0192816974119064,0.03338823216220321,0.056732501979509624,0.32449362006013305,15.837834454081571,0.00016229845753622403,0.0010900849568915073,0.00393103061641161,True,True,False,0.0,0.0,0,False,0.09780308601330034
21,True,0.38699708872983807,0.630208913069545,0.3059264806166025,1.3507776044510138,0.8475464372744694,0.019376862836522252,0.03385704975433801,0.051856309199824965,0.24741465553894382,12.24471146663002,0.0001942385502412381,0.0014376613742308783,0.004458419573931914,True,True,False,0.0,0.0,0,False,0.09946971401222982
22,True,0.38698974746217846,0.6302243267521432,0.3059115543655234,1.3509805153468413,0.8495759406571554,0.01941577417691774,0.03381059055525659,0.04820667577807629,0.16792843666620566,6.488457911974404,0.00014592238149539665,0.002054399550296665,0.0065887984569473505,True,True,False,0.0,0.0,0,False,0.09754723298829049
23,True,0.38702254560239907,0.6303148052457339,0.30592512572128755,1.3514554473098825,0.850780715642542,0.01945456392817191,0.03336136657513289,0.045545182961967454,0.19421237614080342,5.8712781940369805,0.0001659583148377323,0.0031039293594539463,0.00577479267672503,True,True,False,0.0,0.0,0,False,0.17268169901217334
24,True,0.3870518929745157,0.6303992005697477,0.3059361237761051,1.3519410786905417,0.8516943313597699,0.019452982909498113,0.03264540266869975,0.043798502356764385,0.2317606867532314,7.897274631279208,0.00016648473193283238,0.007344515843913835,0.0031251279860537986,True,True,False,0.0,0.0,0,False,0.09730054601095617
25,True,0.38709233763601864,0.6304904754095713,0.30595962504483437,1.3525214703410082,0.8520770301746611,0.01950725480587555,0.03161270856495446,0.03985736953945526,0.2623760592968118,12.335806261480604,0.0001699216008212385,0.0013685024923265753,0.0042816127200068395,True,True,False,0.0,0.0,0,False,0.09762468899134547
26,True,0.38714631103552827,0.6306048675724278,0.3059934588565618,1.3530888441683644,0.85222770490599,0.019457377381301263,0.03085231703808322,0.03884692654748742,0.25788670060291596,7.778204983303392,0.00017954534657592706,0.0029142899845063025,0.003117967605116281,True,True,False,0.0,0.0,0,False,0.09801523698843084
27,True,0.3872140420883731,0.6307164321977738,0.3060465787185728,1.353389242999999,0.8523171051480789,0.019445447000830438,0.03047340796048581,0.036556406261017346,0.19980740170827296,11.271489184577792,0.00016867800137831948,0.00940943336155267,0.0009944201056159255,True,True,False,0.0,0.0,0,False,0.09759558402583934
28,True,0.38724653164884953,0.6307697516417129,0.30607212498456166,1.353624400622529,0.8522552924057607,0.019371833263787667,0.030038037638540738,0.03658583776559506,0.21206636831831793,8.465251090520699,0.00018928405883212492,0.004709498061610792,0.005575218790652068,True,True,False,0.0,0.0,0,False,0.09789895699941553
29,True,0.3873078548672138,0.6308623544320893,0.30612302167892197,1.3538944767202978,0.8523541447801534,0.01939222295006651,0.029620423231125903,0.03522495262584716,0.3141156751449595,14.937106899190976,0.00028551787635209945,0.007993046502724054,0.00036271378410673746,True,True,False,0.0,0.0,0,False,0.09884596700430848
30,True,0.38734329861299593,0.6309197669572112,0.30615114249825764,1.354123528925242,0.8526273908152633,0.01933098830071551,0.029159642088103288,0.03410173966109096,0.1522012258081732,12.162206765371954,0.0002672295200315432,0.005579929702653689,0.008100723779350462,True,True,False,0.0,0.0,0,False,0.1032649659900926
31,True,0.38741814074071185,0.63102778685264,0.30621492537006917,1.3542362928106602,0.8526864804029064,0.01928265505773035,0.029047284121011648,0.03402460583040195,0.16517326412024652,7.485834293642556,0.00019958727205550482,0.008106086669217772,0.003377742288708198,True,True,False,0.0,0.0,0,False,0.1019292020064313
32,True,0.3874683137050445,0.6310983831242895,0.30625829056529613,1.3543278849480298,0.8526091267519295,0.019231737126041315,0.028864550787867316,0.03421045056891016,0.10658893584705471,5.678583243015458,0.00019665856488753098,0.0011652392248120583,0.005071514632567049,True,True,False,0.0,0.0,0,False,0.1014216429903172
33,True,0.3874882560935895,0.6311231989280389,0.30627660848210636,1.354423305289022,0.8525866869918148,0.01920026250735558,0.028404563161622095,0.03261601641614815,0.2413599604756351,8.791168950730386,0.00029250523341513404,0.0052210096833756525,0.00621107064561549,True,True,False,0.0,0.0,0,False,0.10231921900412999
34,True,0.38757557835922046,0.6312733247832241,0.306342996217886,1.3545696533325478,0.8526407598010761,0.019048006106362706,0.028339893599708565,0.03807041501653554,0.5782243106125478,23.086981808703033,0.0002492752326693659,0.009516774706072317,0.004094674914946717,True,True,False,0.0,0.0,0,False,0.10270440697786398
35,True,0.3875704850267704,0.631237810675568,0.30634804314383784,1.3544565732206642,0.8527196914474432,0.01910856825917326,0.027915213615542056,0.032156835260590586,0.796597259973215,40.29580946457711,0.0003028254399715335,0.005975644389887924,0.004938081425131997,True,True,False,0.0,0.0,0,False,0.10236450401134789
36,True,0.38760789092973463,0.6312711162751853,0.30638681581458455,1.3543353210411622,0.852896850687497,0.019065271951139027,0.027714262881213925,0.03187086468023743,0.17950788519808084,27.974601399261477,0.000236315876161583,0.008835756022682557,0.0004708721932196265,True,True,False,0.0,0.0,0,False,0.10247303999494761
37,True,0.38760408342555547,0.6312402776981553,0.30639201866802207,1.3540531030559277,0.8533567457483976,0.01904777059976949,0.027846889832229497,0.03181482674997267,0.2388109770282299,8.62041107560892,0.0002193341894848333,0.0037108322326238324,0.0067698767151256655,True,True,False,0.0,0.0,0,False,0.10204473001067527
38,True,0.3876135954374896,0.6312249425159354,0.30640981307800774,1.3537620125780243,0.8536711867531801,0.019033327406854414,0.027974288274216663,0.031811863880487144,0.148940725552367,9.075335340246061,0.00020035064668179412,0.0035825620261683943,0.00494414495667976,True,True,False,0.0,0.0,0,False,0.10810350699466653
39,True,0.38764211529549014,0.6312611928679416,0.30643575610467294,1.3538122746082855,0.853840078952324,0.01904221273950568,0.027857349642889776,0.031548633668499186,0.28384329433979355,9.069103420272636,0.000334024527917771,0.0037297473610666204,0.006161738443717302,True,True,False,0.0,0.0,0,False,0.10267265699803829
40,True,0.38763412125441304,0.6312347478523804,0.30643391238842377,1.353854181249734,0.8537644773644271,0.0190540789213309,0.027447849563793758,0.03100466097008335,0.2339446338851628,13.113216474663112,0.0001606616764623859,0.001642208604960114,0.0015620902556261855,True,True,False,0.0,0.0,0,False,0.09570073400391266
41,True,0.3876547571949527,0.6312411787062988,0.30645928335783723,1.3537580540559193,0.8537071094209027,0.019102734226230742,0.027312037181931315,0.030379649503231798,0.24417579822574406,9.182101229810948,0.0001250832341968097,0.004896477601051267,0.0024026629011438282,True,True,False,0.0,0.0,0,False,0.09577648699632846
42,True,0.3877557032730166,0.6314203879397327,0.3065341417174446,1.3539722143131858,0.853525943987277,0.019010645354891595,0.02708090711004374,0.03810169155773901,0.8290039030190255,27.798979335424942,0.00027473333437960163,0.00837246185526609,0.008611356039561764,True,True,False,0.0,0.0,0,False,0.106333593983436
43,True,0.3877532248751218,0.6314342242732173,0.3065262250757566,1.3541548413539695,0.8538004725235999,0.019007189202199064,0.026149357592269995,0.03212811600963927,0.7144508882220004,44.63460151688234,0.00031870922458301123,0.0018598688729331745,0.003807476373273167,True,True,False,0.0,0.0,0,False,0.10363851199508645
44,True,0.3877860348433867,0.6314610245782801,0.3065610382650889,1.3541279402826383,0.8539675683228828,0.019087686006350708,0.02552042840924096,0.030446797872092066,0.3530769928657117,23.00000977628641,0.0001858621552006454,0.00172154370632629,0.010378952456512738,True,True,True,0.0,0.0,0,True,0.10407328300061636
45,True,0.3877880665337497,0.6314646170262511,0.3065625497029158,1.3540911134758016,0.8542636886660284,0.019039026056027492,0.02507655843140943,0.026943447485232103,0.27461714695794853,15.21794019664754,0.00020276199803403354,0.004448366276915877,0.003870206613500051,True,True,False,0.0,0.0,0,False,0.1022828099958133
46,True,0.3878125254585348,0.6315044466440677,0.3065818850633571,1.3540341302016217,0.8546047747627554,0.019044011783044587,0.02474574560309417,0.021862433282354283,0.4773983906668219,11.46193730316025,0.00020671623974910904,0.006246172855090509,0.0020342419699642747,True,True,False,0.0,0.0,0,False,0.10142955800984055
47,True,0.38782730116691433,0.6315236001224603,0.30659520151506575,1.3540279264990018,0.8550238062446024,0.01906279731140846,0.024236526801800325,0.02168386572921917,0.24375054180086908,16.296751965492437,0.00023674292428009088,0.002710779385126333,0.0003922746936180607,True,True,False,0.0,0.0,0,False,0.10099355399142951
48,True,0.38786228019935926,0.631582171056753,0.30662231658022815,1.3540974614153667,0.8553649367461045,0.019015370325088536,0.023858508903666698,0.023484659944287035,0.40388148590418127,18.599320836268106,0.00019486923534942218,0.0013741411267547202,0.0032883952514369532,True,True,False,0.0,0.0,0,False,0.10402825800701976
49,True,0.3878870485920218,0.6316056853458838,0.3066475030074011,1.3541513678824626,0.8558545292343342,0.0191068736166121,0.023453165670791698,0.022862172168465984,0.47601404126955527,25.793960509195568,0.0003342872900516891,0.01532983605832592,0.009961737200652626,True,True,True,0.0,0.0,0,True,0.1050816589850001
50,True,0.3878969352569885,0.6316169392169477,0.3066569339370021,1.3542199679139846,0.8560751196666159,0.019049083405083215,0.023219635173850284,0.024873258254341255,0.4651849251239205,27.10590225074942,0.0004263347701860602,0.013962109338096594,0.014289508425919315,True,True,True,0.0,0.0,0,True,0.10323424800299108
51,True,0.38789728310131355,0.631584746958798,0.3066681284821519,1.3541875687251375,0.8564941828503054,0.019143842849621145,0.02308775359706239,0.024562908079914396,0.48832443043705015,27.66574055373142,0.00018945874328174834,0.008943185953714678,0.0063867895803778425,True,True,False,0.0,0.0,0,False,0.10144123999634758
52,True,0.3879128063603732,0.6316042941458586,0.30668231043187805,1.3541783041560476,0.8570787647683807,0.019087909978050887,0.023415197821752495,0.026213862835077862,0.58373005823766,29.92461057728112,0.00024159811775247011,0.009844276188849126,0.006887518034697074,True,True,False,0.0,0.0,0,False,0.18340791598893702
53,True,0.3879049717489141,0.6315872807078968,0.306677535429253,1.3542563681781299,0.8581607544762675,0.019170447668613918,0.02328203728851519,0.02422727298909634,0.6825752248619212,36.56300827242206,0.000523193889740352,0.01026960688038043,0.011907044685836763,True,True,True,0.0,0.0,0,True,0.10165944299660623
54,True,0.3878909346381122,0.6315401451529353,0.30667453113317117,1.354030711239243,0.859288355686557,0.019224180035489962,0.023788855769752978,0.02173454879785804,0.25718631501933814,25.054554968732038,0.00013248206948065364,0.007674289193737963,0.0037237831670499212,True,True,False,0.0,0.0,0,False,0.10279734199866652
55,True,0.3878623087858781,0.631479947339284,0.30665642926807624,1.3537556790965206,0.8601871401090394,0.019289993577317126,0.024307408717145096,0.02055514163248229,0.1262149561805009,5.7171449614279615,0.0001589246106148969,0.004028596992903685,0.0033379772920749257,True,True,False,0.0,0.0,0,False,0.10259746501105838
56,True,0.38786539276476284,0.6314800307494026,0.3066605134365496,1.3536059270715282,0.8610182195746148,0.019307414533399285,0.02456133283851858,0.019615407582001587,0.24069336294956378,8.853574130239203,0.00018607528175404442,0.0019908172911341877,0.007963311640303356,True,True,False,0.0,0.0,0,False,0.09725954997702502
57,True,0.38784596838459023,0.6314364220797288,0.3066491504862106,1.353371584130662,0.8618662198135989,0.01935210343528983,0.024948416660119044,0.019438772128877492,0.10531736128022841,9.125759185291312,0.00023031161797432582,0.0028677464600638173,0.004305080653777277,True,True,False,0.0,0.0,0,False,0.09758755000075325
58,True,0.38781109238063194,0.6313702240140917,0.30662471516947876,1.3532117922970608,0.862803688994554,0.019379616113676237,0.025148413615956766,0.019608231382173703,0.125908466636333,4.012903103340807,0.00017056865204039356,0.007960706412497399,0.009470207011983353,True,True,False,0.0,0.0,0,False,0.09364611300406978
59,True,0.3877907304457482,0.6313299813805083,0.30661098013416127,1.3530904069114704,0.863635876478406,0.019351005374508876,0.025460169580589827,0.01949646351988711,0.25940233386586176,10.304842366219816,0.00011638146392953914,0.0032958101265750527,0.0029654421070046443,True,True,False,0.0,0.0,0,False,0.09366528899408877
60,True,0.38778122175365276,0.6312936909528406,0.30661039868725676,1.3531014853637908,0.8644037761894727,0.019427728637610543,0.025429623021638426,0.0201321454810398,0.3019383816605018,16.521297946534034,0.00015133421632539695,0.0025282302606864536,0.0005755522165911692,True,True,False,0.0,0.0,0,False,0.09374015001230873
61,True,0.38780618517341614,0.6313248408202011,0.30663329995782124,1.3532801250639122,0.8650900476163954,0.019409622668228176,0.025221095518336956,0.01952701334763239,0.19988242264506648,13.77897362397168,0.0001915208510738463,0.010316755921210678,0.004028749469870241,True,True,True,0.0,0.0,0,True,0.09441571700153872
62,True,0.3878100053334198,0.631309308261663,0.30664357102400547,1.353411653097833,0.8653009829123924,0.01949225629187617,0.024893444460821534,0.019153931849107023,0.24078239393016937,10.26003943635923,0.0002295146489550042,0.007454988420763134,0.008637373172515898,True,True,False,0.0,0.0,0,False,0.09657637900090776
63,True,0.38781287091727795,0.631291580380071,0.30665330109634686,1.3535976099208318,0.8654040935391187,0.01952168880941539,0.02439867055051037,0.01930310766821352,0.12486169070520305,8.734846205199785,0.0001730697648460015,0.004397511420722093,0.002089429361497287,True,True,False,0.0,0.0,0,False,0.0973512229975313
64,True,0.38783699553286594,0.631314390764315,0.3066778637890497,1.3538003947111792,0.8654047452991585,0.01952702041880039,0.024031991582249557,0.023943021923189766,0.41696248069106423,14.173410024873592,0.00021911750881482177,0.009737797262751634,0.004181637727653001,True,True,False,0.0,0.0,0,False,0.09834259600029327
65,True,0.3878297287469417,0.6312763325522719,0.3066808608118318,1.3540767125906519,0.8655988595693719,0.019600571569563508,0.02319511720700107,0.02080581265869797,0.4847018171892726,26.369534808700664,0.000312717601902061,0.002790970260880221,0.004527061384889834,True,True,False,0.0,0.0,0,False,0.09914242799277417
66,True,0.3878223151109969,0.6312328857496404,0.30668545823144905,1.3543914317528722,0.8654851191600053,0.019728857891402073,0.022310523293571638,0.021145143748682187,0.1670102776479293,18.943639475808666,0.0002527872253065408,0.0012855144259284223,0.002506087873689542,True,True,False,0.0,0.0,0,False,0.09794415399665013
67,True,0.3878106799984365,0.631169178274391,0.3066911805731182,1.3546874314337887,0.8655114410544268,0.01984809577726641,0.021457139043270512,0.022376123988005602,0.26458408780353476,12.47734626696594,0.00030261939622323544,0.0033520386114058655,0.00021916817903421521,True,True,False,0.0,0.0,0,False,0.0962624850217253
68,True,0.3877964131771813,0.6311030561826765,0.30669419884201626,1.3549952317077838,0.8654206017175122,0.01991824514452371,0.02063915802010352,0.022422673421031082,0.18748508420300317,12.461551233191244,0.0002802335789468145,0.0011270378618441592,0.0023174766295965227,True,True,False,0.0,0.0,0,False,0.0975923590012826
69,True,0.38778462282794823,0.6310235476805778,0.30670498121040507,1.3552261258472482,0.8653724509952423,0.020007745164753517,0.01985338299062467,0.023226643989035393,0.14405010965866538,8.92776216813337,0.00029539262042196473,0.0029323290666860256,0.0008726761552440423,True,True,False,0.0,0.0,0,False,0.09547198200016282
70,True,0.38780969868033055,0.6310115398859629,0.3067424182784531,1.3556048602110509,0.865363112486034,0.019983859357055232,0.01908654937383547,0.026357886198316367,0.3560666357366124,13.740488863480252,0.00029216863188738084,0.009322977750228492,0.0030062976841987625,True,True,False,0.0,0.0,0,False,0.0954536079952959
71,True,0.3878205931210709,0.630950286923359,0.3067773618536415,1.3559853959736679,0.8650480823523221,0.020069715646311062,0.01764576764742709,0.026474834130697095,0.27313228944484974,17.224935547472814,0.00037324259461654256,0.009891295373015266,0.010139716311715573,True,True,True,0.0,0.0,0,True,0.0953558930195868
72,True,0.38783763056315673,0.6308936419780928,0.3068189600915114,1.3563502300137968,0.8645570846634627,0.020084845566751604,0.0162719258093158,0.02566073839232527,0.17646939573246892,11.288105742639729,0.0003536782786750411,0.008085076977852263,0.008307180965361864,True,True,False,0.0,0.0,0,False,0.09607982201850973
73,True,0.38788726551235236,0.630879096324827,0.3068899885748609,1.3567599623639168,0.8638933245237113,0.02009007706126681,0.014641409658007422,0.0254562313889698,0.12825260396280103,6.451622936447729,0.00033146715108293306,0.004023944357687891,0.0009574092015146526,True,True,False,0.0,0.0,0,False,0.09597777898306958
74,True,0.38795677072787443,0.6309007716765425,0.3069754370783182,1.3572440135503097,0.8633204031177303,0.020250572532415658,0.012785006304159907,0.027780720266323947,0.4589702897568931,13.862598603519048,0.0004990338734556798,0.007550404099038903,0.01557893660392827,True,True,True,0.0,0.0,0,True,0.09369321199483238
75,True,0.3880059321171047,0.6309300621723211,0.3070312220986992,1.3578379443087683,0.8630463125121239,0.020166920267540717,0.011085068268024578,0.034083912291773155,0.6462693047708234,27.746260378628673,0.00041280118250534316,0.010751733704709108,0.009916899281825988,True,True,True,0.0,0.0,0,True,0.14170306001324207
76,True,0.38803105522499076,0.6308828120042446,0.3070804696319061,1.3583293593220618,0.8628350549158144,0.02027075318274589,0.008881768807452728,0.02300189385611698,0.7018243288322031,38.196085345409934,0.0004212734560340684,0.0006416341255665114,0.0010014294080266616,True,True,False,0.0,0.0,0,False,0.0943856899975799
77,True,0.3880542497201274,0.6308331755204922,0.30712794112000574,1.3587480171029658,0.8624803082570255,0.02034420785202386,0.006875166347792838,0.019395791471949538,0.20484627823947876,19.909157168994835,0.00040543226551470316,0.002513829108927266,0.002735529478172064,True,True,False,0.0,0.0,0,False,0.09576008701696992
78,True,0.38809102875054596,0.6308019911328512,0.3071873746231108,1.3591011123442502,0.8622505955487463,0.020318906933045347,0.005045844895796625,0.018424477166384557,0.12770929501452655,6.494159068173016,0.0003913726795725237,0.0020448328857519877,0.000299873677477934,True,True,False,0.0,0.0,0,False,0.09446691398625262
79,True,0.388161385478645,0.630818908886393,0.307275544342729,1.3592937413621449,0.8624216039547092,0.020348640286578307,0.003607529503648399,0.01684655523743038,0.21925853777745224,6.960759891034901,0.0003951631169283918,0.006436647232238721,0.0028306748945085775,True,True,False,0.0,0.0,0,False,0.09374165302142501
80,True,0.38816416222536915,0.6307475476091899,0.3073030337640956,1.359561720812792,0.8625319053794515,0.020373598732299002,0.001832296371171438,0.016416551593701492,0.20379037220683455,11.735607040629795,0.00038636586194161,0.00124615744921408,0.0025731271448901022,True,True,False,0.0,0.0,0,False,0.0937362129916437
81,True,0.388174976543756,0.6306946643916246,0.30733508059446646,1.3597374438151373,0.8626649193723708,0.020410624252351763,0.0004272716034285917,0.015583371107715844,0.1652178880659788,10.314582004474971,0.0003434623581385833,0.00021272729826142748,0.002056893262672222,True,True,False,0.0,0.0,0,False,0.1719996329920832
82,True,0.3881765544331592,0.6306394228017547,0.307355598310294,1.3598032594700409,0.863235445269848,0.02040817376588049,0.0007555197692166171,0.016768552400653437,0.15121606111584251,7.126831309664899,0.0004057833702502737,0.006072895451038934,0.005067505092755929,True,True,False,0.0,0.0,0,False,0.0979174829844851
83,True,0.3881593634453528,0.6305518441626783,0.30736186987291075,1.3598385984900465,0.8640117368940193,0.02046467786078956,0.0021277386854963165,0.016416075665414583,0.24497924281957242,10.136843831653724,0.0003748586419321119,0.0028688236898901345,0.0027204589036486475,True,True,False,0.0,0.0,0,False,0.09660397199331783
84,True,0.38816495165781856,0.6305311956488068,0.30737620366082247,1.360049898599876,0.8645259361410244,0.020440534048817526,0.003615167954541309,0.016529295488932148,0.26161900187101805,13.996879236229335,0.0002905429676441816,0.0008968021798826079,0.0008987790761707636,True,True,False,0.0,0.0,0,False,0.0967766770045273
85,True,0.3881702064985838,0.6304926561631601,0.30739605661039165,1.3601495477502838,0.8648565452471767,0.020520434839615808,0.005026253448098705,0.015531723762011437,0.27829464049449887,15.019211818009236,0.00035441828599341055,0.0020021410865741457,0.0019785351598961415,True,True,False,0.0,0.0,0,False,0.09682403699844144
86,True,0.38817889530119565,0.6304737901127963,0.30741393036399534,1.3603053914208978,0.8647551529722238,0.020483111071900057,0.0063999126174891785,0.015735491442873766,0.22677820120781436,13.48709738430346,0.00038922689762952464,0.01013443817339127,0.007930284596987669,True,True,True,0.0,0.0,0,True,0.10293977201217785
87,True,0.38817434212149343,0.6304149975718848,0.30742745697136303,1.36057306198667,0.8645144098344215,0.020510566227970244,0.008329865935891245,0.020953425996633294,0.5054423794241371,19.601906786285618,0.0005717099292531302,0.009044973465484005,0.00690094320078838,True,True,False,0.0,0.0,0,False,0.10205235600005835
88,True,0.38817016491660494,0.6303654034996888,0.3074384187222436,1.3606986153572147,0.8644536201822576,0.02052372564615447,0.009500915086008366,0.016249923231459944,0.2727201044172955,22.954454670592256,0.0003030877040566926,0.001323477432860908,0.0007186036262222562,True,True,False,0.0,0.0,0,False,0.10132442001486197
89,True,0.3881740078730938,0.6303495106283965,0.307448840287993,1.3609267572244947,0.8647294031700901,0.020477595434849814,0.01059250296905212,0.01729593626481302,0.29148942608853273,13.188804725712348,0.00020467590199889975,0.0013178472618925695,0.0008682354021375811,True,True,False,0.0,0.0,0,False,0.09914677598862909
90,True,0.3881706687715893,0.6302896362400336,0.3074643462821078,1.3607761556387055,0.8652130112307053,0.020496486747596274,0.011102017317309976,0.015414078527677509,0.38950524121991054,19.701869233936648,0.000322337114512255,0.0007233298102380662,0.0015552355549942412,True,True,False,0.0,0.0,0,False,0.10030395200010389
91,True,0.38817801825534337,0.6302447408948161,0.3074891107088525,1.3605909785549406,0.8656709701143737,0.020477719770569766,0.01157749988846879,0.016186857338594006,0.08695661641527837,11.721851179638731,0.00028958043654565206,0.001443307572789265,0.004287071549066576,True,True,False,0.0,0.0,0,False,0.09881193400360644
92,True,0.3881685712238421,0.6301925973038293,0.3074938958638464,1.3603408638443453,0.8662527849098287,0.02043135815029876,0.011701540584127203,0.0163978417375808,0.17705129040169462,6.456549302951468,0.00026281177188958177,0.005117813833344881,0.007272448168888511,True,True,False,0.0,0.0,0,False,0.09900859501794912
93,True,0.3881879220495139,0.6301793689089481,0.3075241064297025,1.3599157174632852,0.8668104774521385,0.020340498977983727,0.011405067180578099,0.01773440632684077,0.211025257996691,7.251331318777629,0.0002891564798387911,0.0037865193050575716,0.00020864724152922043,True,True,False,0.0,0.0,0,False,0.09947215099236928
94,True,0.3881818979004262,0.6301238162089835,0.30753459179757375,1.359540852081179,0.8674221683836236,0.02027219717286935,0.011510709269177521,0.016621619595689016,0.37431059078249607,16.502121934701595,0.00015761461957134075,0.0031380969165950004,0.002331397086213845,True,True,False,0.0,0.0,0,False,0.09956369397696108
95,True,0.3881684025663953,0.6300306422467544,0.3075476560062756,1.3586983507314898,0.8677586655447969,0.020272752739151,0.010702825560275686,0.018262026600321158,0.3571348125079881,19.347088306159275,0.00037671329515654437,0.0020920562042667417,0.0010479570493623406,True,True,False,0.0,0.0,0,False,0.09956055801012553
96,True,0.3881501978122278,0.6299303863242164,0.307556801641565,1.3577236260532353,0.8680539476802783,0.020179437784848448,0.009636555757684295,0.01886962805064949,0.17816677305434778,11.507651291219846,0.0002409282839314854,0.0012699144615324156,0.00026402346533922815,True,True,False,0.0,0.0,0,False,0.1004101230064407
97,True,0.3881566984773974,0.6298872384001832,0.3075798518364688,1.3568593134004654,0.8685306678557031,0.02008345699168489,0.00841728841876588,0.018557838398279857,0.4440424084500328,14.891542804702393,0.00021724040048180752,0.0020759188028678962,0.007222857962953623,True,True,False,0.0,0.0,0,False,0.100051685993094
98,True,0.3881369994626252,0.6297843736591722,0.30758787473044275,1.355731539820151,0.8685080272046428,0.019936407037687547,0.006438090290935562,0.01802000176084648,0.47135319713558876,25.63566336822615,0.000651595314097688,0.014937796406120186,0.013954523004435134,True,True,True,0.0,0.0,0,True,0.10033715501776896
99,True,0.38812667196653405,0.6296844893400169,0.30760739950870636,1.354707500415818,0.8679368795155145,0.019950818784286603,0.004757206710215733,0.01720774438312108,0.4275827444705143,23.353329405599016,0.00025299840074827776,0.010688009992649412,0.012637924033910043,True,True,True,0.0,0.0,0,True,0.10200228198664263
100,True,0.38811467481173373,0.6295975117287399,0.3076203958393983,1.3538596118344095,0.8668164591512916,0.019830542976270064,0.0030416243916226997,0.016009209268957547,0.24791064835019969,19.284265133832225,0.00034189347543290367,0.003919993855621609,0.006134080031055809,True,True,False,0.0,0.0,0,False,0.10194048401899636
101,True,0.3881187978632662,0.6295272465436083,0.30764931496981873,1.3532544453607152,0.865189411765859,0.019792626770069714,0.0016792427288681022,0.018557678073653525,0.3270520427910261,15.589700308246323,0.0001765165226959177,0.0003325885483261213,0.0006723066874316675,True,True,False,0.0,0.0,0,False,0.10185490301228128
102,True,0.3880982547103328,0.6294049607863931,0.30766268601831276,1.352405850219427,0.8653544558122844,0.019730970223348278,0.00017954199991510047,0.020468429687687282,0.43276624689314863,19.64221151531161,0.00025684896456359746,0.0017331975525521541,0.0007318395925403079,True,True,False,0.0,0.0,0,False,0.10159019299317151
103,True,0.388068037567233,0.6292117650886462,0.30768679506009533,1.3515193221105624,0.8630092122090804,0.019693056710043497,0.0016243480665836252,0.024858127964679507,0.658726042053547,27.679883448195927,0.0003860699121540609,0.00886577735430384,0.01087850444039805,True,True,True,0.0,0.0,0,True,0.1026466790062841
104,True,0.38799151013868416,0.6289371329291368,0.3076763025418667,1.350137619357789,0.8624739029816607,0.019533258840026293,0.0027124826113127387,0.031696155025599936,0.6704114640613694,22.946634063541698,0.000591684934019375,0.017826430610812422,0.01301158153942641,True,True,True,0.0,0.0,0,True,0.1506291170080658
105,True,0.38773157929585816,0.6282434133878508,0.30756096793186044,1.3472246042417613,0.8636400808337301,0.01969471161801027,0.003307819539873691,0.08517088154277848,1.7550724912116649,47.89614892998589,0.0010727627538183093,0.007871254951473202,0.0037928945201642405,True,True,False,0.0,0.0,0,False,0.1502463729993906
106,True,0.3872622912474438,0.6270773711157589,0.3073239312913387,1.341683239506806,0.865098009330089,0.019821138725244776,0.005063070561242,0.14809158880078502,2.0784006194977174,38.774846523131124,0.0020013798797532388,0.0052312349286460615,0.0023939063994392537,True,True,False,0.0,0.0,0,False,0.14821493500494398
107,True,0.3862817269944538,0.6248070809201972,0.3067732756858727,1.3304411325693135,0.8745200849310664,0.020364162404818798,0.007484219493916644,0.25412413239491577,3.254927929921836,51.18445845038352,0.0035975356292698496,0.001905149036385392,0.002476893412344393,True,True,False,0.0,0.0,0,False,0.19597816799068823
108,True,0.3846846852859103,0.621209986173737,0.3058429183233015,1.3125846073777279,0.8893807052510697,0.021009288127801787,0.009309422984173475,0.3644366535377777,3.4366614318085715,25.737999458787808,0.005389276523533039,0.006261842485412613,0.006794972982509168,True,True,False,0.0,0.0,0,False,0.2767351590155158
109,True,0.3822502635033781,0.6156127972312191,0.3044627522607643,1.2859461150297027,0.8854338033232104,0.021941530518712622,0.007680049809820399,0.4846335406597401,3.9593291932711643,42.191292993187965,0.007574928187793335,0.006700510781964833,0.00047312075683961534,True,True,False,0.0,0.0,0,False,0.19686688698129728
110,True,0.3787254051876946,0.607600388675828,0.3024337440249835,1.2486879173910441,0.8822612039428028,0.02200541405290952,0.003917829440753806,0.6204824856608956,4.677052076609313,65.7946960277657,0.009662208349479543,0.010212969568090027,0.023529869434702956,True,True,True,0.0,0.0,0,True,0.19426636400748976
111,True,0.37431709848392636,0.5971545718071574,0.300037940709516,1.200900523875024,0.8900242783937786,0.0222931920126037,0.00035173007588507055,0.6928070928911526,3.2837787602254007,98.60850661169351,0.011199404408687412,0.009149216877303941,0.025847305695862934,True,True,True,0.0,0.0,0,True,0.19187413499457762
112,True,0.369062427670859,0.5842583679948099,0.2973304475628754,1.1461192463887615,0.9044881268582987,0.023017925848998085,0.005966128177278707,0.7201391581034639,4.858467785774097,162.30108466913796,0.01215499371136761,0.030165356152959944,0.041664224294251144,True,True,True,0.0001813121393886962,0.0,0,True,0.47848583399900235
113,True,0.362770689520986,0.5680548540336022,0.29434263468344735,1.0844240085854058,0.9160072761293411,0.023275483241904392,0.012467592701929986,0.7738338914637843,3.9109509082076195,215.26690968138846,0.012713664730903374,0.01182488987258612,0.013027554139716145,True,True,True,0.0002000974083509622,0.0,0,True,0.4737933290016372
114,True,0.3552557462324984,0.548189798605499,0.29094439544149814,1.018931989215846,0.9094551565044853,0.023797375995974833,0.007724052699664918,0.8147535152125225,3.1321819290115824,89.73929768795402,0.013154891056042702,0.02577723941730916,0.021620952474795542,True,True,True,0.0002254767609285828,0.0,0,True,0.4705665729998145
115,True,0.3462821189952759,0.524665410637787,0.2868210217811055,0.9557646626437126,0.8687761054422056,0.023932234680909763,0.005874177592767982,0.864385278643914,4.215732724847887,109.13290505968983,0.013627416304554014,0.049448080871722776,0.03667844653702832,True,True,True,0.0002500299186981893,0.0,0,True,0.47113584898761474
116,True,0.33571348847481103,0.49756577493788434,0.28176272632045324,0.8921288433218,0.8016206062027055,0.023916155759494993,0.017720871343720912,0.9226349865960646,5.010396299953613,126.02666455213601,0.014654419416495009,0.04016888914338716,0.019380308657609913,True,True,True,0.00029211016281464365,0.0,0,True,0.482296997011872
117,True,0.3249617605584873,0.4697220966927567,0.2767083151803976,0.8339513082611689,0.7260838986748431,0.024959532312532506,0.025920486720673486,0.8899866991288451,4.445518199560754,154.89589651868306,0.014368491792842965,0.062214723991167946,0.048737317690200004,True,True,True,0.0006247185218682828,0.0,0,True,0.5676200170128141
118,True,0.31440390689417347,0.44256807561202244,0.27168251732155707,0.7828192799874587,0.6427290307649632,0.025679058031756272,0.025081828930626493,0.8312978899075618,4.94888277654858,128.04591563362973,0.01338775689333863,0.052411140509112164,0.021789565569676053,True,True,True,0.0006921769996799856,0.0,0,True,0.5054185240005609
119,True,0.3043160397466335,0.4162422271049191,0.26700731062720506,0.7377935221458694,0.5576654725869916,0.026264923009143504,0.010026949978069633,0.7826939148428315,6.003759277325664,94.31837766490665,0.012871935438785042,0.12158616706924362,0.039391447948894195,True,True,True,0.0006338427175708958,0.0,0,True,0.520047975005582
120,True,0.29595188400817884,0.3934263350350663,0.26346040033254964,0.6980233053071367,0.4778982509607192,0.026591754005523525,0.011259242629162003,0.6739400426211578,6.982362250297594,197.4555485928617,0.012019172626132897,0.05046637662254766,0.026923500600219266,True,True,True,0.000573781583323954,0.0,0,True,0.5283203650033101
121,True,0.28817104684946654,0.3710526850711883,0.2605438341088926,0.6675477843255851,0.40682424554929836,0.026446983045777046,0.03483617353816815,0.7158568727917181,7.786532580911372,240.17932868868456,0.012111376608427848,0.10089295602049002,0.17432314337908641,True,False,True,0.0006553797167134154,0.0,0,True,0.5213749330141582
122,True,0.2816574794103395,0.35062758593617194,0.2586674439017287,0.6473308814758706,0.35309990009407105,0.026487681802528612,0.05296767386451817,0.7068512347290462,4.802183583305232,240.56361316745316,0.01136086044292956,0.09170019232787704,0.20261423078455187,True,False,True,0.0009854375130111965,0.0,0,True,0.5055885170004331
123,True,0.2781950999803825,0.3361663700062426,0.2588713433050958,0.6383897216446275,0.32610137453054305,0.0268965858472536,0.0767151280955678,0.6185216038819967,7.586460816558115,258.1672887705586,0.009616030528265583,0.012710476788105645,0.04264812498224767,True,False,True,0.0009924632117717224,0.0,0,True,0.5737445409758948
124,True,0.2772520971897268,0.3265857033244379,0.26080756181148973,0.6364376512433222,0.3158855531281773,0.026783937587121723,0.10303432587384731,0.6020900356465942,5.99375618849981,147.80259025629942,0.008457232898272007,0.022153237444130038,0.04303554080093763,True,False,True,0.0009926875479927683,0.0,1,True,0.5076329900184646
125,True,0.27889195622950547,0.32278035823814377,0.2642624888932927,0.6402188836459282,0.318205806919787,0.026560783839582013,0.12585491044576558,0.6085241271325753,8.32637993425758,202.52477384721453,0.007371778771932662,0.08279954647755336,0.07079787411457521,True,False,True,0.0009929434453881374,0.0,1,True,0.5082626810180955
126,True,0.2833572759423462,0.3247758680301742,0.2695510785797369,0.6519778130536994,0.3301509883974453,0.025981435722712446,0.13741562068726876,0.6874106228860831,6.8601453554071785,215.59547015369517,0.008005502608884914,0.12595309817744985,0.16197148657728888,True,False,True,0.000992935093935379,0.0,0,True,0.5051510320045054
127,True,0.28869932490624034,0.3269338479717402,0.2759544838844071,0.6680501042780116,0.3460515327564249,0.026750856203593694,0.10795831463692296,0.8887469402687401,7.605542099163231,237.55180673280836,0.007958399096134147,0.046441382482619524,0.07975319532694049,True,False,True,0.000992952256779622,0.0,0,True,0.5197684810264036
128,True,0.2944597323939259,0.3307643062390019,0.2823582077789006,0.6883533385357361,0.36729439999495594,0.027570724978447127,0.07582005520755919,0.8760514650501721,6.618472093171705,319.7124414208011,0.00781036270258163,0.04012307431337319,0.036176728632018616,True,False,True,0.0009929542044803015,0.0,0,True,0.5263981570024043
129,True,0.30020612401270896,0.33533248446420705,0.288497337195543,0.708453005197363,0.39153030361140295,0.02802708848191007,0.04681253254897922,0.8041642554924372,7.663860279247725,246.60643986361106,0.007624473704902597,0.10101044399660844,0.015095527754201851,True,False,True,0.0010078011559815307,0.0,0,True,0.15735650999704376
130,True,0.3049976337032801,0.3400477410104916,0.29331426460087623,0.7239438213924476,0.41435488265670495,0.028463520534194646,0.014832922957740855,0.6682587404752445,6.968987244531717,200.1226308190146,0.006570981365690051,0.14466048666647255,0.04586883453713538,True,False,True,0.0010058315869550059,0.0,0,True,0.6135923329857178
131,True,0.30795758889313046,0.34314771709362585,0.296227546159632,0.7316180795110686,0.4052248633352742,0.028959712194092737,0.04247261263773461,0.48497300831268586,8.371042004331143,139.45700750768032,0.006420918676701756,0.053135540775659185,0.1239954497328417,True,False,True,0.0009935602550706236,0.0,0,True,0.5178761570132338
132,True,0.3088950269626378,0.34463808644087496,0.2969806738032254,0.7353649114569442,0.38345192121620436,0.02902810776052351,0.11253294042247775,0.4190261024530271,9.55928926093455,188.12120293871303,0.008727565911157914,0.1500710489538561,0.291355192820627,True,False,True,0.0010085757502885269,0.0,0,True,0.4913430959859397
133,True,0.3082416084773721,0.34557086690298355,0.2957985223355015,0.7413720557064153,0.3630916401731463,0.028829189334856127,0.17707014676146174,0.4127966549145768,6.566308372803849,325.810513787536,0.010073139394326035,0.02380460657718373,0.5553954998414388,True,False,True,0.0010092626536005664,0.0,0,True,0.48271715801092796
134,True,0.3076145812779111,0.3473162233545883,0.2943807005856855,0.7537166153612294,0.3529023922650667,0.02869387236655535,0.2348313089820071,0.5120576645151397,5.6782723939692215,170.44693305340832,0.013378690333673017,0.061640286943092995,0.8163228292231928,True,False,True,0.0010081245981207083,0.0,0,True,0.4823093279846944
135,True,0.30691965059824333,0.3503613366621056,0.29243908857695594,0.7686148894497197,0.3435019795077582,0.028375148199199406,0.25657505464020325,0.5227058728994333,6.6236843843571585,234.7641239091078,0.013905737107136626,0.05152967605794191,0.9067836812961012,True,False,True,0.001008405183955131,0.0,0,True,0.4848367639933713
136,True,0.307391854146977,0.3566468233127542,0.2909735310917178,0.7878514051598194,0.3346598365870731,0.028045211882255866,0.28489990182341773,0.5599749831343707,3.172701100261972,200.931440492797,0.015369866575124016,0.016754364043821014,0.9717994962911974,True,False,True,0.0010079455081712253,0.0,0,True,0.4815916030202061
137,True,0.30950433892851725,0.3661226121979907,0.2906315811720261,0.8081684209026064,0.3222421124298719,0.02822049226908932,0.28416938095512867,0.5539780891689499,3.7090936258541247,130.53804478473958,0.015786443385271083,0.01388980880163993,0.9711402171336011,True,False,True,0.0010079505948627047,0.0,0,True,0.4775708059896715
138,True,0.31180328506544563,0.3761232163278406,0.2903633079779807,0.8246812962964668,0.32006505952700226,0.028122925642864335,0.2583436077104335,0.5910218507676384,4.875023918044746,116.68957426219964,0.01439233267272375,0.028121733002053888,0.8210552438301031,True,False,True,0.0010079504886030006,0.0,0,True,0.47575999499531463
139,True,0.3149707441376693,0.3879302215607458,0.2906509183299772,0.8361127850714251,0.3193702109854919,0.029250706006535343,0.24250476030251097,0.51774764968014,6.70975318531776,249.50817586765143,0.014479232402595583,0.038163943532666215,0.8532259264637996,True,False,True,0.0010079507408370762,0.0,0,True,0.4762852190178819
140,True,0.3177141773144162,0.39862806464627637,0.29074288153712946,0.8405987761181432,0.32122683424353515,0.030397881535463966,0.23143723653209003,0.5485853280929889,4.953927295540287,162.13283148559555,0.013726454143843884,0.004023053555222426,0.7072853633117148,True,False,False,0.0010079487888685623,0.0,0,False,0.5488090960134286
141,True,0.3203427067111201,0.40863682289977044,0.29091133464823665,0.8383744814760173,0.32566632257790595,0.03167895002464907,0.22112151647094033,0.6117558314347967,5.47002493958206,83.06832909968125,0.014488146089182186,0.03876128844381642,0.6259282159863255,True,False,True,0.0010077349046490464,0.0,0,True,0.47907674399903044
142,True,0.3223406397865332,0.41734263811775346,0.29067330700945976,0.831735898542783,0.33217649897822094,0.03206279606406407,0.20293642860704142,0.6890152428697917,5.498336058333546,83.6082205172235,0.014497892884087505,0.026425518026172216,0.4608169814558213,True,False,True,0.0007071144082553098,0.0,0,True,0.47937541801366024
143,True,0.32446800876571513,0.4257024372614123,0.29072319926714946,0.8255784195927804,0.3400011901996938,0.0321355927917787,0.18593411865971476,0.6778939705435284,7.865879887175473,228.57425729166852,0.015160939647800667,0.012809238253670115,0.4176406978698543,True,False,True,0.0005892939991143046,0.0,0,True,0.20045019401004538
144,True,0.3269282652014186,0.43330663735705977,0.2914688078162048,0.8225820658110065,0.35503986999738496,0.031748113610445855,0.17316119606922833,0.7146393653946785,5.4923239940119695,131.0854675917619,0.015447830047286035,0.049836911650399586,0.3268456055444104,True,False,True,0.0005146258132933436,0.0,0,True,0.19855389100848697
145,True,0.330113394310234,0.4408502133928604,0.29320112128269193,0.8225165120225333,0.3763336126712521,0.03174651394737435,0.15021630216701998,0.8376598067706023,9.150355281556962,163.784284769858,0.016654224790533016,0.04089974868631839,0.3108337044784378,True,False,True,0.00043808482424236017,0.0,0,True,0.15270127600524575
146,True,0.3337448176602729,0.44896140295123166,0.2953392892299533,0.8238711877881912,0.3786613205003347,0.03254832962703714,0.1751978558662557,0.8080084948641381,4.837700072721521,300.35210857781664,0.01712640762670807,0.007574152260969802,0.20619874318622539,True,False,False,0.0004375509997717013,0.0,0,False,0.20112402600352652
147,True,0.33758800154741614,0.45625510796836594,0.2980322994070995,0.8219325739542245,0.3797152790374949,0.033662031239836424,0.22823801613398298,0.7704690568430093,6.588290725169577,132.2773498390016,0.01824649607644395,0.034759651894131334,0.09107793475582064,False,False,False,0.0003790668678707917,0.0,0,False,0.19814045997918583
148,True,0.34070142696764544,0.4605009629434501,0.3007682483090439,0.8161550178950908,0.3973362825600953,0.0337159949413334,0.31509656141913966,0.6283057871656441,10.177791506455144,252.13408326460325,0.016859008010619788,0.0760973985127937,0.07070776420145662,False,False,False,0.00014539491922823354,0.0,0,False,0.19870333399740048
149,True,0.3433466642053304,0.46186472903347425,0.3038406425959491,0.805172744808789,0.4423314954017142,0.033987420133624636,0.37099947376597053,0.5898727208741683,8.4548954318377,208.66536373349066,0.018051927639162208,0.09984080555531402,0.024990625972443087,False,False,False,0.0,0.0,0,False,0.21569079998880625
150,True,0.345038737666111,0.4606050739698225,0.3065166255648738,0.7907319868875072,0.4681926940123817,0.03336256962937195,0.3770074728654057,0.5787406813552374,8.851170089109207,194.35168681826198,0.01639274952734507,0.27031409830511405,0.15714743654570248,False,False,False,0.0,0.0,0,False,0.20070471498183906
151,True,0.3446531411466524,0.45634930737188656,0.30742108573824106,0.767129691313226,0.45684262202104303,0.03487854186198941,0.30417045011694865,0.5964490608545177,8.688285484386656,294.953655104363,0.018812040191119393,0.5831545257496384,0.08153186047984366,False,False,False,0.0,0.0,0,False,0.21787810200476088
152,True,0.33931239339299035,0.44386407247285575,0.30446183369970187,0.7309140028146054,0.4191215435370303,0.03599696708530556,0.19197242254241698,0.6936272850794367,9.331849394914112,136.0022515138695,0.021791411348074923,1.1247101912089987,0.09862467791929537,False,False,False,0.0,0.0,0,False,0.2485782979929354
153,True,0.33219756112338755,0.4273679826405564,0.3004740872843313,0.6988032849801266,0.427755126028585,0.03539808534571237,0.08390009740349981,0.7497817903494122,12.606209561683606,366.49303042491584,0.024809616518422305,1.5333941900181218,0.05914736714206252,False,False,False,0.0,0.0,0,False,0.29899379500420764
154,True,0.3240032788496256,0.40894800124024133,0.2956883713860871,0.6727273795731817,0.4449207943935125,0.03483682686949533,0.04371567594978909,0.844914851235531,11.34449766514048,220.1859234953766,0.026766364003247167,1.8481207504336365,0.07903013701761544,False,False,False,0.000249801477451482,0.0,0,False,0.497651362005854
155,True,0.317014959320608,0.3928120138453747,0.2917492744790192,0.6924436365947575,0.409061046440729,0.033361104414124335,0.08280773461158819,0.9339040192409233,8.634154061865063,193.13050833787398,0.027096397685871,1.919562375636829,0.10949701081575026,False,False,False,0.0002656213132118234,0.0,0,False,0.4914666870026849
156,True,0.3129470190195986,0.38347965861491956,0.28943613915449157,0.7256406070746245,0.3745246843881491,0.0320276098469709,0.13950539832801911,0.9679175843060547,5.791286054533842,221.26430264681937,0.02807910646533199,1.9736871614140863,0.0889529068714993,False,False,False,0.0002778861286460155,0.0,0,False,0.5993550239945762
157,True,0.31133573059469655,0.3806854924803714,0.2882191432994717,0.74740806769179,0.367710416302951,0.03204252910332548,0.18056612294131646,0.861649975971974,5.620265349066197,238.1249779677671,0.02828331846489913,1.9547536989250338,0.06702036454190505,False,True,True,0.0003271275107706081,0.0,0,True,0.4942457290017046
158,True,0.3134681119053822,0.3856370753692961,0.28941179075074425,0.7584645088393702,0.3708177464988064,0.03271212393653024,0.2245086020562167,0.7361993624100907,7.631700833046342,103.189704641035,0.027557078817168814,1.8460052328584717,0.06032891800483427,False,True,True,0.00037792486047695875,0.0,0,True,0.49154665900277905
159,True,0.3174622732543708,0.3945113179783565,0.2917792583463756,0.7540260382344023,0.37387740382803625,0.03350705651036614,0.25553148042284535,0.6055492988644713,10.739862644037233,184.82572735019477,0.028230566386523985,1.8368122349743412,0.08240781007532555,False,True,True,0.0004642589349990473,0.0,0,True,0.49897961399983615
160,True,0.3225710348578013,0.4056905098887045,0.2948645431808336,0.7427553538341208,0.3811471950658935,0.033573262903290935,0.2838266160120073,0.596102016198664,7.509184491476791,267.75595390634555,0.026045458512368284,1.5308563407063691,0.06174935846508592,False,True,True,0.0005216619937835967,0.0,1,True,0.48863660101778805
161,True,0.3279417888569361,0.4174772292359577,0.29809664206392894,0.7270729552237976,0.382419699608157,0.033523153669024114,0.29023328064246423,0.64550074652878,5.811090644719704,199.0771991611501,0.02630036312746275,1.5082764690579666,0.07266549261964117,False,True,True,0.00064289974399169,0.0,1,True,0.4999703970097471
162,True,0.3337212045150195,0.42866729669523007,0.30207250712161593,0.7094401513637248,0.38179899168291775,0.03341189229505056,0.2966423358857073,0.7112387300068116,6.906712560580655,202.79675282403676,0.024360021799349346,1.2307230460979988,0.09270468952211132,False,True,True,0.0007419325451540459,0.0,0,True,0.5048217130242847
163,True,0.3384587180385707,0.4369105946816921,0.30564142582419696,0.6872959733094491,0.37195474512839005,0.0337104395160284,0.2508364906853604,0.8411421355462367,9.291476621482097,213.3445182789325,0.022327207004245567,0.7668542288534083,0.01345456208485221,False,True,True,0.0008218728811162646,0.0,0,True,0.5337552609853446
164,True,0.3389723435758515,0.4380447139432892,0.3059482201200389,0.65483073370701,0.37963525728466796,0.03388115597719227,0.11881323921052145,0.9213016524016752,10.273959187654228,270.244336169465,0.019759747350405202,0.10397686197324586,0.030715754696207586,False,True,True,0.000875493814498373,0.0,0,True,0.5368969580158591
165,True,0.3386629692620227,0.43838388488666213,0.30542266405380947,0.629326865330633,0.4335053505890832,0.032947814445224585,0.026811390913423105,0.8117710979757141,11.405652951750751,419.1311612652291,0.020412745799217584,0.07311531196068058,0.018398576264809133,False,True,True,0.000963833348637427,0.0,0,True,0.535641525988467
166,True,0.3369135185933439,0.43687389661821285,0.30359339258505424,0.6099876424223356,0.5272124349176861,0.03273151193084371,0.17755323913156773,0.8683653409564803,10.006533964381521,233.3425899530718,0.020839695936348667,0.1540472320820133,0.08182867986612714,False,False,False,0.000963726510969376,0.0,0,False,0.5948099519882817
167,True,0.3353146716027442,0.435429781889642,0.30194296817377825,0.6028328830025771,0.6367124935067136,0.03199024218316217,0.31473039311210327,0.9706976132643396,9.540134238099668,189.56557034188367,0.020477513871436773,0.05628658687833815,0.11514616320140389,False,False,False,0.0009627158161456054,0.0,0,False,0.5210525229922496
168,True,0.33664806462208835,0.4366154206546699,0.3033256126112278,0.6141699609163734,0.6675113575153186,0.034229443868090785,0.33992161151322325,0.8105776126968027,11.306500853128256,490.0408175125198,0.021644082667686134,0.12832541557780883,0.39918032000626974,False,False,False,0.0004855574738904349,0.0,0,False,0.18787307300954126
169,True,0.3387620380433407,0.43756759408559925,0.3058268526959211,0.6356856506404478,0.5829702405384801,0.03620705849452866,0.24545165937223887,0.6188112566093062,16.570159789795575,348.9902554542035,0.024290556606698852,0.006425577175782163,1.1543621293241022,True,False,False,0.000589176042707272,0.0,0,False,0.46177532299770974
170,True,0.33649290971645357,0.4301657007785643,0.3052686460290832,0.6824876627528018,0.4657929077573409,0.038026355290687326,0.10787901529141597,0.8898560442746416,19.75130000015882,295.9697755745818,0.027390630692056994,0.17607730789410103,1.7767964923222321,True,False,True,0.0006359925976832676,0.0,0,True,0.4842573710193392
171,True,0.3298640242102291,0.4169469958276242,0.3008363670044307,0.7502925192165402,0.3770724519375612,0.04041671220987554,0.004738876584253538,1.1628197421605808,12.20927149128455,365.46669828770007,0.032318957974979544,0.09528706270158939,2.3084323698936826,True,False,True,0.0006807911685618659,0.0,0,True,0.4843663779902272
172,True,0.3202698808257239,0.40191298251334917,0.2930555135965154,0.8173969574353424,0.3530144879614772,0.04237408750904395,0.06843015986483358,1.090809682878668,8.20995468631449,482.7407819336785,0.03432281602825919,0.025009200292252825,2.5150529385265434,True,False,True,0.0007470819978248472,0.0,0,True,0.4872088289994281
173,True,0.31392176842367553,0.3957147768319937,0.2866574322875694,0.8770497349065365,0.3593347720858405,0.04446286928987112,0.09925591384956813,0.9114031332430684,8.722278990941328,250.96163277009677,0.033710944666434435,0.06770044866464778,2.3828009652090825,True,False,True,0.0007743648819590557,0.0,0,True,0.4902875160041731
174,True,0.31311084806816497,0.4015095237105251,0.28364462285404485,0.9269117557567333,0.3610633160891745,0.04660238522180933,0.12208227445586961,0.7679982056313363,9.742695350298941,190.28722719282501,0.03320406763643209,0.06466105163407239,2.2501021592337183,True,False,True,0.0007612281768321766,0.0,0,True,0.2447445889993105
175,True,0.3176373508907719,0.4147042717177702,0.2852817106151058,0.9652341601643033,0.3637666280905665,0.04720055291779974,0.1142103726199839,0.6901433100068418,6.747083159562248,302.92595850820703,0.030709697684928036,0.022006342331840588,1.9952413652944336,True,False,True,0.0005310634245654228,0.0,0,True,0.4985655179771129
176,True,0.3257394471718917,0.43397369515519,0.2896613645107922,0.9886516079237815,0.3584653690092964,0.049331204059154025,0.12280065903243599,0.5986217815083141,10.17375567866449,273.91054710201036,0.029981401084445376,0.07574693404487719,1.8514874643920376,True,False,True,0.0005143798483205064,0.0,0,True,0.5710468069883063
177,True,0.334988595546348,0.45532474043208737,0.2948765472511016,1.0017436097453896,0.3476524556347816,0.05098916300477576,0.12958269329731187,0.6733754456026589,9.890712959794254,133.22117033676736,0.028975626308549243,0.03229458591205289,1.6951350296585868,True,False,True,0.0004969567331869346,0.0,0,True,0.19102252498851158
178,True,0.34410335640798223,0.47631552271819977,0.30003263430457644,1.0000224919085494,0.3434293387179585,0.0517873080617664,0.12720663856580172,0.757087556919919,7.456366083493966,228.25826241470799,0.0287091662346023,0.05315482750209278,1.5532645022624205,True,False,True,0.00031583342801087995,0.0,0,True,0.18231658599688672
179,True,0.3527543936801861,0.4964946841403601,0.3048409635267947,0.9841945780327781,0.3593483260495657,0.05168251164456399,0.09536041281735108,0.8259383145188294,7.3954595324776,172.57677956041442,0.027994725133614586,0.023312830041008096,1.3757606827245015,True,False,True,0.0001492963447030527,0.0,0,True,0.18166681900038384
180,True,0.3585764733029266,0.511362788010997,0.30764770173356976,0.9532823687056537,0.41542212019973157,0.05041686045556047,0.0023367190999366017,0.935361210253758,10.066302715905968,310.19523695651003,0.0270341766718678,0.0653976059440395,0.9588738260208233,False,False,False,0.0,0.0,0,False,0.18203238901332952
181,True,0.3623970754743107,0.5200906814262082,0.3098325401570115,0.9245487248886864,0.4727649061794063,0.04710835495905011,0.0652897873243079,1.163660556849376,12.821645646274481,283.14199813504723,0.025632713844945882,0.07637513535911587,0.39260410968970694,False,False,False,0.0,0.0,0,False,0.19102572099654935
182,True,0.3676542843687464,0.528339399257804,0.31409257940572716,0.9013459632085937,0.4730533947722406,0.04426023228657194,0.06431784869063129,1.1216593232452328,11.28408685388386,420.86730306408737,0.026571290438266733,0.11569635807860652,0.4205958292995772,False,False,False,0.0,0.0,0,False,0.19563010198180564
183,True,0.36833243832554263,0.5253791557810292,0.3159835325070472,0.8608862002789492,0.5486043570437802,0.039804621205498485,0.1716539989532324,0.9757784259929705,15.755225246344429,422.49906181082076,0.025913441047553734,0.07559802919861555,0.23037656231745676,False,False,False,0.0,0.0,0,False,0.19063326000468805
184,True,0.3595109464583054,0.504777152013238,0.3110888779399945,0.7962580720342364,0.7557159502430509,0.036682784966554784,0.42057603238360053,0.8854090970555291,15.60141790172553,313.37919168824527,0.02606406432946281,0.17710106837652648,0.10129512317527849,False,False,False,0.0,0.0,0,False,0.19816324801649898
185,True,0.3463940619487106,0.4756316149486542,0.30331487761539605,0.7247593600362421,0.9291442762305238,0.034720968277641394,0.6294948228231367,0.8556039994844321,11.888160679531193,346.3454160910871,0.025325963856826724,0.45372117633986836,0.07367150177539124,False,False,False,0.0,0.0,0,False,0.48895364900818095
186,True,0.32173239586787117,0.42764632337418945,0.2864277533657651,0.638321087295196,1.1433559607834884,0.034254057108658274,0.865009099694251,0.6869200648236992,13.526924481236,423.59629414261855,0.029950837739622274,1.3225476109318235,0.15077070336265247,False,False,False,0.0,0.0,0,False,0.18640845798654482
187,True,0.295569628610113,0.37775755697419344,0.2681736524887529,0.5606012254700865,1.332415685571336,0.03440070146571766,1.0430304175738077,0.7161358542593995,16.28088493780364,356.3162520821541,0.03319250594882237,1.9539462833868835,0.04884290757269261,False,False,False,0.0,0.0,0,False,0.18864966300316155
188,True,0.288951260301593,0.3569674929831151,0.26627918274108564,0.532656825740013,1.2594624666770948,0.03593730038798837,0.9577714783704039,0.9400535821147014,13.527290516874917,249.83749473905493,0.03664036219381902,2.3828448956997446,0.057101404654490186,False,False,False,0.0,0.0,0,False,0.18928529397817329
189,True,0.2801319075298985,0.33487097520093173,0.2618855516395541,0.5445581157558202,1.1910246567788572,0.037090746967934955,0.8886454950450298,1.0025972277469406,8.46125009238181,346.7294579646039,0.038360236344320474,2.551811464219164,0.11305861843763797,False,False,False,0.0,0.0,0,False,0.19723767900723033
190,True,0.27893938417626046,0.3269200699426096,0.26294582225414403,0.584000745089375,1.0407990889170036,0.040955859835432026,0.7244400851252228,0.9750808266443866,9.83614407730217,287.6085555164032,0.040849850320516475,2.657002113462202,0.07745958075129215,False,False,False,0.0,0.0,0,False,0.49105581201729365
191,True,0.28160332217328604,0.3297614852872928,0.2655506011352837,0.6205877224764974,0.8624503566349428,0.04251216424146514,0.5412730595552961,0.9116598057913783,8.7134804424617,381.3245242122463,0.03813963333588431,2.4730551580821967,0.13871538533930178,False,True,True,0.00025966103985169617,0.0,0,True,0.49431477999314666
192,True,0.2922269298374593,0.3480877362310044,0.27360666103961084,0.6483680594224381,0.6083478535163815,0.04364901759479946,0.2676588058808689,0.8093776075072651,11.630776250992795,261.3284531377751,0.03779802414492287,2.387310705565956,0.10637748711206867,False,True,True,0.0006448941961444202,0.0,0,True,0.49322478100657463
193,True,0.30185227946589405,0.36679337120707195,0.28020524888550136,0.6514620628956632,0.4734762625129,0.04242905453815386,0.10639211997988651,0.730067203954038,8.413871426927344,365.4639955398914,0.03381068416927742,2.0781712440899347,0.08157710652876732,False,True,True,0.0009641864009936867,0.0,0,True,0.48715707601513714
194,True,0.30990610290108556,0.3847827378318357,0.28494722459083544,0.636072041901228,0.4492895343421088,0.04305881252485705,0.08279300494023989,0.7405510846666964,9.83521881262475,348.95376231915463,0.03330838398467702,1.9580879454817035,0.02962772577688781,False,True,True,0.0010139895904708648,0.0,0,True,0.2230079410073813
195,True,0.3177310783562048,0.40058612976779523,0.2901127278856746,0.6159537073586526,0.45447779141512057,0.042466262177942055,0.10680107885401502,0.7044138165309031,6.802911367132915,357.48255309269473,0.030580412992379933,1.7696876385015097,0.05620075421890708,False,True,True,0.0010092759048193761,0.0,0,True,0.5043534089927562
196,True,0.3274314872329157,0.4179340243035124,0.2972639748760501,0.6023977040039132,0.42878414870684917,0.04296364559998568,0.08907713492024281,0.7186829374627608,7.146623274594638,251.9806603326977,0.02986340509314067,1.5907044398791506,0.04437918822977367,False,True,True,0.0010101046007797727,0.0,0,True,0.49467246801941656
197,True,0.3345344953903677,0.429891544926292,0.3027488122117264,0.6038126503658,0.44514146357167594,0.04182403588334974,0.14080083531336873,0.6952279278206958,6.963672500592315,212.4463376285226,0.02494934470025443,1.1597895128280715,0.06358524248199715,False,True,True,0.0010118765199069058,0.0,0,True,0.5104110859974753
198,True,0.3355338342775821,0.431195149650132,0.3036467291533988,0.5869690818534227,0.4771118865442341,0.03944061680099548,0.22323487126765926,0.7582879484334085,10.908497219958338,193.881208219981,0.02005752077756304,0.48412880016103244,0.06829999582512468,False,True,True,0.0010133943879022597,0.0,1,True,0.5019278370018583
199,True,0.3337597694463331,0.4290411902763545,0.301999295836326,0.5570667079922335,0.5396819178905861,0.03794826153249617,0.32022152055103814,0.7683103428952411,8.824770654989006,307.8878959942214,0.020071657673742825,0.24935773095510658,0.0013356840684309148,False,False,False,0.0008313359252039333,0.0,1,False,0.4933376779954415
200,True,0.3271814881972269,0.42022544603427314,0.2961668355848782,0.5382974514674006,0.6916104917073218,0.03729442871648386,0.4860700718679678,0.7456089538819405,9.094332239035912,216.90140823830725,0.021164984403373555,0.1879238153787569,0.029088775646316452,False,False,False,0.0007608729887848015,0.0,1,False,0.5074083330109715
201,True,0.32611528120293215,0.41907599917190863,0.29512837521327334,0.5344794630016593,0.7363091032710462,0.039423701160435046,0.5293425666227731,0.7021295114481098,8.843117158818297,324.7443109280787,0.021601322520631672,0.13160016519486506,0.05603568350115955,False,False,False,0.0,0.0,0,False,0.3432317400001921
202,True,0.33047888998903807,0.4261580284785693,0.29858584382586095,0.5447600245758787,0.707185297787709,0.04283783318353953,0.475733394232512,0.6510170186360897,9.522299714105381,283.4243412583932,0.02115969774651104,0.09237877834467795,0.10721696620325953,False,False,False,0.0,0.0,0,False,0.5646951950038783
203,True,0.33364483929394956,0.4320584745928145,0.30084029419432784,0.5595686150704571,0.6714024869990048,0.044024052209978584,0.419939212042296,0.5101031154287546,12.032691479063955,297.94907540182015,0.018445650742974346,0.19229883461269973,0.3133856366225879,False,False,False,0.0006931122068120268,0.0,0,False,0.46425079001346603
204,True,0.3352939983196791,0.43409537973418233,0.30236020451484463,0.5698622979272271,0.5710092359696801,0.04511552134437056,0.2903200999600206,0.5072728130634843,9.508477409011535,311.27328090310976,0.02078683758673093,0.1278293110037256,0.8259709466253542,False,False,False,0.0008021927704301868,0.0,0,False,0.4672456200059969
205,True,0.3320023526490295,0.42689357085056473,0.3003719465818511,0.5803845995290956,0.48439350224013294,0.04379915154713376,0.17390931477245042,0.607896607825928,14.065382430750224,302.98905518732954,0.022686377566743486,0.05211145979819958,1.4013602358999542,True,False,True,0.0008714543326095829,0.0,0,True,0.46644135101814754
206,True,0.3260002273211251,0.41337275643280735,0.2968760509505643,0.5944726759487131,0.41757534127984874,0.044049137360651254,0.07437206949624021,0.8335053329818225,11.741923050592954,296.15412411408687,0.026471236937009125,0.09574227199272903,1.7963841643966125,True,False,True,0.000979675381039432,0.0,0,True,0.46583449401077814
207,True,0.31785586586200487,0.39603220046884235,0.29179708765972573,0.6640118123829609,0.39961127478350866,0.043595562846479086,0.025535726150947458,1.056655295258867,9.521365002830047,205.69767835004987,0.028250398773391593,0.05866835383286331,2.0151006003308045,True,False,True,0.0009919448556121608,0.0,0,True,0.4711448079906404
208,True,0.30996368808132263,0.37836141850838056,0.28716444460563667,0.7252894563978739,0.39147141369164534,0.04373721665833284,0.005311329860393288,1.0386522760111616,5.473073768426013,346.3044836556323,0.02914906486944688,0.07170195027627489,2.0669172988960187,True,False,True,0.0009919407136375572,0.0,0,True,0.47326088600675575
209,True,0.3031623548557772,0.36342750138435065,0.283073972679586,0.7775821308202642,0.38525668387061607,0.044631229350663076,0.029893335831708612,1.0503960962383394,3.7988897835007625,186.76927963251413,0.031198789660745352,0.13580604688239167,2.2123027236260784,True,False,True,0.0009919289134799284,0.0,0,True,0.47510300698922947
210,True,0.2986713573015545,0.35418008543174145,0.2801684479248255,0.8096750215533086,0.38690692041413277,0.048454374504644834,0.04632151876956447,0.8625007839272748,10.575945148167099,292.56545693789263,0.03179162546820526,0.05605380985113812,2.171696998025613,True,False,True,0.0009919093922874447,0.0,0,True,0.4757190220116172
211,True,0.2975551235753936,0.3531957774123193,0.279008238963085,0.8365289261820751,0.3810532485050394,0.05106098704888121,0.06727423958244505,0.8591935568880197,7.263774792446969,418.5400214706513,0.031808202183947226,0.04453949689841844,2.0983481486783493,True,False,True,0.0009904207183744716,0.0,0,True,0.47680540499277413
212,True,0.3002618242301227,0.361107664168941,0.27997987758384996,0.8456980963715119,0.37357132537014,0.0535501230509464,0.07197983025666432,0.6198567109500879,14.029997897645499,462.2065310343538,0.029750187313258052,0.05539245695357973,1.8742784483837287,True,False,True,0.0009865468093131595,0.0,0,True,0.49433919499279
213,True,0.305465564589853,0.37450460745231634,0.2824525503023653,0.8428547906569737,0.3676185189787657,0.05630189506074059,0.08499946048646834,0.5817257341295339,11.251075510111523,291.1143453467225,0.02896978258160331,0.07222667010062098,1.6872805385524692,True,False,True,0.0008965285102307419,0.0,0,True,0.4826070769922808
214,True,0.31171034431371303,0.39121906818447755,0.28520743635679163,0.830820610614145,0.3593389268982857,0.05650438669279252,0.08648384566916678,0.7043614635889153,12.067142095648002,280.8522478434038,0.02835171657183976,0.07579319507169975,1.5667998007138162,True,False,True,0.000888464291273941,0.0,0,True,0.5437005319981836
215,True,0.31851504268648684,0.4083635517080586,0.2885655396792963,0.8116008414457329,0.35374799608489055,0.0565834680932547,0.07582501133017217,0.8581433533451318,8.675027060775022,271.10958971782657,0.028282139526048217,0.02413305433911999,1.4601769435448582,True,False,True,0.00047800580240140757,0.0,0,True,0.23708467301912606
216,True,0.32418806647619786,0.4229721258038127,0.2912600467003263,0.7848116502733272,0.37296609627275656,0.055301432825159376,0.04151961588772268,0.9422777243404297,6.08360138919073,216.15862234344678,0.02705322531615226,0.016472191937841784,1.2149929138501157,True,False,True,0.00043341407216994365,0.0,0,True,0.09353822801494971
217,True,0.3270618766225956,0.43065378360047313,0.2925312409633032,0.7560265344072277,0.39421758128046624,0.05054431555350616,0.021777817569230917,1.1294673414520011,12.386349515929641,326.18747995423854,0.022591005288822297,0.1504108189940449,0.445061542222957,True,False,True,0.00019683891740505943,0.0,0,True,0.1950832629809156
218,True,0.33099351949053746,0.4375870571259304,0.2954623402787398,0.7434589368901124,0.3831948121949794,0.047578840854423356,0.05885918953223368,1.2035000396773678,11.76188051191547,332.14029159356375,0.023966322477236096,0.04535780850753357,0.4106973010778033,True,False,True,0.0,0.0,0,True,0.19804261400713585
219,True,0.33536725435488185,0.44163123327428055,0.29994592804841563,0.7297352444210451,0.3426124847158254,0.04512748330289767,0.18457026550761046,0.9621499290859234,13.630948920802656,559.8162288915184,0.023843407843833285,0.09801775904671849,0.2738931735706915,False,False,False,0.0,0.0,0,False,0.19453231198713183
220,True,0.33777184461749105,0.4402972803109241,0.30359669938634665,0.7117341387060403,0.35039618583341375,0.041313159657658645,0.2761170915801918,0.7330676420243856,13.99276167759592,253.26811814254847,0.021712064026715633,0.04892681265111922,0.09333326318958267,False,False,False,0.0,0.0,0,False,0.1970535950094927
221,True,0.33883293220042465,0.43337412308259304,0.3073192019063686,0.6891432686593324,0.3750660136323703,0.03875978327059314,0.31476930301250006,0.7332033483797809,14.149435523398974,128.03083621506013,0.022870488051778954,0.2102676634409756,0.04412196556843878,False,False,False,0.0,0.0,0,False,0.18510447902372107
222,True,0.33918336488879036,0.4245808160768342,0.3107175478261092,0.674574173447602,0.38575081508632914,0.0375549068170218,0.29206089414170355,0.6773650981262284,10.174377074311733,368.01563539047874,0.02218061212555983,0.40355224710161247,0.03365715942419133,False,False,False,0.0,0.0,0,False,0.18688154697883874
223,True,0.3351846561597623,0.4078605695350952,0.3109593517013179,0.6466203559695889,0.3623832991412565,0.03929502009299941,0.1140565627696597,0.6856826475724942,12.818707037585185,370.5662378531085,0.024650605155361754,0.8913298640413748,0.09247030622022667,False,False,False,0.0,0.0,1,False,0.4727887279877905
224,True,0.3265117030918978,0.385020352726505,0.3070088198803621,0.6055408435080236,0.42379673478844027,0.03885527324666345,0.07909938229558257,0.677041717932855,11.67414528512299,338.32270519513713,0.02713683102267247,1.3024326488321738,0.06654477773203073,False,False,False,0.0,0.0,1,False,0.47156487600295804
225,True,0.317372915936069,0.3618541040518378,0.3025458532308126,0.5696815630068153,0.5160672028164652,0.03834100668926814,0.17750969264899455,0.6916693940919363,10.739869063365896,331.1263770367373,0.0293927814864554,1.674459366135968,0.131514742198634,False,False,False,0.0,0.0,0,False,0.47558112599654123
226,True,0.30958157568271905,0.34208588687474756,0.29874680528537617,0.5410527610149664,0.5835565180674702,0.0396778478369647,0.24511187905462228,0.8314668229689269,11.969280193706766,239.58315872663823,0.03163709218560136,1.999896065019486,0.03015796295086487,False,False,False,0.0,0.0,0,False,0.4772408919816371
227,True,0.3055048749847297,0.3313005471792318,0.29690631758656233,0.5413306553388337,0.5861143955304042,0.04062634835418592,0.2543118396779403,0.9496367640582044,9.402699800195615,277.3880966776398,0.03131547624771716,2.0798686021910986,0.1246711655839683,False,False,False,0.00042341446622396264,0.0,1,False,0.489468065003166
228,True,0.3060939201458029,0.3309243504214273,0.2978171100539281,0.5721894941142652,0.5212620333305317,0.04141343541794611,0.18320980571601875,0.8984369564531393,6.50650835733635,327.377467684325,0.03283901951616822,2.222232060025934,0.09920470233723204,False,True,True,0.0003717988323331256,0.0,1,True,0.512944623013027
229,True,0.3126184338884603,0.34260020870591346,0.3026245089493092,0.6071583463081929,0.31377920993312836,0.0421176445258183,0.09512850395050498,0.8166327801797635,5.815748398922597,223.11843724045536,0.032218008201516886,2.217006893868577,0.20580593956836815,False,True,True,0.0006014069190943203,0.0,1,True,0.5844997160020284
230,True,0.31607317037388527,0.3548468059263089,0.30314862518974406,0.6131567532650197,0.5133915836395049,0.042680210528467315,0.590737238445414,0.7904048276306482,8.625591100515097,218.1537345897341,0.031429867465087795,2.0912527689232254,0.0680601014830068,False,True,True,0.0007614420872526315,0.0,1,True,0.4898376350174658
231,True,0.3010311334574059,0.3469971117970084,0.28570914067753844,0.5691457923290841,0.9931365724188344,0.04192397404601163,1.1447391142279963,0.7301964646171095,10.924330993032546,286.0218397530185,0.031081534678943656,1.992191809304648,0.043195152918492005,False,True,True,0.0008688573015280029,0.0,1,True,0.4827981239941437
232,True,0.28008536853466565,0.3306077720860837,0.2632445673508596,0.511507618280465,1.346626771593682,0.04269125771537232,1.5310560268394589,0.693096139795061,8.44047844814486,278.9626866253744,0.02927693778712089,1.7327330059651334,0.07100959142560427,False,True,True,0.0009630940570650639,0.0,1,True,0.47747862397227436
233,True,0.268121963436068,0.3222512970134691,0.250078852243601,0.4728612123422525,1.5010983438564105,0.041205528740810425,1.7197656035901887,0.7391303518337065,7.868074636392935,223.26877963798222,0.02377007775173364,1.204013709644563,0.07220757291812041,False,True,True,0.0009470824820897172,0.0,0,True,0.46429116697981954
234,True,0.2629444868524687,0.31735073973763944,0.2448090692240784,0.446272585577286,1.4764981142691498,0.0395268584824014,1.7947784349643037,0.8877279650985257,11.406179335000248,168.44366598372943,0.018197402788303892,0.31253464754636323,0.12875530580782574,False,True,True,0.0009904044179776215,0.0,0,True,0.4835291969939135
235,True,0.23648535445678018,0.27848954438967544,0.22248395781248176,0.3914481402019141,1.343132729754155,0.03724453139532037,2.061638279203629,0.7408351698939727,10.038406978315114,463.07346539876636,0.01748046091408208,0.0860831696773241,0.03510395138787745,False,False,False,0.0009504364573698562,0.0,0,False,0.48324367799796164
236,True,0.11007738981501272,0.085138322217625,0.11839041234747531,0.14349222778854379,0.2220232952576205,0.03570952842692139,3.0398353120516646,0.6149682343869253,13.773151647304752,289.9001927249679,0.0166967536355921,0.07734532980769143,0.006338884625191157,False,False,False,0.0008029863358632473,0.0,0,False,0.14388380499440245
237,True,0.14082525161457582,0.1401096529664688,0.14106378449727816,0.18076155229566948,0.4598470659063824,0.03620734656506213,2.3794631699309408,0.6467465102486123,15.350447024393722,348.61106678162287,0.016433011181554363,0.0890653424099231,0.02756071903521503,False,False,False,0.0005507763641721709,0.0,0,False,0.4742793299956247
238,True,0.14296938366244702,0.14251938664286487,0.14311938266897442,0.19016964136346548,0.4842294627724195,0.037066530594680985,2.3593808147103523,0.6180043403886945,8.553041771655652,501.3521427822173,0.016421990923711004,0.055961320295356096,0.4039047444132002,False,False,False,0.0005905767465013891,0.0,0,False,0.46005780901759863
239,True,0.10944964055335688,0.08566197236782228,0.11737886328186842,0.12184397857347129,0.1329526800099251,0.03754515377988766,2.752628616437586,0.584871411383906,9.002852262862213,254.13046664333353,0.016857423732000058,0.062077371867575844,0.7883707363714086,False,False,False,0.0006184149033065679,0.0,0,False,0.5202006879844703
240,True,0.13630514008240707,0.13092617190722888,0.1380981294741331,0.1967620856118466,0.4430044522979934,0.03921224405674521,2.941115805955647,0.6067512296986834,6.048368917988128,290.57223544239173,0.018515415731604257,0.0694812780563031,1.0680451202405539,False,False,False,0.000420408255121036,0.0,0,False,0.45146465400466695
241,True,0.18861928766586994,0.2070065338867677,0.18249020559223736,0.29652492675102265,0.8915981394968704,0.04049512533263457,2.4513908044400248,0.6380485653829381,7.3286707866473675,234.14555317431558,0.01780870745723157,0.021554358778124436,1.1851721545038822,False,False,False,0.00027908409653653807,0.0,0,False,0.45724601700203493
242,True,0.26689507029975,0.3117210154557433,0.2519530885810856,0.4682237721442621,1.4820039355428538,0.04229216021142551,1.6398206115684584,0.6505663339174274,4.032816857783304,151.31065552616144,0.018504782604327637,0.012542621472605073,1.3149875624233902,False,False,False,0.0,0.0,0,False,0.18534438501228578
243,True,0.3107183614069592,0.36872759197004135,0.2913819512192652,0.6029746967765067,0.7639090719037089,0.043982127826066086,0.8507256913945251,0.7074959616180226,6.8203766763419384,201.93475088169637,0.01854952642464766,0.07413655884004218,1.3456086811307715,True,False,True,0.0006296253898750315,0.0,0,True,0.47059092301060446
244,True,0.31545107650348503,0.37652884952378174,0.29509181883005264,0.6533296375950846,0.4097722188998546,0.04647915464387052,0.36605094071473654,0.6584731548116166,7.621898069039992,261.55045005176487,0.01768627211313431,0.06845191670826117,1.2570043872769705,True,False,True,0.000702849625568696,0.0,0,True,0.46351083600893617
245,True,0.31015962692880494,0.37351361380282727,0.2890416313041309,0.6732867051187665,0.3432858708914653,0.048290981928494056,0.2221015848018506,0.5617006037614641,7.372675374380036,179.36026768634625,0.015921906661494983,0.04694410377623397,1.1127876214113248,True,False,True,0.0006884550350073331,0.0,0,True,0.46671894800965674
246,True,0.30440926618376235,0.37136002260179807,0.2820923473777504,0.6785179572967459,0.3476475499506182,0.050583644058320616,0.14112623790023093,0.5124289406627502,8.583666328552338,103.4445055156477,0.013895775189898589,0.0449298864889007,0.8844799074152309,True,False,True,0.00015288915788963693,0.0,0,True,0.14068774701445363
247,True,0.29813222079524543,0.3673648338893156,0.27505468309722203,0.6617509696281425,0.4164044472822158,0.05268188586510889,0.013280286460986446,0.6888218126679553,11.21653908174953,189.00584648320466,0.010383817929726617,0.08272032001211181,0.4227629285111031,True,False,True,0.0,0.0,0,True,0.1873836689919699
248,True,0.2950911224003833,0.3671377033645739,0.27107559541231985,0.6336369815828902,0.4139819693087268,0.05446499733686751,0.06922856570030045,0.96614027385994,11.750680800312821,148.76918473095054,0.009221188560257153,0.054790433432581026,0.09439553279313877,True,False,True,0.0,0.0,0,True,0.19441022499813698
249,True,0.2913149435005648,0.36501411680828083,0.2667485523979927,0.6150585459266884,0.38615636017310384,0.054617436801187934,0.25763494768272177,0.8207273885330388,14.78504943574497,627.8591760364965,0.006891281281239772,0.046519093125359436,0.1165926196793705,False,False,False,0.0,0.0,0,False,0.4966781359980814
250,True,0.2865290654737994,0.359698075028385,0.2621393956222708,0.5904661578882984,0.40494034107236176,0.05528664613118827,0.32349648524625163,0.806283380219752,5.391734388640573,411.49460384078617,0.007113562886318383,0.07763935105078143,0.14380482330992644,False,True,True,0.0,0.0,0,True,0.4916876070201397
251,True,0.2828181446813075,0.35367062820506817,0.25920065017338734,0.5762283753271918,0.4072291325523551,0.05387389850775318,0.2655404151102816,0.5692890452793242,10.170547280381284,316.1385605729324,0.0054024065172454646,0.019445482064103875,0.09904042553353432,False,True,True,0.00011766910983968502,0.0,0,True,0.5692471039947122
252,True,0.2795128913396794,0.34730978477579577,0.2569139268609739,0.5695392659835573,0.36419044430013003,0.05240110565238558,0.23069553845344257,0.4260232306466356,9.653948545559956,134.53258296078798,0.005494016800046879,0.030007651012503134,0.058165335019213824,False,True,True,0.0004694942496101355,0.0,0,True,0.49448042397852987
253,True,0.2758978735568051,0.3396459435552116,0.25464851689066964,0.5601014985432116,0.3379984149639226,0.05225551943209365,0.1725562549069788,0.4300304839019478,6.114473948586119,145.82580707659056,0.005800103745540461,0.0458599523204416,0.02372996133712397,False,False,False,0.0005347284872746511,0.0,0,False,0.4988728450261988
254,True,0.2723666964579786,0.33256606568875285,0.2523002400477206,0.5496179034995428,0.3293539476815691,0.05213937137915633,0.1286812931757071,0.47249449203252325,4.040643847220698,142.36389960126593,0.005002592317684942,0.031268051105080324,0.043188587533579584,False,True,True,0.0006033469725561982,0.0,0,True,0.5017364459927194
255,True,0.2694729592493566,0.3270593052472366,0.2502775105833967,0.5366598286810632,0.3413281886450425,0.052131016492331504,0.09297524566213622,0.5010559467794968,4.483361655575443,114.81214419054032,0.004279366666854076,0.056262733315513375,0.028166147590040706,False,True,True,0.000641135424150974,0.0,0,True,0.4982907649828121
256,True,0.26685229754520523,0.32275368431522367,0.2482185019551991,0.5217887639615709,0.36196041121913963,0.051828458928017795,0.061827716476414274,0.5218804549405516,4.238583675570263,137.0682459548651,0.0042659855126617385,0.026206122979586778,0.0531939475981507,True,True,True,0.0006848972695810036,0.0,0,True,0.502680670004338
257,True,0.2653620016470936,0.32079033025139364,0.24688589211232692,0.5119319385655197,0.3626266373851165,0.05114385243675583,0.05793011879855392,0.47110133381973723,3.750950943920503,151.86233294437926,0.003308827136742045,0.00906675665883907,0.017258901041036553,True,True,True,0.0007470074359844196,0.0,0,True,0.5704910280182958
258,True,0.2643613171028044,0.31915027770584575,0.24609833023512406,0.5083199555984584,0.3564290233078758,0.050046591462490415,0.06847179396513758,0.36708428495398865,6.675805743689717,196.93462510127824,0.00400547642182753,0.05104438647482271,0.04185933460957499,True,True,True,0.000816945105669778,0.0,0,True,0.4979374089743942
259,True,0.2641550961746894,0.31857768472261655,0.2460142333253804,0.5072849814587062,0.3488789124400813,0.04924037783807417,0.08183879940863426,0.2809582208459208,5.035140859514416,217.91871439471376,0.002999667304075484,0.04917504812549339,0.050310367980376844,True,True,True,0.0008672564602473561,0.0,0,True,0.49734689301112667
260,True,0.2638998780526969,0.3175226601313928,0.24602561735979822,0.5050786217967491,0.3416921137478144,0.048735311877664764,0.10021334648135816,0.2730391010581911,3.766407174533017,140.94449764300444,0.0033992351526519722,0.04133906388055782,0.04260265499828528,True,True,True,0.0009184586847731258,0.0,0,True,0.49995998200029135
261,True,0.26420239680345897,0.3178276298676354,0.24632731911540018,0.49903586436916914,0.3379252583278827,0.04886604508447646,0.11282391034505013,0.2606805959131934,4.573415022904859,144.59888688200562,0.0035768439425221763,0.019567302172702413,0.040223491680594275,True,True,True,0.000919317744740071,0.0,0,True,0.5080497679882683
262,True,0.26402421008525245,0.31715600938798644,0.24631361031767451,0.49237338491145455,0.3351742978858003,0.04892258909976905,0.11486469786204602,0.26391583483619957,2.9464564208501205,175.35687283732938,0.0034147029575233075,0.013843476172985116,0.021700519300295477,True,True,True,0.0009513150214659327,0.0,0,True,0.5082562979951035
263,True,0.2637354673408282,0.316492768013404,0.24614970044996962,0.4868357459721667,0.3398570763219704,0.04882162320769154,0.10614512899774198,0.225086739297492,2.079751569944691,122.2743470269946,0.0028081844630277455,0.038286120680507345,0.024467554932534736,True,True,True,0.0009508338622808542,0.0,0,True,0.5816662669822108
264,True,0.26283256470554295,0.31477674503916725,0.2455178379276682,0.4812138652157692,0.346246080145579,0.048490131750031445,0.09018449511301863,0.20133198784614292,3.8419468101467693,104.95874422504379,0.0020026149448670845,0.007115482078780106,0.07116358722417804,True,True,True,0.0009516353079959145,0.0,1,True,0.5029626070172526
265,True,0.26217133399732656,0.3135458650560397,0.2450464903110888,0.4767324422925644,0.35007973392138003,0.04869753950987055,0.07741265749384052,0.1685121086734151,3.0340311930407604,125.62369824024806,0.0017570731604791272,0.04147435045007722,0.045379954712600847,True,True,True,0.0007621690493368732,0.0,1,True,0.5041964280244429
266,True,0.260965246050163,0.31136819762100576,0.2441642621932154,0.4708316808315668,0.35153695064427953,0.04904679229894944,0.06613691340087624,0.17488076850092282,2.887291624797542,114.03150848409229,0.001631852204916072,0.012823297143909472,0.04496587037501649,True,True,True,0.0009402831015200772,0.0,1,True,0.5127861590008251
267,True,0.25986205036071786,0.3093143801786177,0.2433779404214179,0.46644761159028014,0.35083909397328217,0.049230165381454194,0.056871636343252874,0.198584357164587,3.5261577646008333,108.84354441826106,0.0025548473444313977,0.07400939623068159,0.062117014113645744,True,True,True,0.0006259163436203152,0.0,1,True,0.5154116800113115
268,True,0.2586323879374689,0.30702412478674335,0.24250180898771068,0.461933147694985,0.34858431952973684,0.04937560992910413,0.044886540869918834,0.19045095565137993,2.446270067900477,136.15578700454145,0.002075017457311161,0.005624775173267147,0.01394230687645349,True,True,True,0.0006867003869634267,0.0,1,True,0.5129757679824252
269,True,0.25761234658414583,0.305004442437373,0.24181498129973678,0.4595584001789467,0.3471523367873617,0.049313581000418404,0.03422767287306594,0.19148031169329532,2.7849147754734984,118.01645492482498,0.0028958180884538194,0.04379604744335392,0.06343113421220241,True,True,True,0.0007708228161226339,0.0,1,True,0.5194507930136751
270,True,0.2563980132600599,0.3027694964763447,0.240940852187965,0.45515276330838095,0.34506027800669264,0.049098945911917616,0.023970900519474148,0.2230940588296012,2.8467758698589267,123.19883161351615,0.0029880965760864693,0.004637776786139018,0.021036503278803888,True,True,True,0.000845380178107983,0.0,1,True,0.5935766350012273
271,True,0.25535103569227724,0.30089053701847207,0.240171201916879,0.453279924706853,0.343891511746649,0.04956249962816697,0.012676585064921309,0.18262008512010794,2.2054622807703312,117.53955019835122,0.0036197029270750255,0.020401363923819908,0.02750869444251141,True,True,True,0.0009015285232493522,0.0,1,True,0.5344552859896794
272,True,0.25405879049804714,0.2984987481017037,0.23924547129682824,0.4531468783259207,0.34024706433712415,0.04929542277777475,0.004291380404530808,0.18194495318738338,2.9071375861315065,86.28148452880201,0.003879887641083837,0.005662916479013748,0.01152164487235868,True,True,True,0.0009646678061115081,0.0,2,True,0.5308393830200657
273,True,0.2530398411560787,0.29666550840720457,0.23849795207237012,0.4541993630247431,0.3405801484366157,0.04891938047927916,0.002350770634139021,0.16693704434433518,2.070295598683245,127.68753720306816,0.0035484300419101186,0.011659427869553748,0.014038559342371339,True,True,True,0.0010078968229071481,0.0,2,True,0.5347011710109655
274,True,0.2521950983885066,0.2953614794627183,0.23780630469710276,0.4559189927512588,0.3405312265051278,0.048844729030827,0.0076163766306029945,0.1717297773528536,1.733096385990358,63.111447013445236,0.0038032765059077323,0.006680796836842086,0.005452362910872818,True,True,False,0.001008059878742383,0.0,2,False,0.5471290840068832
275,True,0.2515574649686827,0.2946441669808566,0.2371952309646247,0.4588335915944628,0.3391201048597974,0.04898757023549672,0.010223714720361654,0.17384812034268277,1.4568035839497115,63.89284930113881,0.003836731539036386,0.013558004687537619,0.015791520597093975,True,True,True,0.0010078804470154013,0.0,2,True,0.5558606529957615
276,True,0.2510693495299526,0.29434713225515835,0.23664342195488397,0.4622905329202563,0.34172620686140304,0.04911260497156447,0.01099509612990679,0.16607277190600322,1.1969273619105891,61.85588418327797,0.00362923368738046,0.01368637356975937,0.021460221009363626,True,True,True,0.0010078971831725455,0.0,2,True,0.6314083309844136
277,True,0.25073604511464026,0.29429360301378404,0.236216859148259,0.46713696354636497,0.3521363164363017,0.049146482503754634,0.012683968593010906,0.17468787304986777,1.9803326379563257,74.16594912552182,0.004115320935161058,0.0014208471829756833,0.005706064903959143,True,True,False,0.0010078573533473193,0.0,2,False,0.5414647420111578
278,True,0.25057084180772915,0.2945394701897974,0.2359146323470397,0.4713090166040234,0.36521398993488485,0.04914326012694114,0.01849467038242847,0.17508627697057005,2.299870234319139,112.21326892998792,0.0036067940307798123,0.019374487580829564,0.02973582974703621,True,True,True,0.0009967776214394736,0.0,2,True,0.5697583440050948
279,True,0.2505380023603278,0.29491528563950997,0.23574557460060044,0.4753833943130913,0.3805879486095574,0.049273060060798984,0.02422957488740396,0.1684396799207539,2.216144046424213,118.92107139741914,0.002956174591135396,0.014652009488966493,0.01734489013662159,True,True,True,0.0010078926516979923,0.0,2,True,0.5600781530083623
280,True,0.25072749731744587,0.2957868692665488,0.2357077066677448,0.4810481249662102,0.39537761649065484,0.049456293988939394,0.033277324780172535,0.16617420327683857,1.601226201963494,80.36897952307137,0.0036220369271545436,0.01300780260358464,0.01704199070977818,True,True,True,0.0010081559325115872,0.0,2,True,0.5541105990123469
281,True,0.25088505812395473,0.2966705511944053,0.23562322710047123,0.4868823700977163,0.41125794436242274,0.049216870946859066,0.04819318208848089,0.1679575445056889,3.016713099181255,88.09726973255373,0.003706329299407107,0.042283467346639896,0.05541807641922922,True,True,True,0.0009437288496494164,0.0,2,True,0.5522376699955203
282,True,0.25110413300431245,0.29751829176856415,0.2356327467495619,0.4913435778900534,0.4272283377837556,0.049247145081441894,0.06321585927578899,0.1604435441661267,1.606317870563922,124.77813722761546,0.003551281457113089,0.008706505842466116,0.008801272945262641,True,True,False,0.0009815365334585827,0.0,2,False,0.5479952639725525
283,True,0.25149325967252345,0.29877435599889357,0.23573289423040003,0.49578943562644867,0.4386358811329016,0.04921977045141061,0.07731543412226527,0.14947141115028117,1.1324626049587219,41.63747504562909,0.0033484601130756826,0.005848065793392857,0.0058959989397698144,True,True,False,0.0009724079593650976,0.0,2,False,0.6201752999913879
284,True,0.2519866500744539,0.30033552308187283,0.23587035907198095,0.5003099909130753,0.446209993079419,0.049113976070511156,0.09106339546546383,0.1338927708523085,1.226113416467345,23.16596108174623,0.0035302930821961235,0.010152846820921256,0.013073782590602646,True,True,True,0.0009086989202491888,0.0,2,True,0.5463849419902544
285,True,0.25254016976920757,0.302089337167861,0.23602378063632315,0.5046329353001974,0.45262278344838625,0.04894105626566017,0.10458222647809068,0.12928200838537363,1.4431857597263913,23.211639517203437,0.003273889054061744,0.005751781324362195,0.011753674917747094,True,True,True,0.0009090989774520157,0.0,2,True,0.5538376350014005
286,True,0.253202118784974,0.3041374818013877,0.23622366444616946,0.5087995453697467,0.4617285731890946,0.04890502392914141,0.11860496635714245,0.11872871427525475,1.159958760184945,41.64814613782349,0.003929793509209606,0.006242554831956639,0.005040547588048875,True,True,False,0.000905189591071805,0.0,2,False,0.5458720339811407
287,True,0.2540829192942173,0.30665518685648463,0.23655883010679488,0.5128644718040535,0.47244820740296933,0.04889772074052465,0.13304315453074933,0.12132682995737018,0.7968628914280748,24.10319056291041,0.00430597877509059,0.004000125255011538,0.006937608118786042,True,True,False,0.0009036833554195468,0.0,2,False,0.5651604809972923
288,True,0.25507893564813217,0.3094724580784872,0.23694776150468053,0.5167602087455285,0.4892134185860861,0.04889904850096894,0.15184607312797135,0.12533046053319585,0.5793674620472931,9.717167119712105,0.004683601815659812,0.0035106600136523636,0.007275816050339686,True,True,False,0.0009032939099968638,0.0,2,False,0.554085434996523
289,True,0.2562383676479828,0.3127611520726748,0.2373974395064188,0.520992545787183,0.5099650934231339,0.04901458605725149,0.17254200762993355,0.15910272569426262,1.4797054635329574,37.27167967693569,0.004938980337597925,0.020433484550490055,0.014888497149691706,True,True,True,0.000938102935652373,0.0,2,True,0.6290605530084576
290,True,0.2576806319295716,0.3164948292126888,0.2380758995018659,0.5249770883048828,0.5321591935514245,0.04902996112528338,0.19334977956869603,0.1490993813894209,0.915163052992873,63.155521347918615,0.005336204958274377,0.008496697036713744,0.010694582966672018,True,True,True,0.0009536075660059162,0.0,2,True,0.5619320319965482
291,True,0.25950671136150394,0.32103904998165494,0.23899593182145362,0.5290487983948606,0.5553585183818216,0.04936044736096135,0.21550935945493488,0.16118459389151035,0.76337650694732,41.00070554546501,0.005670699105828479,0.03303577922818218,0.029844358097743058,True,True,True,0.0009707953042810726,0.0,2,True,0.5561543459771201
292,True,0.2615536862327256,0.32589365859837005,0.2401070287775108,0.5334944960228035,0.5779865216730888,0.04936629415384935,0.23739499989084353,0.15776252507206517,0.9793852435779432,42.472751232581665,0.006019965965277851,0.00944727884066572,0.010506590849211824,True,True,True,0.0010082423382235684,0.0,2,True,0.5447435049863998
293,True,0.2640621927086222,0.3317229649459057,0.24150860196286106,0.5389660079503611,0.6066467819130354,0.04978467943520906,0.26400883153230925,0.16826849463952262,1.4106799386728806,56.04907638060312,0.007013854623590006,0.02386172027478057,0.020084337917692485,True,True,True,0.0010081585978897415,0.0,2,True,0.5445990420121234
294,True,0.2668235052498567,0.33750921843044823,0.2432616008563262,0.5446976050973313,0.6338350004210167,0.04996000825590717,0.29174008121659156,0.1659870815990912,2.0687544891258556,81.45554125749068,0.0072254714022553165,0.013128509518649934,0.04090269423961062,True,True,True,0.0009913323533600506,0.0,2,True,0.544308774988167
295,True,0.27004759418058133,0.34377976136018934,0.24547020512071197,0.5509551652863602,0.6641655167352413,0.04995094539353087,0.32678223638273174,0.22586798339495634,3.9080179160163957,128.333484607829,0.0074389123427009715,0.015580111948310622,0.028576163978237843,True,False,True,0.000974018135961506,0.0,2,True,0.6059365030087065
296,True,0.2739503919149931,0.350858982714343,0.24831419498187637,0.5600226472169946,0.7005115768244485,0.04808612106536188,0.3799999326414012,0.3021544851181516,4.278165044584034,155.72378983194523,0.009348011177557488,0.031216165923109846,0.01067009694500472,True,False,True,0.000949157721292733,0.0,2,True,0.539898421993712
297,True,0.2779547331404391,0.3565051549014623,0.2517712592200981,0.5713311929397061,0.7538408310472168,0.044378319000392054,0.4499398384025266,0.5813501466204382,9.506858057606227,214.5086267740506,0.00891684437181684,0.09101033407682804,0.03477021932267441,True,False,True,0.0009790951719853471,0.0,2,True,0.5333341689838562
298,True,0.28256614755640636,0.3621527019394677,0.2560372960953859,0.5918933007095448,0.8483234079536306,0.040127622171739576,0.5422005015712672,0.9235007719670293,11.68213585161809,240.90922064780494,0.012431797269323737,0.11717246855183029,0.07796872348768288,False,False,False,0.0009650172111884507,0.0,2,False,0.526681748975534
299,True,0.2859310360661118,0.3650742560025356,0.2595499627539705,0.6195511514898566,0.9977969283713977,0.037609445585985384,0.6805580193426937,1.3078404523108922,13.57948894250451,208.3920991933181,0.01750844909390113,0.09684661554048023,0.2527748375959102,False,False,False,0.0009219342387961262,0.0,2,False,0.5276344600133598
300,True,0.2928297121171536,0.3707661414643121,0.26685090233476744,0.6623863716072437,1.0945464055403422,0.038950185675337166,0.7554991375491587,1.6635606790369057,13.70951452514954,262.6025740322401,0.020556340162464347,0.20315075387515855,0.4772311788179181,False,False,False,0.0009163560849164334,0.0,1,False,0.5175932169950102
301,True,0.2976427902730636,0.3725620119010436,0.2726697163970702,0.7029554926287749,1.1842347302253684,0.04319717029276145,0.8359588601924091,1.7336848832260296,10.392133651433454,459.4741388189466,0.0272126936049434,0.09663165364667888,1.1896354811342096,False,False,False,0.0006119462066347062,0.0,1,False,0.48879653599578887
302,True,0.30271545913361453,0.376877528460246,0.27799476935807066,0.736290910317178,1.2322810325433726,0.04797706912778947,0.8995146666399327,1.448754988510982,17.490138783219898,603.1698747538163,0.03112157002840123,0.1493654863143781,1.7538767529090478,False,False,False,0.00030789507442495825,0.0,1,False,0.4730852190114092
303,True,0.3152435882835947,0.3911430786704534,0.28994375815464196,0.7760695950172535,1.2207989380181754,0.05083320708375395,0.9075298309001312,1.240437667060902,16.477639776201052,345.10309175506006,0.03736138552391343,0.07927946052116296,2.4598359375781516,False,False,False,5.177111790679971e-05,0.0,1,False,0.5328600859793369
304,True,0.33655472592631835,0.4205734424691595,0.3085484870787046,0.8163655449437619,1.2057711398399156,0.051761959136027866,0.8900809586410883,1.1248912680508587,12.369958812137707,292.67390951207824,0.040638963439889944,0.052670407866153963,2.7830827978198216,False,False,False,0.0,0.0,0,False,0.4709413679956924
305,True,0.3650009148243627,0.4658027444922941,0.33140030493505224,0.8629041679340307,1.1892800897133056,0.052673641629824706,0.8469734458087059,1.1346049165603604,15.754278708138008,193.66724034656562,0.0456794424605598,0.015893520632820568,3.167252962498552,False,False,False,0.0,0.0,0,False,0.4858921700215433
306,True,0.3992564059527968,0.5234713858254894,0.3578514126618993,0.9230676757864357,1.1540401290443651,0.05104993719023179,0.7553984860300842,1.1871754636716392,13.689571865485819,229.2184964698008,0.045915822372950346,0.06374326626005618,3.2582332319753275,False,False,False,0.0,0.0,0,False,0.47425100300461054
307,True,0.43805228060339724,0.5908854955776869,0.3871078756119673,1.0188817666263936,1.0243827636028897,0.049027212145329714,0.5007645196405899,1.3950666787775967,27.569550160918237,873.9387575445854,0.03534750002142177,0.058170391575234286,1.9129348245148725,False,False,False,0.0,0.0,0,False,0.2656165520020295
308,True,0.46754299360694196,0.6332527342043142,0.412306413407818,1.116015195697389,0.8447513654456011,0.045618071176877203,0.017648086685146946,1.2964774742792553,24.08315041170056,915.4775081121314,0.026118851227666297,0.31742779120774467,0.4183428619630601,False,False,False,0.0,0.0,0,False,0.18890360000659712
309,True,0.47072725128799114,0.6230167541675009,0.4199640836614879,1.1499974371872064,0.8216055849009501,0.043632542942154615,0.32805955764370665,1.8419072221157908,46.169633782470235,1070.9986022075198,0.02764434586207958,1.0002192184089167,0.36495105850414994,False,False,False,0.0,0.0,0,False,0.4429223070037551
310,True,0.46309339628507096,0.5996548624277489,0.417572907570845,1.14610940529161,0.7806422509613088,0.04582744355375014,0.21611183127547484,1.8872973602118928,20.841246353964255,1304.486752313664,0.03255066300432332,1.9868836982464833,0.31406040781173444,False,False,False,0.0,0.0,0,False,0.4471523700049147
311,True,0.44580985422581837,0.5657881648021744,0.40581708403369965,1.126179755505781,0.7614857501653879,0.04797934267387111,0.0034995449257180233,1.5878431276449934,22.06823683196937,647.27644949667,0.037120062450043526,2.543539576471095,0.11486680884138227,False,False,False,0.0,0.0,0,False,0.44280412400257774
312,True,0.427069951079062,0.5325999934848573,0.39189327027713006,1.1002844000845426,0.7260780082700748,0.04762054931924093,0.06518301540621096,1.3348382107636558,20.254466161466926,416.63774313302906,0.0371234101895992,2.698873029219596,0.20232213253271603,False,False,False,0.0,0.0,0,False,0.17622456199023873
313,True,0.4008124295911662,0.48848514673368665,0.3715881905436593,1.0473272030589689,0.7641155281029935,0.04467591220261433,0.2307772663519123,1.1612298602589308,17.495536263189965,350.8875528476736,0.039439865695414036,2.716443176447137,0.018594425398742596,False,False,False,0.0,0.0,0,False,0.1746491460071411
314,True,0.368254845908981,0.43748930118771845,0.3451766941494019,0.9676036490715494,0.9095499594693293,0.04248903051535361,0.4712295483296258,1.2054255487501906,17.059962735306588,195.72690633417594,0.03776860906611973,2.5356214804768022,0.12100810564038714,False,False,False,0.0,0.0,0,False,0.17369093501474708
315,True,0.3384881337324942,0.39543124641587624,0.3195070961713669,0.8887357099548976,1.0301068818329202,0.04021598143210167,0.6738495914832519,1.3004730431449565,15.202221915763518,344.6344029116307,0.03641835105728942,2.4844381824116866,0.07540267021134761,False,False,False,0.0,0.0,0,False,0.17408018099376932
316,True,0.3213310129319608,0.3731348994718261,0.30406305075200574,0.8207008836729567,1.150325488316033,0.037237054358193154,0.8545598328305299,1.2217713910739714,15.33178426360708,442.66708426140366,0.03400419783563839,2.2449456758604,0.17539826672504194,False,False,False,0.0,0.0,0,False,0.18208990601124242
317,True,0.335453239224056,0.40463972870951354,0.3123910760622368,0.9063175763091915,0.8915203974523118,0.03782074818938309,0.9665090195280295,1.2080054854765971,15.552751204314417,401.6096763408582,0.022598800999497726,1.0268105625423587,0.1386368968338,False,False,False,0.0,0.0,0,False,0.17799073000787757
318,True,0.35651091618502656,0.4293950413356073,0.3322162078014997,0.9694649431935451,0.7022797694691953,0.03855973859252011,0.13791847693183845,1.182190205840894,20.26651720813769,472.9275215031805,0.01989634256314681,0.10773293850515411,0.22165715222466487,False,False,False,0.0,0.0,0,False,0.25893935599015094
319,True,0.36236715471272307,0.4377872757405231,0.33722711437012304,1.043056924497615,0.5883169332964173,0.04087405641275636,0.0776964848148185,1.1635151530244143,25.721726750991625,650.261792488659,0.020378804426795523,0.1575432495956838,0.787394769762267,False,False,False,0.0,0.0,0,False,0.1766014060121961
320,True,0.36488502606188644,0.4416523655310539,0.33929591290549727,1.0868223613728658,0.6052718358796558,0.04470463658421142,0.045851662849134556,1.0531564958810433,13.31670515882199,744.4151485202548,0.023466121690846005,0.04442326258816535,1.3596579950197918,False,False,False,0.00020123214143031622,0.0,0,False,0.18150583299575374
321,True,0.3659227635583253,0.44427837373269413,0.3398042268335357,1.1027337265601809,0.6511627062255785,0.04677894193491807,0.010293436364765984,0.8012137558587673,16.671329954075812,429.2335723763658,0.024290299642748293,0.06692662567179336,1.4911401318518573,False,False,False,0.0003862395813284906,0.0,0,False,0.22221262901439331
322,True,0.36481849800376576,0.4448925637563224,0.3381271427529135,1.090679366949698,0.6903517477257219,0.05000423509769887,0.047905507906643045,0.7839949319899238,15.504428026421683,268.58066911548315,0.02326969659906438,0.0466660846131187,1.40742345763464,True,False,True,0.00014471904967725165,0.0,0,True,0.22318479599198326
323,True,0.3617514174872098,0.4443172873474231,0.33422946086713873,1.0567860118117174,0.7201136715701848,0.05368597889137449,0.08684587471302986,0.9677432416423071,14.674134237648206,326.1541161101878,0.023281183148631923,0.04923901288929712,1.2924551342372776,True,False,True,0.0006422619253983203,0.0,0,True,0.4386601360165514
324,True,0.357852626409991,0.44425558688620265,0.32905163958458705,1.0056598201555886,0.7189259334286808,0.057442307458007116,0.10606831658030158,1.2948132088219144,15.389365501465594,240.9852566688483,0.023289288706818113,0.01776022326924794,1.1468397897451446,True,False,True,0.0,0.0,0,True,0.1747131879965309
325,True,0.35340394777022593,0.44572299911911634,0.32263093065392906,0.9552893742440032,0.7336524217240905,0.058430910548438776,0.14436458143193323,1.3626543536729219,11.667095927136378,557.7721578119383,0.022233263358377366,0.1563629449552565,1.0989010345058325,True,False,True,0.0,0.0,0,True,0.17738269199617207
326,True,0.3485699938408906,0.44488830049072803,0.31646389162427807,0.9114541057399888,0.715248938477064,0.05983945971666304,0.14817781327594592,1.3037235066776107,9.289986973621254,503.4744964493159,0.017384014495367795,0.21146587071846304,0.5100729396870533,True,False,True,0.0,0.0,0,True,0.23097010800847784
327,True,0.34425840928298346,0.44151257882964035,0.31184035276743116,0.8780930783684463,0.6757473182538156,0.06033627817679263,0.1114988894331408,1.2109541555247703,11.148206045657796,306.27166135712224,0.014118922136675437,0.0066306431000094125,0.1574279655669642,True,False,False,0.0,0.0,0,False,0.18287900800351053
328,True,0.3426124494389879,0.4399529831648755,0.310165604863692,0.8586218681235464,0.5645272612336216,0.05938520408622668,0.04256963898141431,1.0011593029243682,10.670629207762818,351.35073252713966,0.01153366954023511,0.1450017207070077,0.06024717358624074,False,False,False,0.0,0.0,0,False,0.19052372200530954
329,True,0.3398707188846667,0.4369399801327182,0.3075142984686496,0.8292666653469352,0.48282477533021495,0.05611399052524037,0.18508786789189638,0.7550369057911085,13.636688045425998,385.3313088265409,0.010818029222450324,0.058688413841578094,0.05983438782902377,False,False,False,0.00035876014056391084,0.0,0,False,0.48502603798988275
330,True,0.3360368232703184,0.4305865630546084,0.3045202433422218,0.7861377167040432,0.4579571612290329,0.05306314771932918,0.21993271087120947,0.6720508771162206,10.654741768328563,319.1933828645409,0.01273163246189602,0.14495785621563434,0.09670518555698092,True,True,True,0.000479203900377867,0.0,0,True,0.4849462269921787
331,True,0.3314033813417542,0.42153083950077375,0.3013608952887477,0.7361107762094397,0.4268219304378149,0.05134525285335507,0.2317096314633722,0.7217345941869542,10.616574730394754,179.08594003221862,0.012406121796518276,0.07927597182526286,0.22026312799755898,True,True,True,0.0006360952425151448,0.0,0,True,0.575739516003523
332,True,0.32730525337519745,0.4127832440755116,0.2988125898084259,0.6879851201863355,0.3948930611047172,0.05006232628371152,0.2607480525607042,0.7292757097749527,5.266882053703837,248.84365936004826,0.010677467298191115,0.028191712455561246,0.10552260017942316,True,True,True,0.0007728351548034595,0.0,0,True,0.4961648370081093
333,True,0.323213923747577,0.40306515977193336,0.2965968450727916,0.642213703558154,0.37359019666100124,0.04787859185109395,0.2867834692539004,0.7815858442440641,6.788010613938303,222.31155800438117,0.009176217534893073,0.12495154667718342,0.09245939746100984,False,False,False,0.0009198026487577133,0.0,1,False,0.4984269400010817
334,True,0.31972850790778756,0.3930765795391232,0.29527915069734234,0.6050022630653027,0.36166738243921775,0.045710546975182356,0.343667622173897,0.7996323527639285,9.246302907669294,342.82747723546817,0.0080703347730074,0.022366774904236424,0.059293991130721285,False,False,False,0.0009926743549911327,0.0,1,False,0.5071422499895561
335,True,0.3157086339611141,0.3816164605168263,0.29373935844254334,0.5884645396558191,0.3449935160306174,0.0448225491616883,0.38122578191295253,0.6794574242494494,8.853468212277802,303.6010711146785,0.007247620654267276,0.16061550720551812,0.059411180403935615,False,True,True,0.000992658922191976,0.0,1,True,0.5131491200008895
336,True,0.31083171414776095,0.368594413672376,0.29157748097288927,0.5922551563307995,0.3135250147441027,0.045104022913096606,0.3906040040383036,0.6078702197109348,11.775334366376482,205.0448182604021,0.009043188031215323,0.5107738141432348,0.02540798015266981,False,True,True,0.0009929955887665234,0.0,1,True,0.510860264999792
337,True,0.3066707352084184,0.3586457416002324,0.28934573307781375,0.6143690708230473,0.30993284268862126,0.045467495453067414,0.43141614407587325,0.6006870961839734,10.407916854688516,329.2484533513176,0.009736315371116357,0.6649998253116585,0.04685419138751124,False,True,True,0.0009929665727668319,0.0,2,True,0.5190103059867397
338,True,0.30365800879544086,0.353359648529557,0.2870907955507354,0.6394812887237307,0.35479511623770943,0.04649599341924315,0.51271778166046,0.5909610199124186,5.771446783109157,236.61639908068418,0.008095227557161803,0.5555340995293122,0.04201321365415321,False,True,True,0.0009929720710908623,0.0,2,True,0.5260866770113353
339,True,0.3024910160701097,0.3541751791367701,0.2852629617145563,0.6569770789311425,0.399137495293287,0.04842052050752413,0.5636101743309043,0.4909211070411269,8.49212355585678,228.45445348739764,0.006893505228794834,0.4077146809337641,0.07822322668482135,False,True,True,0.0009929721258614202,0.0,1,True,0.5065486300154589
340,True,0.3013974702653315,0.35743938122634156,0.2827168332783281,0.6596022933363037,0.45926888050810455,0.051590864820756026,0.6282410178473496,0.3823636092068476,9.07657461611044,206.55617856275413,0.007681329824539007,0.39176967077659525,0.08994731194724898,False,True,True,0.000992965766629779,0.0,1,True,0.5665041189931799
341,True,0.3026215780759202,0.3639313979838437,0.2821849714399456,0.6541428161135505,0.47802908975100256,0.05500642626944847,0.6390926279212745,0.5146260394724876,10.984222796585623,211.69158747427142,0.0070793878520592594,0.03645685004816595,0.029512465870104317,False,True,True,0.0009929670327565605,0.0,1,True,0.5035392139980104
342,True,0.30429438003004744,0.370502713362874,0.28222493558577183,0.6436626552251918,0.4598149500022638,0.055943267384741015,0.6155167062206981,0.46447858609385473,7.759932758933916,430.5960455900567,0.005831322230438633,0.04764967769873323,0.0760572199996018,False,True,True,0.0009929386753583427,0.0,0,True,0.49901894299546257
343,True,0.3082325101111818,0.38071197300277876,0.28407268914731615,0.6361001829170987,0.3703702334122885,0.05533952595897437,0.4899315919105763,0.567831860026964,8.2882348159512,163.63027241007842,0.007150340332596562,0.14233299919238873,0.07314477742187715,False,True,True,0.0009915107648796866,0.0,0,True,0.5037109399854671
344,True,0.31226937913744385,0.3890688336196634,0.28666956097670404,0.6345801363288502,0.316970542898105,0.053831471656677794,0.3214954898246294,0.456795517156502,7.774693963705945,353.1654604209198,0.006310364773968891,0.040907318696693444,0.019277221130335052,False,False,False,0.0009922645869218337,0.0,0,False,0.49936833398533054
345,True,0.31485335637447626,0.39377732558689216,0.28854536663700425,0.6322156060261986,0.3321859328409202,0.05294480904046139,0.16255975735319808,0.43296464260266077,6.145968362394365,207.57795180233765,0.0070860301352433375,0.0744409765006235,0.02910483829322413,False,False,False,0.0009459145201508243,0.0,0,False,0.49823089499841444
346,True,0.3154223259472796,0.39540742825722464,0.28876062517729795,0.630034551322387,0.43445123698137034,0.05202917929537952,0.004974592681667556,0.4096217568287002,4.47029013066657,210.12683579764524,0.006035706144879017,0.06895654993806023,0.018475042736257503,False,False,False,0.0009461352088060912,0.0,0,False,0.4951693609764334
347,True,0.31243533868098206,0.3917476498412743,0.28599790162755134,0.6232912282634102,0.6133758574104984,0.05094562409191645,0.21562228294157548,0.4258485254851987,5.575752950125099,194.03361225483766,0.005695768208383547,0.04815220492903427,0.05099437346440809,True,False,True,0.0009347753456313401,0.0,0,True,0.570510893012397
348,True,0.30933492609390384,0.3865488398302892,0.283596954848442,0.6191465234181044,0.7301798161948879,0.051026883248483444,0.3538265224474071,0.45972580557518933,6.67807088421986,235.41817002259123,0.005741469842213381,0.15400545825644646,0.09611718196371308,True,False,True,0.0006787534455943468,0.0,0,True,0.14776485998299904
349,True,0.30856753716368973,0.3842577331961347,0.2833374718195414,0.6195489182442375,0.7507043676205234,0.05199706744845726,0.3774009905179929,0.5175929503590445,6.2160742097945185,280.06759604695065,0.007171976400358117,0.2005333931685383,0.2947437195613912,True,False,True,0.0009190243046283721,0.0,0,True,0.4893799719866365
350,True,0.3057466333384829,0.37875247879719537,0.281411351518912,0.6236580262608978,0.729592110200617,0.052576973263199864,0.3670545139619819,0.6214431726989696,8.645056555899684,251.29727189418702,0.008747423309844968,0.07986289802590402,0.5943089666249538,True,False,True,0.0009905505980507077,0.0,0,True,0.47854828598792665
351,True,0.3021117653628426,0.3722343703465486,0.2787375637016073,0.6303448028679169,0.7065306747902692,0.0526476372790508,0.33828096164238225,0.6516759672994721,6.46399922712541,250.92248198433836,0.009036718900329373,0.08161633149719853,0.6281729632405441,True,False,True,0.0009919051997416758,0.0,0,True,0.4746804570022505
352,True,0.29682183225625414,0.36441855431195624,0.27428959157102,0.6368504375984855,0.674392504898688,0.0534894227240102,0.2990924689330579,0.5617804908371947,5.045543497903938,217.57252931154918,0.010299790964431519,0.022986030503307317,0.7801907063549908,True,False,True,0.00099190398387187,0.0,0,True,0.4750365910003893
353,True,0.2902899774370942,0.3560942109010805,0.26835523294909874,0.6382269820298201,0.6543020369053301,0.05413292958670767,0.26945486360773013,0.45225616039998884,6.573686270600034,120.16687888366177,0.009851587064464854,0.02698407102817036,0.7636392419686039,True,False,True,0.0009919027541604297,0.0,0,True,0.47323618800146505
354,True,0.28247888693326256,0.3466260469316765,0.2610965002671246,0.6309642578146424,0.6503235490957285,0.05431441466753841,0.25840703898546247,0.4219853541569941,7.387916943174803,60.282546901079044,0.010700101762198743,0.07351145180087496,0.8308050847186491,True,False,True,0.0009919091224350404,0.0,0,True,0.47577637800714
355,True,0.27520597805466457,0.3383743048211782,0.2541498691324934,0.6140278735964498,0.6603713519822465,0.05517951078388859,0.26551698119818457,0.46420334232688215,8.898809867690623,171.7006882136513,0.008543495076667098,0.04577990444652154,0.6259725039203972,True,False,True,0.0009919139723522982,0.0,0,True,0.4766834430047311
356,True,0.2684583980776439,0.3295662545468234,0.24808911258791744,0.5843050145698132,0.6615435350459958,0.0562203564028328,0.27787301046781443,0.6595388696789772,10.602382019770031,251.32771746317715,0.007265068919831427,0.051518820055921066,0.4522775713412449,True,False,True,0.0009920345149840113,0.0,0,True,0.570755537977675
357,True,0.2651113785281591,0.3261453874842001,0.24476670887614546,0.5517934876881875,0.5987563564097598,0.056343484785340035,0.2197083098710233,0.8456670117033976,7.40729721633209,236.64729256994178,0.006079949345455478,0.04688830782165297,0.19932564163100217,True,False,True,0.0009204345860614159,0.0,0,True,0.4977677740098443
358,True,0.26257929878505254,0.3241634828771338,0.2420512374210254,0.5262766592485901,0.5417807462546488,0.05562003652111022,0.16129358132970073,0.7726132775811497,6.083950462121065,301.5201023899797,0.005137205632376925,0.060609881826792326,0.05088763592251378,True,False,True,0.0009168073192304289,0.0,0,True,0.5101972999982536
359,True,0.26085385926930726,0.3222861068953913,0.24037644339394593,0.5090536757680794,0.5238458311381354,0.053957855195876356,0.09676210284175046,0.6262744106494867,6.114103243029351,155.27636993233995,0.004440565035758197,0.0256642604989183,0.017932286427511265,True,False,True,0.0009017620638007047,0.0,0,True,0.49682046499219723
360,True,0.25881935067042866,0.3188195721100595,0.23881927685721846,0.4941595152413741,0.5256730657061482,0.052467684610518955,0.06514744980268117,0.5456578228569899,6.52389084063506,128.1909718060268,0.004945092775890267,0.07828681365276155,0.10008428684213216,True,False,True,0.0008847091970321016,0.0,0,True,0.504528901015874
361,True,0.2568779925349952,0.3162037545995231,0.23710273851348587,0.4857680729187986,0.5220148339769869,0.05075426618029777,0.06785488135880646,0.4962818903161144,3.566592166638413,209.7669389483154,0.004966430245206923,0.07858189746062791,0.04975755444817452,True,True,True,0.0003847575584888137,0.0,0,True,0.15176359700853936
362,True,0.2542322307460168,0.3121140383264563,0.23493829488587029,0.48269096377075965,0.5445271687450257,0.04943430803903315,0.1077869061410095,0.44904690891881976,2.9988157326221954,126.52745498961882,0.004664080352957398,0.04814925158139367,0.055141163142886716,True,True,True,0.0003704517241573304,0.0,1,True,0.1492752149933949
363,True,0.25246387530473785,0.3095270338623189,0.23344282245221085,0.48390155222004516,0.5773606036103749,0.04901384293415142,0.13198448922848136,0.3953695628039218,4.293044005917698,143.69499182557422,0.003827466116264228,0.013789496836778303,0.04858779348548757,True,True,True,0.0005139601811568716,0.0,1,True,0.14901685697259381
364,True,0.250862138289345,0.30697716960611116,0.2321571278504229,0.4841345104220549,0.5987180132204777,0.04918184602001076,0.14388642261492257,0.3047297442648948,3.980302581600677,170.12813146089744,0.0035500949325647907,0.011683971571334759,0.018630034410637722,True,True,True,0.0008613301056459039,0.0,1,True,0.5084743360057473
365,True,0.2496661911701622,0.30516885153523216,0.23116530438180552,0.48484595353747295,0.594405661293538,0.048075972391792794,0.15190923342637874,0.24858865892228943,4.884095456033764,133.333470226149,0.003693490115302521,0.03382848711403247,0.0689949629694918,True,True,True,0.0009614751753969555,0.0,1,True,0.5811921519925818
366,True,0.24880574303786962,0.3039646268380416,0.23041944843781237,0.48699474280953975,0.5782893500097,0.04787212624516826,0.15563203713493556,0.18834827460872586,3.327396362577164,177.30487261854424,0.0030675344480242755,0.005167430813380856,0.017792929718667645,True,True,True,0.0010087095137639706,0.0,1,True,0.5056525960098952
367,True,0.24861684854054855,0.3036798665664921,0.23026250919856736,0.49081179892494387,0.5507526564789156,0.04734388691928466,0.13169231372482537,0.16353993181978294,1.7704167234291346,99.48480327735047,0.002980925481647586,0.007500647665154172,0.016367590432610615,True,True,True,0.0010103193555650522,0.0,1,True,0.5120775969990063
368,True,0.24826848714257416,0.3031694629188767,0.22996816188380662,0.4936060533660883,0.5378260181765316,0.046616941755798544,0.12077939748291346,0.16962751148330057,2.421228066237754,81.83511392927261,0.002840330551004209,0.035551178007989515,0.03331137659956998,True,True,True,0.0006947376234353771,0.0,1,True,0.5084025830146857
369,True,0.24798160680939874,0.30319673652733947,0.22957656357008513,0.4974724853438544,0.5247791814922449,0.04648547075041441,0.11309117275258207,0.15566471154933717,2.077201874553674,96.03106361770642,0.0025749199338466907,0.027475708325495327,0.011673690688880784,True,True,True,0.0008771203739262236,0.0,1,True,0.50537287798943
370,True,0.2480690788255596,0.30376742995564565,0.22950296178219762,0.5010844907861813,0.5011190009259014,0.04633415735531904,0.09391063076328442,0.14531026723299073,2.378042590430025,79.70891956825108,0.0030712546095351266,0.018495257685831462,0.008715946462016696,True,True,True,0.0005891878826957582,0.0,1,True,0.5056711030192673
371,True,0.2483511639627255,0.3046200177407405,0.22959487937005382,0.5047767039302584,0.47339790060672027,0.04692916979097066,0.06845115225755638,0.150246605222207,1.4932254240305023,73.51637458398338,0.0024148502424273435,0.011440052328966256,0.022407616099429747,True,True,True,0.000637653280211559,0.0,1,True,0.20272062500589527
372,True,0.2484234022599083,0.3049974329532789,0.22956539202878476,0.5087900562476735,0.4463936598384028,0.047627341041428954,0.04147623283431213,0.15822218726598408,3.022100078999935,85.58782366232668,0.0027233500556925233,0.02151937087286339,0.01097763130909423,True,True,True,0.0008756962582492298,0.0,1,True,0.5811223140044603
373,True,0.24860134301026482,0.30569749865237533,0.2295692911295613,0.5120264982208801,0.4294571264138273,0.04778501785423503,0.023653317502898563,0.15919042645562512,1.9987796938410443,128.49833976851335,0.003138142938443231,0.005895471043591623,0.005163127157980001,True,True,False,0.0008595061470535181,0.0,1,False,0.5078770309919491
374,True,0.24871821480162393,0.3064581099346252,0.22947158309062352,0.5141359211047197,0.412361817738216,0.048843916590321355,0.010245226905946758,0.18665188374432856,2.475165617986923,86.91737336212985,0.002324890656773762,0.026182282924163348,0.012376591360554422,True,True,True,0.0007893718667425723,0.0,1,True,0.5076629870163742
375,True,0.2492210228296322,0.3079582399124203,0.2296419504687028,0.5174182022727327,0.40184939413673704,0.04988432808249156,0.0027610497084247236,0.19900561568662659,1.5437822519522795,90.23507459394533,0.0028077719212317312,0.018914680665621807,0.012687215938736101,True,True,True,0.0007814417720826607,0.0,1,True,0.5163114189927
376,True,0.24944595884383314,0.3086743764490166,0.22970315297543872,0.5209744089500831,0.3947215480952316,0.05016936453984522,0.011864570109081152,0.17186319032889952,3.387379109393168,111.36144760818429,0.0027253186948747107,0.02206532373862179,0.0331823865339447,True,True,True,0.00048802790455604317,0.0,1,True,0.2583848880021833
377,True,0.2497167813505372,0.3093351889865622,0.22984397880519555,0.5234836896510693,0.38974782199304936,0.0509008239228463,0.02286025943062797,0.13418815518547614,2.427331885554613,146.5076198730322,0.001988403985079849,0.012493259419118882,0.016196594035215055,True,True,True,0.0005215966680363875,0.0,1,True,0.15453431499190629
378,True,0.2500451744202498,0.30998413652868495,0.2300655203841047,0.5257360058582013,0.38723468237647546,0.0511358813856169,0.03226753931370641,0.11267244551648474,2.207367300610337,82.29125957474271,0.0023126956067254577,0.018283172091878803,0.013764701828498324,True,True,True,0.000535114900698342,0.0,1,True,0.21016862901160493
379,True,0.25028267314821945,0.31039720236088425,0.23024449674399783,0.5270623076207129,0.3843280544620883,0.0511948874597585,0.04480832470951568,0.10302303071990748,1.1546122451968062,68.6317569261371,0.0026005946626869833,0.0034662307167821664,0.008996144611900882,True,True,False,0.0005326156598974997,0.0,1,False,0.20946734401513822
380,True,0.2503592149772106,0.3103838224908154,0.23035101247267573,0.5282897585997128,0.37892561063549485,0.051175924708018954,0.05862915745459185,0.083352281518661,1.4096618161946535,48.202442356326515,0.0020597997716739584,0.0067453132971749515,0.001440412202805127,True,True,False,0.0005365872108166123,0.0,1,False,0.15586486799293198
381,True,0.2504975823335924,0.31051686605401974,0.23049115442678328,0.5313582259813194,0.3717072003058416,0.05154518912970278,0.07361842740732616,0.08938732261854473,2.881323881319331,69.39652524257374,0.0016859768677390176,0.011747456682746888,0.01123485497299767,True,True,True,0.0005810129364882573,0.0,1,True,0.16340199098340236
382,True,0.25053437459941325,0.3102179033524718,0.2306398650150604,0.5324618728906724,0.36316403271602843,0.05149896144295163,0.09211684061581017,0.07544565318522826,1.3908653412001553,113.46717884232156,0.0021260111663625025,0.005480320473765673,0.0023309580756991142,True,True,False,0.0005894353077236774,0.0,1,False,0.16045177599880844
383,True,0.25052292062018466,0.3096621432698854,0.2308098464036177,0.5322667584089888,0.3553177268027818,0.05119774714502628,0.1122254742676414,0.07966116937844124,1.095509859747288,51.658634498422465,0.0030449664886909016,0.00028178431020962246,0.006428663511025546,True,True,False,0.0005522849169739396,0.0,0,False,0.24616938599501736
384,True,0.2504041369247923,0.3088988821095504,0.23090588852987295,0.5311174311838989,0.3456004350505,0.05126850607519664,0.13216365820087383,0.08514586679505887,1.177124478885657,46.078482109450086,0.002020603926055387,0.000849301318008158,0.004726241686702208,True,True,False,0.0005544564724106749,0.0,0,False,0.16214128897991031
385,True,0.25031439517753024,0.3080874927133213,0.2310566959989332,0.5286735493278697,0.3358362045295439,0.05123760095829991,0.15564195020450255,0.09871792906247666,0.8786769093997918,23.12075562633002,0.0027834291770573913,0.004483612370764389,0.0022225651956965103,True,True,False,0.000559823892192432,0.0,0,False,0.158687151997583
386,True,0.25019383184735006,0.3071202848329008,0.2312183475188331,0.5255516812729599,0.327380736545456,0.051379774419292444,0.17846313506360767,0.12360217575071551,1.1949501554358144,23.755419488889284,0.002206603226231437,0.009349877509269746,0.011425521791495192,True,True,True,0.0006005920058191633,0.0,1,True,0.15961278098984621
387,True,0.250231104359503,0.30649100938085344,0.2314778026857195,0.5229686800964699,0.3215827524890162,0.05125662536339694,0.20371196180872975,0.11227989698131949,1.0040185009217482,52.09473305716021,0.003088337921515433,0.01149221308922946,0.012868487800519284,True,True,True,0.0006445031882328714,0.0,1,True,0.1601657260034699
388,True,0.2505751994834356,0.30627022508904816,0.23201019094823136,0.521125661122117,0.317649227898098,0.05092592115480974,0.2341677790523018,0.146088323255664,2.4991142498797143,86.4025911426705,0.0035826492226597247,0.047353006227931434,0.08267587137638645,True,True,True,0.0009932049812917815,0.0,1,True,0.5410388259915635
389,True,0.2506145708438144,0.30546413566928815,0.2323313825686564,0.5171763389831091,0.3155078301056412,0.05038052364546474,0.26142552277515296,0.1253932090915707,2.655809957565803,128.97210751066865,0.004809600376521213,0.006248093214812814,0.012181077904153464,True,True,True,0.0006028451282272043,0.0,2,True,0.16121367600862868
390,True,0.2508145130522727,0.3050850787233273,0.2327243244952546,0.5163554608350069,0.31524607502607094,0.05014963300051112,0.28582421824022797,0.10929914429228783,1.7178017923490438,112.82360446640537,0.003504160660949891,0.016858752350977814,0.014994954468031322,True,True,True,0.0009372997840091813,0.0,2,True,0.10800237901275977
391,True,0.2512824342855248,0.30536353545202966,0.23325540056335656,0.5167734539856124,0.31782355516623223,0.04948677112502126,0.31194694208570994,0.09961880171141277,2.3880886153251852,86.6134105366879,0.004507889762041037,0.014961156143170342,0.014360168248920245,True,True,True,0.0005307780941356081,0.0,2,True,0.16017243897658773
392,True,0.2518575893070102,0.30578728489818924,0.23388102410995049,0.5171238295991832,0.3217641491299102,0.049249011392644516,0.3384729489577158,0.10083664201961084,1.3826982739090636,80.25073337038528,0.004648341686499997,0.0072132732416288255,0.01083075367196838,True,True,True,0.0005209696464027174,0.0,2,True,0.15896435600006953
393,True,0.25251270752980753,0.3064008636025734,0.23454998883888553,0.517519041787086,0.3263110068878156,0.04937912907672806,0.36329378645989313,0.10027407247542833,1.08661898576985,53.783861293531714,0.004625981414623608,0.0165559106819593,0.02498044312149203,True,True,True,0.0005300383178626789,0.0,2,True,0.1575129640114028
394,True,0.25332359272255206,0.30746382779039577,0.23527684769993748,0.5187588559541527,0.33236014022483956,0.049682579320429666,0.3905410457975813,0.10642134852361068,1.0207818684679177,31.1568248488898,0.00493090373943847,0.026694687375174702,0.031052583382610834,True,True,True,0.0009679812892173026,0.0,2,True,0.5304122870147694
395,True,0.2543436647470768,0.3089119261457443,0.23615424428085427,0.520641450500884,0.3415066825049518,0.049735074153212766,0.4166938038118835,0.09019926513660494,1.0230911938331289,42.353679605897334,0.004965758786265754,0.0156446184709871,0.019794977250648518,True,True,True,0.000991768455314018,0.0,2,True,0.5306198110047262
396,True,0.2555702373848127,0.31089108919773095,0.23712995344717333,0.5232895224819084,0.3544063995713675,0.049909629990303114,0.4458109372509589,0.08410601866454114,0.6907646016840375,14.514646552550442,0.005410333827587204,0.016660167156214847,0.022213683374270682,True,True,True,0.0009917842110398513,0.0,2,True,0.6013801980006974
397,True,0.25707547918376805,0.31353985438092513,0.23825402078471566,0.5267553281510098,0.37114976856968124,0.05006486639248375,0.47837086310441057,0.09227328384951765,0.597090523494633,14.892761074072652,0.006054353767761232,0.014341023975721151,0.021083353712826124,True,True,True,0.0009853511846785023,0.0,2,True,0.5346785399888176
398,True,0.25876721096368094,0.3166522283178874,0.23947220517894544,0.5311970761099525,0.39006800959594673,0.05017513995372509,0.5121271822924283,0.09298595846308719,0.5441018422076704,23.39650815752494,0.0056852491111281595,0.014935406369115863,0.018708636303768515,True,True,True,0.0009739276013792444,0.0,2,True,0.5414295969821978
399,True,0.2608330057112699,0.3204599606963983,0.24095735404956034,0.5365301261898181,0.4111767464553599,0.05035945234862945,0.5448959469177497,0.0936795697005557,0.7969223411948732,23.312305704040586,0.006099788472151236,0.012549850590472447,0.018340801079873403,True,True,True,0.0009359445457585679,0.0,2,True,0.547735072002979
400,True,0.26339770553843633,0.3253047441592861,0.2427620259981531,0.5450607986123878,0.4375437906516271,0.05061886180702918,0.579768006218035,0.11517726069547893,1.2619719458713474,52.95764695376249,0.007230382993139949,0.02590270557851071,0.025720432642532497,True,True,True,0.0009172095468419107,0.0,2,True,0.543526399997063
401,True,0.26605115842662774,0.3303983335203984,0.2446021000620375,0.5533790145910761,0.469123629982186,0.05090156812049332,0.6176047216680003,0.11429693887532154,0.8401455594443338,51.17260416583461,0.006918515473436937,0.02410336852870859,0.024023931614378113,True,True,True,0.000908765875264457,0.0,2,True,0.5437892469926737
402,True,0.26907619924954435,0.3361117430919687,0.2467310179687363,0.5631164824782326,0.5053006353046487,0.05097215296564186,0.6560406253122228,0.12463358113777807,0.8882069447542648,46.20051586319799,0.007403037245929451,0.022842959443859542,0.019287809760948047,True,False,True,0.0004871531707157876,0.0,2,True,0.16288529598386958
403,True,0.27251569405456005,0.34266251324507996,0.24913342099105343,0.5728122431402345,0.5445082813373309,0.05152786102428503,0.6958880986861715,0.16627707405445263,2.9242461994080617,95.80633242326178,0.007381303029181808,0.03133522725177562,0.010649259236057293,True,False,True,0.0009025266454732762,0.0,2,True,0.6224460169905797
404,True,0.2769528197728479,0.3510475565343873,0.25225457418566816,0.5858910867057663,0.5855737334650964,0.051644183689598555,0.7368691193922647,0.1661059421469967,3.0534271094989687,143.78342467155093,0.008629832585921992,0.029225862732251084,0.013050853566510446,True,False,True,0.0008364793581110506,0.0,2,True,0.5466923939820845
405,True,0.28233644950829184,0.36138981899861655,0.2559853263448502,0.6014583200291485,0.6274987421735051,0.05174689719936498,0.783161882022976,0.20166150075123468,2.108371616881516,102.1468001786095,0.009617269494741905,0.05989458174202441,0.04877376312042381,True,False,True,0.0007554993551946183,0.0,2,True,0.5518964380025864
406,True,0.28881918495324566,0.37377359767283086,0.2605010473800506,0.6202335586396825,0.6673887344695452,0.0514707970514643,0.8234147100753604,0.252222159085817,2.176770180105411,78.0497620567467,0.010508023153259187,0.045899863397971946,0.03921475301157424,True,False,True,0.00033889575506542736,0.0,2,True,0.5373379589873366
407,True,0.29654198777122326,0.3880218924255463,0.26604868621978234,0.6407316410870113,0.709413206699972,0.051194896628546205,0.8612426180243968,0.2965263808130026,2.1990127037563916,74.40229939648798,0.011289785344173695,0.04502404278771616,0.024494534528214495,True,False,True,0.00033948172872978397,0.0,2,True,0.5610535420128144
408,True,0.305637501825425,0.40477927327317187,0.2725902446761759,0.6647770243648474,0.7588900338860611,0.05004676301018098,0.905413673627319,0.3724036307373011,3.1975311902111927,81.74607186014364,0.012724849911788131,0.03285975212759801,0.06277609373084461,True,False,True,0.0,0.0,2,True,0.15427518700016662
409,True,0.3164305222942069,0.4241802525226513,0.2805139455513921,0.6962434766552407,0.8278010338894704,0.04911486400394877,0.9666349630201904,0.575644013782871,7.727256332156267,216.18750757518907,0.015545423848017893,0.03046560675293502,0.12155247469436442,False,False,False,0.0,0.0,1,False,0.514003368007252
410,True,0.32381322450795536,0.437697961188973,0.28585164561428283,0.7280897414129746,0.9508225780704882,0.0461442793731912,1.087657906206792,0.933391917040624,14.854327621105826,309.0282506376292,0.018186443569001856,0.026240916955435217,0.08789751812461112,False,False,False,0.0,0.0,1,False,0.5768042059789877
411,True,0.3303129269255991,0.44762068851367837,0.2912103397295727,0.7707945484997981,1.0950624084811058,0.0413598700181986,1.2012192202236402,1.408223579152372,18.96899905312499,356.87750261068794,0.021398075763874192,0.28839871462775934,0.2133520094556033,False,False,False,0.0,0.0,0,False,0.495158979028929
412,True,0.3414908716047672,0.4635875982170231,0.3007919627340152,0.8353931734138818,1.2049325134474587,0.043631226053407274,1.2753172943569178,1.8846738826402305,19.146556950119926,449.04071273431134,0.02774100128774405,0.4490649124230296,0.43530624821375125,False,False,False,0.0,0.0,0,False,0.49184549899655394
413,True,0.3541688718006012,0.4800166584420441,0.3122196095867869,0.9125314501058477,1.2510894040865557,0.04924764870096608,1.2819645192094455,2.3840394126257185,19.897259621301384,479.45893053436856,0.04040867823458094,2.1237836313281866,0.042435957563611584,False,False,False,0.0,0.0,0,False,0.46123057999648154
414,True,0.368551300022094,0.5025597528685722,0.3238818157399346,1.013227222295931,1.226907074070354,0.054001790976443795,1.2144896761868922,2.467955482468088,21.267006111402257,693.0721652147698,0.04960203956691506,3.080804083567626,0.06929386480507606,False,False,False,0.0,0.0,0,False,0.45691241999156773
415,True,0.3957901577747373,0.5445118577014756,0.34621625779915793,1.158053241198426,1.161125810140646,0.05694986422832801,1.0449740376511654,2.4119182309968674,23.21129849651616,679.7999637536932,0.0580939753057015,3.9083872648636815,0.12365095050475713,False,False,False,0.0,0.0,0,False,0.45563888500328176
416,True,0.4511659632601472,0.6294918950278836,0.39172398600423514,1.3283413276793423,1.1167618020243142,0.05724448040736534,0.8605436639545112,2.1555821615378097,33.19441308502381,644.9673786290858,0.0630665528696562,4.183170971557481,0.1900322553666552,False,False,False,0.00011344867526656872,0.0,0,False,0.4478131770156324
417,True,0.5056235173822988,0.7230189127760936,0.4331583855843671,1.4804791660467087,1.1321606355131228,0.05932569476870295,0.7652395203963077,2.169718929427554,36.42760140291555,702.8951947861048,0.0653100049935979,4.145676892082651,0.024829465998108712,False,False,False,0.0,0.0,0,False,0.25579842599108815
418,True,0.5432993927927892,0.7928221929602102,0.46012512607031547,1.5869592717782934,1.1620400811510605,0.05797640430502281,0.815091730671687,2.353350470181379,37.965788879104956,812.77518605821,0.06493626022905562,3.7629040525194126,0.09497749374489528,False,False,False,0.0,0.0,0,False,0.2510936059989035
419,True,0.5582514261028394,0.8265562301819274,0.46881649140981013,1.6661126097582313,1.1476300167127917,0.05245546266871759,0.9047182977429642,2.002976149045177,27.805832571719737,1220.971801178316,0.0480449706203212,2.038758960092897,0.09301012246433842,False,False,False,0.0,0.0,0,False,0.2105791599897202
420,True,0.5336965833557678,0.7804655922433661,0.4514402470599017,1.6291661224867717,1.042257431442726,0.042683050370637035,1.144637364964663,1.9144766953161705,58.82723696411737,1571.0877863237536,0.041835946002597574,0.3549473770980187,0.45922572887394564,False,False,False,0.0,0.0,0,False,0.5423091579868924
421,True,0.5131939600059445,0.7361123366358953,0.4388878344626274,1.5827966042434136,0.9463963425235455,0.043327970729569544,1.2502998666951215,2.3128179259015154,29.90393762133592,1442.1355173408942,0.042397484574416056,0.49133697281030736,0.8387545154878936,False,False,False,0.0,0.0,0,False,0.3120597990055103
422,True,0.4764104868980161,0.6684298317905375,0.41240403860050895,1.4650743142150435,0.9675983857515673,0.04931758932520805,1.4286005284925603,2.0022560382796044,29.52732898145007,1115.0141780557599,0.04009382661017599,0.3408949627671952,0.9393597689311399,False,False,False,0.0,0.0,0,False,0.27561325900023803
423,True,0.4244506658839323,0.5783325759618366,0.37315669585796424,1.2966854496807056,1.0680407812496802,0.053474992374013715,1.6576982932748683,1.9047624274190107,26.434416855146427,535.6130195751986,0.03883814827075549,0.19390309763785415,1.1872516385619396,False,False,False,0.0,0.0,0,False,0.27257525801542215
424,True,0.372983003208313,0.48939499623652755,0.3341790055322415,1.1355643720616746,1.0941274092291045,0.054349005965918656,1.8621070066217469,1.8754168253002002,19.41475576120518,506.5219029051437,0.03812241055942425,0.21135668534564295,1.3484298588221266,True,False,True,0.0,0.0,0,True,0.2756888930161949
425,True,0.34176292203480485,0.4312365698917201,0.3119383727491664,1.0539690353991986,1.0809251219600124,0.05439696258145227,1.94298212522535,1.8647788432845185,19.619026927392813,359.2710761396229,0.039074522272815146,0.07795289375265664,1.7787043802288718,True,False,True,0.0,0.0,0,True,0.31970579698099755
426,True,0.31541042706674494,0.38264453747032673,0.2929990569322177,0.995270122888561,1.0789362067361434,0.05374318112433576,1.9912942171922439,1.7627335721414656,16.990418716252965,396.22732577927474,0.040706778938120025,0.12276285789000488,2.2236470376097843,True,False,True,0.0,0.0,0,True,0.27424582600360736
427,True,0.29580926773470756,0.3454138996972404,0.2792743904138634,0.9631175297206975,1.0847475798244701,0.052433355223920904,2.012177503859247,1.6668662628642275,19.83830939087228,362.84158446431263,0.04194451703552639,0.20982047525850597,2.494347866814373,True,False,True,0.0,0.0,0,True,0.2336036079796031
428,True,0.2770924624273684,0.309604978674853,0.2662549570115401,0.9454402078676263,1.0852543759075517,0.04747592580837468,2.0222467497473056,1.5132182039677349,17.625397605512102,584.5591061595744,0.042947234079239144,0.1742685658033459,2.7666743530965214,True,False,True,0.0,0.0,0,True,0.19006515797809698
429,True,0.2586770946885835,0.2772616686609337,0.25248223669780007,0.9257039523013394,1.0621102431359657,0.0439751720077462,2.039000035932501,1.4598612996255387,17.156304297916552,552.7373735796925,0.045143485074358614,0.06685480497590869,2.927873065462514,True,False,True,0.0,0.0,0,True,0.18594594398746267
430,True,0.24290327782140636,0.2529146116050804,0.23956616656018168,0.8987790084967064,1.0218881732641554,0.04347402367959986,2.051936316932469,1.5880189923287629,18.93333550797495,514.6853317042873,0.050449612563007826,0.4903410564283794,3.4297441527012875,True,False,True,0.0,0.0,2,True,0.19472087500616908
431,True,0.22914786640943552,0.23661411366700774,0.22665911732357813,0.8553260039450274,0.9845857011111201,0.044176362031844996,2.0866926670746277,1.5904524884942397,16.626506505831184,750.1628517621738,0.050884471413386735,0.21415996480791966,3.3349575285763247,True,False,True,0.0,0.0,1,True,0.1991555060085375
432,True,0.2225176682110091,0.2294287833863158,0.22021396315257355,0.8015047495610088,0.9516065640591427,0.04336764416023974,2.1303615212750007,1.7232506121030622,16.858991290424495,481.6723115857423,0.0464610242338017,0.333294413154722,2.994950829195611,False,False,False,0.0,0.0,1,False,0.1982225920073688
433,True,0.22453824092507457,0.23767597282967595,0.22015899695687413,0.7508885768747955,0.9391316462343785,0.04317625455501984,2.152099138950656,1.7518762108428974,14.754545726533033,635.6089244063978,0.04886285301766544,0.08431103953837302,3.1049247953037593,False,False,False,0.0,0.0,0,False,0.18535671100835316
434,True,0.2309465732442878,0.2532668324160597,0.22350648685369726,0.707828431322246,0.9354068593481883,0.040775352956526616,2.16253581479174,1.686467090449388,14.774714117024955,453.4860698274273,0.04241096446073238,0.04088911376996149,2.595083832088436,False,False,False,0.0,0.0,0,False,0.22272983100265265
435,True,0.24963342637591898,0.2900423189361798,0.23616379552249875,0.7212902848598125,1.0037597558704365,0.03987124127562271,2.062099486577857,1.7521124255358953,16.299604480606465,339.80860600325354,0.03833487867291587,0.11840712521860586,2.0076397550153002,False,False,False,0.0,0.0,0,False,0.22471934100030921
436,True,0.2833995706504357,0.3504528658498561,0.261048472250629,0.8052374536512432,1.1598984273169621,0.04392926905844399,1.8385455276959226,1.6696735427728617,17.553860002119816,478.55460545078165,0.031642668828261854,0.14665498697572027,1.0092083192036985,False,False,False,0.0,0.0,0,False,0.2186881439993158
437,True,0.33807517764507816,0.43817674390121747,0.3047079888930317,1.0177186244116407,1.2279918648116446,0.045338043740548395,1.37754081766836,1.4710235944275822,27.913456735880004,642.7343727834478,0.029604590730658423,0.3972719822658669,0.5230190767969753,False,False,False,0.0,0.0,0,False,0.1844751949829515
438,True,0.3593937483416737,0.471845071630292,0.32190997391213433,1.1320072559320324,1.0984111929751952,0.04466557568133943,1.1414469370074722,1.313384584872862,22.950593122237255,553.6281140899752,0.030846935426448452,0.8709245861655324,0.23331889901155556,False,False,False,0.0,0.0,0,False,0.17375360600999556
439,True,0.3615079347739847,0.47316435825769576,0.324289126946081,1.168007898452074,1.0448200061535453,0.044886347299561674,1.0738431854676556,1.1457983173355912,16.736155435427264,529.1774115982403,0.034311584403301766,1.5778423797359025,0.13141931129451798,False,False,False,0.0,0.0,0,False,0.17320410700631328
440,True,0.3614150256973985,0.46919587351025827,0.32548807642644534,1.1865442018847905,1.0070104744350024,0.0463449303093168,0.9973509003970569,0.9433070685460662,19.51281152133742,453.2467768587409,0.03572457783532572,1.9927121461000592,0.0628405397966925,False,False,False,0.0,0.0,0,False,0.17436887900112197
441,True,0.35656044198216863,0.4582562070189362,0.3226618536365794,1.162451654441721,1.0223271561251313,0.04764634811112607,0.9597992262951864,0.8105758720597778,18.185747662427914,535.1364070217911,0.037841767026341684,2.329198285677997,0.1537439203371345,False,False,False,0.0,0.0,0,False,0.2430800449801609
442,True,0.35282966544085714,0.44887306990479325,0.32081519728621166,1.1258179725951154,1.0394166961717497,0.048514968320974954,0.8997036586452192,0.9424772732857486,16.0560946032113,236.62470249175007,0.03709411057855131,2.287464350621843,0.060102203004837686,False,False,False,0.0,0.0,0,False,0.17650779098039493
443,True,0.35239012106590184,0.44551004693178764,0.3213501457772732,1.0840735902032719,0.9350858204641801,0.050012428900424455,0.7732634949016673,1.1249167096213863,15.88473675153993,356.27887295049493,0.03738516849337435,2.190367761678703,0.12112018603764689,False,False,False,0.0,0.0,0,False,0.17533328098943457
444,True,0.3526085337263375,0.4441368121699557,0.3220991075784649,1.0336505870391017,0.7696084450504086,0.05111087778864389,0.5733358731832789,1.2381663971013057,9.265902904601694,327.30410507969134,0.033651112622410564,1.974087430193566,0.09939474577466595,False,False,False,0.0,0.0,0,False,0.17178206099197268
445,True,0.35034644450146074,0.43997505990585806,0.32047023936666164,0.9749195293471811,0.6438456811815714,0.05231212302246615,0.3302555239700984,1.2658593990766698,6.726312500654424,195.42421701112895,0.0308957450316912,1.770708734616474,0.14762720103220434,False,False,False,0.0,0.0,0,False,0.1732761840103194
446,True,0.34592070376025263,0.4345256784896037,0.31638571218380224,0.9229635770203709,0.6332027932075908,0.05189456193829102,0.11913483773145139,1.2679266119904176,10.849903034555606,237.7453388446475,0.029749351869001957,1.7508392301737483,0.08417342123539637,False,False,False,0.0,0.0,0,False,0.17348471799050458
447,True,0.34278169677087844,0.4321542335282882,0.3129908511850752,0.8980195643330008,0.6758868323612885,0.050200153746830255,0.022652691792576896,1.1262671674135016,15.2711974388607,356.3307603120879,0.026960125637875598,1.781065916675815,0.08953100335463582,False,False,False,0.0,0.0,0,False,0.17324222999741323
448,True,0.3464940753645614,0.43984268299036644,0.3153778728226264,0.9122943632102315,0.6542205072470881,0.049036979879328035,0.012552176077710087,1.132737664718412,17.525331811867257,454.873653448313,0.02872183048578518,1.8943453279902245,0.14932019109341518,False,False,False,0.0,0.0,0,False,0.2199941519938875
449,True,0.3470285835359297,0.44030379327748187,0.3159368469554122,0.9177379742795727,0.6999341490297106,0.04723602693109128,0.1379684764944109,1.4703735757623433,22.309443631718025,499.9412737291896,0.01936689667379358,0.8445558544751152,0.12495827712133209,False,False,False,0.0,0.0,0,False,0.2234895180154126
450,True,0.3364220507807783,0.42194660289842667,0.3079138667415622,0.9043750122476454,0.888812573540714,0.046453011464852846,0.44636204812649627,1.3659987045952249,14.610118353257256,756.4321579741465,0.015055152613538082,0.03989367996125371,0.13817996141642636,False,False,False,0.0,0.0,0,False,0.19212117401184514
451,True,0.3334770323274445,0.4136978002337188,0.3067367763586864,0.9241249397648157,0.9593396002575613,0.045257311640930005,0.5465173927907181,1.2733064382875097,20.495639394146455,563.1600515503527,0.017081191695649943,0.07123272709767274,0.12503947705417578,False,False,False,0.0,0.0,0,False,0.2350623259844724
452,True,0.3473530588198008,0.4286644021829195,0.32024927769876116,0.9695779534908961,0.7603639546273881,0.04795069943950729,0.31546219123660957,0.9324350791755525,18.819350564663765,696.7531086600842,0.015772746392815958,0.013149082472437198,0.22471894160719852,False,False,False,0.0,0.0,0,False,0.18590899600530975
453,True,0.3500493186053153,0.4315659985372522,0.3228770919613364,0.961236091535316,0.6830569777142133,0.05083603261484743,0.23468449492233256,0.6546135516358609,18.309697447607263,422.7792206631102,0.00913993601175266,0.0552615801012512,0.2878036968131057,True,False,True,0.0,0.0,0,True,0.18863648897968233
454,True,0.3493057337995811,0.43164650865126,0.32185880884902146,0.9314025084206187,0.6614414697594719,0.05146926833694797,0.22898179131161991,0.6921214170378162,16.69248106896406,288.6831475536077,0.010052149975563399,0.06367190248093924,0.3993102400739399,True,False,True,0.0,0.0,0,True,0.1352051050052978
455,True,0.34968345908838255,0.43396401628383796,0.32158994002323066,0.8943669378291522,0.6429936994120904,0.05192116456501315,0.21749841276435866,0.8731084626388061,11.013508915653128,301.4992453882793,0.012835302068055488,0.018100704193689057,0.5660301742887381,True,False,True,0.0,0.0,0,True,0.1802852080145385
456,True,0.34936916513686944,0.43737144449858567,0.3200350720162974,0.855584779024535,0.6483897729064055,0.05176521772269907,0.24165366700153593,1.012082302264954,8.554641423741069,268.1655108796216,0.011957070261095657,0.07078360794526653,0.4675436499586021,True,False,True,0.0,0.0,0,True,0.17560929301544093
457,True,0.34616083469200565,0.43787956561730135,0.3155879243835737,0.8108533265045724,0.7183519175850102,0.05111129932776428,0.34233673651884433,0.9863060690294193,4.075937263805884,248.17692155955118,0.010475416587154339,0.04688814870808641,0.4922068272267245,True,False,True,0.0,0.0,0,True,0.13224788699881174
458,True,0.34152324591442446,0.4358843667453649,0.31006953897077766,0.7717272822372079,0.7996597581815208,0.05035379704074519,0.45168253559247606,0.8879762284531217,7.987167825444267,205.61489485465313,0.009257843466703632,0.0737495208419333,0.47396674659680904,True,False,True,0.0,0.0,0,True,0.17595289199380204
459,True,0.33708832070128825,0.4328741657367722,0.3051597056894602,0.7425553914383026,0.8586966639817089,0.050086956562148864,0.5265771368769785,0.794559794309012,6.142896193267665,209.85714547714602,0.008866791183675251,0.03647183429075749,0.442862404586653,True,False,True,0.0,0.0,0,True,0.17921979498350993
460,True,0.3334958443175872,0.43047339637130155,0.3011699936330157,0.725767919948725,0.8935869389581275,0.050873751143595686,0.5604658645824847,0.5860846313481144,11.76693736694816,292.52516532056865,0.010042269991529686,0.028804278643405446,0.5479825449043264,False,False,False,0.0,0.0,0,False,0.17785605898825452
461,True,0.32990708894828147,0.42722293840717623,0.2974684724619832,0.7127507578185098,0.905505326735911,0.051136059045425016,0.5785283464345086,0.5520600207972746,7.0302630060702835,310.50511321960016,0.010385462362518288,0.01410667792811348,0.500778921683944,False,False,False,0.0,0.0,0,False,0.18130567701882683
462,True,0.33176122642233535,0.429581079264431,0.2991546088083034,0.6988236260707494,0.8195590545740601,0.05128908387444854,0.48377328870228475,0.7174502594561513,11.212106625406653,302.3957775829592,0.007923775104828903,0.06479846847988895,0.2989636528151604,False,False,False,0.0,0.0,0,False,0.14177670300705358
463,True,0.3362991312295883,0.4346991265110386,0.30349913280243834,0.6908841774957043,0.6868113907310784,0.04994206209146845,0.32293348883573153,0.6014462798513074,9.79434569906753,459.198613549246,0.007265690292204716,0.03152217756812927,0.09093079219657778,False,False,False,0.0,0.0,0,False,0.5451102370279841
464,True,0.34004798748854825,0.4377868313118759,0.3074683728807723,0.6972712770045104,0.5591257083355369,0.04795277895856838,0.1337012093691019,0.5798000681171436,11.530191394553889,287.8529707040268,0.008838829978513285,0.058481226364245,0.1473336139079092,False,False,False,0.0,0.0,0,False,0.48024795300443657
465,True,0.3412516497314126,0.4368685599211577,0.3093793463348309,0.7042173760857011,0.4520956568920331,0.04672912751299471,0.0792201279395477,0.6913198107835025,11.2280143433517,388.6002665539198,0.008733461477907578,0.06502363866697297,0.09640039377893637,False,False,False,0.0,0.0,0,False,0.47352467899327166
466,True,0.3395621771056974,0.4314058755094685,0.3089476109711072,0.7187358466548809,0.4250626445209209,0.0442157226063791,0.3180096949247446,0.8847429424830784,12.581622081968504,228.82089403789436,0.009316564701444072,0.08796753799257619,0.07235806751298618,False,False,False,0.00014904998455847647,0.0,0,False,0.47890348301734775
467,True,0.33476729833333047,0.419773032098386,0.30643205374497867,0.7326576386423892,0.5358231012415924,0.04262820379368095,0.5314239966115917,1.084559386576392,10.495759782394837,336.24400545996644,0.011944596514889584,0.2948983170994299,0.06687940028437263,False,False,False,0.0001758216674243914,0.0,0,False,0.4745223349891603
468,True,0.33178332131984584,0.4093980480733788,0.30591174573533486,0.7534499519316618,0.584694082173792,0.04076370942862347,0.5958794272132963,1.1474914602648107,5.521977328539462,269.13123379044316,0.014956806075325763,0.464950110214637,0.022095567963212152,False,False,False,0.00020655409420111508,0.0,0,False,0.478229200001806
469,True,0.3301233455582863,0.400594577893962,0.30663293477972764,0.7746755292080406,0.5976020161953034,0.03951965753097951,0.6151711810730129,1.056606078569879,6.550827857772661,233.35617771699518,0.015886750415585404,0.6839634808631438,0.027372146405433083,False,False,False,0.0002493731641045882,0.0,0,False,0.45078395897871815
470,True,0.32838996436539597,0.3926713062908049,0.30696285039025967,0.7826281385620816,0.6092729136970704,0.04045354528911251,0.6372408782443868,0.8048752860108929,15.0823141851665,328.9158538751981,0.016817800119668734,1.0545800604517683,0.045540564040987115,False,False,False,0.0003076888638371064,0.0,0,False,0.5228455879841931
471,True,0.3278292603628521,0.3872403507050948,0.3080255635821045,0.779517859319812,0.5884499138043511,0.04115871383422825,0.6275448842636235,0.7191508614453015,9.5929170442342,265.7686695237023,0.019828141527588848,1.3861860431881388,0.09953246488445193,False,True,True,0.0003715590542390755,0.0,0,True,0.45036199199967086
472,True,0.32710033656096316,0.384387873437194,0.3080044909355528,0.7559705871195511,0.5942132177251988,0.04337400256826202,0.6567608041108228,0.6734784569906768,13.315988137657763,251.00757190051547,0.018174698986698837,1.328132020411103,0.10059594223213246,False,True,True,0.0004252294859574783,0.0,0,True,0.45531950998702087
473,True,0.3280135447532473,0.3866246557887749,0.3084765077414048,0.7213218425562167,0.6184775784919131,0.04418446867174405,0.7053348566312172,0.7076442035156695,9.895886105629772,262.87781545902925,0.01987363967927216,1.5367000682090635,0.10192427035869828,False,True,True,0.00046322688935238054,0.0,0,True,0.4538289939810056
474,True,0.33364334785453437,0.3971472979921007,0.3124753644753455,0.6857072716781434,0.5803057998720548,0.043538504741793424,0.6763603991856685,0.7761832512019102,8.27598775876648,197.34733215320256,0.02186238871058801,1.7287603135898586,0.10515318622298767,False,False,False,0.00023387686881898642,0.0,0,False,0.45656007499201223
475,True,0.34499824248282723,0.41726007857861064,0.32091096378423284,0.6523474685413962,0.4553662019465089,0.043407792404551865,0.4994704442221083,0.9915038322197259,9.683499662676594,197.01080295977096,0.02158495484718825,1.732711962672515,0.04480197817109536,False,False,False,0.0,0.0,0,False,0.13597265700809658
476,True,0.2363441855390736,0.27079060854490644,0.22486204453712932,0.42146464699199604,1.2071604463249868,0.04281915872824876,1.6295558839217659,1.1130230404258592,6.300753067039012,196.76878430949242,0.02110642433375423,1.7078100103366098,0.0011071777041127306,False,True,False,0.0,0.0,0,False,0.18629720198805444
477,True,0.20686436945491915,0.2437532450329134,0.19456807759558772,0.3720074499525372,1.0940854100966708,0.043245853313021415,2.301723366620618,0.9009842375213432,7.214144483375956,345.87248315585344,0.018733002774545468,1.4475264872219658,0.036131733193131406,False,True,True,0.0,0.0,0,True,0.46041844598948956
478,True,0.29545526932148325,0.37205497226982576,0.269922035005369,0.5583856691729032,1.300366729677631,0.04350178795787379,1.5151235226859987,0.6945785062409477,9.877486877374679,165.2603621604704,0.01602830749811984,1.0736101079259104,0.09790794990663448,False,True,True,0.0,0.0,0,True,0.09196896699722856
479,True,0.33027142759494565,0.4224102883557601,0.29955847400800756,0.6341232791429543,0.9485547954881981,0.04321802864710737,1.0643961950340348,0.46045635880820884,13.469829083468651,205.0051775488808,0.014108445701152302,0.6078862707101961,0.0811093438927016,False,True,True,0.0,0.0,0,True,0.18442348000826314
480,True,0.3386061746833445,0.4360804312330806,0.30611475583343256,0.6539850242416534,0.8022771485349326,0.043549597721021856,0.8666605541731915,0.5260809514177028,12.061490306974328,308.0094838186894,0.012695533191524187,0.4192192609168514,0.015255416749627293,False,False,False,0.0,0.0,0,False,0.18065501999808475
481,True,0.34704169846562904,0.4498032231303274,0.31278785691072963,0.673247752665335,0.6107759427262736,0.04468248869434253,0.6063321077089727,0.5103598365856715,4.122846930360499,383.426965298654,0.012394182975972143,0.44138001485070694,0.09232904406895058,False,False,False,0.0,0.0,0,False,0.1382261049875524
482,True,0.34996777949252655,0.45740326721308566,0.31415595025234017,0.6822482040901345,0.5085337588231319,0.04536629076163033,0.4252492810080464,0.543229190852874,4.641519201124191,193.05298773128393,0.013861542420782172,0.3325077266437637,0.04570507585519865,False,False,False,0.0,0.0,0,False,0.13824471001862548
483,True,0.350207730746869,0.4594557473101746,0.3137917252257672,0.6809253274659155,0.4300147821258461,0.047327570677066874,0.20195128254390785,0.43092191843343114,8.020086252496414,324.9465971957996,0.012334570580425348,0.12682597140774965,0.0156799068736304,False,False,False,9.91347589296785e-05,0.0,0,False,0.09542268299264833
484,True,0.3471509800964287,0.4555105220605219,0.31103113277506417,0.6705193070905567,0.4650734812866527,0.04978227646005735,0.06426328267906392,0.5688299916134499,9.044292618233467,225.86702680880293,0.013296670064344183,0.03243151988149664,0.06372283139570428,False,False,False,0.0,0.0,0,False,0.47764251398621127
485,True,0.3429618103321253,0.4491821927323645,0.30755501619871234,0.662675451947695,0.49597693335618986,0.05031001938837461,0.016449101317972146,0.692302277434266,7.482722349457407,263.3527003240395,0.015741124684386685,0.024327293263800162,0.10495095827658811,False,False,False,0.0,0.0,0,False,0.551385572005529
486,True,0.33771947175535894,0.4394886602886497,0.3037964089109287,0.655051484414975,0.5239790662319501,0.050084085740759975,0.0749458695412952,0.7021704932554195,7.565944085482803,246.09827532034916,0.015657911267284143,0.09656193298882237,0.10624309041843806,False,False,False,0.00037824848015104336,0.0,0,False,0.48357410400058143
487,True,0.33377280885001653,0.4304746334373561,0.30153886732090335,0.6655476515619321,0.5279225393145864,0.048540160007509006,0.08271215320998124,0.851485229235747,8.380287253519493,221.48706086452023,0.017377799471009443,0.0340213695805112,0.23503959735955526,False,False,False,0.00041554372151001925,0.0,0,False,0.4824295610014815
488,True,0.32955861834453565,0.41991570941658773,0.29943958798718495,0.6871937063205131,0.5222986769017282,0.04681394731629005,0.0848033498783669,0.9205430050369494,5.870552829165067,164.0839761289363,0.019153709850053904,0.05363918638674901,0.3891454515990494,True,False,True,0.0005218218680261549,0.0,0,True,0.476650720986072
489,True,0.32313382613060065,0.40589223184013296,0.29554769089408994,0.7028114882359174,0.5270664526244055,0.046492569999373096,0.09934984225860853,0.8005944909236079,8.191277609129287,287.1967117525048,0.019298744549535063,0.030800948951236418,0.7001777434830098,True,False,True,0.000647192133551867,0.0,0,True,0.4584724910091609
490,True,0.31572780506957876,0.3908404259955002,0.29069026476093834,0.7087191948547079,0.5077232685178011,0.04732983915460243,0.08452760836565851,0.6854833658054806,9.60696635194485,143.94228839056362,0.019184224402012794,0.018472972661133475,0.9193158326740605,True,False,True,0.0007785256813228301,0.0,0,True,0.46785087397438474
491,True,0.30825909569457505,0.37670331667767226,0.285444355366876,0.7052242315578772,0.4854822958850472,0.049841685390281415,0.07038158360079169,0.5727796471904203,11.967888068081415,222.791342298819,0.019202229638589346,0.04868729213167337,1.0901666766153673,True,False,True,0.0008914486367482405,0.0,1,True,0.4732432129967492
492,True,0.30105342929895174,0.36355011205646537,0.280221201713114,0.6966198068676442,0.4596183393123613,0.052391426662937016,0.052509009136106434,0.5974500564415485,8.022454228411526,195.15983291595754,0.019708282169789232,0.04008028882168475,1.1859492807249956,True,False,True,0.0009851517084900237,0.0,0,True,0.14641007999307476
493,True,0.2953691306181276,0.3534751135206396,0.27600046965062347,0.6847512397263567,0.41358814813812494,0.05621856665959135,0.012455050743029194,0.6900207527426107,9.237112631156227,175.678112016053,0.020984673438188786,0.04076611019666555,1.3736534959640139,True,False,True,0.0009417291041060975,0.0,0,True,0.4809719780168962
494,True,0.2915562847806643,0.3469514457807122,0.27309123111398165,0.6686400161079403,0.3910665523471854,0.05921498100268307,0.0027120926110046676,0.8379955187066123,8.14377095275576,166.57953217254908,0.021899308990209487,0.015834755938575074,1.4986216570521773,True,False,True,0.00047822658063030946,0.0,0,True,0.19166012699133717
495,True,0.2898190128578976,0.3441796278591165,0.2716988078574913,0.6502488623742716,0.39901690098057097,0.06068685188058521,0.03058578366671203,0.8515542134950673,6.332301366857481,219.56019917345336,0.024743315642966585,0.09900946388184034,1.7944454420715252,True,False,True,0.0003525913957096276,0.0,0,True,0.18736470001749694
496,True,0.290276383466387,0.349221801336013,0.2706279108431783,0.6368015740814438,0.3314216453887731,0.06452976834472958,0.08643447313788168,0.8449860220064179,12.589257972040125,363.511207165432,0.014946155919070093,0.12060672781186177,0.8743863509972866,True,False,True,0.0,0.0,0,True,0.1843133139773272
497,True,0.2875454555060294,0.34850886661220026,0.26722431847063904,0.654889991690506,0.3523328749839124,0.06494543924776078,0.033403390412302586,0.4236655070559142,17.480379286188896,675.5406406142612,0.009644523028982327,0.06564228651747062,0.026856792790197703,True,False,True,0.0002951874969894207,0.0,0,True,0.26861694699618965
498,True,0.28543068426505924,0.3492691549257019,0.2641511940448451,0.6601695484643938,0.358451290245584,0.06566086973794333,0.049124232675360945,0.42540493334804474,3.2432679479373085,515.7369657456312,0.008182974862801446,0.022158210601693967,0.03217006270478411,True,False,True,0.00024132828746729028,0.0,0,True,0.19494854100048542
499,True,0.2835812627832097,0.35055690593790695,0.26125604839831057,0.6580006940611526,0.3634386500847841,0.06659081088467875,0.07389516084966655,0.5086167394034453,4.694795083374679,130.1136156485599,0.007823526820626397,0.06849604785187874,0.0831344715470925,True,False,True,0.0001515755348910023,0.0,0,True,0.1949362870072946
500,True,0.28135688131911113,0.35110462637170864,0.2581076329682453,0.656379731475146,0.35697487677250633,0.06627331786177053,0.09402527058725088,0.5159603810508289,4.37903017550719,193.3859636231482,0.007851130334062385,0.011939302796708722,0.010998095054081813,True,True,True,6.074960622379569e-05,0.0,0,True,0.19631532399216667
501,True,0.2787255830268592,0.3503872274496664,0.25483836821925676,0.6475421230552312,0.3415843048657722,0.06652643947086173,0.11484515165555047,0.5277639595673446,3.7485303186148857,162.12168427322075,0.00659656896275951,0.013525974355928205,0.01975533760288426,True,True,True,3.652967613875999e-05,0.0,0,True,0.14600713000982068
502,True,0.2763290363230863,0.34949198067535064,0.251941388205665,0.6335343851137772,0.3248608243093424,0.06663257013036267,0.13014132142504956,0.5422075679439284,2.2948479769694563,89.78595409687601,0.006186338218721685,0.01381025108496296,0.014172679936040109,True,True,True,2.423574790574e-05,0.0,0,True,0.1460710300016217
503,True,0.2743314863906453,0.3483665639227794,0.24965312721326718,0.6221420506798157,0.3386157216893222,0.06580299096205983,0.12867156755874312,0.5270975696721855,2.680393522231456,71.59085217691215,0.005693736512576102,0.010432568725199227,0.018773453074417856,True,True,True,0.0,0.0,0,True,0.14635758197982796
504,True,0.2728370979204864,0.3469183727730718,0.2481433396362913,0.6172858058201757,0.3791246948253755,0.0640428591096835,0.11804392842792157,0.47430485978745623,3.677962148387349,71.39054634761085,0.005441756984895301,0.013880586142571998,0.015825865928900236,True,True,True,0.0,0.0,0,True,0.14820132599561475
505,True,0.27137701426953403,0.3447460294969039,0.2469206758604107,0.6117497945414878,0.4005722700189869,0.06246270750507406,0.09303606842426618,0.4123137341494521,5.548958127920649,101.93894826813495,0.0052354672483007824,0.07061923029184151,0.05473539168918937,True,True,True,0.0,0.0,0,True,0.10171314000035636
506,True,0.2698912553430995,0.34177246437563435,0.24593085233225456,0.6016236026446378,0.39085343910160586,0.06075666771907154,0.07346306567560504,0.3361221682316639,4.957323575261633,187.35963139981183,0.005065180929573188,0.00282198640308655,0.009182603851794606,False,True,False,0.0,0.0,0,False,0.5032743629999459
507,True,0.2684651905154114,0.3381735058760322,0.2452290853952045,0.5860756985403224,0.37032933210651364,0.05958287626980149,0.07011852265396826,0.37282662267455946,7.241543438886591,166.70204284590534,0.005963084383565506,0.08444533436706345,0.07413566771773096,False,False,False,0.0,0.0,0,False,0.20176664501195773
508,True,0.2672412551715902,0.33492550861628245,0.24467983735669283,0.5684478558300903,0.3709248788553685,0.05876837813305659,0.06450015523456744,0.3429081106390266,2.6050415767678827,240.29219259061082,0.0051213857666679114,0.012339440492176432,0.018442919539917432,True,True,True,0.0,0.0,0,True,0.20230328899924643
509,True,0.26605658486932854,0.33193857416624656,0.24409592177035588,0.5503564281650364,0.3741447290687956,0.057631304535299695,0.058364435633188515,0.3913658466423043,2.499234045062557,103.76892899894217,0.005219661381292149,0.007819967821609814,0.03293299045058741,True,True,True,0.0,0.0,0,True,0.20510410200222395
510,True,0.26539349960600894,0.32988908760883584,0.24389497027173332,0.5336455448283023,0.3761405775992443,0.05620681384543759,0.05114294966876034,0.3829814823149307,1.7513140674706729,96.7298913316698,0.005284678499918958,0.050706025527653895,0.06836082283078122,True,True,True,0.0,0.0,1,True,0.5221086540259421
511,True,0.26545515959430416,0.32973228362729484,0.24402945158330733,0.5223835982958739,0.37956727912674443,0.05416373968639869,0.04722914298186633,0.34108506760310964,4.72250257201166,147.18374732084808,0.005114131130099139,0.06099117227569411,0.07993355160909897,True,True,True,0.0,0.0,1,True,0.2925825239799451
512,True,0.26615375898890536,0.33045519695750325,0.24471994633270602,0.5150415828041888,0.38049331525786895,0.05323037362325932,0.05529138708316974,0.267040485859914,5.671262907316438,192.60819752353285,0.005073924553016858,0.03739985903851398,0.014175600398815609,True,True,True,0.0,0.0,1,True,0.2144027530157473
513,True,0.26671794967449824,0.33086159638857016,0.24533673410314097,0.5072176003679698,0.38494019024037823,0.05259648591571342,0.06283021767658095,0.2564349458398918,4.603956849416761,228.16685688747813,0.004586990921567527,0.02595262452287231,0.030346612643506195,True,True,True,0.0,0.0,1,True,0.204170377983246
514,True,0.2676163444845698,0.33218185751190554,0.24609450680879122,0.5046032676568932,0.3871806302149994,0.051810117245838935,0.07785731002576247,0.2979697813652949,4.831203110212318,232.90818284824044,0.004588914091959185,0.058636258109220275,0.024923742085705212,True,True,True,0.0,0.0,2,True,0.20574127597501501
515,True,0.26856584988208465,0.3339097520300174,0.24678454916610695,0.5033758723979735,0.38637542398418223,0.05072403722622608,0.09459480869439599,0.25329415284679085,3.001146090140177,199.36026652276996,0.0040798061160213905,0.03657136645434226,0.0426942946183873,True,True,True,0.0,0.0,2,True,0.21174342799349688
516,True,0.26949557002068153,0.33588805667211097,0.2473647411368717,0.5034163332402009,0.3824586195943425,0.04999290398587865,0.11176775411734877,0.22031421630043008,1.7140688302699425,89.48832632506624,0.0034350114965316465,0.009641668127368854,0.006481968961806273,True,True,False,0.0,0.0,2,False,0.20910149600240402
517,True,0.27043860255535734,0.3378171949159412,0.24797907176849598,0.5039173416530387,0.37870484636254653,0.04862697524598007,0.13263697370098296,0.19630017368387953,3.2977700067346665,98.16092151613799,0.00329887078354153,0.04770092491779856,0.08746082836808423,True,True,True,0.0,0.0,1,True,0.20675304799806327
518,True,0.2708178081786438,0.33866708886574665,0.24820138128294286,0.5023102033323946,0.3728392216084119,0.04756315176859245,0.14823816317237906,0.14966343871628185,3.5601085222224786,142.11232404614907,0.0029122023454914497,0.01874545991329462,0.025061837977069963,True,True,True,0.0,0.0,1,True,0.15839506898191758
519,True,0.2709627293062445,0.3391297234438079,0.24824039792705668,0.5000018443050707,0.36625850157064116,0.04633710381145096,0.15914204666847923,0.10442684251711977,2.2468973159774297,112.17716365951608,0.0024598187763382575,0.008110678150391534,0.004288305292007391,True,True,False,0.0,0.0,1,False,0.17029451500275172
520,True,0.27096788100662317,0.3393501295125893,0.24817379817130114,0.4975543120765881,0.35779154679349656,0.046522777842842714,0.16942540191655844,0.09541745414311385,1.8119622933600499,50.78358264570274,0.002514697328894899,0.028478272347358342,0.02890505179552814,True,True,True,0.0,0.0,2,True,0.17601136799203232
521,True,0.27091754049888367,0.3394398916371162,0.24807675678613952,0.4982345821621739,0.3518385288820166,0.04714728482795378,0.180885650247433,0.13625643618810554,3.9787798701214694,114.70702316763021,0.003785305604464887,0.0497214095582401,0.02669312077790217,True,True,True,0.0,0.0,2,True,0.16876875201705843
522,True,0.2708478352161911,0.3394533151147726,0.24797934191666393,0.500556701593632,0.34815025784198683,0.04660636544087969,0.1886392312367902,0.11211416066098313,1.8599501268529854,158.89413945319725,0.003280876906000292,0.006146126960001968,0.004860883239876146,True,True,False,0.0,0.0,2,False,0.15962679599761032
523,True,0.2709351783598282,0.34021484894738335,0.24784195483064322,0.5062934571018075,0.34470377869853114,0.04710516150459291,0.20600989547770368,0.1370470402347648,1.7176467545528649,59.39808293984647,0.004351271906273222,0.010639307352672371,0.0074255976291984545,True,True,True,0.0,0.0,2,True,0.15513376600574702
524,True,0.2711237264447625,0.34241323294586745,0.24736055761106082,0.5148283662090878,0.34476514647376877,0.04608126257021905,0.2303850574801081,0.1916561164801682,2.7765891404864464,66.072162552243,0.004869428123991353,0.02933533794215359,0.02898364002172218,True,True,True,0.0,0.0,2,True,0.15537561400560662
525,True,0.27174876255925196,0.34598089389824316,0.24700471877958827,0.5202364526077217,0.35624442109232224,0.04573730098001575,0.2523752340439176,0.2514751222240647,3.144248634707715,81.3344701954063,0.004390441148906347,0.016891886802810556,0.015698734884234677,True,True,True,0.0,0.0,2,True,0.16002132301218808
526,True,0.27298871599372776,0.35034803307652645,0.2472022769661281,0.5228494039262901,0.3673309339688723,0.045535789628514366,0.2678728120800485,0.2738062592701905,3.627267439068013,107.79721130884323,0.005873267372524624,0.026851187404655166,0.021001458390865233,True,True,True,0.0,0.0,2,True,0.21327853901311755
527,True,0.27501909122464885,0.35600023437375955,0.24802537684161194,0.5295178868939439,0.37473368036865295,0.04539002359151788,0.28629530363348926,0.3061349562219699,3.5243389581578937,122.94716405893817,0.006051642098394583,0.03847718674296763,0.03929963411944975,True,True,True,0.0,0.0,2,True,0.21227480299421586
528,True,0.2777296308307794,0.36302202691473473,0.24929883213612766,0.542434494758169,0.38671197933615387,0.0461212703241728,0.3071480051776956,0.2731706507095192,3.6234741413105835,168.4321518165878,0.0075413523803409994,0.0405423570155389,0.05093951879152646,True,True,True,0.0,0.0,1,True,0.20759820600505918
529,True,0.28051021253199115,0.37011817221006027,0.25064089263930145,0.5598236136959374,0.3994260278409646,0.04640065823202211,0.34600195749863377,0.21896148072015872,3.8280831575139773,154.38152711849608,0.006893628653296433,0.009534346889662586,0.0058434491029090135,True,True,False,0.0,0.0,1,False,0.28428296200581826
530,True,0.2828243639028584,0.375889597919218,0.25180261923073854,0.5752658955389907,0.41387529501911596,0.04597796120013276,0.4029697739081739,0.19356124245865552,3.4814885515492766,141.28102699091588,0.0065067049398406,0.03840064191933452,0.004859846359817986,True,True,True,0.0,0.0,1,True,0.20776590300374664
531,True,0.28511474683444515,0.3822085097299561,0.2527501592026082,0.5931973296250358,0.4405224976949205,0.04575868067842801,0.4930970362161411,0.20804248541633552,4.552304721993002,180.6762370957801,0.007588314481845455,0.05938143310760663,0.05363350037592924,True,False,True,0.0,0.0,1,True,0.21183729599579237
532,True,0.2861935348933051,0.38607403829047104,0.25290003376091647,0.6063950107670679,0.47758961769994224,0.045776212119742275,0.6030882012390573,0.2024255615008016,2.4067294541355015,157.00645650221063,0.0070421154665865895,0.011850300043111528,0.006863619726914006,True,False,True,0.0,0.0,1,True,0.1603581990057137
533,True,0.28575252662394046,0.38733135643309036,0.25189291668755703,0.6143766980742656,0.5328734719848531,0.0455767075119857,0.7289766244353716,0.20521966417462914,1.4235707093090109,46.12602061885346,0.007262029189145916,0.005141648356609949,0.0028729166321529087,True,False,False,0.0,0.0,1,False,0.1593185050005559
534,True,0.2836859353721185,0.38584326106120476,0.24963349347575647,0.6154210805200842,0.6221209668679576,0.04547625464797728,0.8657275700642021,0.1873591084815175,1.2700936230043216,51.00030539858306,0.006745655829090262,0.013653381989911633,0.006653497465416885,False,False,False,0.0,0.0,1,False,0.16355678299441934
535,True,0.27987595733787823,0.38135667029795406,0.24604905301785296,0.6096168277865784,0.7440458740203787,0.04551144358985581,1.0092667208996489,0.16020597870325737,2.7052935243973555,66.53821748448564,0.0071971521961167635,0.04017732708542169,0.03120546834350794,False,False,False,0.0,0.0,1,False,0.1569070880068466
536,True,0.27480980671513755,0.37454135711576997,0.24156595658159344,0.5977800091851115,0.8764505571843672,0.04577903284433545,1.1496164135857863,0.15112482397667434,2.176531324269185,89.61930910260288,0.008058489430979428,0.0019493704963343414,0.008942426771738862,False,False,False,0.0,0.0,1,False,0.15732800401747227
537,True,0.26713836279407416,0.36317219088021646,0.23512708676536007,0.5765625442634562,1.0281370486474624,0.04559428416128227,1.3034146950828103,0.17109970529798826,2.4739989732186944,72.11381445235452,0.008073854719196942,0.011214206050451571,0.03310691315782833,False,False,False,0.0,0.0,1,False,0.15789801100618206
538,True,0.25541087467408913,0.34549937591258967,0.22538137426125562,0.5442672330312054,1.2228551938308236,0.0448700072438202,1.4920429425265953,0.202051887764272,2.504476371010722,89.49991605299411,0.007915253173725831,0.009546678533096719,0.03361635229207367,False,False,False,0.0,0.0,1,False,0.15834621799876913
539,True,0.24164619771973983,0.3244696384989394,0.21403838412667328,0.5066917004000344,1.3856138311140969,0.044361953671519794,1.6849457284803615,0.3315094341454986,5.058343556356451,126.0117448256403,0.00889050307062808,0.030787033878466458,0.026641783651300717,False,False,False,0.0,0.0,1,False,0.15859340500901453
540,True,0.2285852288850825,0.3037698368747998,0.2035236928885101,0.47161240774292207,1.4536522738489808,0.04266017177420334,1.8453605578767827,0.47030224886089605,5.396221323108854,136.868310022702,0.010191619628057062,0.05964963978084179,0.056732752008761995,False,False,False,0.0,0.0,1,False,0.157503223977983
541,True,0.22202541718828578,0.293183826764048,0.19830594732969833,0.4552615156564732,1.4204112681284966,0.04169341952964533,1.9315590397677316,0.6906602015216685,7.7463619619302095,175.87421540004138,0.01208247326008546,0.20628026814179734,0.07020099499108294,False,False,False,0.0,0.0,1,False,0.21246607499779202
542,True,0.2234330512368387,0.2930250557056373,0.2002357164139059,0.4576222738518343,1.4121958119806544,0.03891548260804104,1.9343802415727211,1.0646392117394732,12.845160479589381,296.5352895419114,0.015059770863126841,0.17645701759969223,0.0517011040823813,False,False,False,0.0,0.0,1,False,0.21751311200205237
543,True,0.227313200755098,0.29456411996857135,0.20489622768394022,0.47278017575191733,1.398638388390978,0.03868123111048714,1.923037692153761,1.672683736889894,20.65509510948827,402.6449394665357,0.020442236065811074,0.3352789853288108,0.13795213626592864,False,False,False,0.0,0.0,1,False,0.2779879580193665
544,True,0.23038538215822268,0.294052906383171,0.20916287408323994,0.49901821507386923,1.378615389500984,0.041764548163858765,1.9371165558687136,1.8999375002762016,16.668626091935163,554.8345674757928,0.023905289954344554,0.6641658520012966,0.12873629568105693,False,False,False,0.0,0.0,1,False,0.4486838229931891
545,True,0.2327587472079461,0.2917222136633402,0.21310425838948135,0.528421025792349,1.3559223432242735,0.04224251688164308,1.957654353730968,1.850354829674705,10.155662040565655,621.2347697249705,0.03199444461312879,1.4825678349249174,0.08887989788392496,False,False,False,0.0,0.0,1,False,0.49325795099139214
546,True,0.238388569296729,0.29224058599469815,0.2204378970640726,0.5457868250541844,1.335902973406956,0.043430396217215186,1.9845298219864278,1.5117116602063925,26.109796629059005,644.7033808069825,0.0369084602721432,2.288573074540309,0.038147345801888145,False,False,False,0.0,0.0,1,False,0.255814789008582
547,True,0.2558562736680693,0.31013991842852406,0.23776172541458437,0.5584980995929143,1.3421784344888854,0.04577477489301858,1.9889523259860165,1.322990812872356,31.89766989449177,468.520327320424,0.04325566477835392,2.9701378774358416,0.08249414231488018,False,False,False,0.0,0.0,1,False,0.24798055601422675
548,True,0.27244025688803514,0.3315527012484348,0.2527361087679019,0.5518622939693533,1.3133532670981076,0.04566297811496296,2.0299315581691935,1.5276464166554091,17.601092352633685,555.2999831022755,0.048727931961732654,3.5713903517814267,0.032854857018316704,False,False,False,0.0,0.0,1,False,0.24131662299623713
549,True,0.2817649255736001,0.348427456613576,0.25954408189360817,0.5325321057636684,1.2421136442492682,0.045574194857891215,2.1085388618722076,1.6548746234724847,18.818997887897268,420.79808115605806,0.049427164527155946,3.6366305352057777,0.21609766722306298,False,False,False,0.0,0.0,0,False,0.23893198699806817
550,True,0.2594622379970345,0.32322191961049485,0.23820901079254772,0.4745579271450154,1.0358358428897434,0.04303065876097327,2.3151627798161196,1.3334380080367423,27.469290810880697,1013.285366309454,0.0371217363035246,2.4538809923975253,0.11197583842301415,False,False,False,0.0,0.0,0,False,0.191592932009371
551,True,0.229169265347803,0.27983675620279824,0.2122801017294712,0.4097778831121748,0.8337331715109965,0.03775698386012509,2.5045118013826144,0.8923220222827161,46.166376453462256,1579.3021953473308,0.020322089299238066,0.1771573251972394,0.08861217981800291,False,False,False,0.0,0.0,0,False,0.50005966599565
552,True,0.22283481704097274,0.2705850404804978,0.20691807589446443,0.40321022074913965,0.7775372084297866,0.03806290959075713,2.5490318820013806,1.1876658643643123,16.237715359684785,1037.2567784516596,0.022915967605048035,0.27951711172051635,0.1051472388450327,False,False,False,0.0,0.0,0,False,0.49385213598725386
553,True,0.2438173100948988,0.29946117528144994,0.22526935503271514,0.46062334645018843,0.8554971058858586,0.04040692714276129,2.446597298844168,0.9196226198501339,13.840006408745756,743.466237134819,0.02074566423418898,0.15797120731413106,0.19788916612673318,False,False,False,0.0,0.0,0,False,0.20551273599267006
554,True,0.22294130249821584,0.2690685401087501,0.20756555662803777,0.423615397153724,0.7457332020470775,0.040145990062894266,2.551435777449582,0.8748969865034667,11.961870102070016,393.72893470298044,0.017980454657377364,0.06420076775167388,0.49848384125075196,False,False,False,0.0,0.0,0,False,0.19748943598824553
555,True,0.20533075284295166,0.24264269868844418,0.19289343756112087,0.39109246004193643,0.668560783626726,0.0402727008322365,2.6350087086807235,0.8891549789125986,9.109946937594566,238.72191317838016,0.014444539379387552,0.11457702973614649,0.5599754137417097,True,False,True,0.0,0.0,0,True,0.14912714800448157
556,True,0.20246666036818164,0.23736915073869197,0.19083249691134493,0.3906269619347477,0.6659109597895838,0.041101162787566196,2.6425343896632785,0.7206131092079269,11.02932802367676,338.3497481952116,0.013558507444461446,0.090650171049394,0.6256811686687803,True,False,True,0.0,0.0,0,True,0.1863276640069671
557,True,0.19891052187584615,0.23100232024629969,0.1882132557523616,0.38871502064129193,0.66827196830305,0.04212635205049929,2.649545323053193,0.7166607477643637,7.128652533862906,221.51071215953615,0.016378235643768523,0.11809310820917968,0.9075962319462143,True,False,True,0.0,0.0,0,True,0.18551599001511931
558,True,0.1969152105682446,0.22706251142594985,0.18686611028234282,0.3877210344626271,0.6786967009917606,0.04219431255722975,2.6499531001879473,0.6009240381665162,6.9843535368776966,212.6785405627973,0.013231365335443062,0.06496897439146478,0.7820006013041767,True,False,True,0.0,0.0,0,True,0.13956434800638817
559,True,0.1979339584756915,0.22786901589887648,0.18795560600129643,0.38910323386515916,0.693987320684775,0.04144531351834575,2.6373690869246866,0.48299779643987983,6.9729254547122625,140.55217651721637,0.010963546022480074,0.04801581212960387,0.5511154343003866,True,False,True,0.0,0.0,0,True,0.13805150898406282
560,True,0.20348284604977857,0.23589480399142143,0.19267886006923096,0.4002376930945525,0.731568071185954,0.041043570621201,2.598001713346094,0.4637640936933387,8.877106869004427,159.4568363660214,0.012500663781150754,0.0828335288297569,0.7129401032506945,True,False,True,0.0,0.0,0,True,0.1393112090008799
561,True,0.2099293158959595,0.24570172813077962,0.1980051784843528,0.40976894113895895,0.7759502024930758,0.041346499968677584,2.5508576188458894,0.4781770215552717,6.077042863949193,190.37958591241457,0.011409877494601766,0.034092138519440075,0.5428900431661285,True,False,True,0.0,0.0,0,True,0.14235564300906844
562,True,0.2157197869523572,0.2551320194262503,0.20258237612772612,0.41699844818304094,0.8198474536661577,0.04150809566792106,2.509154274402736,0.5152832748808559,5.057211716906764,158.50891927836597,0.011733009906869924,0.005283369854073893,0.5293701857120228,True,False,False,0.0,0.0,0,False,0.18689414401887916
563,True,0.22722389678502947,0.2726079659983802,0.21209587371391259,0.4343378160510688,0.8889977944579084,0.04314979338267341,2.4332184515677686,0.549867117390159,5.004201167964331,167.82130147820533,0.011839204137176505,0.04455862524838038,0.5068483379629541,True,False,True,0.0,0.0,0,True,0.18286579198320396
564,True,0.2424669986678056,0.2950641326151819,0.22493462068534695,0.45969375381199984,0.9854094869532621,0.04404244345717509,2.334545094568024,0.6355583104979543,4.747461690727158,118.69133197841614,0.01276120767754443,0.026531212866740053,0.5123112926592398,True,False,True,0.0,0.0,0,True,0.21247004400356673
565,True,0.2677103641137516,0.33153595203230596,0.24643516814090016,0.5133964006588381,1.1517863509491368,0.04479622593358754,2.1611852319274547,0.5662800882713065,6.211814994201449,255.29190498480145,0.015367277163826819,0.2700418912393288,0.6423839359037006,True,False,True,0.0,0.0,0,True,0.13718958999379538
566,True,0.30790883606432684,0.3889997284693296,0.2808785385959926,0.6033292871622328,1.4133461425747884,0.04622430830313621,1.8753418349932345,0.5506587860010951,5.499536361763183,203.32414617475752,0.014525966058203048,0.0429745591108052,0.27375365661298096,True,False,True,0.0,0.0,0,True,0.13707083600456826
567,True,0.3689153690214174,0.47542557768743987,0.33341196613274326,0.7483851463279736,1.2760191221892059,0.04699241152557102,1.3601578404445676,0.5806918402283442,7.9280607092699436,173.06004609896186,0.015610583812358796,0.017366346192180283,0.12754583926386653,True,False,True,0.0,0.0,0,True,0.14507260601385497
568,True,0.40812031691785966,0.5317365400070022,0.3669149092214788,0.8473850775923768,0.8601081035336599,0.04772781829572884,0.835888857173613,0.5789110465745402,3.099619957080829,243.04583741439455,0.01596716947244146,0.029599943806003955,0.05422613032468516,True,False,True,0.0,0.0,0,True,0.19483037100872025
569,True,0.4146881492839989,0.5428302921772092,0.37197410165292877,0.8678361566640239,0.7205688424368011,0.048014168701268276,0.6314173946215249,0.5502759550168959,5.9228855912445155,132.47082887345866,0.015923155805223726,0.027099910708378864,0.024727920385622607,False,False,False,0.0,0.0,0,False,0.19435210700612515
570,True,0.4107873665245778,0.5380475584797764,0.3683673025395117,0.8607913795847362,0.7107563475108081,0.047723745253520786,0.6462067388464432,0.5719093123965707,6.239186945799584,131.82438302207478,0.015190792351212014,0.07174054386692066,0.08297441998724987,False,False,False,0.0,0.0,0,False,0.1982539809832815
571,True,0.4061017136996084,0.5307505558513272,0.36455209964903545,0.843000576336495,0.7115077850028024,0.04706133249599983,0.6797031235392289,0.5679314306486611,6.222914398106606,171.19866718761662,0.014027326334709617,0.01202221584901588,0.08162709491336996,False,False,False,0.0,0.0,0,False,0.19967865297803655
572,True,0.40157745721241783,0.5219260114097006,0.3614612724799903,0.8170877092063703,0.685326278552253,0.046224338320041504,0.6633952790334325,0.5725668835872657,9.83718673128674,233.71562725796196,0.01479219658742249,0.27230688186844804,0.12033151258355328,False,False,False,0.0,0.0,0,False,0.19822037799167447
573,True,0.39794434253446387,0.5124013307681289,0.3597920131232423,0.7909119371124009,0.5721432669716344,0.04617577238876824,0.49095062268835155,0.4963949490581896,12.413934253960049,355.9563604712518,0.016317771712650777,0.7364062342189381,0.11110150669916422,False,True,True,0.0,0.0,0,True,0.18906387500464916
574,True,0.3868605019818344,0.4909355780038608,0.35216880997449224,0.7486020867110788,0.4976410047552536,0.046558385150062,0.35879147648270965,0.6618211404602587,13.212578849490793,244.74836326473337,0.01963651006514839,1.2335150285569003,0.09266680814971828,False,True,True,0.0,0.0,0,True,0.1448688720120117
575,True,0.37167433794145566,0.46372574883113526,0.3409905343115625,0.7116500109593642,0.48594191983207013,0.04607187570143968,0.12888311035775882,0.8613498423300714,11.307237158284478,285.2856709300542,0.02040896732067825,1.5011456806199823,0.09028895478143381,False,True,True,0.0,0.0,0,True,0.1929875890200492
576,True,0.3513161620078614,0.43084323266554897,0.32480713845529885,0.6806781143060511,0.5824005291053983,0.04575236980413054,0.10267396611931255,0.9091322713742321,5.99066305933956,354.7641347938431,0.023091940382948345,1.7711262257309361,0.13402297063624327,False,True,True,0.0,0.0,0,True,0.18939551198855042
577,True,0.32794499097227586,0.39570849158913024,0.3053571574333245,0.6583631363172794,0.7139079831910509,0.04527933259621913,0.3089721892591768,0.7924465737848401,8.329303785717816,303.3784853125861,0.023077476647507495,1.7879168083420298,0.05516457469529949,False,True,True,0.0,0.0,0,True,0.18854121799813583
578,True,0.29133126765920253,0.34571184548664274,0.27320440838338916,0.6054469084448755,1.063585757719721,0.04499259482737724,0.7214165240296457,0.6790426462812379,8.411260251913253,213.2162298417386,0.022116976111330178,1.6809017779137139,0.013235800524118747,False,True,True,0.0,0.0,0,True,0.1918788650073111
579,True,0.27280748605512845,0.32172956097231,0.2565001277494013,0.5869602189371893,1.124817417578448,0.04525089620831057,0.806636644239141,0.6324628925615768,9.86482117673719,159.94446608704763,0.021128030506526313,1.5865746964853706,0.12640083903070481,False,True,True,0.0,0.0,0,True,0.19526290899375454
580,True,0.29430499752986683,0.3539254554212367,0.2744315115660768,0.6420931009428072,0.383912421267994,0.04647194391519061,0.20515608463728732,0.704050650638235,12.946723380027128,308.6606659772421,0.015945803005645767,1.1506025225973575,0.05143190114194638,False,True,True,0.0,0.0,0,True,0.14574917498975992
581,True,0.27006194072588696,0.32573256422554203,0.2515050662260019,0.5559737661706627,0.8368224953073671,0.04772120483513693,1.0079699996553348,0.9358697957213913,13.910777277520316,286.1253414099938,0.009096593685362602,0.14215522391860852,0.04504143350086838,False,True,True,0.0,0.0,0,True,0.20094900400727056
582,True,0.2770283336623937,0.3394856323187233,0.2562092341102839,0.5395830301624192,0.5438783619272322,0.04909164886369439,0.6947510999650863,1.0142100599937027,4.533960191516194,400.04765768731426,0.007937541819907896,0.038407136649380585,0.014203102242551977,False,True,True,0.0,0.0,0,True,0.20229164097690955
583,True,0.27902398392334726,0.3456259941224575,0.25682331385697715,0.5177330484697618,0.3808639023369116,0.04997749439206441,0.15544846738077145,0.9756825824221425,6.6468661465785495,213.6394262291417,0.006485240897942625,0.03423190299400359,0.06911650224520517,False,False,False,0.0,0.0,0,False,0.5923134380136617
584,True,0.273582246271736,0.3402881812570469,0.25134693460996566,0.49772648055441526,0.46082036673184,0.04890438001932563,0.030698873921039403,0.8312618551083389,8.225955776652084,207.01559004945656,0.0055834027223915636,0.06958244544983276,0.04173200760353772,True,False,True,0.0,0.0,0,True,0.20466668999870308
585,True,0.26928314160127004,0.3351368927152126,0.2473318912299559,0.4891934281223048,0.46367677075524383,0.04697030989320573,0.07219614138867289,0.6997609370353208,5.854698061370955,222.61916548280445,0.005848442483256586,0.08455739397481611,0.08166567526071669,True,True,True,0.0,0.0,0,True,0.2024368460115511
586,True,0.26528080701657364,0.32976740160891993,0.24378527548579162,0.48538190642410506,0.5037080702638386,0.045847999651658394,0.1508741856447082,0.5158644414393502,6.705203924222859,184.9769335754855,0.004715075760989659,0.022065935835698502,0.04907086920351808,True,True,True,0.0,0.0,1,True,0.1560227090085391
587,True,0.26257698314784794,0.32652621921594577,0.24126057112514868,0.4856936698116989,0.5209810827200925,0.044819486972948526,0.1806868282998477,0.4304497174812239,4.299372439715186,149.0313752264594,0.004853825592787928,0.033094875744934735,0.09629963445233261,True,True,True,0.0,0.0,1,True,0.2081970910076052
588,True,0.26142716587784703,0.32590085012926845,0.2399359377940399,0.489637012337667,0.5106758187454027,0.04397745803767951,0.15649567871771872,0.40248438843962053,3.1624022849405216,156.3174755645861,0.004689821230967537,0.03350852002352611,0.02388882796480103,True,True,True,0.0,0.0,1,True,0.21055260201683268
589,True,0.2612925227479576,0.3266688314127533,0.2395004198596923,0.49470658327953426,0.4688921881932603,0.04497617661691388,0.09739361768985752,0.39271427429113065,3.720813350357507,110.53072719151216,0.005287258940485765,0.027339311840227094,0.02475827121917521,False,True,True,0.0,0.0,1,True,0.5411595060140826
590,True,0.2609555028722278,0.3269881224914871,0.23894462966580798,0.4996063094957701,0.4301070283647577,0.044769501751822684,0.06266744695510049,0.355451738752512,2.853508386720714,149.95976956377336,0.005310263499491926,0.011893166227830676,0.027914181879085016,True,True,True,0.0,0.0,1,True,0.21195521301706322
591,True,0.26016015792276814,0.32677730654903336,0.23795444171401312,0.5053591807524526,0.41326963041073606,0.04455181134820459,0.06680841299731341,0.2765673808500819,3.9829844038627797,134.51809424771494,0.006117568954454478,0.02039822200210914,0.04307006990099633,True,True,True,0.0,0.0,1,True,0.21549618398421444
592,True,0.2593887763311467,0.32707489691893105,0.23682673613521862,0.5124021748686648,0.4321152136384294,0.04424092830371257,0.10469676654365022,0.19984886414628367,3.1996989852789346,106.20533529233816,0.004899755224323183,0.03146955371515742,0.03821824672636518,True,True,True,0.0,0.0,2,True,0.21976393900695257
593,True,0.2593585970136479,0.32864075795022085,0.2362645433681236,0.5220092083985343,0.4498868455438769,0.0442121398197435,0.12726108462712446,0.17571475756417532,1.959288149522617,53.032616276806095,0.004469034184690925,0.007630941254864736,0.021052247111774693,True,True,True,0.0,0.0,2,True,0.2177610140061006
594,True,0.2597165520237598,0.33097892630604403,0.2359624272629984,0.5342363533204503,0.4712158318023212,0.04457722841835751,0.15237243318962587,0.17826282705273008,1.7338210268428993,67.43515791183985,0.004986386732775692,0.008357629777917383,0.013144738584579423,True,True,True,0.0,0.0,1,True,0.16091536500607617
595,True,0.25995478427565044,0.3332300425136433,0.23552969819631953,0.5475662346700297,0.49870688584394096,0.04462404248452032,0.1873952670280745,0.2353764665069386,2.780367748975406,67.41376578502405,0.005335698349303846,0.018089512856061783,0.029400943787947536,True,True,True,0.0,0.0,1,True,0.15900200998294167
596,True,0.2604895199083927,0.3358706330425294,0.23536248219701392,0.5578898003281307,0.5369237958064428,0.04460228002124413,0.22500638282721105,0.18771445822580174,2.2291222630543284,140.24292772777417,0.0046966097580555385,0.0015551346446576395,0.010192179195711878,True,True,True,0.0,0.0,1,True,0.16183461202308536
597,True,0.26101272876955484,0.33850103520835195,0.23518329328995588,0.5660424217518506,0.5833134798868581,0.04470447859204147,0.2710407097212381,0.16129011951347771,1.1478029961129819,54.84159780841501,0.00466919548050576,0.016161632979483448,0.011888440876034481,True,True,True,0.0,0.0,1,True,0.15958677500020713
598,True,0.2612961987319925,0.34046458922837164,0.23490673523319952,0.5705407910919403,0.6276651699283058,0.044815959846958006,0.3239045677746304,0.12377517938983133,1.5231724750002553,29.9975072438027,0.004568857289082014,0.014910829735622503,0.0030084067152557235,False,True,False,0.0,0.0,1,False,0.15915720199700445
599,True,0.2611626304763558,0.34144850854672953,0.23440067111956456,0.5713081227206975,0.6730829390040551,0.044772479783134936,0.384916549558153,0.09984929647900534,1.428579218848047,25.426094508661286,0.004289427722884756,0.011071359193838812,0.011924121374929724,False,True,True,0.0,0.0,1,True,0.24230645701754838
