source_frame_idx,valid,rf_kpe_all_m,rf_kpe_targeted_m,rf_kpe_untracked_m,bone_direction_error_rad,bend_plane_error_rad,root_translation_error_m,root_yaw_error_rad,joint_velocity_rms_rad_s,joint_acceleration_rms_rad_s2,joint_jerk_rms_rad_s3,pose_jump_rms_m,left_foot_speed_m_s,right_foot_speed_m_s,left_source_stance,right_source_stance,foot_skating,ground_penetration_depth_m,joint_limit_violation_rad,self_contact_count_diagnostic,artifact,solve_time_s
0,True,0.3326964911178541,0.49085190661552247,0.279978019285298,0.881260642516099,0.8920682112940612,0.0,0.0,0.0,0.0,0.0,0.0,0.5549814270187771,0.11903912486562421,True,True,True,0.0,0.0,0,True,0.002498264017049223
1,True,0.34380125882894785,0.5053668479238245,0.28994606246398885,0.9040057054069535,0.8938926289171659,0.0058683587350943315,0.2772729058791098,1.13294813578024,0.0,0.0,0.0508252821311404,0.5549814270187771,0.11903912486562421,True,True,True,0.006405438837803956,0.0,0,True,0.00041916299960576
2,True,0.3551594884114049,0.5215603495114517,0.2996925347113893,0.94903050796584,0.8720154080007451,0.006575062727464461,0.522444173843399,1.4841842119046966,18.290314082530923,0.0,0.04879677206077706,0.13241432845739987,0.10888662919705033,True,True,True,0.008987453025492515,0.0,0,True,0.0004272779915481806
3,True,0.36784142244318374,0.5407800517086918,0.3101952126880145,1.0121342558561082,0.8257122417066036,0.00634741563520899,0.7128735238250307,1.8494465481719524,19.034963063951867,290.9863585818339,0.04403320242398595,0.12207663684010046,0.07961503601322072,True,True,True,0.010048678260913437,0.0,0,True,0.00041412300197407603
4,True,0.3794426637110097,0.5628490412385814,0.3183072045351525,1.0800080133886203,0.7676296229953087,0.005934367365343868,0.8334446239297636,2.105569201254449,21.400135621808023,421.02218541179576,0.033863900805070346,0.10809908528119457,0.02463674144221031,True,True,True,0.011291858995880236,0.0,0,True,0.0004354929842520505
5,True,0.38611495879062063,0.5856039928642172,0.3196186140994217,1.1442313386677907,0.7390984556259305,0.005911476195787616,0.897884271171597,2.2817747842695533,25.181186821305207,454.8768093403586,0.02623700149215015,0.06038211109051891,0.015917470792745175,True,True,True,0.01238620399191345,0.0,0,True,0.0004182499833405018
6,True,0.38777628096192984,0.6057174410874877,0.31512922758674394,1.2047702333285986,0.7612096752136355,0.0062461297279320085,0.9354603871972779,2.419184197316482,20.36234854812744,364.82969954901967,0.0268965115536548,0.01915731344643718,0.0023211963175870038,True,True,True,0.013132759257527804,0.0,0,True,0.0004186109872534871
7,True,0.38772159713531906,0.6217085103634717,0.30972595939260156,1.263806550363557,0.8125411429542456,0.006704683061279919,0.9578896439345502,2.459878925931921,13.899213507500752,381.40436055587503,0.026894498650325588,0.029777450399192273,0.01688139570171891,True,True,True,0.014570085584387044,0.0,0,True,0.0004227590106893331
8,True,0.3884901133167225,0.633338710887615,0.3068739141264249,1.3188213390805754,0.866027964711366,0.007227921176886027,0.9672949644182494,2.3544344076014974,11.543775471932822,297.36016878861824,0.023083511723786997,0.03475838279819938,0.02891961440267933,True,True,True,0.016718238134530453,0.0,0,True,0.00042521400609984994
9,True,0.3904157609754481,0.6409904814918834,0.3068908541366364,1.3603664440665766,0.9105768366770166,0.007633736820990511,0.9689345800421627,2.0313037705099055,13.880945801007654,370.23424091572787,0.01765839111677789,0.01697228862825756,0.01777298851708208,True,True,True,0.01820768534881611,0.0,0,True,0.000419313000747934
10,True,0.39227153611146925,0.6450922726283982,0.3079979572724931,1.385058167623014,0.9138787532722489,0.007814799480532271,0.9694163236036744,1.5540264095886434,16.169897454807533,237.99611578300284,0.011711256552241608,0.003150350113540015,0.0072459164014868176,True,True,False,0.01893565123521377,0.0,0,True,0.00042097599362023175
11,True,0.3934862585142962,0.6469184947928817,0.3090088464214343,1.3970696738829458,0.9166037755545036,0.007904204738627687,0.9706957159521665,1.081022518312904,14.726269859870408,178.85824821142862,0.007252341482607226,0.0007559505388355685,0.004178246265788302,True,True,False,0.01932523888303657,0.0,0,True,0.00041115700150839984
12,True,0.3942115148157385,0.6476347510276375,0.3097371027451055,1.40138184300307,0.921660614656274,0.007970108817833003,0.973078360819533,0.7256861105981839,10.953782548038841,134.19726429208058,0.004567618695023468,0.0013402935524061967,0.0020914056235634493,True,True,False,0.0195629438860676,0.0,0,True,0.00042032499914057553
13,True,0.39464247368967426,0.6478761760444662,0.3102312395714104,1.4020481606467627,0.9329493358920449,0.008027075595890354,0.9759663843653774,0.49186626614948953,7.324770782389144,111.9599245064174,0.002941400364967082,0.0013799922193876541,0.0017269596415668057,True,True,False,0.019732031607105655,0.0,0,True,0.00041130700265057385
14,True,0.39490429841752334,0.6479213608385601,0.310565277610511,1.4013798723758488,0.9259309081461191,0.008078557056983448,0.9789740436087482,0.3457369934840473,4.738133157065118,78.49719131542028,0.0019475427714448648,0.001254742058826372,0.0014587724801566604,True,True,False,0.019872064026000287,0.0,0,True,0.0004294920072425157
15,True,0.3950562598036718,0.647869643179316,0.3107851320117905,1.4002304978539841,0.803448073691494,0.008124999895082688,0.9823296781754407,0.2564018621232739,3.051105327501166,51.198697643208305,0.0013284201189544356,0.0011062978052867852,0.001282086566168183,True,True,False,0.019999984198043004,0.0,0,True,0.0004187310114502907
16,True,0.3951421659220205,0.6477991596101326,0.3109231680259832,1.3991612207409079,0.5927773929555997,0.008162749927041578,0.9855806997857899,0.2023999257817109,1.9983948427686715,32.12287345355091,0.0009035893956262975,0.0008920382766146747,0.0010745312652941598,True,True,False,0.02012114715491009,0.0,0,True,0.00042132698581553996
17,True,0.3951975767218999,0.6477458496325517,0.31101481908501605,1.398349272951983,0.694836423582564,0.008189346122774645,0.988029152639536,0.16941520111360553,1.3290401329271486,20.65524906205063,0.0006178650770119121,0.0007753120161781472,0.000998484240991095,True,True,False,0.020236592411896015,0.0,0,True,0.0004104460240341723
18,True,0.3952334268997511,0.6477057583860417,0.31107598307098755,1.3977449585233028,0.73301585973617,0.008208509794268863,0.9900345976217122,0.1479988061440179,0.9062725334134889,13.932156653404773,0.00044101640617423354,0.0005250895202194533,0.0009089482938702132,True,True,False,0.02034908906962888,0.0,0,True,0.00042277900502085686
19,True,0.39526296339974604,0.6477078064108851,0.311114682396033,1.3974422735691354,0.7482492336154823,0.008218610149025073,0.9907877637877329,0.1338263761614746,0.6446502579719827,8.649720838647198,0.00032795548483723395,0.0003455110214212717,0.000858817656675898,True,True,False,0.020464313029528898,0.0,0,True,0.0004105159896425903
20,True,0.39528282601797515,0.6477117266336202,0.3111398591460935,1.3971115844921702,0.7564835730590372,0.00822317524782509,0.9917029044678085,0.12237737981418223,0.48794019340073286,6.153732314958324,0.00027846107857907996,0.00045717796190223025,0.0007834513596171852,True,True,False,0.020576191063826924,0.0,0,True,0.0004251939826644957
21,True,0.3952951141706546,0.6477228255911256,0.3111525436971643,1.3967425701223966,0.7614163703220573,0.008221666004928784,0.9924274162092026,0.11308624284462997,0.3909873356909355,4.752494682321558,0.0002473932769897366,0.001146141040402454,0.0006242682338938737,True,True,False,0.020676098782376293,0.0,0,True,0.00041180799598805606
22,True,0.3954628154888611,0.6478143675159223,0.3113456314798407,1.3937625162260103,0.79640949303568,0.008218658174962873,0.9926139289940745,0.9886714805312572,26.44996877617778,798.5608533629887,0.001539269387888159,0.0022119463992132877,0.004546969028515983,True,True,False,0.021171904420104283,0.0,0,True,0.0043300069810356945
23,True,0.395479695882744,0.6479081924749325,0.3113368636853479,1.3921846320932183,0.8072207487215328,0.008207216273388312,0.9921145852188231,0.8476050464240498,8.76705299175698,966.8463544321634,0.0008596492615718627,0.000462009689368477,0.0024147647798049023,True,True,False,0.021430644314608636,0.0,0,True,0.004352538991952315
24,True,0.39546067155763126,0.6480094165048602,0.31127775657522166,1.3910930375883928,0.8071612967228345,0.008188069553494196,0.9910509243842527,0.781437561146027,2.8239418950128474,197.27334870324978,0.0007284922788569316,0.0018570450215229393,0.0010725134868539178,True,True,False,0.02156106366335154,0.0,0,True,0.004326339985709637
25,True,0.3954591988514129,0.6480793934340394,0.31125246732387063,1.3913925021721234,0.8067180844258284,0.008165719131737295,0.9902696093593619,0.1384932417574637,19.29403154427382,525.161936439529,0.00017775890949256235,0.0026838761947603667,0.002614727142944611,True,True,False,0.021589926063946475,0.0,0,True,0.0008051820041146129
26,True,0.3954561602002688,0.648129455571886,0.3112317284097299,1.3916253581340905,0.8061718619702718,0.008143379572035642,0.989822372237644,0.13765293494381792,0.05154553718727617,578.0291432702327,0.00019322963376479317,0.0013038981404654296,0.0011068271449805275,True,True,False,0.02160495953362586,0.0,0,True,0.000809669989394024
27,True,0.39545248163630087,0.6481672447464202,0.3112142272662612,1.3918046925245828,0.805326785368942,0.008120229365783814,0.989491434311095,0.13652592354305199,0.05723347060286134,0.842761520056658,0.00021260238004137873,0.0005887081414771554,0.0003954849439841603,True,True,False,0.02160870778434728,0.0,0,True,0.0008064539870247245
28,True,0.39544924866777154,0.648193712541582,0.311201094043168,1.391910359396752,0.8039558407963938,0.008096080662804454,0.9891997359155464,0.1352072971340331,0.06132007029974808,0.5405090999687894,0.00022805049864614663,0.0002967190749508535,5.706294399576884e-05,True,True,False,0.021602678828844146,0.0,0,True,0.0008341179927811027
29,True,0.39544452022884014,0.6482130698618961,0.3111883370178215,1.3919572892733918,0.8024539716658926,0.008070913380850793,0.9889327652320214,0.1342861585789636,0.05689281074284356,1.2141365848416819,0.00025129186920048183,0.0005206501153530131,0.00020851256656661692,True,True,False,0.021586772957912892,0.0,0,True,0.0008216039859689772
30,True,0.39543500126117,0.648226070671166,0.3111713114578379,1.3918928010119853,0.8014038036017362,0.008044196478983339,0.9887079764200017,0.13316969278880533,0.05939865751986269,0.410346564294169,0.0002711885024031574,0.0005488992517832633,0.0001877951719690553,True,True,False,0.021560277384078744,0.0,0,True,0.000812807003967464
31,True,0.3954386914398892,0.6482591766010812,0.3111651963861585,1.3918138474115584,0.8017690613198649,0.00801606911131548,0.9884569114611881,0.13230817199625042,0.054517074847439236,1.580796535887474,0.0002853800275889206,0.0009610722907098881,0.0026506989749076493,True,True,False,0.021533654333318046,0.0,0,True,0.0008097609970718622
32,True,0.39543772768248825,0.648277607343837,0.3111577677953721,1.391958656216047,0.8007952751428833,0.00798762941657776,0.9881911995609771,0.06697444320775543,1.968275955021756,58.263543702638934,0.00026973083607896537,0.0006912091757745628,0.0014492462970770673,True,True,False,0.021521686316777713,0.0,0,True,0.00042047500028274953
33,True,0.39543298558624873,0.6482906744783745,0.3111470892888734,1.3921244074331427,0.8016761643015633,0.007959320113293785,0.9879245577921472,0.06680125152474464,0.07880655604804375,58.95156637304701,0.00024538721102123343,0.0006724834004521807,0.000815414142735889,True,True,False,0.021516495187049012,0.0,0,True,0.0004244919982738793
34,True,0.3954392507132902,0.648315358314846,0.31114721484610486,1.392274312230343,0.8023152643277397,0.007932249624675076,0.987698395508047,0.06621129118839292,0.09622229288823336,1.4592279823791185,0.00021501071712907684,0.0006050065108061173,0.0010256164947385293,True,True,False,0.02151832903327478,0.0,0,True,0.0004161669930908829
35,True,0.39545491206459216,0.6483433526133278,0.3111587652150137,1.3923463875847053,0.8027484961195528,0.007905878492778264,0.9875357861280101,0.06505204676081304,0.10166353231469716,1.0228242078132066,0.00020996887310956795,0.000562821372776657,0.0012666527062087719,True,True,False,0.02152749985097281,0.0,0,True,0.00042498300899751484
36,True,0.3954760643070321,0.648365329990714,0.3111796424124715,1.3923130932509544,0.8038988907954723,0.007879950543506885,0.987446620614221,0.06399521298862428,0.08543412672183925,1.5526640469611475,0.0002173121916383054,0.0006451916874523289,0.0016369054606906958,True,True,False,0.02154402924124351,0.0,0,True,0.0004383990017231554
37,True,0.39548575556970567,0.648364899966696,0.3111927074373757,1.3921319686879219,0.8048052663758489,0.007853983611643524,0.9874693576339835,0.06267715438996585,0.06552325908988166,1.9367632294555577,0.00021886331666017515,0.00013489950148422105,0.00035203794363449084,True,True,False,0.021559580017927106,0.0,0,True,0.00042327999835833907
38,True,0.39550096592108736,0.6483658738994263,0.31121266326164093,1.3919222290672542,0.8065289440037736,0.007827349306994883,0.9875045378346405,0.06101618542942852,0.09529049428584925,1.4567581682078081,0.0002437621102338352,0.0004371667010695793,0.0009156544340366221,True,True,False,0.02157581002026039,0.0,0,True,0.00042024400318041444
39,True,0.39552317278937416,0.648383433865437,0.3112364190973532,1.3917817247257285,0.8072532671878533,0.007799678099740014,0.9873867263112521,0.0598557962017235,0.11705799665739061,2.8136206982841347,0.00023286804059275995,0.0007605032952147569,0.001296257117643401,True,True,False,0.021592827794903097,0.0,0,True,0.00041938299546018243
40,True,0.3955473590909365,0.6484096279148505,0.3112599361496318,1.3917524670412393,0.8076726011099753,0.00777045587706489,0.9871127769022847,0.059858161705828236,0.09848814892263241,1.7614749797282234,0.00021251273107077807,0.00041829261929147955,0.0005550718263564776,True,True,False,0.021605090114520567,0.0,0,True,0.00041821098420768976
41,True,0.39557543220342206,0.6484533692392069,0.31128278652482716,1.3918391452408825,0.8091213589381837,0.007739140307499049,0.9867321217836198,0.060535628799601886,0.07339476647309441,1.656633713229927,0.00020290904574715336,0.001379894564958674,0.0006644343453344616,True,True,False,0.021611631492861792,0.0,0,True,0.00041638800757937133
42,True,0.39560132474605614,0.6485144165780133,0.31129696080207053,1.3920418050011074,0.8107871610872799,0.007705860988004377,0.986033934277216,0.06135346517423653,0.0623661787176323,0.951907986250904,0.00020517462869557964,0.0006582466172998812,0.00026111824101599673,True,True,False,0.02160928423394324,0.0,0,True,0.0004200839903205633
43,True,0.3956145497163783,0.6485675472727825,0.31129688386424365,1.3923045875527444,0.813265542612466,0.0076717715880344215,0.9852870386867638,0.06207576635757242,0.0453355729976222,0.6987846434006597,0.00022148322909769009,0.0005624153800741086,0.0004937468698015035,True,True,False,0.021599363384066192,0.0,0,True,0.00041592601337470114
44,True,0.39562798315469366,0.64860498371262,0.3113023163020516,1.3924967401665802,0.8140118319859924,0.007637752614254746,0.9846392199800424,0.06108556740437297,0.06239608824571579,2.640344520096114,0.00022152544029504134,0.0005218211052520547,0.0008795056540002143,True,True,False,0.021583792734780227,0.0,0,True,0.00041694799438118935
45,True,0.3956352431868682,0.6486288295534819,0.3113040477313303,1.3926858028764297,0.8156664998422223,0.00760355891388393,0.9840738833158837,0.06165402216992412,0.05647907361052555,2.1727574410816333,0.00024691338708798295,0.0003953099269873958,0.0009234215410069011,True,True,False,0.021567116443061224,0.0,1,True,0.0004163369885645807
46,True,0.395651711255521,0.6486611242880832,0.31131524024466706,1.3928674793391356,0.8166449880599377,0.00756927837042065,0.9836086805792605,0.06050085591067512,0.061667889462262405,2.2951052738166697,0.00025364362126301267,0.0005121003734076158,0.0003968072798234935,True,True,False,0.021554653828685405,0.0,1,True,0.0004318169958423823
47,True,0.3956746282766982,0.6486990134100366,0.3113331665655854,1.3930626984893382,0.8173904620831098,0.007535637583509011,0.9831831236786326,0.059104932595140255,0.07385046553934635,1.4554132336391885,0.00025515930245733595,0.0005554212478240652,0.00048495927067792016,True,True,False,0.021547877780750964,0.0,1,True,0.000420544994994998
48,True,0.3957038717980951,0.6487365332710225,0.31135965130711923,1.3932817717288297,0.8180014434990287,0.007504431484164781,0.9827280266857714,0.05839421227319001,0.059632082950044345,0.8804418033488381,0.0002533524720102735,0.00044627256047672026,0.0002603187953160716,True,True,False,0.02154586623355921,0.0,1,True,0.0004173290217295289
49,True,0.3957325869704763,0.6487677111601211,0.31138754557392817,1.3934506119262104,0.8182826762985583,0.007475214930188453,0.9823019347361259,0.0567983659636294,0.07357306048947652,1.3598865308268666,0.0002509971488899485,0.00029339269943863886,0.00037337098687128563,True,True,False,0.021547496675659493,0.0,1,True,0.0004173190100118518
50,True,0.3957665347135666,0.648786976833405,0.31142638734028716,1.39344068398918,0.8183715458368005,0.0074476961929783704,0.9820561671126493,0.054941420231568026,0.1172833415201244,2.0012300161751466,0.00030882741646310723,0.0007626645956752886,0.0012166666396831662,True,True,False,0.02155183710109814,0.0,1,True,0.0004240119887981564
51,True,0.39579797440876024,0.6488107128964816,0.3114603949128531,1.3934064683999108,0.8174468528437421,0.00742276292827449,0.9818230061988218,0.05387240927838525,0.08461811004054745,4.077240752009278,0.0002596358485592796,0.0005253023613609326,0.0005092014451169283,True,True,False,0.021557035024773283,0.0,1,True,0.0004192529886495322
52,True,0.39581878517269803,0.648830161169726,0.3114816598403553,1.3933318026915518,0.8180047774606097,0.0074005641027025315,0.9816794409412557,0.053919132068391204,0.08337328431758452,1.9877145174157043,0.00021761546030592507,0.0005923864442150947,0.0007258303109123773,True,True,False,0.02155882945567826,0.0,1,True,0.0004261450085323304
53,True,0.3958261910257063,0.6488404821965262,0.31148809396876637,1.3931741106779156,0.8209860143541622,0.007378097040004553,0.9818782356546198,0.054287261489747496,0.07293163235745466,1.2898979787013585,0.0002120559521915103,0.0003001644243987516,0.0002168286759977131,True,True,False,0.02155814024544881,0.0,1,True,0.00041828100802376866
54,True,0.39582223303502573,0.6488302725258726,0.3114862198714103,1.3930139628786746,0.8232581828628291,0.0073538338391804505,0.9820388408620981,0.053738550686087704,0.05132609716425199,2.239338053681826,0.00020986455160593054,0.00035541444770300593,0.0016493391585397446,True,True,False,0.02155245906025658,0.0,1,True,0.0004264470189809799
55,True,0.3958173079191682,0.6488231058773447,0.31148204193310935,1.3928780681990038,0.8248983972628585,0.007331173674265185,0.9822026607453476,0.05297314264937953,0.05982907714685679,1.6730057791243496,0.00019204355301833732,0.0001681657240381797,0.0007827239428685079,True,True,False,0.021544592739946584,0.0,1,True,0.0004314660036470741
56,True,0.395806672814735,0.6488173608350702,0.3114697768079566,1.3927774648040534,0.8261245972123824,0.007311870822487907,0.9824163532178789,0.05259055863121072,0.0834171371385566,1.44802902843452,0.00015706297110666093,0.00033195633108608433,0.0013217524013380973,True,True,False,0.021535615768662024,0.0,1,True,0.0004507220000959933
57,True,0.39579362665676915,0.648806837277685,0.31145588978313044,1.392738498499272,0.8267916283032135,0.007294730058097438,0.9826232113688207,0.052284134906841966,0.06169902891000692,1.0061070271630592,0.00014701892015779784,0.0009846547881259943,0.0010342867862983293,True,True,False,0.021526823014143485,0.0,1,True,0.00043433200335130095
58,True,0.3957636630739406,0.648769416952483,0.3114284117810932,1.3927500576257112,0.8268817610742235,0.007279857877310391,0.9827910639550097,0.05165228699291811,0.05116215406291921,0.9992591084971172,0.00014321831477772398,0.0011550143407992018,0.0012822857869728126,True,True,False,0.02151349341501852,0.0,1,True,0.00043245800770819187
59,True,0.3957272155000244,0.6487216955596447,0.3113957221468176,1.392807504365651,0.8274373153742667,0.007268400690826841,0.9829488740162948,0.05151822386553647,0.021012051184556832,1.3710566426253339,0.00013435766725960717,0.0009961331083585098,0.0025390998527500095,True,True,False,0.02149792303383579,0.0,1,True,0.00042097599362023175
60,True,0.3957100221369951,0.648701311026552,0.3113795925071428,1.3928697404458619,0.8271774012121874,0.007259814051751624,0.9830781003437443,0.05066245773151103,0.04470670341612675,1.1353147061909417,0.00012267505152478884,0.00125665897316659,0.0015479277794613574,True,True,False,0.021484331822965434,0.0,1,True,0.00043265800923109055
61,True,0.395707869156318,0.6487047192837714,0.3113755857805002,1.392936782813564,0.8264942019723387,0.007254159089888091,0.9830628603093324,0.049940531145026834,0.04049541883326495,0.5580236119332502,0.0001200126805561881,0.0016531050138729763,8.326629815545029e-05,True,True,False,0.021472003049565515,0.0,1,True,0.0004174390051048249
62,True,0.3957041236522012,0.6487055318051903,0.31137032093453837,1.3930307049754396,0.8254788060787029,0.007251795094312339,0.9827951840507532,0.04937360342444206,0.03144928383166171,0.7663324323231746,0.00012289171541270163,0.0010562871381933274,0.0012536081353312382,True,True,False,0.021458632580984585,0.0,1,True,0.00042930099880322814
63,True,0.39569984599394736,0.6487082990190691,0.31136369498557337,1.3931512916187958,0.8246935702631137,0.007252010933159056,0.9823568800955322,0.048852629168880835,0.037789909684826845,0.6530936860357369,0.00013730659783544937,0.0012821306018052042,0.0019089965700303,True,True,False,0.02144530096337896,0.0,1,True,0.00041835097363218665
64,True,0.3956906256377368,0.6486993108080248,0.31135439724764086,1.393253588140203,0.824272639951009,0.00725473187237868,0.98177385273035,0.048387390843038836,0.04363465835719696,0.7709728725024525,0.00014735286077789095,0.0013224344740249555,0.0022208195810931005,True,True,False,0.021430713345184087,0.0,1,True,0.00042955201934091747
65,True,0.39567834207958136,0.6486829347120294,0.3113434778687654,1.393325452918659,0.8242726369025765,0.007261609232847031,0.9811702426492398,0.03667521904427313,0.41353182804179306,11.920143383441173,0.00016337479188140833,0.0004482648256682437,0.0011688786210860675,True,True,False,0.02142065355294142,0.0,1,True,0.00044533199979923666
66,True,0.3956706361557296,0.6486717279237608,0.3113369388997193,1.3933928506574405,0.8243143227268743,0.00727013733743241,0.9801775886920723,0.0218298045465851,0.8430637367037404,12.935808689422068,0.00017952883226106598,0.0013956946675765943,0.0018483442611771364,True,True,False,0.021411438923425757,0.0,1,True,0.0004527260025497526
67,True,0.3956554116310623,0.6486364407551126,0.3113284019230456,1.3933942168886715,0.8254944870930994,0.0072817345768836994,0.979458472460415,0.02173729805028263,0.06877068295130927,24.161513209566795,0.00019413058543839648,0.00015228171272310635,0.0005060062836796804,True,True,False,0.021399546748185776,0.0,1,True,0.00045277600293047726
68,True,0.3956418927155353,0.6485880995479415,0.3113264904380666,1.393395565730044,0.8261882436682957,0.007296214615153283,0.9787513234014693,0.0217307529634163,0.043883481272520515,1.6108025750754609,0.000209483983596826,0.00020539488625363406,0.00024561217975154414,True,True,False,0.02138408630365113,0.0,1,True,0.00045127401244826615
69,True,0.39563084264540804,0.6485266917240478,0.31133222628586155,1.3934268186410275,0.8262126691705441,0.007313931142551583,0.9780355821896248,0.021932033267912716,0.05221429423527817,0.4758778203073117,0.00022644548707051194,0.00019592300288233014,0.0006768370713580039,True,True,False,0.02136371023689325,0.0,1,True,0.00044119401718489826
70,True,0.39562420023423117,0.6484500151634726,0.31134892859115065,1.3934929153375353,0.8252374725366575,0.00733559571466112,0.9773199850486314,0.02243360260458169,0.05851529398811796,0.4956508963845075,0.0002462797641332767,0.00012787242989307774,0.0011381295757393664,True,True,False,0.021336735866637098,0.0,1,True,0.0004497799964156002
71,True,0.39563167055584203,0.6483762100090441,0.311383490738108,1.393611869631975,0.8229706968786024,0.007360006514209712,0.9763772764245429,0.023062228443990897,0.0529775525006453,0.5699255209788544,0.00026388007493458016,0.00028370629962671027,0.00044270234600433744,True,True,False,0.02130172048790667,0.0,1,True,0.00044676498509943485
72,True,0.3956468329770591,0.648299737398737,0.31142919816983317,1.3936967487858534,0.8206000288637373,0.007387229145861066,0.9753474656756347,0.023531427098781473,0.05164495154767476,1.0643036828337626,0.0002808430996043915,0.00021959699404182985,0.0004280507132386848,True,True,False,0.02125267347440976,0.0,1,True,0.0004423159989528358
73,True,0.39566562952569084,0.6482266502364846,0.31147862262209286,1.3937870071256522,0.8171313010829665,0.007416800142903369,0.9740989098928376,0.023946549963655014,0.05091466313383368,0.8520472510198343,0.00030752676156827103,0.00025892273868953676,0.0005199193743611858,True,True,False,0.021187930278990103,0.0,1,True,0.0004397809971123934
74,True,0.3956801087372053,0.6481560656435507,0.3115214564350902,1.393830353382643,0.8124827144248783,0.007447182647125333,0.9726022328314161,0.024270579989564584,0.07072424514302841,1.0744558326146973,0.0003419388321462855,0.00039808383166298303,0.0007004975567898539,True,True,False,0.021106022961539656,0.0,1,True,0.00043966100201942027
75,True,0.3956916092615453,0.6480872165268026,0.3115597401731262,1.3937993651821912,0.8069544852129412,0.00747781918413362,0.9709262985139221,0.024438056859127262,0.06602036350454493,1.5674834819559345,0.0003748765279093305,0.00045870709437086164,0.0007724338257924983,True,True,False,0.02101225719960255,0.0,1,True,0.0004584559937939048
76,True,0.39569049706567,0.648002286531136,0.31158656724384803,1.3937195972245071,0.8025502917633361,0.007509282540805956,0.9692032065826416,0.024461362041869973,0.05141924863736223,0.9884724091470316,0.0003996516654259611,0.00163017975312377,0.0008456164134660915,True,True,False,0.020911412998871504,0.0,1,True,0.00044604300637729466
77,True,0.3956897771102375,0.6479119087967532,0.31161573321473235,1.3936622494826563,0.8012315433892091,0.007543167266760782,0.9677719708297946,0.024116891811803483,0.04577720120227807,1.9738564570283395,0.00040302974618975116,0.0009381684394576158,0.0007631131480377695,True,True,False,0.020818306067948142,0.0,1,True,0.0004471450229175389
78,True,0.3956952337475447,0.6478297311838033,0.3116504012687918,1.3936710391187936,0.8030632281971095,0.007580232329923135,0.966471692586978,0.023708405135702604,0.06712816690250889,0.944108273332411,0.0004051673467816467,0.0005928973169317979,0.0006474817815056359,True,True,False,0.020734360289932266,0.0,1,True,0.00044080399675294757
79,True,0.39571599620418507,0.6477778880092552,0.31169536560249494,1.3937045515976005,0.8055448287347625,0.007618815193718716,0.9652447219140227,0.023338505272697686,0.07277146347631035,0.9504653049433346,0.00040741879884012035,0.0031444662410519816,0.0006060831082861441,True,True,False,0.02065751372423949,0.0,1,True,0.0004461740027181804
80,True,0.395711068095177,0.6477021519725172,0.3117140401360636,1.3937073724213536,0.8065899208079935,0.007656048762445437,0.9639404984363579,0.02306899279675559,0.06496883480206914,1.8068703189240656,0.0004112650452263249,0.0003997938390465522,0.0006075591048303898,True,True,False,0.020582832738547246,0.0,1,True,0.0004384190251585096
81,True,0.3956855179563547,0.6476073076348741,0.311711588063515,1.3936265464694726,0.808200934106617,0.007692354730615997,0.9627999861775841,0.022839825644591874,0.062198636591766894,0.6567403814490965,0.0004110061023664126,0.0018267649087532437,0.0005872137528263738,True,True,False,0.020509978921297488,0.0,1,True,0.00045011102338321507
82,True,0.3956670177946868,0.6475361988147684,0.3117106241213263,1.393444699255386,0.8112072335132068,0.007728720689348148,0.9617975096955637,0.02238633029183906,0.07024421933835016,1.2358977489550864,0.00039930752640998445,0.0002825494351756793,0.0005076158070743377,True,True,False,0.02044247799076665,0.0,1,True,0.0004461439966689795
83,True,0.3956396502464157,0.6474633781517828,0.31169840761129336,1.3932354487097558,0.816228921169574,0.007764879297846129,0.9607886560933204,0.02192234719735323,0.08203130897742587,1.3610215622505395,0.0003854064940608014,0.001224090820773699,0.0005167750223053009,True,True,False,0.020386241877576185,0.0,1,True,0.00045035098446533084
84,True,0.3956224323019491,0.6474230771070244,0.31168888403359063,1.3931306204114113,0.8216857377365928,0.00779933163535645,0.9595512073565765,0.0216320797054343,0.05278569835022192,1.4103240543829236,0.0003742198665694999,0.0012600660959225605,0.0013652817523066203,True,True,False,0.020341579340372014,0.0,1,True,0.0004415540024638176
85,True,0.3956024096534842,0.6473879964337265,0.3116738807267367,1.3930533703402552,0.8285412005003114,0.007832977382618579,0.9583327988809694,0.021228160140193263,0.046624098662627164,1.579934247935934,0.00035862759252695055,0.001696335580131765,0.0003500965012716626,True,True,False,0.020298492498533313,0.0,1,True,0.00045827700523659587
86,True,0.3955786470145312,0.6473468839617267,0.311655901365466,1.3929710922306293,0.8348928152681033,0.007866263921450128,0.9571660206377828,0.02114554276033226,0.03823450494996521,0.9984198662965684,0.0003655415034115696,0.0004806490953549132,0.0003480738244566551,True,True,False,0.020252674757214546,0.0,1,True,0.00044698501005768776
87,True,0.39555543777858654,0.6473009347819221,0.3116402721108079,1.3928763193344262,0.8406997058632721,0.007900064834862981,0.9561426954739679,0.020605225981052657,0.047983777410731156,1.3905236910585341,0.0003537173266850846,0.0017802379263142244,0.0003545763555301065,True,True,False,0.020203570051794607,0.0,1,True,0.00044964998960494995
88,True,0.3955228860510641,0.6472390780447197,0.3116174887198455,1.3927993887449344,0.8468480814865216,0.00793576081373999,0.955379048527777,0.020019681686329716,0.06272642467033027,1.0022634970178363,0.00033126573713813224,0.00011936445682765835,0.0007862631366200275,True,True,False,0.020156094642725504,0.0,1,True,0.0004396009899210185
89,True,0.3954870260857929,0.647170285446469,0.3115926062989009,1.3927146902220577,0.8533901382714497,0.007973178576391151,0.9547823957525886,0.019829136318345188,0.04062609854159049,0.9679069768443309,0.00033130704502167647,0.0002689060537622264,0.0013159441493105965,True,True,False,0.0201089846927991,0.0,1,True,0.00044228698243387043
90,True,0.3954506813426889,0.6470980654517154,0.31156821997301337,1.3926263104313696,0.8598812316539259,0.008012927142233442,0.9543412635914515,0.01969791856079058,0.01860030357734165,0.8095398542298956,0.0003371116987048774,4.9069291753088784e-05,0.0010447031527970965,True,True,False,0.020061529896278137,0.0,1,True,0.0004445100203156471
91,True,0.39541728413004884,0.6470204528785864,0.31154956121386973,1.392505179093983,0.8659315765858583,0.008056385823182017,0.9541643293123615,0.01965485644806925,0.027720723575119087,0.7065650150510617,0.0003477078717225188,0.0009864329188948983,0.0008962476507423823,True,True,False,0.020011589257902113,0.0,1,True,0.0004409730026964098
92,True,0.3953895925915256,0.646948730311427,0.3115365466848918,1.3923997487047695,0.8717847209766251,0.008102518545225595,0.9542048969887632,0.019493204603651077,0.0390124757433257,0.8932435664524224,0.000346164971918935,0.0006708296937585722,0.0007372393733597979,True,True,False,0.01996114234462413,0.0,1,True,0.00044616300147026777
93,True,0.395368184541985,0.6468765688883352,0.311532056426535,1.3922502201767484,0.8776589624668862,0.008152168863125593,0.9545045854194377,0.019215773186664294,0.05222810116189229,0.7990383785931162,0.0003400429123709311,0.0005197749616909647,0.000587957217205072,True,True,False,0.019910830973396743,0.0,1,True,0.0004413439892232418
94,True,0.39534888908942833,0.6467946284660947,0.31153364263053956,1.3920103197420735,0.884291144890844,0.008205897049778298,0.9550182000976891,0.01902214386714301,0.07397610875465999,1.59115294606217,0.0003431571669868841,0.0007472345871906876,0.0014446465127656654,True,True,False,0.019858926087200558,0.0,1,True,0.0004665320157073438
95,True,0.39533158410811403,0.6467061514355835,0.3115400616656243,1.3916410048105285,0.8913330007288996,0.008263197139944792,0.9559102248270325,0.019166872435642975,0.11744103248502435,1.9954635281264996,0.00034950668919005043,0.0005171664339882174,0.0014442298690071492,True,True,False,0.019807231722623456,0.0,1,True,0.0004501910007093102
96,True,0.39531334999880113,0.6466007082229139,0.3115508972574302,1.3911426159900278,0.8979813270182052,0.008323391854952672,0.957043906317146,0.018969028147166892,0.08752537923319839,2.4248383078352624,0.00033820966728046386,0.0005308306436102317,0.0009858635012597325,True,True,False,0.019753379192529584,0.0,1,True,0.00044929899740964174
97,True,0.395290531497225,0.6464801186255296,0.3115606691211234,1.3905367124165025,0.903711299613523,0.00838587732908582,0.95844165335876,0.018481107487533743,0.06412891895287184,2.4308325845237917,0.0003321766973505106,0.0005892784707517896,0.0006385992298816154,True,True,False,0.01969776557852663,0.0,1,True,0.00044143499690108
98,True,0.39527082293390103,0.6463588799129496,0.3115748039408848,1.3898495382019513,0.9086980185952642,0.008449870660623016,0.9601257901799881,0.01803003758935107,0.07811353105673641,1.624675721288638,0.00032097419516306444,0.000647781474253964,0.0003917141101823295,True,True,False,0.01964052386728673,0.0,1,True,0.00044717598939314485
99,True,0.39525805945465775,0.6462517606511016,0.31159349238917655,1.3892417905080445,0.9128377456271064,0.008513268298497112,0.9618810139253952,0.01769299136008618,0.05607143270100818,1.6684294975600147,0.00030840232119811947,0.0007040012625973851,0.0004992464230769346,True,True,False,0.019591788725991974,0.0,1,True,0.0004399720055516809
100,True,0.3952527881922581,0.6461574285353707,0.3116179080778873,1.3887941323666368,0.9168000429911234,0.008575521308615552,0.9635382489643899,0.017445751590994336,0.07188662575984313,1.043355716124161,0.00029361497495653845,0.0006700092648648705,0.0007015242568954083,True,True,False,0.019554893177502704,0.0,1,True,0.0004565429990179837
101,True,0.39524848334623347,0.6460645549669186,0.3116431261393385,1.3884422753553305,0.9201468355769216,0.008637450770090219,0.9650485855838333,0.017813614072657507,0.10519581497497581,1.2388060071317166,0.00029151323558642274,0.0006295555219997048,0.0007494891199290751,True,True,False,0.01952417869352832,0.0,1,True,0.00044238599366508424
102,True,0.39523805351619823,0.6459180940301611,0.3116780400115439,1.3877405168725714,0.9222891274749212,0.008700570791267183,0.9666079404708686,0.019370961549295962,0.18758420301936907,3.6973929806179107,0.000328083113909985,0.0006584527604910988,0.000813398128118593,True,True,False,0.01949315691634137,0.0,1,True,0.0004538079956546426
103,True,0.39528156782726126,0.6457766581602558,0.3117832043829298,1.3869110965455955,0.9230201879943187,0.008765924211300537,0.9681033190034879,0.02313506052084754,0.4554669279331856,13.769823367448632,0.0005267917065372908,0.0006549047059224916,0.0009453599976952248,True,True,False,0.019459320392319387,0.0,1,True,0.00044115399941802025
104,True,0.3953346624522866,0.6455805607565553,0.31191936301753037,1.3855031349135385,0.9249643756915391,0.008833940426293296,0.9690473971960337,0.029833418809941573,0.42073336889127494,9.383952912464506,0.0007433492400570877,0.0004592806146179863,0.0007004156724000288,True,True,False,0.019422147742740835,0.0,1,True,0.00045993999810889363
105,True,0.3954474921038896,0.6453066522793632,0.3121611053787317,1.382942895201608,0.9116806582362864,0.0089147346334573,0.9701683387885972,0.059837733196635615,1.059836976933228,19.602170178468633,0.001500399163430373,0.0005465923812765544,0.0009836446444615153,True,True,False,0.01936735644079448,0.0,1,True,0.00044560301466844976
106,True,0.3956598299423299,0.644833574194944,0.31260191519145847,1.37760712944863,0.8597176533962174,0.00900997831782296,0.9718851179704445,0.11546317689428141,1.7029804359723897,25.635380727619562,0.002949343305041553,0.001470989184633878,0.002120762316456328,True,True,False,0.019239073952130807,0.0,1,True,0.0008616489940322936
107,True,0.3958966400268318,0.6438710329244346,0.31323850906096423,1.3666237066230853,0.6358745275787122,0.009119871755199955,0.975075623953024,0.1898557572180904,2.343198457055817,26.54556813268797,0.004890674244074079,0.0007972327146975782,0.0021546499854908805,True,True,False,0.019048819805862524,0.0,1,True,0.0008943410066422075
108,True,0.3960948499850317,0.6421140690560221,0.31408844362803484,1.3478561641906313,0.8927676669864216,0.009257657133519101,0.9799428726240311,0.2681858410760403,2.8739549492037972,57.65415994379608,0.007053626185235805,0.0006055443454007096,0.0024753173180613007,True,True,False,0.018821147963860217,0.0,1,True,0.0008202210010495037
109,True,0.396251893784772,0.6391288021299659,0.31529292433637396,1.3188308547510263,0.9476987777116326,0.009446511260986777,0.9849447764853558,0.3620181775098482,3.8345465596294046,65.44450266404017,0.009484878352459189,0.0010131070129638265,0.0030114612596574245,True,True,False,0.01849997041671482,0.0,1,True,0.0004289710195735097
110,True,0.39642237327901186,0.6345331720202747,0.3170521070319244,1.2777560876173424,0.9572011148817984,0.009693035476306268,0.9906019509611665,0.5127798720934449,5.775466860244741,75.10040644192563,0.012662739957440144,0.0007641008862347697,0.004329464748995877,True,True,False,0.01800597313885862,0.0,1,True,0.0004390810208860785
111,True,0.3962583449532318,0.6277886410292027,0.3190815795945749,1.2260937285925249,0.9638904635704173,0.009982031323766578,0.9978285454768656,0.6784802588742544,6.733406044270004,79.65322347548435,0.014814638280396652,0.0014875937101083289,0.00567712900831039,True,True,False,0.017385828361294334,0.0,1,True,0.0004588679876178503
112,True,0.3952032768178446,0.6184091872523025,0.32080130667302537,1.1667450191611959,0.9717183238139503,0.010272536025819477,1.0023468469223813,0.8756803183026471,8.302887189993323,92.97936531286364,0.015566304151483468,0.002312014118627961,0.006580575118642991,True,True,False,0.016676404073289394,0.0,1,True,0.00044391900883056223
113,True,0.39170898320491243,0.6050869629588657,0.3205829899535948,1.0999409395023372,0.9731411711679944,0.01053569416154402,1.0049186409606359,1.1492122918731447,11.615854961173879,149.46476032154226,0.01464169745947332,0.0017747838229774857,0.006855678923252146,True,True,False,0.016014072222905185,0.0,1,True,0.0004541879752650857
114,True,0.3830025599195984,0.5864122120849906,0.3151993425311343,1.0285793677923956,0.9644545188004708,0.010801141176072959,1.0130367764379382,1.45386103657417,18.302711359821295,449.1399138771075,0.01659480405419804,0.001947442292192365,0.0014792025630373294,True,True,False,0.016107858066047427,0.0,1,True,0.0004436990129761398
115,True,0.3668948607752028,0.559800947354779,0.3025928319153441,0.9667256546236547,0.9153357167847347,0.011135907582052282,1.0213471665656777,1.9201696944505284,24.50134050796797,363.496302529922,0.03029949854893321,0.010199083682022278,0.013290104048751026,True,True,True,0.017443659826565823,0.0,1,True,0.000444309989688918
116,True,0.347974659235747,0.524928829909317,0.2889899356778904,0.9229905412917437,0.8074135862490217,0.011631822666270998,1.0279461755533021,2.0103438128448445,32.22482254887125,1023.9951477666945,0.04006762339960658,0.015668708058840453,0.019673742629112888,True,True,True,0.019252714592124694,0.0,1,True,0.0004487579863052815
117,True,0.3347237587163855,0.4899043625929147,0.2829968907575425,0.878063029526586,0.7756204491760659,0.012092013249306241,1.0315693545745226,1.5720268880111128,26.50857884135861,1014.8251669307115,0.032137205576526114,0.009903990071757568,0.01366599803500769,True,True,True,0.020614473013551758,0.0,1,True,0.0004581969988066703
118,True,0.3255225637156724,0.4600310240088745,0.28068641028460506,0.8365535155081154,0.7683095188998704,0.012486280767414896,1.0256955154574057,1.1344201139487258,15.39473865723034,596.6118257835916,0.02318473451153287,0.005669209466709554,0.008816685915215906,True,True,False,0.02164436925828752,0.0,1,True,0.00045314698945730925
119,True,0.31769080131163857,0.4333993427998596,0.2791212874822316,0.7959266703942742,0.7620228481176456,0.012926916356248631,1.013619445484209,0.9142079079099905,7.870073297117614,249.2901763848521,0.01893383906914023,0.005367599977580447,0.007247215573912865,True,True,False,0.02251582374548728,0.0,1,True,0.0004463740042410791
120,True,0.3113036720556234,0.40921904592663555,0.2786652140986194,0.7602727794909699,0.746450753297577,0.013462497803528093,0.9992509060623033,0.8546183210844706,4.511783125280238,168.4217950699094,0.01853156539793933,0.0061397694956276914,0.006103637646132525,True,True,False,0.0233353427663711,0.0,1,True,0.0004951059818267822
121,True,0.30666463935014493,0.3869502593241181,0.27990276602548714,0.7292186224820549,0.7328130122430423,0.014114340001865294,0.9885413944717957,0.8676274785127893,4.199188671827943,74.56379684083682,0.019129763269874363,0.006242018107013796,0.004334510645742214,True,False,False,0.024083437641193778,0.0,1,True,0.00045314698945730925
122,True,0.3037212412353747,0.36762358301206266,0.28242046064314535,0.7030740165679814,0.7308244075572536,0.014868716771914424,0.9817371850430411,0.8495321553018305,4.960829170583377,108.60375021148008,0.01779448242979843,0.007650872169908501,0.011160040288302517,True,False,False,0.024618337035768288,0.0,2,True,0.0004511130100581795
123,True,0.30165069238174563,0.35289436376871935,0.2845694685860877,0.6799078108798408,0.734690768779392,0.015711583192383433,0.97454867537248,0.7836367392051341,8.522869432484146,157.24847741514296,0.013761773647157357,0.010106270461964412,0.020236530999726398,True,False,True,0.024891549834934572,0.0,2,True,0.00044396001612767577
124,True,0.29968668017948485,0.3430333464795731,0.28523779141278877,0.6579048553315985,0.7368903384987715,0.016649699375315918,0.9637679565943352,0.7613681578968792,10.215342560498263,124.67735320655329,0.010605765115498203,0.014167632471361817,0.030881924741113124,True,False,True,0.024972062279751947,0.0,2,True,0.0004563129914458841
125,True,0.2986489313345053,0.33783205094196644,0.28558789146535163,0.6429608268306968,0.7439414642491486,0.017670901184988715,0.9512059984221387,0.7923072773921208,7.570729019792492,119.65633316669276,0.010352063399337528,0.01877953369213706,0.05341625963402267,True,False,True,0.02426162175535844,0.0,2,True,0.0004424760118126869
126,True,0.2992929150958042,0.336298141773682,0.2869578395365116,0.6397967644704337,0.7638251186541793,0.01878572517992609,0.9530038816812733,0.7954742796712443,5.280669668261283,132.70053912999697,0.010654527960319675,0.02295593498885363,0.0839318016068799,True,False,True,0.022478550232887112,0.0,2,True,0.00046900700544938445
127,True,0.3013259030740258,0.3369099933445186,0.2894645396505282,0.6478657962999288,0.8048073591773983,0.019985889812014483,0.988189261023367,0.7657511800007664,4.249739306582611,84.56382936936087,0.010498438615095652,0.02471336001261295,0.11925526012535186,True,False,True,0.022035239837984062,0.0,2,True,0.0004431680135894567
128,True,0.3036527955583064,0.3394383325589021,0.29172428322477456,0.659345574644509,0.8467651644499177,0.02110726099112908,1.0244553659867934,0.6832869809824177,3.8020666440110356,138.66097043872122,0.00912409807152854,0.019038561640709783,0.1372854020642402,True,False,True,0.0239825071554886,0.0,1,True,0.00044133502524346113
129,True,0.3060485498665171,0.34319375026633003,0.29366681639991277,0.6709020778722824,0.8815086409312831,0.0221019428040779,1.0506887687811006,0.553749517631326,5.103986855628026,74.61329123320643,0.007530468152901874,0.011852230035116994,0.12602662479424076,True,False,True,0.02495339662190755,0.0,1,True,0.00044212600914761424
130,True,0.3079645720312473,0.3468869290703246,0.2949904530182215,0.6790036353088125,0.9069085986733871,0.022940218616568076,1.072668922753142,0.4043560043015963,6.09425385750639,57.78164347193631,0.005793627437988814,0.005688873697492696,0.06428889106471551,True,False,False,0.024802287812126005,0.0,1,True,0.00045979899005033076
131,True,0.30995606579510043,0.35041022015200884,0.2964713476761309,0.6858315142002073,0.9006319974698196,0.023497016070416363,1.036864478776791,0.29984785426450183,5.4942567276016145,65.38536236310796,0.005277286255364716,0.01493459668289397,0.09779943780182504,True,False,True,0.023409704660694836,0.0,1,True,0.00046127199311740696
132,True,0.31124915646949897,0.3529705021960059,0.29734204122733005,0.6935970107986834,0.8773716936178845,0.0238206928030238,0.9819358186243566,0.23859552937912443,4.191783201009934,103.82293530700397,0.006512685524101457,0.02283870318530944,0.311610444122555,True,False,True,0.021189491153882502,0.0,1,True,0.0004463139921426773
133,True,0.3107571793229439,0.35353218667668296,0.2964988435383642,0.7011772160110478,0.8470733220663405,0.024022264642571046,0.9230140886140273,0.3571346076692563,4.321200718796701,203.98672293882743,0.009446325714484269,0.02813995002075235,0.5931262376513299,True,False,True,0.0186814943448221,0.0,1,True,0.0008852439932525158
134,True,0.30983107925805214,0.353815372999842,0.2951696480107889,0.716371992198391,0.8188396779041852,0.02431302419939373,0.8784960569771115,0.36292681421000983,5.664197731913007,220.7605904853357,0.012843667487760321,0.02569828163150691,0.9048352978878362,True,False,True,0.01601561898561777,0.0,1,True,0.0008825690019875765
135,True,0.30978525620216574,0.35638033389483914,0.29425356363794136,0.7393182286789067,0.8030850952525181,0.024736423611084208,0.8682695722381707,0.412483918266656,3.417303908369799,94.48295187275811,0.014830172128703158,0.0227309897391179,1.046537891594656,True,False,True,0.013671677359603148,0.0,1,True,0.0008605069888290018
136,True,0.3117713259596285,0.36343067796842066,0.2945515419566978,0.7644466755032941,0.7816793902042809,0.025246096958398245,0.8555141439802435,0.37890158455136846,3.097456388298751,118.10512075760822,0.016093610498779762,0.018013679042061637,1.1409878205921486,True,False,True,0.011310548154644625,0.0,1,True,0.00043628501589410007
137,True,0.31507055579409265,0.3729916446374838,0.29576352617962887,0.7947572895838675,0.7678946697583222,0.025989409947303085,0.8642939625717702,0.4547081979067518,5.192415366502767,189.95374509156994,0.01681819251445564,0.028578689771780526,1.103665497424092,True,False,True,0.009099058311880065,0.0,2,True,0.0008590639918111265
138,True,0.3188900215395315,0.3842498648461886,0.29710340710397914,0.8187546670707002,0.7678892085645345,0.02692014443887027,0.8990788465055827,0.3850576326544147,4.920808621313897,212.20346327648087,0.016125570514981268,0.025938867361637332,1.0477764774475162,True,False,True,0.006644034332015476,0.0,2,True,0.0012861810100730509
139,True,0.3226963142301955,0.3961080481110032,0.2982257362699262,0.8353429921200843,0.7621449760839594,0.02799014444384929,0.9138368987643019,0.3869830436434023,5.108923115948573,74.69895961487107,0.015138440839494643,0.03155801664824688,0.9379617509239009,True,False,True,0.0035196823481045882,0.0,2,True,0.0012742490216623992
140,True,0.32598534294015935,0.4073806596291326,0.2988535707105017,0.8425265133759049,0.7599102557481852,0.02933870823432943,0.9252635356889062,0.4596912824788141,5.701041260722038,62.22161693933376,0.015052741823747485,0.03764231141438744,0.8373064344251603,True,False,True,0.0,0.0,2,True,0.0012684590183198452
141,True,0.32867030632786004,0.417613178482253,0.29902268227639567,0.8407259449940978,0.760823539680983,0.03095013348343717,0.9322186183298268,0.5773162388307541,5.702934313411131,27.631509080926428,0.015648746944472672,0.04475852057896317,0.7004292030378629,True,False,True,0.0,0.0,2,True,0.0012794289796147496
142,True,0.33039783619657176,0.4265352208443836,0.2983520413139677,0.8316590755884532,0.7702106923260836,0.03291517207840952,0.9410668193702941,0.6916405988563429,4.638272256546895,51.994879452940744,0.01689673020388757,0.051422734958623366,0.5716275832352993,True,False,True,0.0,0.0,2,True,0.0012704720138572156
143,True,0.3324155013531375,0.4357934949757357,0.2979561701456049,0.8266725616594486,0.7897524647326206,0.03531843142029977,0.953391176006355,0.6245284426999745,3.4224149067623015,210.91663476211048,0.017613417096328132,0.053194968784545785,0.5921838383323281,True,False,True,0.0,0.0,2,True,0.0012842379801440984
144,True,0.3342063139615268,0.4439503579258339,0.2976249659734244,0.8220530443846623,0.8210867375076347,0.03817836997547007,0.9768768288744033,0.6341743906725763,3.2780546146956295,85.3120343009905,0.01853912649594638,0.06044351613335222,0.5141984453799617,True,False,True,0.0023325264795304775,0.0,2,True,0.0016836329887155443
145,True,0.3359164197147948,0.4510362627985925,0.2975431386868621,0.8174404629177217,0.8637704208060354,0.041511757802622326,1.014405540620495,0.6405828021759695,3.348200952363089,34.76289452607825,0.01944233766048407,0.06913362357229987,0.4128810401595572,True,False,True,0.017278750001949242,0.0,2,True,0.0016813490074127913
146,True,0.33944496818467884,0.4604544166418771,0.2991084853656128,0.815311100934393,0.8806581244795307,0.045096908714218537,1.0077162625102893,0.6084334938830356,6.545297924337386,140.8427411612974,0.019310522888538156,0.07225295520669797,0.37144264602312305,True,False,True,0.027035520915814383,0.0,2,True,0.0016366449999623
147,True,0.3436691485008017,0.46926483203910113,0.3018039206547019,0.8113875046339154,0.8799676884951182,0.0488715952225317,0.9757767976859598,0.5941232770540192,5.824215990123784,72.66041714168169,0.019331521292255075,0.08185863421143447,0.2483263507507648,False,False,False,0.03379248139722903,0.0,2,True,0.0016423249908257276
148,True,0.3477681920112311,0.4757272769536581,0.30511516369708874,0.8039846495924419,0.8610157666916151,0.05257371103072142,0.8999610205906335,0.5501992215901277,4.056431330163357,126.93999664156298,0.0194820557870427,0.1288767930844905,0.128657013157257,False,False,False,0.03684029984831346,0.0,2,True,0.00162083501345478
149,True,0.35064117576421694,0.4776743186420631,0.30829679480493494,0.7896777712407609,0.8662946678850529,0.05619075639134379,0.8498009055522276,0.4417759709512211,5.110452754501455,132.337224243736,0.02013322872795399,0.23678635820182806,0.06501057590316654,False,False,False,0.037578301585210507,0.0,2,True,0.001629020000109449
150,True,0.3520475748629876,0.4759730930329296,0.3107390688063402,0.7731637848195524,0.8889022399847089,0.059482945863478826,0.8433882346029166,0.27122215697759594,8.501517804499843,156.2267302424821,0.020232594866237234,0.38286638357578184,0.031507958757097894,False,False,False,0.03709176441296864,0.0,2,True,0.000428469997132197
151,True,0.35153154417588456,0.4702588424665731,0.3119557780789884,0.7328103225765444,0.9193432353060178,0.062494335092667275,0.9132674348797908,0.5477667566028638,9.640358111508288,378.91263649299157,0.023192036541397912,0.6535082335712741,0.01852857485682688,False,False,False,0.03430392871144926,0.0,1,True,0.0016300620045512915
152,True,0.34521887405897683,0.45567480825604056,0.3084002293266222,0.6908262238213134,0.9454978294622107,0.06548020729771613,1.0186337212480163,0.5255594434081073,10.954646137765383,494.85275166989237,0.026156251648098903,1.2666050484882754,0.031098827345786517,False,False,False,0.031367703590815664,0.0,1,True,0.0012203769874759018
153,True,0.33613688187266805,0.4363898865080719,0.3027192136608669,0.660078106747918,0.9868785028332121,0.06840783556027036,1.1181580420079515,0.7950980216331806,14.178096377993246,200.90274636091834,0.029172055799272453,1.7765215696095216,0.03156614188830451,False,False,False,0.030960653013443654,0.0,1,True,0.0008204810146708041
154,True,0.32747913890022995,0.41851583538827114,0.29713357340421626,0.6310267852964374,0.9994902927685895,0.07146325792722057,1.1330709595302966,0.5262294624234727,11.842431305058492,690.7516696606674,0.029215570094720332,2.0587669909986976,0.009341954711637365,False,False,False,0.030686143737624773,0.0,1,True,0.00042283901711925864
155,True,0.32077135543315527,0.4044577135041278,0.2928759027428311,0.6365969807601356,0.998769369827684,0.0742642753222209,1.0771440769173513,0.7349992674340584,7.133689427186011,517.7434069459979,0.03125880408882986,2.29228698276191,0.02382615639524964,False,False,False,0.03198454473270195,0.0,1,True,0.0004264360177330673
156,True,0.3163639435446789,0.3957623152212885,0.2898978196524757,0.670083482360866,0.9920621527658697,0.07690727191533765,1.0159233372995686,0.825443450324335,3.616097895142579,147.53620673424152,0.03231773048479031,2.38662737516952,0.0276257384276128,False,False,False,0.033698297898212715,0.0,1,True,0.0004221780109219253
157,True,0.3149900904820843,0.39385358132124826,0.288702260202363,0.6955869738953465,0.9787051987492825,0.07951499193803102,0.978432282844976,0.7826538859018556,3.8523786288443715,154.4603438139455,0.03205577974756107,2.3209776290496262,0.0237859424887106,False,True,True,0.03420997448264135,0.0,1,True,0.00043460202869027853
158,True,0.31793263418535905,0.3999444386614416,0.2905953660266649,0.7108462311548096,0.9597031481205348,0.08220747835022911,0.9386796467596957,0.6685975061671662,6.745799375984974,114.69701943589087,0.031173626616926686,2.1719308712762517,0.02404464198769009,False,True,True,0.033443902735064285,0.0,1,True,0.0004256550164427608
159,True,0.32360310745122267,0.41066742640171305,0.29458166780105927,0.7120251779485544,0.9445862445139219,0.08500964369518309,0.90814231365062,0.5750958431703025,7.471035875799216,65.77550528424779,0.03038941235337584,2.028598186564945,0.02569603757021058,False,True,True,0.031590753260803656,0.0,1,True,0.00043161699431948364
160,True,0.3305496126137242,0.42332719926157536,0.29962375039777367,0.7035672547121306,0.9244994640689167,0.08799198432874857,0.8702159313119203,0.5464256511530324,6.74485191666493,63.03310102101251,0.02932433627956499,1.8185553551293803,0.02828361103918741,False,True,True,0.029144470437146658,0.0,1,True,0.00042580501758493483
161,True,0.33803623050904646,0.4363676801271536,0.30525908063634405,0.6886208696043181,0.9140111326234885,0.09121897347345546,0.8402912432118654,0.5673719535535618,5.833055415334803,64.74361074548725,0.02894190834425696,1.660870405024327,0.029153136574654487,False,True,True,0.02623807283461839,0.0,1,True,0.00043254700722172856
162,True,0.34478475577045153,0.4476026390748617,0.31051212800231476,0.6660696130986836,0.9119551522974654,0.09456640256099073,0.8080603433991597,0.962457152739802,19.437293754980765,515.5353858261198,0.02969787198510972,1.4268192827929298,0.03908903496331882,False,True,True,0.022379207276906864,0.0,1,True,0.0032200879941228777
163,True,0.34946918040692093,0.45490737712289053,0.3143231148349312,0.6393340941687238,0.9239698085980901,0.09846392752390655,0.8289111706505145,0.7165719461664353,17.947620429237965,1026.1266884906322,0.02536366849268365,0.901009802748995,0.04547209256647968,False,True,True,0.02075367721979505,0.0,1,True,0.0020068550074938685
164,True,0.3494549200167587,0.4554807005238968,0.3141129931810461,0.6058205567274938,0.9662170593594255,0.10266508015475302,0.9493471591680481,0.7455377634927937,10.706661619245624,460.78518604733785,0.024027101351095807,0.3210212064689122,0.07020583438994255,False,True,True,0.02959571428526004,0.0,2,True,0.0016114470199681818
165,True,0.34814381108753,0.45453962688632477,0.3126785391545984,0.5887320015173434,1.009445826229897,0.10751707245117555,1.0710894968855413,0.7432490782370489,10.38903268305122,281.8866090440786,0.025927790304423378,0.20474780718705365,0.08443634162582861,False,True,True,0.034779369286710084,0.0,2,True,0.0020148799812886864
166,True,0.3460757461133169,0.4536591988615313,0.3102145951972454,0.5869316789737995,1.0241461586037277,0.1126944748477418,1.2060690501000337,0.8381184820381622,6.959297299297778,177.45576773038542,0.02734545892825928,0.09786700309140267,0.08654428170048398,False,False,False,0.03694194412978321,0.0,2,True,0.0016247009916696697
167,True,0.34376379450482747,0.4525552671117754,0.3074999703025114,0.6012520445737582,1.0289176895422352,0.11757383383632942,1.3294384597445998,0.8362775330558296,3.2055198991638796,157.41349290757822,0.025591226578035312,0.02219558001259551,0.06085934859356754,False,False,False,0.03667592699579783,0.0,2,True,0.001615904999198392
168,True,0.34341972538343757,0.45291164533401723,0.30692241873324433,0.6259664358125376,1.0426764455159587,0.12210864705382748,1.346278189636947,0.5359094078574069,14.019966294932388,431.819179942702,0.024487198460419475,0.00795616096980716,0.5148610053636067,False,False,False,0.03482604235204413,0.0,2,True,0.001632265979424119
169,True,0.3436986270748173,0.45176325833509967,0.3076770833213898,0.6566145260167773,1.0421054380817354,0.1263394658629687,1.2425025301482888,0.7708238745005002,23.413822909595158,298.7863927292995,0.026895811443401203,0.015107964973071427,1.4281910171353684,True,False,True,0.03291873310932371,0.0,1,True,0.0016247520106844604
170,True,0.3383049728081372,0.4404807717273187,0.30424637316841013,0.6879177549319968,0.972978989439456,0.1302878828714367,1.1159870708658577,0.6361457754895733,12.136283691302356,844.2707486326879,0.03256398345020489,0.03266388183225158,2.176959431570965,True,False,True,0.02954229932157478,0.0,1,True,0.0004249330086167902
171,True,0.32905530344018413,0.42443704833111173,0.29726138847654165,0.7499522345736961,0.9135302900688774,0.13390456613998644,1.019547019545421,0.9712559617236406,10.964980000317992,504.71832110072796,0.03636632927925137,0.031645565097070553,2.635341051032124,True,False,True,0.027238597195351745,0.0,1,True,0.00043773799552582204
172,True,0.31896647785039633,0.40870510151343853,0.28905360329604884,0.821000188166324,0.8786569581620686,0.1371485013405829,0.9688253460429489,1.1153030517097997,5.03490314802147,203.2574639202735,0.03835373457870515,0.019976073911132868,2.7854970539921475,True,False,True,0.025501713033614058,0.0,1,True,0.00042815000051632524
173,True,0.31249668263366936,0.40064258448577955,0.2831147153496326,0.8900586838984602,0.8515776424193331,0.14027300386224414,0.9396850396489228,1.049179933210956,3.8405171551753163,213.32442572910026,0.03779751262926933,0.017132658640377694,2.646736150985328,True,False,True,0.024080347155996648,0.0,1,True,0.0004369160160422325
174,True,0.31301054029364694,0.40540950680328786,0.2822108847904334,0.9497474430886909,0.8208591571591028,0.14365067224110975,0.9150610348120299,0.8196993870139696,9.083799915307857,192.82982542237474,0.035976185612268306,0.01447121167499466,2.425898732393206,True,False,True,0.022388006397219412,0.0,1,True,0.0004273180093150586
175,True,0.31922641919899136,0.4195730588202834,0.2857775393252273,0.9936204225762728,0.8077511142043223,0.1474853154156805,0.9277447415938608,0.6042171168565514,10.798362534706333,77.31142251515146,0.03438041061102115,0.017033625788976558,2.224792277555502,True,False,True,0.02006268571065553,0.0,1,True,0.0004221379931550473
176,True,0.32856468582759146,0.43944720159026485,0.29160384724003363,1.0234117642426463,0.7900015090907226,0.1515693154984523,0.9227272710039031,0.5371097888254512,10.024571254905128,55.67685423303157,0.032989074307419375,0.026186413276634995,2.0592116703942,True,False,True,0.016502434529475994,0.0,1,True,0.00042015500366687775
177,True,0.3388942790892128,0.46145319128812723,0.29804130835624126,1.0401909692664812,0.7753567429128543,0.1558767985522066,0.918551341243743,0.6042676899006205,8.09143255028326,68.85526153221585,0.03251268181215516,0.031229091177351526,1.9258261171349773,True,False,True,0.01250401767465406,0.0,1,True,0.00042378102079965174
178,True,0.3492195117058699,0.4826312895725115,0.3047489190836559,1.046605099405726,0.7644395390824786,0.1602933029842556,0.9506192949417761,0.9835069085287016,15.633497309795672,323.513573519682,0.03479112853506196,0.05967084938520853,1.8272211627043546,True,False,True,0.006477626226758409,0.0,1,True,0.0008220250019803643
179,True,0.3585253960269328,0.5026469072993582,0.3104848922694576,1.0250278625203435,0.7814523391348758,0.16520992661959719,1.0005531888619599,0.8585401071536601,10.919278317689379,665.5907535298523,0.033097945248450056,0.05742576786923597,1.6030143640275738,True,False,True,0.0,0.0,1,True,0.0012096369755454361
180,True,0.3648941043029854,0.5175265366670574,0.31401662684829484,0.9943378156012839,0.8327549395622376,0.17067343340439653,1.1019642497603441,0.9441856706491022,7.4696724909943635,227.57210628250877,0.03280502267268883,0.07515687893130447,1.3032347127288597,False,False,False,0.0,0.0,1,False,0.0012226920225657523
181,True,0.3688292142456755,0.5268473506389705,0.31615650211457713,0.959247167135877,0.8847131385222557,0.1765899322313208,1.1750891053821229,1.081008836137919,9.130118488103747,96.06731358882915,0.03303049632714178,0.09584685724092726,0.8626171969339083,False,False,False,0.02447558432037978,0.0,1,True,0.0016157250211108476
182,True,0.3738677130081017,0.53657104452541,0.31963326916899887,0.9368369618864977,0.8992207185937237,0.1829219406820359,1.1707928610679486,0.8686842577282189,16.015248677246976,538.5719030851528,0.03060986151033506,0.09191300665396097,0.605122686092218,False,False,False,0.039776757008982984,0.0,1,True,0.0016257140086963773
183,True,0.3733677080707624,0.5326608754523184,0.3202699856102438,0.8934166561515213,0.968437352685867,0.1897063239596349,1.2814301830015258,0.7571611111695146,10.05596761881416,269.053036045987,0.030989010372990768,0.1686656578689942,0.30540656450199083,False,False,False,0.046891226385318195,0.0,1,True,0.0008382349915336818
184,True,0.361341213008485,0.5067937780963663,0.31285702464585785,0.8192262855079844,0.9759796047105544,0.19629766577438665,1.5396918748658615,0.7020839388671981,4.914881419507042,258.4705437070751,0.03125712724713011,0.3884580569580111,0.10285651552509531,False,False,False,0.0480118772032378,0.0,1,True,0.0008257809968199581
185,True,0.34488010590386753,0.473976185016068,0.30184807953313403,0.745108262680631,0.9586969671144744,0.20209734584758765,1.7403086652774014,0.49622150246591695,8.659798902252042,212.55553017860134,0.03046677824359848,0.6517585412520178,0.014331961744009393,False,False,False,0.04481228099774287,0.0,1,True,0.0008105829765554518
186,True,0.3174637132972242,0.42427730778300043,0.28185918180196556,0.6604389966662322,0.9590741214530365,0.20746401545994883,1.9513557210632078,0.4460310664370969,14.810444627968174,227.15160700630412,0.035408552787142,1.5233237363346135,0.04371222600021796,False,False,False,0.039268481568056686,0.0,1,True,0.000825770985102281
187,True,0.29057958677365847,0.3753303114815755,0.26232934520435275,0.5868298106778168,0.9518857856898004,0.21233747440555767,2.094786684556107,0.8684521258603836,20.47033273581749,352.7350586975221,0.04002766789661256,2.3735250982890546,0.04222937106737393,False,False,False,0.03623538839191549,0.0,2,True,0.0008279859903268516
188,True,0.28421244865862894,0.356658459566822,0.2600637783558979,0.5575081625795225,0.9716452240710051,0.21658015878082554,1.986590017141502,1.1256032128859619,10.696627304940995,406.03956373907357,0.04309450354223907,2.876233964929448,0.023559518534917133,False,False,False,0.03540370979340066,0.0,2,True,0.0008466200088150799
189,True,0.2773498385713194,0.34029999390405874,0.25636645346040626,0.5536399702427023,0.9649849276997686,0.22116346414881236,1.8962930057889027,0.5770428360599733,22.676289677891972,933.6575255700388,0.04112099074608139,2.895838496352423,0.015961745324581653,False,False,False,0.03236826085188694,0.0,2,True,0.0004459829942788929
190,True,0.27690420299690255,0.33541003212962106,0.2574022599526631,0.5695069692823339,0.957846911491909,0.22529350229661818,1.7257119872818913,0.6867629973480641,4.878152641540235,802.1318026903725,0.04191514849945323,2.990844859522516,0.02687130235982343,False,False,False,0.030484812166654024,0.0,2,True,0.00043027399806305766
191,True,0.28143820593488433,0.34107564247685995,0.26155906042089244,0.5809939205491266,0.9532817711129173,0.22921150293842227,1.5325517543109095,0.7040839938137637,3.8821830596002895,160.1544401959835,0.04131952572697309,2.868358930294511,0.03257214365477258,False,True,True,0.02863067283980731,0.0,2,True,0.0004354839911684394
192,True,0.2950681368712048,0.3609640669130966,0.27310282685724085,0.5905843045497456,0.9500701411788748,0.23309924998249792,1.2532934267446203,0.6845418247763023,6.023773472421984,112.26162823748311,0.040314558289114955,2.673505184378531,0.03593401537479122,False,True,True,0.02593637875113692,0.0,2,True,0.00042478300747461617
193,True,0.30782806269305724,0.3807740967313922,0.2835127180136123,0.5812479548830873,0.9511056617730116,0.2370917630393114,1.0892940373729396,0.6747382654932089,6.079346749021055,60.89353651142613,0.039189043631845076,2.4374637352694677,0.03959031049860253,False,True,True,0.021779573798581017,0.0,2,True,0.0004284799797460437
194,True,0.31890037938064114,0.39905070501378215,0.29218360416959405,0.5596532417618011,0.9499667854844057,0.2411133752962492,1.0599217756827128,0.6670126053546866,5.198481511674035,74.03015344104406,0.037805325996850304,2.2222000150482755,0.042149340289242616,False,True,True,0.016144294524558525,0.0,2,True,0.00041580601828172803
195,True,0.3302351285590818,0.41696146181018856,0.30132635080871295,0.5409731054006479,0.9454166639582049,0.24518750166161096,1.0691062298004463,0.647825502787205,4.939935418753813,65.53165460768037,0.03603756060666645,1.9929316860410389,0.04565096968911162,False,True,True,0.009716377813701221,0.0,2,True,0.00043081498006358743
196,True,0.3428100806044085,0.43554654380572105,0.31189792620397094,0.5385932775390759,0.9464681690607889,0.24943333282701277,1.0416549293554787,0.6215552719628371,4.818648739211964,58.721785602663,0.0343427869381457,1.7752152823661154,0.05058635273371945,False,True,True,0.0031715514026195626,0.0,2,True,0.00041727902134880424
197,True,0.3517006510706922,0.44788164585332674,0.31964031947648075,0.5394167435997341,0.9583222864529479,0.25364697798945673,1.0757433174430453,0.5988986918181939,5.671669695871607,57.5876588417218,0.03049134669629738,1.336840775178683,0.058689478116937734,False,True,True,0.008974115463583196,0.0,2,True,0.0004258049884811044
198,True,0.35475651477057946,0.4532013111866558,0.3219415826318874,0.5304539329515102,0.9745519126666732,0.2578186677563004,1.1252604834763535,1.0024086752822048,18.52690769341968,438.56291290681156,0.03053685992927919,0.7265559768853814,0.09648960682479092,False,True,True,0.022297386721869462,0.0,2,True,0.0008297879830934107
199,True,0.35334699765675226,0.45264535449200183,0.3202475453783357,0.5281736825949754,0.9739930218104216,0.2626272449776684,1.2030029912547553,0.6720130193926543,17.911078575003604,914.473681660707,0.027037898673675752,0.413414053017206,0.07900693182660966,False,False,False,0.029833728049473512,0.0,2,True,0.0008250600076280534
200,True,0.34788522344262124,0.4475352503477804,0.3146685478075683,0.5312301381897032,0.9757298003389335,0.2676164515767529,1.352546693889983,0.7873133212349253,7.017252301813741,408.1886216294943,0.027490255502521977,0.22952957508007008,0.05741203617936022,False,False,False,0.03426080983869605,0.0,2,True,0.0012189849803689867
201,True,0.34624632912860687,0.44780115986668034,0.3123947188825824,0.5427877085596404,0.9679779211820598,0.2724541858907291,1.390969964436596,0.6617101204064331,5.3023321698969035,286.11482797892336,0.026418598023326495,0.1315543462334142,0.08501908539974826,False,False,False,0.03662585607441737,0.0,2,True,0.001223002007463947
202,True,0.3475026053854984,0.4523186063961494,0.312563938381948,0.5606089330934978,0.9616195709709425,0.2769437594255418,1.353290409096707,0.4968001514137665,6.382780145664727,75.51157278421081,0.024568167354374174,0.05826858749693941,0.22751126360002427,False,False,False,0.03729228938678274,0.0,2,True,0.0012270500010345131
203,True,0.34759403996982674,0.45486895322021914,0.3118357355530293,0.5798984086881088,0.9577134958423623,0.28111362061581247,1.3175834160606437,0.33384626432261993,8.148501628975374,86.88784272979787,0.02286832968210461,0.010998665903307073,0.3996638314127944,False,False,False,0.0368932136698796,0.0,2,True,0.0012370789772830904
204,True,0.3457508914696291,0.4527294161050496,0.3100913832578223,0.5935088622959855,0.9512977817148818,0.2853513998693718,1.221618077267006,0.424041229253549,13.023165653018728,184.91081941024834,0.025515670302545413,0.01738876143944523,0.9892144777308841,False,False,False,0.03539199550533368,0.0,2,True,0.0008225960191339254
205,True,0.33911392807930685,0.4406126756477201,0.3052810122231691,0.6111554511618436,0.9495848754114131,0.28941153142658604,1.1484069069315583,1.0855482712434728,23.201866352800838,353.8265950129602,0.02889625488011917,0.01523164719949485,1.677456005545917,True,False,True,0.036820400106130004,0.0,1,True,0.0008233570260927081
206,True,0.3309514168190255,0.4247302982098132,0.299691789688763,0.6169524208320851,0.9501696220908231,0.29357999529486,1.0736459842473067,0.5957920137876511,18.951048009077468,1230.3576332734997,0.030773134610755707,0.019931205988871162,1.9740055292792447,True,False,True,0.03522561608463208,0.0,1,True,0.00042067599133588374
207,True,0.320495312038383,0.4047609889899505,0.2924067530545272,0.6593406659106861,0.9510863205010094,0.29772464705168106,1.0555515498366068,0.9468655230984266,11.63141828378574,848.0968922521113,0.03414855452727439,0.01361824198202694,2.340077936858138,True,False,True,0.034903241320404725,0.0,1,True,0.0004494889872148633
208,True,0.31022839579156625,0.3845603147433198,0.285451089474315,0.7299407356839421,0.9477068692627431,0.3014637605753639,1.0443986420922182,1.1939554436140356,8.5730619113523,141.86956285955054,0.035889187838658396,0.011106677534035983,2.492564632520507,True,False,True,0.03519239732712184,0.0,1,True,0.0004218179965391755
209,True,0.3015339014738841,0.3668017394374493,0.2797779554860291,0.7978979667192269,0.9402583974132924,0.3049429545352279,1.0267189420745257,1.2248446678553138,5.337986701999536,246.55140732155994,0.03679602011292353,0.009952408641440829,2.4984830304927934,True,False,False,0.034984201775901114,0.0,1,True,0.0004673240182455629
210,True,0.29558111316741,0.354629444908074,0.27589833592052193,0.8534174027750683,0.9350601805624186,0.30840254965227204,1.0198143197605787,1.0752174706423328,6.897301444384432,204.05373546118312,0.03552166867930776,0.009187100391518335,2.331391838051464,True,False,False,0.03407562366337483,0.0,1,True,0.0004474259912967682
211,True,0.2940448241213628,0.3520286381112143,0.2747168861247456,0.8885649326762914,0.9281444804679566,0.31207996741290234,1.0056119352286368,0.7855897249744476,11.299768039223189,223.12556180740307,0.03387804924726321,0.01530431085641705,2.2015588034996987,True,False,True,0.0313789486874709,0.0,1,True,0.0004519340000115335
212,True,0.2968676128685083,0.35900727434343377,0.2761543923768665,0.9033154981603183,0.9248238339558378,0.3160259865457429,1.0046805832643488,0.5859082351779559,10.893336113425834,47.44403221528284,0.032461196181338955,0.026343682221834704,2.0586238986237446,True,False,True,0.027402100388342523,0.0,1,True,0.00044282700400799513
213,True,0.30249207113165677,0.3725820463002981,0.27912874607544297,0.9002357573755629,0.9285095092727907,0.32017582648991105,1.0062435743443445,0.5482349828462998,10.152433149021302,45.429282513722534,0.03178225971045349,0.03748068852221002,1.9355708015481807,True,False,True,0.02197571221671929,0.0,2,True,0.0004323179891798645
214,True,0.3093663094257632,0.38957822317049784,0.2826290048441849,0.8838560802125632,0.9398895582238902,0.3244079574732141,1.0096326965925226,0.6521196219469566,8.811843589048944,50.09982313068951,0.03136002684363472,0.04511431998590823,1.7972318624108008,True,False,True,0.01566684753191308,0.0,2,True,0.00042000500252470374
215,True,0.3161629150052681,0.40691056671551395,0.28591369776851955,0.8548496445657943,0.9367088704339006,0.3283984683868084,1.0305271712194681,1.0443186624414051,14.35603045239083,240.62902042419987,0.03354141346160191,0.06855812555556401,1.6824390431937268,True,False,True,0.007864930600457223,0.0,2,True,0.0008253700216300786
216,True,0.3224657147244757,0.42247574224065576,0.28912903888574903,0.8208099001838937,0.9515343530505059,0.3327774733500733,1.07112656586007,1.0258706872414154,11.1279246520371,571.4293434487739,0.033713948632547244,0.06998343378893719,1.4766203925606136,True,False,True,0.0,0.0,2,True,0.001239072997123003
217,True,0.3265290621656825,0.4323159643974683,0.2912667614217539,0.7861210287496435,0.9670783399811045,0.33736146033655323,1.1002403621195551,1.1909607650746854,8.851785394152275,296.18807751562076,0.03301047473904626,0.09503367755405576,0.9885964804281985,True,False,True,0.01875647865323713,0.0,2,True,0.0016153639880940318
218,True,0.3314449282858065,0.4408893544570616,0.2949634528953882,0.7686088310545255,0.9744606190448071,0.342179988751731,1.0688388944898146,0.9270880935847992,12.809907573609374,493.91026005638236,0.02976303556912843,0.10488553898313026,0.681192569561644,True,False,True,0.037354703578155325,0.0,2,True,0.0016221979749388993
219,True,0.3372880153547676,0.4484776683512191,0.30022479768928384,0.7549699144990816,0.9772137330284741,0.34739525321646475,0.9442746786440439,0.7742911363398113,15.056246211306242,115.30176774840436,0.02791099620962046,0.09876650161442294,0.3871195578442508,False,False,False,0.04687236925288596,0.0,2,True,0.0016140720108523965
220,True,0.34115685800015505,0.44988407128862135,0.3049144535706662,0.7332351221397517,0.9455472615809483,0.35296082951543006,0.8594496706418614,0.707105949387991,10.147180070890293,261.45299678938414,0.027608504374315012,0.14355611642922722,0.1717364261683091,False,False,False,0.050772315741063834,0.0,2,True,0.0016030709957703948
221,True,0.3423342641914906,0.44325946125464,0.3086925318371075,0.7067424448454094,0.9520318974164084,0.3584331286755058,0.8295090481823356,0.5940641840236476,10.861913758761984,212.5350284471701,0.02689818786920899,0.3306776748678535,0.029300806821857078,False,False,False,0.048234439670107584,0.0,2,True,0.0008219839946832508
222,True,0.3418072111026959,0.4328601334291314,0.31145623699388403,0.6817655186914414,1.001429458187809,0.36342834094280835,0.8587449306736566,0.5004780992800513,7.859470112923582,210.88957351292254,0.02608172177524235,0.5359855758574349,0.06991668087423039,False,False,False,0.04418355032867536,0.0,2,True,0.0008261920011136681
223,True,0.33534029311083663,0.41347218910763933,0.309296327778569,0.6386878203835038,1.0316367792727357,0.36807690559689643,1.0492517334438687,0.3980250290194013,12.333660894031365,355.00586385034876,0.028583494936623457,0.983337003713465,0.04653204124877093,False,False,False,0.03971913040517941,0.0,2,True,0.0008292380080092698
224,True,0.3235886281436778,0.387595231781763,0.3022530935976494,0.5803758931038546,0.9655599303723449,0.3723561581735541,1.2319876865680244,0.5256145891527108,9.427418485214652,179.63545849924972,0.032754438815263305,1.5959899613496475,0.02673852125682631,False,False,False,0.03595723759199308,0.0,2,True,0.0012359069951344281
225,True,0.31321707027279516,0.364313213963638,0.2961850223758476,0.5293047661269967,0.9482665863142254,0.37635322593250364,1.3068860072187993,0.6967396003513011,12.498183056989056,413.07649838397117,0.03469593738206106,2.059013028804472,0.02487528303652481,False,False,False,0.034578815480269795,0.0,2,True,0.0008198599971365184
226,True,0.30406865045512493,0.3448059140614432,0.2904895625863522,0.4894305486736585,0.93903415067887,0.38016486007192274,1.354252520955269,0.9239779786988861,9.190981575354337,131.08464105818973,0.03668916695559488,2.3866629511681365,0.02669204123224335,False,False,False,0.035106614087302916,0.0,2,True,0.0008351989963557571
227,True,0.29884507607164074,0.33415403955729167,0.2870754215764238,0.4890360441889151,0.9381170283613616,0.38388605703179957,1.3489405778937358,0.9125650710593768,4.22798748002666,305.69500159942936,0.03776729613790154,2.5513216271611956,0.015675895446789358,False,False,False,0.03543057097265884,0.0,1,True,0.0008315019949804991
228,True,0.29906108378098945,0.3350583842211049,0.2870619836342843,0.5206174770325138,0.9363448352466692,0.3875268785788201,1.270760530104102,0.785336011507834,6.699008381267752,166.21892157591287,0.03770217662877785,2.5645232098307766,0.021375430425312883,False,True,True,0.034646828565153,0.0,1,True,0.0008250500250142068
229,True,0.30840243886153185,0.3500646433712487,0.29451503735829293,0.5527959443925301,0.9316372096379433,0.3912011131100007,0.9733534307222739,0.5005933328794415,13.628136795968095,295.5244954183448,0.03502143476505977,2.4632124529571424,0.014463608508227234,False,True,True,0.03291925685593946,0.0,1,True,0.00042863000999204814
230,True,0.316785115707179,0.36651421246558225,0.3002087501210447,0.5720986208435099,0.8123081831439396,0.39482514627426046,0.46455301549657635,0.5216726286213325,2.359528871061212,430.09372094787426,0.03459948915031339,2.3687444348613074,0.039792114853208466,False,True,True,0.03020111495982341,0.0,1,True,0.00043241798994131386
231,True,0.3086973699049895,0.36430724961673,0.29016074333440933,0.5546453195063372,0.6981265854029954,0.39836681215677855,0.08573657475584551,0.7556277435005195,12.713047323056987,325.7903231986344,0.03723983603484806,2.209535376366793,0.06510509645174614,False,True,True,0.02527146904097706,0.0,1,True,0.0008270840044133365
232,True,0.2914236279876343,0.34762651664641764,0.27268933176803983,0.5036133540568805,0.7304305757640189,0.4021444152790769,0.4840710605922517,0.5751054954595938,14.696099533394891,715.2978708457492,0.03267059448882863,1.9567348853365263,0.05781233356803476,False,True,True,0.01964089353134737,0.0,1,True,0.0008234659908339381
233,True,0.2814449013448433,0.33861033728087025,0.26238975603283426,0.4544642098119139,0.7604970183609876,0.4059531900728221,0.681907085602868,0.6434812749907018,8.063787959174487,273.2801621739087,0.028530757252651452,1.4697541847748772,0.07196018747333767,False,True,True,0.025071485430409816,0.0,1,True,0.0008239379967562854
234,True,0.27730245494786177,0.33420950952766504,0.2583334367545939,0.4181511532025677,0.7725422114345011,0.40975952168073576,0.7646081194127821,0.9270711412585071,13.7408306358225,202.71371946067933,0.023313879119853387,0.5297429382916737,0.09844795117557024,False,True,True,0.03256452866532629,0.0,1,True,0.0012241340009495616
235,True,0.2510984326684823,0.29492653126841795,0.23648906646850376,0.36608153095246887,0.7770770192898835,0.414009622011666,1.0320848668326703,0.7211942071604069,14.272747312538348,663.6728957110307,0.02232954971806577,0.14917942978042578,0.06461274923703092,False,False,False,0.03553539100026281,0.0,2,True,0.002038733975496143
236,True,0.11626587846020364,0.08940695392025036,0.12521885330685475,0.2255827846695245,0.8406725003955875,0.4183566633429782,2.2064821902633915,0.6706444666166946,8.476745056141668,237.90879268745078,0.022056276613677015,0.046676341405372565,0.0022161154738030426,False,False,False,0.03545803413582123,0.0,2,True,0.002017313992837444
237,True,0.13448622818444084,0.13751374988011877,0.1334770542858815,0.26210369713170295,0.8070908711893585,0.4222344572428048,2.8688012408972043,0.2795369385500699,15.159577122065182,482.4869564605238,0.02206138413807088,0.0024970538601754707,0.19909384750062162,False,False,False,0.03407694300240876,0.0,2,True,0.0004284899914637208
238,True,0.13536363281212388,0.13762652127217403,0.13460933665877384,0.27013743180978067,0.8090261311051371,0.4256683409136666,2.8742234324539306,0.36159115154745625,5.927480789931286,440.7251222220975,0.020131203752879634,0.0248529238058476,0.5007701244789359,False,False,False,0.031640789579249,0.0,2,True,0.00042489299084991217
239,True,0.10678177264574956,0.07268351778758228,0.11814785759847202,0.24039654866352608,0.8664504804401325,0.42863656628442987,2.4649761195198066,0.43617865214506574,6.403326153830389,139.70148414897736,0.019436890454511246,0.025883293466202245,0.8608522175070296,False,False,False,0.02908439406434099,0.0,2,True,0.00042642600601539016
240,True,0.14915307407896944,0.14611965617412986,0.1501642133805826,0.2764412342199435,0.824210367950906,0.43120343054911375,1.859001843045157,0.52671176646868,6.597288819688182,136.8657226369967,0.019946296253377935,0.04006172496071396,1.1977217705339063,False,False,False,0.02818289935090964,0.0,2,True,0.00042165699414908886
241,True,0.20337710560230488,0.22601446700540861,0.195831318467937,0.3382497026070679,0.8447084820518214,0.433355850135638,1.3567243121611612,0.6560459961570214,6.362663808302524,49.646104699986495,0.020524876486730827,0.07503511668184364,1.4288724349987525,False,False,False,0.02834482968576893,0.0,2,True,0.00042100599966943264
242,True,0.2779963459478909,0.330850920657218,0.2603781543781151,0.485125922559916,0.7795006990005245,0.4350135839452593,0.5409122180862719,0.7678891110433937,5.78150243037892,124.63623742866884,0.02052018622585658,0.06440372887809337,1.5353118447973717,False,False,False,0.02935224170511283,0.0,1,True,0.0004434990114532411
243,True,0.31410046303137695,0.38259844127443704,0.29126780361702354,0.6156580956125699,0.7348693901314801,0.4363957221687786,0.23492407142902316,0.7426894117097883,3.835394911353689,177.92434544223067,0.020384928684706687,0.015646315424404002,1.5411009970255987,True,False,True,0.030530026892897424,0.0,1,True,0.0004517439811024815
244,True,0.3139520096392718,0.38589018128623453,0.2899726190902842,0.6689883037520307,0.8444850141990898,0.4374410770818656,0.7054119100777426,0.5899799505520771,6.288531332675512,156.28302810121153,0.019245595719309092,0.006394784336807966,1.444610843915824,True,False,False,0.030898464653981668,0.0,1,True,0.00045503099681809545
245,True,0.30743508782785695,0.38157002739896484,0.28272344130415433,0.6903054998014215,0.8355805552136819,0.43836736231143214,0.8363880806678491,0.4026543658022277,9.2913542588019,116.7891063409613,0.01789743111399912,0.01113420642042856,1.2901806062948336,True,False,True,0.029981680454767477,0.0,1,True,0.00044315800187177956
246,True,0.3016532745141988,0.3798373849669725,0.2755919043632743,0.6900599401361016,0.8435044394548245,0.4390764939572552,0.9074884312348837,0.43439615869573805,11.712634900542355,89.26878019671987,0.01626519568701097,0.011865810769374877,1.079066575121283,True,False,True,0.02871725779431962,0.0,1,True,0.0004832739941775799
247,True,0.2954547843253946,0.3777783951671548,0.26801358071147446,0.6659593606749302,0.8983020438779581,0.4394394683902052,1.022875346584322,0.9819803520433515,20.244102828661706,295.17391519118405,0.015985338881106332,0.03518953584872715,0.6247592680673933,True,False,True,0.035532083128305636,0.0,1,True,0.0008480329997837543
248,True,0.29299097995932377,0.3776651787614931,0.2647662470252673,0.6338415237547003,0.8842197670576267,0.4395416567112747,0.9532541883617002,0.9118743021499883,7.859820472054269,672.3912050711446,0.010389890167613033,0.04220299103448279,0.09938319508461098,True,False,True,0.03658353152253509,0.0,1,True,0.0008504180004820228
249,True,0.2908802546717243,0.3761951674345315,0.2624419504174552,0.6156194519128751,0.8623214745284081,0.4395676328499976,0.7774121931576142,0.4529735739496007,15.032579079961923,442.07449015929075,0.005929118930734442,0.017731812250450504,0.025551634468453946,False,False,False,0.03519340193621244,0.0,1,True,0.0004263760056346655
250,True,0.28781771804844164,0.3718885561765529,0.25979410533907127,0.5952652057315624,0.8870005182916108,0.43948621653065295,0.7296700999027913,0.36356119513068624,5.635199611132624,309.2622119674829,0.004622441786392169,0.016395169672861965,0.03066877640906089,False,True,True,0.03400740022151639,0.0,1,True,0.00044442000216804445
251,True,0.2851779156016241,0.3660812836087641,0.2582101262659107,0.5840284906662667,0.89912210594074,0.4396882157223672,0.8076733435051191,0.30351313016148646,5.846882482026274,69.13958608820857,0.0047913528375486,0.0220287455375056,0.020286714957710124,False,True,True,0.03309205276174995,0.0,1,True,0.0004276679828763008
252,True,0.28241931348226773,0.3589554307265531,0.2569072744008393,0.5768455656543671,0.8672833159821237,0.43992203121756585,0.8532668663959634,0.2967407749006924,4.367021230462052,78.24470101575295,0.0050167923213944475,0.020231622797315447,0.01977724899557666,False,True,True,0.03217328263454446,0.0,1,True,0.000434480985859409
253,True,0.2793424365319839,0.35099767832676565,0.2554573559337233,0.5640301214269756,0.8533815690419673,0.4399858264122624,0.9075001070395037,0.28783963083775277,2.601765551078924,103.3256521480904,0.005346150244035135,0.008225737884524173,0.015290364273747881,False,False,False,0.03165695824699297,0.0,1,True,0.00042359999497421086
254,True,0.27645534536271266,0.3439141879383919,0.25396906450415285,0.5466824554705807,0.8479681128029092,0.4398577560776389,0.935913125769962,0.2450215419431236,3.093257182779186,82.69395131875359,0.005632742395781821,0.03641201146484402,0.01016261489455915,False,True,True,0.031418763267150006,0.0,1,True,0.0004268170159775764
255,True,0.2741272643477563,0.33843690104157487,0.25269071878315014,0.5270300226343254,0.8556224246292583,0.4396531351523044,0.9539365208937205,0.22305152571055908,2.7446828970347563,44.40923431461593,0.00550590220010255,0.03744576093027282,0.00827681643903748,False,True,False,0.031071141623965362,0.0,2,True,0.0004210459883324802
256,True,0.27262877303505656,0.33523105278907395,0.25176134645038406,0.5072855219424883,0.8608854220544655,0.4394196342824968,0.9667082182033689,0.20979533338642822,1.8345464340816031,52.4905247485301,0.005161229412351125,0.005874296271982877,0.0048997222345430295,True,True,False,0.03077518907085592,0.0,2,True,0.0004336099955253303
257,True,0.2718591753405877,0.3335711767992245,0.2512885081877088,0.4907301596575679,0.8510791796515279,0.4391996063679531,0.9585358535728157,0.19781034899342528,1.6675871806483051,58.49397770109749,0.004271312945420622,0.001468770714151061,0.0035901976402263145,True,True,False,0.030759022853918294,0.0,2,True,0.000432278000516817
258,True,0.2713994483854566,0.33235997570000436,0.25107927261394064,0.48168998876606595,0.8431330145051036,0.4390544375635437,0.9429199414256777,0.17122522962297354,2.6166472773612908,58.564673999491426,0.0031870473794542963,0.0021795641615139803,0.004652586353191878,True,True,False,0.03111394307941242,0.0,2,True,0.000433659995906055
259,True,0.27134743094587765,0.33188774827163603,0.25116732517062484,0.475866984279721,0.8338401240458095,0.4389457762601545,0.9216111386514789,0.18120051706010487,1.6356952447146684,44.508347672743135,0.0036116564666139354,0.003637140501112723,0.006071091912849859,True,True,False,0.031634781063379365,0.0,2,True,0.00042279899935238063
260,True,0.27157059699590697,0.3319027926041074,0.2514598651265068,0.4692077498664173,0.8252269245426643,0.43886488771694876,0.9023457267871207,0.20412318647578984,1.1668244429868482,41.665776916869426,0.004168104175408788,0.004195270890809089,0.006030963367413227,True,True,False,0.03207043521512784,0.0,2,True,0.00042869101162068546
261,True,0.27193739742732764,0.3322865703040649,0.25182100646841526,0.45968019840116753,0.8167775093267418,0.4387780637903434,0.8901897793479046,0.2225499924342089,1.4089412147905471,30.95572498962885,0.0047050548526663405,0.0037383510068010996,0.005217613344827664,True,True,False,0.03226643601259983,0.0,2,True,0.0004206649900879711
262,True,0.27230486561209716,0.3326689610099752,0.2521835004794712,0.446622600738823,0.8085182511011908,0.43868892779595486,0.8895431829928787,0.2568437412920625,2.8657168959867447,52.39214978090863,0.005800184100561275,0.0034910248847719047,0.004863526664353896,True,True,False,0.03214503970745653,0.0,2,True,0.0012370889890007675
263,True,0.2723484726041085,0.3324095027390211,0.2523281292258043,0.43622991723959265,0.8013961287540838,0.4385897790013389,0.8952125116998957,0.18710955479374777,2.5472978467893275,128.63580237370192,0.004542229918841181,0.0023356239190725934,0.0006572210721253701,True,True,False,0.0320539577888658,0.0,2,True,0.001225426996825263
264,True,0.27205613768639225,0.3314774065433617,0.2522490480674024,0.42787763129935297,0.7973588224793002,0.4384751322249201,0.9006927274115824,0.1251316119871348,2.6463874760495267,13.256179222172483,0.0032499444868864464,0.0040872319714498765,0.003451601931142966,True,True,False,0.0320729365551655,0.0,2,True,0.0012410769995767623
265,True,0.2714223550424313,0.3300141301558238,0.2518917633379671,0.42110308381957473,0.7993911944051549,0.43834946070370234,0.9055188412949671,0.09442777985942988,2.684373997812587,25.034688445309804,0.0022653538583177904,0.0052256300839331705,0.005231563710012581,True,True,False,0.032087041005987166,0.0,2,True,0.0004328880168031901
266,True,0.27057357962161593,0.3280609213514487,0.2514111323783384,0.41399233966643173,0.8063608553325866,0.43819080492488666,0.908657243905501,0.12130372707279719,1.562123404360491,60.03450951314873,0.0023724989813789436,0.007191470634105872,0.006480820694204889,True,True,False,0.032085834534648736,0.0,2,True,0.0008256210130639374
267,True,0.2695740891605146,0.32580167266539006,0.25083156132555606,0.4081959648510175,0.8132353161230875,0.43805838187366364,0.9123995624692027,0.13991833274384166,1.4315779852810742,28.707988273627045,0.002366373131730162,0.0069040885697562926,0.007848575207632756,True,True,False,0.032114808226954145,0.0,2,True,0.0008546860190108418
268,True,0.26852381352345583,0.32343063008361267,0.2502215413367369,0.40384575821706226,0.816197202980057,0.4379577187923983,0.9175186061336678,0.14605179162512905,0.8578724156406038,24.69402855922692,0.0024762091252025537,0.006228940746672853,0.007546453809919673,True,True,False,0.03215752392224233,0.0,2,True,0.0008311019919347018
269,True,0.2673644121803274,0.32089204973486074,0.24952186632881634,0.40138969717448575,0.8220043031867167,0.43786223648801786,0.9263345549395188,0.14550527703848032,1.0271178227275655,15.5444664249336,0.002694059029593206,0.004249433356643368,0.006516395550259071,True,True,False,0.032199856138487463,0.0,2,True,0.00042488297913223505
270,True,0.26609477329783443,0.3181467967842266,0.24874409880237044,0.4002934151114334,0.8340102862697936,0.4377484939897189,0.9371289243942574,0.15777642513486664,1.1692698022436692,13.775965882795234,0.0031758717124900832,0.004038328428789551,0.004755745409797375,True,True,False,0.03221120217188011,0.0,2,True,0.00042780902003869414
271,True,0.2648189660533134,0.3154263167035264,0.247949849169909,0.401764227786049,0.8495735569702214,0.4376278812830316,0.9483414410242886,0.1660942653396355,1.2062583840949108,14.559106099307636,0.0035866280222403117,0.0032433823003312143,0.003190421838883155,True,True,False,0.032191618975213075,0.0,2,True,0.0004218179965391755
272,True,0.26364417600876827,0.3128974288583376,0.24722642505891188,0.40621506246064365,0.8588242555659402,0.43752539651376754,0.9571446850413371,0.17650157491145235,0.9477011236040253,9.469137250855354,0.003960869669289513,0.002885458274081097,0.0013340764598588446,True,True,False,0.032113294388188114,0.0,2,True,0.0004164070123806596
273,True,0.2625594962491476,0.3106104827020524,0.24654250076484596,0.41346072426477665,0.8680541728285895,0.4374436246521585,0.9654002891725787,0.18477106018429598,0.8119298943031762,8.115363940839972,0.004250807785944089,0.0029282935614929786,0.0005393138518060744,True,True,False,0.032019040290951824,0.0,2,True,0.0004191929765511304
274,True,0.26159919065575454,0.3087981413883629,0.2458662070782184,0.422762153394492,0.8769357597040389,0.4373643923228395,0.9729248393514912,0.18715303105470207,0.6227235103062876,11.749197150435984,0.004440806308319195,0.003413436404357563,0.0018091907917479498,True,True,False,0.031886252732840854,0.0,2,True,0.00042544500320218503
275,True,0.260849659704684,0.3076028653234735,0.2452652578317542,0.43272737479498447,0.8846080375863624,0.43727947151420066,0.9780300762538398,0.1771367524159527,0.5559150468995985,15.64689434063668,0.004402516455333765,0.004329560853937527,0.0034607231525734332,True,True,False,0.031699584334691736,0.0,2,True,0.0004199940012767911
276,True,0.2602845851025315,0.3068924876890252,0.24474861757370017,0.4424623805268253,0.8902094269991048,0.43718179265495055,0.9825160620006651,0.16351099777807232,0.6908170714364157,6.496778627125438,0.004263067922969495,0.005234191935451191,0.0053987342957369875,True,True,False,0.031469662207590406,0.0,2,True,0.0004264970193617046
277,True,0.2598396467732125,0.3063515808860592,0.24433566873559695,0.45152751796021284,0.8916370665448221,0.43707805809467115,0.9895600908064984,0.15074280424401945,0.5736427224099652,11.195668034940287,0.0040825394350414,0.0058532402509589455,0.006696196003740418,True,True,False,0.031238984778064277,0.0,3,True,0.00042144698090851307
278,True,0.2595750578688689,0.3061603198218272,0.24404663721788275,0.4602504607051481,0.890188517350962,0.4369839442530194,0.998070864563671,0.13394540867421187,0.7755231953458395,12.70496689141499,0.003906412813110088,0.006085790424280333,0.006908034963197464,True,True,False,0.03101680564054598,0.0,3,True,0.00042415197822265327
279,True,0.2594687596008066,0.30628097580181507,0.24386468753380378,0.469588542813375,0.8853227336957088,0.4368788589670127,1.0060829279372836,0.12377202203861808,0.5092707655267171,10.659540215949963,0.0039028578265835083,0.006048590428241018,0.00669858554736784,True,True,False,0.030826308682235397,0.0,3,True,0.0004213170032016933
280,True,0.25955750285475976,0.3068405103041496,0.24379650037162984,0.4787513562582391,0.8784075501374029,0.4367661995240787,1.0135816982447041,0.106933692766737,0.8056131753260024,13.012432566084136,0.0037975282487852204,0.006043139954423797,0.006563708198602015,True,True,False,0.030662858975532198,0.0,3,True,0.0004379079909995198
281,True,0.25970703708884746,0.30754651141733313,0.24376054564601882,0.48765126756056415,0.8697744765989457,0.4366503636830197,1.0238355987735948,0.09569140264908826,0.6515428162351733,7.916216944121276,0.0037377022258079447,0.006092589633633115,0.006611155954283563,True,True,False,0.030532626976588623,0.0,2,True,0.0004268369812052697
282,True,0.2598292643665254,0.30811723035311833,0.24373327570432782,0.49404383644157435,0.8626115265263675,0.43653168923360175,1.0357797535781854,0.08668404639975166,0.8943754736195315,13.601194328039048,0.0037504582556456313,0.006325347451170183,0.006740572429886861,True,True,False,0.030407162985035457,0.0,2,True,0.000428169994847849
283,True,0.26010128829981444,0.30917197957564335,0.24374439120787147,0.4989443760029099,0.8606602847042808,0.43641009226494626,1.0483917052360776,0.07688735302704656,1.0972488065695558,26.73619773943025,0.003725980435619854,0.006874378856758513,0.007321579913045104,True,True,False,0.030294484805439274,0.0,3,True,0.0008184379839804024
284,True,0.2604543091246638,0.31057116367273524,0.24374869094197335,0.5030047414635112,0.8630315814225062,0.43627799782385046,1.0615820277877313,0.07643030299173598,1.2594437895261212,17.577756031956174,0.003896843187260057,0.006899798006614362,0.007762033883239737,True,True,False,0.030206352761034005,0.0,3,True,0.0008239379967562854
285,True,0.26091824514935347,0.31230243112593586,0.24379018315715936,0.5061235091172677,0.8681145617486429,0.4361320831470415,1.074932631180213,0.08500262454590349,0.7432534168483491,17.791306451419327,0.004234307889966521,0.0070022716612504945,0.00740936593983236,True,True,False,0.030131023172738663,0.0,3,True,0.0008249600068666041
286,True,0.2614979994505142,0.31426308503739786,0.24390963758821968,0.5076792628869751,0.8773364506290606,0.435965089116251,1.088345218278128,0.08744032500772021,0.7876144321465084,17.167712917782822,0.004658132958910261,0.006778281610050844,0.007071357290805319,True,True,False,0.03008669921590295,0.0,3,True,0.0008239580201916397
287,True,0.26230571349686765,0.3166870271881568,0.24417860893310459,0.5083387570941212,0.8869603657890444,0.43578997953530224,1.1020160956326408,0.09554845227729906,0.5513726676347153,13.474638324447987,0.005144536768995758,0.006976422719662311,0.007398745876958915,True,True,False,0.03002082385784314,0.0,3,True,0.0008346080139745027
288,True,0.263220518843763,0.3193458120839748,0.24451208776369246,0.5086733802483558,0.8955717787365055,0.4356141526037,1.1200297675435533,0.09741973111531044,0.3494149343728381,10.00674481043551,0.005530076523727889,0.007154012714571507,0.007649173570967213,True,True,False,0.02995361797520911,0.0,3,True,0.0008214929839596152
289,True,0.26431793600997894,0.322384876330977,0.24496228923631289,0.5087870137176244,0.9036778124545386,0.4354449341688373,1.1393498426338966,0.10130001376359547,0.40752545520981315,3.496348986259479,0.005976960182744319,0.0073586038994110205,0.007401659741581811,True,True,False,0.029832819980909413,0.0,2,True,0.0008266830118373036
290,True,0.2656811681135679,0.3258794577263522,0.24561507157597315,0.5084843471299703,0.9098199619726188,0.4352868826888653,1.1584846046710253,0.10777247510688136,0.49212110490787514,7.493082308843342,0.006590381976908128,0.007825031819992442,0.007899815260103003,True,True,False,0.02962706683160965,0.0,2,True,0.0008264729985967278
291,True,0.2674002777007935,0.33003816339789627,0.2465209824684259,0.5084713157041378,0.913757082993518,0.4351385712058279,1.1775699342079267,0.1160357369974237,0.3247153227373326,11.610073986508166,0.007082467976775036,0.008566551022931648,0.008349414214726802,True,True,False,0.029303741483314688,0.0,2,True,0.0008565690077375621
292,True,0.26940864851473023,0.3346862306792812,0.24764945445987982,0.5087374354523371,0.917889417722531,0.43499896147991196,1.1980665114801332,0.12064538350916688,0.2850321133287573,5.510009096838816,0.007543663907290448,0.009517114428469005,0.008674847621645316,True,True,False,0.028916011121096215,0.0,2,True,0.0008732810092624277
293,True,0.2716670139458206,0.33981717485396457,0.24895029364310597,0.510801811236716,0.9233769355190062,0.43489323035298655,1.2221254397726318,0.11369605958805212,0.4093178376455473,13.777900760583954,0.007905975740385622,0.010584771330675296,0.009824466635233788,True,True,True,0.028537807925149865,0.0,2,True,0.0008280650072265416
294,True,0.27416668464447425,0.345169429486749,0.25049910303038275,0.5136633501410978,0.9247472383863145,0.4348843576230872,1.2508187349059625,0.12924065627320036,0.938602316277518,28.38325486700169,0.008137593792590206,0.012365472999568151,0.009918706064086824,True,True,True,0.028008159352062377,0.0,2,True,0.0008382649975828826
295,True,0.2770737650913585,0.350900706885473,0.2524647844933203,0.5203996310302804,0.9180843054989232,0.4350669656099969,1.2856762373437571,0.17065804118654265,2.2601257478318653,50.66110085856963,0.008796176232687256,0.015756524482188176,0.010248123195908579,True,False,True,0.02702959631737828,0.0,2,True,0.001221839978825301
296,True,0.28042670964970773,0.35724568668119505,0.25482038397254536,0.5348480833845194,0.8987622135467743,0.43565543131988105,1.3430595521495348,0.29846328901294517,4.534280341088471,74.00558031694962,0.010823460790247418,0.024304875497212174,0.014742869734388299,True,False,True,0.025459449982082806,0.0,2,True,0.0012252960004843771
297,True,0.2837576127518913,0.36341988521599733,0.2572035219305226,0.5595021779747499,0.8848394380097335,0.4366554684060243,1.4286656639940434,0.4497682686314904,5.432675434983556,85.93443238918026,0.013636641867720952,0.034472536902887235,0.08080108071944672,True,False,True,0.021978113107968926,0.0,2,True,0.00043623498640954494
298,True,0.2862469691543009,0.36777580683128397,0.25907068992863985,0.5945500925131229,0.898662291170323,0.43804468810950004,1.543947594854843,0.8021857800510569,10.825050089607203,185.68533419606825,0.016624379616904664,0.051674991755454036,0.16389903877141437,False,False,False,0.01699435175841227,0.0,2,True,0.00042351099546067417
299,True,0.28528266484253834,0.3665963084143006,0.2581781169852843,0.6357550733839374,0.9345273715561078,0.43967299605374366,1.7009130139548807,1.160019133733522,11.295059097113343,89.51691153071383,0.020417006624482648,0.07368963500148751,0.3868681105979086,False,False,False,0.022589524041196518,0.0,2,True,0.00042608502553775907
300,True,0.2880266258073176,0.3675527834775143,0.26151790658391877,0.6833951012332773,0.9544282663970055,0.441182662403616,1.7868997551388803,1.4641414220726412,23.085731643404802,681.4592399533897,0.02403318136689365,0.07562099831907222,0.7918950420095601,False,False,False,0.02561182675322394,0.0,2,True,0.000443118013208732
301,True,0.2901575125331141,0.36656046492945393,0.26468986173433423,0.7266729562812766,0.953008704298927,0.44247923811342965,1.864923527176134,1.2952549730917051,11.375969851379725,919.4549862447717,0.028847229784403235,0.06718705753292875,1.537198310021374,False,False,False,0.02908842632601502,0.0,2,True,0.0004543190007098019
302,True,0.2942137318891937,0.3709200466154921,0.2686449603137609,0.7608312465296108,0.9551528305039564,0.4434563364312316,1.9113707213622568,1.0524125824431714,12.00583455297036,194.2856668741863,0.03187766651280785,0.04276377870469695,1.9701525329123124,False,False,False,0.029353632238452436,0.0,2,True,0.00044562199036590755
303,True,0.3068240662410663,0.38774488013807173,0.2798504616087311,0.794638827893749,0.995039129659618,0.44439858104037505,1.9132031735176143,0.8325750091693827,12.931690895011975,203.5301163014518,0.03621627146840083,0.022543332417610897,2.350862796793188,False,False,False,0.026780717540184754,0.0,2,True,0.00043332899804227054
304,True,0.3275649298176631,0.41872114895668516,0.297179523437989,0.8254282539738846,1.0514766800779074,0.4455032295155116,1.9091042225490575,0.7952747720891179,14.06035287660084,89.90738424235,0.04335694490237917,0.012601406365854467,2.852710099924749,False,False,False,0.02235433278953238,0.0,2,True,0.00042385098640806973
305,True,0.35384960548199373,0.4608822236379735,0.31817206609666715,0.8631132093371482,1.0730801846823848,0.4467685382100048,1.8934090099227716,0.8952012065849465,11.062835012850242,125.91720683445074,0.048881684642390046,0.023171827507234663,3.128565158404541,False,False,False,0.02524963037628781,0.0,2,True,0.00043071500840596855
306,True,0.3964113512516699,0.5327834202108312,0.3509539949319494,0.9273996373739037,1.1259839748283134,0.4482006466887818,1.7588351090409895,1.8353626176725153,36.64062342025738,901.336737961874,0.06598414773449757,0.1876984810068883,3.623323930594811,False,False,False,0.04644671207168517,0.0,1,True,0.001647705998038873
307,True,0.4371146507823877,0.6039467250814441,0.38150395934936876,1.0217224008988062,1.1784252335389052,0.44970588099969055,1.533122244459185,0.831976824153662,37.63861883360709,2208.974891920424,0.050453081181438916,0.14559293181431515,2.880935258298877,False,False,False,0.0549803154181642,0.0,1,True,0.0004248530021868646
308,True,0.46946739329568216,0.6554790917108964,0.4074634938239439,1.1322976435009244,1.1655425164473028,0.4517913740002224,0.9947775516037717,0.7469323835665054,25.466706289796516,1329.6561903077093,0.04334159458838895,0.47718562059627406,0.8608471406560504,False,False,False,0.07216181692451701,0.0,1,True,0.0016337389824911952
309,True,0.4679712555296957,0.6415386622044744,0.4101154533047695,1.1701812511629621,1.086228809038735,0.4549508093025046,0.6429245387673183,2.2870314217868564,66.96845421085504,1907.3306358256148,0.03808786108465613,1.8148773384906496,0.2059999128114837,False,False,False,0.07048097348800632,0.0,1,True,0.0020347469835542142
310,True,0.45899347738088175,0.616521157045402,0.4064842508260417,1.1740152582367829,1.1163961704744976,0.45706215773617886,0.7561414499775986,1.8817341581627385,22.824312597788218,2474.655308417361,0.037243269952655464,2.5650507069793043,0.031010166553423847,False,False,False,0.07068396285971863,0.0,1,True,0.0008682009938638657
311,True,0.44050430850828864,0.5823208733710151,0.39323212022071313,1.1643314121882036,1.106358621070344,0.4586813602865573,0.9483715283500108,1.0607511547810295,32.646500696760974,761.7797842808176,0.037642172631970894,2.7040849891258185,0.03919937963554687,False,False,False,0.06717681806259297,0.0,1,True,0.00043264799751341343
312,True,0.41858769339198737,0.5455216887244134,0.3762763616145121,1.1436067291760057,1.0437651708751894,0.46073252337776094,1.0028048014123043,1.1649171755933831,8.413497741419945,940.5258112127493,0.04152617564334813,3.0292665874333458,0.06262548447030897,False,False,False,0.060590642988468314,0.0,1,True,0.0004549300065264106
313,True,0.3941041080862488,0.5012364607182589,0.3583933238755788,1.0781863822010647,0.9091877761438122,0.46303110085407945,1.2166842946474072,1.85376094846442,38.507830559803665,1043.4778289861868,0.04834111592470235,3.2324092462428466,0.0737995014941453,False,False,False,0.05814662882065718,0.0,1,True,0.0017344900115858763
314,True,0.360104588828121,0.44855334275355974,0.3306216708529747,1.0029512741790354,0.8655993811168671,0.464969275164503,1.444442353280913,1.2586351628067463,45.970630546160535,2284.942603113982,0.04558538185717397,3.0060317310019795,0.10132335014414565,False,False,False,0.048856678211842336,0.0,1,True,0.0013035449956078082
315,True,0.3306931658503991,0.4063750472851496,0.30546587203881564,0.9299801005570454,0.8865535349339155,0.46666379050031226,1.6368884641634192,1.2608510301399218,13.729406327959175,1103.3817672538776,0.04283566066128514,2.677670242355194,0.15157458243588556,False,False,False,0.038710698851343144,0.0,1,True,0.001294266985496506
316,True,0.3158369973171,0.3869446049112475,0.2921344614523842,0.8703773838961038,0.9531009561858114,0.4682687959202032,1.8020816405982916,1.1312231567538555,14.783342305549318,328.9255567816305,0.03841592546835839,2.245096587354139,0.1849091247526517,False,False,False,0.03423273570844133,0.0,1,True,0.0012868540070485324
317,True,0.3215859865891995,0.4171810903985843,0.28972095198607123,0.8814374992072467,0.9143895145197121,0.46970884350936576,0.04470810050203622,0.99323136790307,18.490531740762247,283.45119740927305,0.03169248107938432,1.4315101026295816,0.3462470934283824,False,False,False,0.045675638789201535,0.0,1,True,0.0008735820010770112
318,True,0.3485497559796581,0.4488601211076444,0.31511296760366275,0.9840195663345632,0.9008642031163987,0.47082538915582156,1.031566836235938,0.6873201850067594,22.709723578719334,556.1796527048327,0.023578722929667402,0.3829382512662709,0.7928031132696631,False,False,False,0.05966413068776319,0.0,1,True,0.00044296798296272755
319,True,0.35129692214235936,0.45286538147402045,0.3174407690318057,1.0606165131203609,0.9049232299683387,0.4722647083338854,0.7965102442990538,0.9940004888166798,21.64766604164662,399.14218615706864,0.02661033818815194,0.037532819841558554,1.1645841913616881,False,False,False,0.06491119892052141,0.0,1,True,0.0004349819791968912
320,True,0.3526410701597697,0.45308897746312593,0.3191584343919844,1.1127424441809817,0.9092470559989458,0.47326028418833516,0.8236850627903711,0.9632090219697973,6.195811274560695,676.5584662876108,0.02480374275853587,0.049695718361221455,1.3409995959591792,False,False,False,0.06762612186191005,0.0,1,True,0.0004240520065650344
321,True,0.35430069345887866,0.4548505644713546,0.32078406978805335,1.1242614142732614,0.9311374900757462,0.4741073470126613,0.8730031320713569,0.7050187697947691,13.72240974544397,318.2342683051676,0.022113043121238088,0.03781416361927498,1.307430383326676,False,False,False,0.06867875349264273,0.0,1,True,0.0004258350236341357
322,True,0.35576494646154466,0.4576192187020604,0.3218135223813728,1.1004103816933108,0.958226559401058,0.47482298603960177,0.910832828908589,0.6334186702592971,14.854841053751638,143.75541918621855,0.021548025642595354,0.014226417108854859,1.295288830890848,True,False,True,0.06821780293329904,0.0,1,True,0.00042183700134046376
323,True,0.3560666763689913,0.4583481291833336,0.3219728587642105,1.0613082588013993,0.917365203963105,0.4746003672172005,0.9132510829483724,1.437309684360332,30.847822223308185,707.4032263455736,0.02743484577291977,0.053978403427770445,1.2527245696279383,True,False,True,0.06665980989550645,0.0,1,True,0.0008204910263884813
324,True,0.3579052929338775,0.46108648537177377,0.3235115621212454,1.009878937581239,0.8756527491829881,0.47464710938012744,0.9302918503923798,1.428197468995656,18.527760340045962,1050.9759476206482,0.025582361989879447,0.026163161201209654,1.1534298188223417,True,False,True,0.06390996371944634,0.0,1,True,0.0008243189950007945
325,True,0.3605690974951145,0.465265357166158,0.3256703442714333,0.9573625346669056,0.8659871599777229,0.4747563838010455,0.9816883418588493,1.5705875169963937,8.570546003048214,422.0575689534879,0.025264468094708184,0.030066355812280506,1.0868719244031944,True,False,True,0.06092753095115334,0.0,1,True,0.000830820994451642
326,True,0.36255765041598764,0.4673967896494285,0.32761127067150736,0.9132659034536607,0.8477900071645739,0.4748230809778425,0.9852814702060173,1.5758730900369788,13.688005823673475,480.0953738728738,0.0212747720510607,0.03392409384015711,0.6953264631155067,True,False,True,0.05742828383261326,0.0,1,True,0.0008794720051810145
327,True,0.3605414163939594,0.4646962906441552,0.3258231249772274,0.8708402077266321,0.851546916041152,0.4752180648278171,0.9559863651210097,0.6217258551170739,30.426613338692565,1058.6500889975532,0.015501155915331992,0.03409253956266967,0.18237608247820455,True,False,True,0.05376401399080259,0.0,1,True,0.0004589879827108234
328,True,0.35892605034462766,0.46156678170331134,0.3247124732250665,0.8347634291586137,0.8143176260096379,0.47550173998017525,0.8070056320142924,0.5130190627124098,8.312307563999283,805.3905394064031,0.013840526998635463,0.031110782161207398,0.023776049351652197,False,False,False,0.05059907789638084,0.0,1,True,0.0004449410189408809
329,True,0.35557190954183593,0.45506193683498924,0.3224085671107848,0.7962549737804205,0.797626080961607,0.4761159481759866,0.694543191455268,0.41862280656541373,7.834397659202611,177.68358231010248,0.013370326555101142,0.03397473982024433,0.008427173651515124,False,False,False,0.04788263860878086,0.0,1,True,0.00045308697735890746
330,True,0.3516912776690747,0.4468669403156763,0.3199660567868741,0.7555625960561441,0.8208551478220686,0.47699700630867947,0.6821586977912972,0.42164105573692023,7.117554181061557,172.76160508522207,0.013924464892914025,0.03132501611464857,0.023730284778493274,True,True,True,0.04662055819516737,0.0,1,True,0.00047126098070293665
331,True,0.3468425061036791,0.4374197070847471,0.3166501057766565,0.7101491966440868,0.834199720443213,0.4781404745000786,0.6782261360173525,0.7401553965274805,17.648811117462884,397.3064906339348,0.014178507105956781,0.03276258775282284,0.02531357376304359,True,True,True,0.045238284465752274,0.0,1,True,0.002474078006343916
332,True,0.341799213636438,0.42799105855051606,0.3130685986650787,0.6691597917697671,0.8267223720693689,0.4794331365941927,0.6496452289199208,1.0997891661424584,13.849999429145612,210.64480703765562,0.013248535833406978,0.029248732885220664,0.013016358555299846,True,True,True,0.04406922045417855,0.0,2,True,0.0032152190105989575
333,True,0.33669938892879414,0.41752942593017583,0.3097560432616668,0.6347034871915413,0.816765114524265,0.4808050730991151,0.6152885049661011,1.2518929254373452,7.485278058770409,279.47513885292597,0.012066676735546716,0.03187755169079402,0.004990829930542879,False,False,False,0.04377195582080673,0.0,2,True,0.0036115890252403915
334,True,0.33136284885459716,0.4058953527023552,0.30651868090534456,0.6096281836484437,0.7900378764643795,0.48229619945450614,0.5518529528771513,1.1464982624217719,6.7529157772774235,275.8250727525447,0.011227791644560161,0.06055637410571823,0.0056132875668207715,False,False,False,0.0439515729648107,0.0,2,True,0.004380783007945865
335,True,0.32685679181398875,0.3934001951363777,0.3046756573731924,0.6069846429224195,0.7919168412900409,0.4836147715352449,0.5119098729009003,0.3681710785981674,30.84162876958765,833.6817701267286,0.010239086748285975,0.23867579906589037,0.004957667275085366,False,True,False,0.04469828753080966,0.0,2,True,0.0004310249933041632
336,True,0.3218045583436483,0.38055454224244745,0.30222123037738197,0.6219393298622752,0.8096385317367019,0.48477836093371024,0.5093476697734697,0.4922841296442745,6.762550822169248,872.741897667992,0.011243391297347707,0.5194389739662606,0.0031202323659190053,False,True,False,0.04538952652842402,0.0,2,True,0.0004218969843350351
337,True,0.31732523778824545,0.3702843815437777,0.29967218986973465,0.6508830388279825,0.800515699177066,0.48592268725807386,0.48041969459244255,0.5093176926324654,4.257492471364458,187.0454054866432,0.01146030641904458,0.622955004968746,0.004913270671095163,False,True,False,0.046208006158894,0.0,3,True,0.0004293420061003417
338,True,0.31385508229681347,0.3638613427121765,0.29718632882502577,0.6853838538933688,0.7659008626240005,0.48697822211194924,0.4146053848325547,0.41560186508646446,5.9716216065784025,169.6194196662453,0.010031642137783103,0.5665201148386876,0.007283804936188066,False,True,False,0.046354537938551064,0.0,2,True,0.0004212469793856144
339,True,0.3111006305093453,0.36424533599972825,0.29338572867921753,0.7060381673364542,0.7437770223856182,0.48784932088639255,0.3835048525521425,0.45727413377027926,11.284725341667304,275.05500279329044,0.007661902766156163,0.46096037841387094,0.018940097850094508,False,True,True,0.04455258232603347,0.0,2,True,0.002893119992222637
340,True,0.30877371388284736,0.3676339849768941,0.2891536235181651,0.7084114522027876,0.7168888185352097,0.4884627376717023,0.3361710634635986,0.4462059782867595,10.88724110896336,357.0823018332436,0.008549580631753565,0.32321739230639895,0.021382176096925252,False,True,True,0.04199661122394885,0.0,2,True,0.002026452013524249
341,True,0.3085975651347249,0.3742296277140309,0.286720210941623,0.6968821858329354,0.7102497223584648,0.4888892209869067,0.329690383686728,0.554346766275528,7.895773689822824,129.4468485637842,0.009429816784360374,0.1481559383621857,0.02997508186689279,False,True,True,0.04045553720220281,0.0,2,True,0.0016311139916069806
342,True,0.3091084574111357,0.3817312233917591,0.28490086875092785,0.6787905075551164,0.7173111558694405,0.4892726962797062,0.34988642751171084,0.590854071295224,3.875282371863152,171.22642907255363,0.010081365823644264,0.18078831156533634,0.04040026669604572,False,True,True,0.04534163669352865,0.0,2,True,0.0016381379973609
343,True,0.31150738036062137,0.39177994040616076,0.28474986034544153,0.6620992941278502,0.7585275617406694,0.48959429355522244,0.47120175016744437,0.5619946893721838,6.376578301461985,163.0843229337373,0.009771501141849786,0.04964807222199441,0.046764511658085914,False,True,True,0.04476275398880941,0.0,2,True,0.0016253830108325928
344,True,0.314119005155533,0.40023465796771923,0.28541378755147084,0.6564448389065638,0.7988028742184294,0.49004653738103787,0.6317687476681166,0.40042217430672133,8.844012390079314,239.8010790965313,0.008775899265568128,0.03771446130122263,0.03763130428581026,False,False,False,0.04261413078193634,0.0,2,True,0.001643247000174597
345,True,0.31607129681547336,0.4056739935767806,0.28620373122837095,0.6560835968898538,0.8476737649846039,0.49049329023520505,0.797472749351746,0.26536219995636257,5.24295105590073,275.8301938740978,0.008295856493916015,0.02191600357535302,0.03636079926787671,False,False,False,0.04178315422931794,0.0,2,True,0.0012264180113561451
346,True,0.3165989827196005,0.4081822912672697,0.2860712132037108,0.6547916974120478,0.9058598248240385,0.49089382184548574,0.9701775116217053,0.21680840911899976,3.3970400847457647,83.19224600389256,0.00851451299749645,0.01650298907158435,0.033173849440242285,False,False,False,0.041567732431166175,0.0,1,True,0.0012217600014992058
347,True,0.31378764584454466,0.40501607550735863,0.2833781692902733,0.6465808227874933,0.9887603210582981,0.49133262802025857,1.201059137806274,0.16018010920483808,3.6969254841260826,126.30251773324758,0.00811470067009074,0.005256720527592443,0.03180440527807076,True,False,False,0.04228679186967595,0.0,1,True,0.0004269170167390257
348,True,0.3107869825710028,0.4003971178884317,0.28091693746519314,0.6365498744472791,0.9987613114683411,0.49161627861374835,1.3394421108262882,0.2068340487701666,5.10923613600137,78.52123992804385,0.006817603185425184,0.0004992215193407503,0.11798001984619741,True,False,False,0.0433403300787681,0.0,1,True,0.00042297999607399106
349,True,0.30938749330213816,0.3974999171491784,0.2800166853531247,0.6344333898762757,1.0061944531213696,0.49180977444457763,1.3612218532277858,0.40096088176140415,7.56568852092275,92.45816526640301,0.00723281672839865,0.009130391385708623,0.3688899864540639,True,False,False,0.04441264063203088,0.0,1,True,0.0004308150091674179
350,True,0.30706577036558147,0.3928595250023606,0.27846785215332176,0.6393835031553694,1.0132339028488604,0.49192746775803076,1.3367919193039572,0.5959386620790468,6.508482704381973,56.25088068625246,0.009647387125726305,0.016080761077133472,0.6701737119062252,True,False,True,0.04559854962713774,0.0,1,True,0.00042144698090851307
351,True,0.30348815464885776,0.3867433987311498,0.2757364066214271,0.64834861815424,1.0230016705051201,0.4919489008438748,1.305164029678104,0.6355738482603881,2.0158719745938436,157.0730508368676,0.010877183044384587,0.011437142866426919,0.8104255353982195,True,False,True,0.046673656536824544,0.0,1,True,0.00046546998783014715
352,True,0.29909348305828437,0.3802938930912553,0.27202667971396083,0.656730401520794,1.029358920228802,0.49185057929579745,1.2641984796607568,0.5260817092570875,4.110589417681976,151.509366327919,0.011146946357656898,0.002545431531494335,0.8626987399651335,True,False,False,0.04722789522556521,0.0,1,True,0.00043206699774600565
353,True,0.2936131446512959,0.3730531041142912,0.26713315816363087,0.6559212957000149,1.0353480927302017,0.49166072152746754,1.2341383799172236,0.32920383816895293,7.764258386523918,122.51497899313675,0.010612168670141708,0.003999029764286955,0.8409241857359764,True,False,False,0.04714693578218778,0.0,1,True,0.0004390499962028116
354,True,0.28723203144452447,0.3650550449736422,0.2612910269348186,0.6439661721087849,1.0394608510266867,0.49138235654269385,1.2237859450323096,0.2606532211475105,7.642479070296264,30.96703783483102,0.01031787699833656,0.006324916401436736,0.8083469280623657,True,False,False,0.046430316433085296,0.0,1,True,0.00042603598558343947
355,True,0.28021313835176564,0.3564769610469789,0.2547918641200279,0.6192332018811828,1.0397501163265934,0.4910303117519442,1.233667293701794,0.4092362399406183,8.39723667640877,30.04533797740146,0.01027806420915553,0.012418533966923634,0.7482165891327804,True,False,True,0.044923064581701255,0.0,1,True,0.0004388899833429605
356,True,0.27329048824090874,0.34736477427747425,0.2485990595620536,0.5788262706556021,1.032702081283205,0.4906214917532514,1.2392818000048877,0.7106077013848604,10.478437134143283,79.95576598654499,0.0116032959059058,0.024733697027670698,0.7191346586708375,True,False,True,0.04162365712369387,0.0,1,True,0.00042454301728866994
357,True,0.27100062348812654,0.3442025342741106,0.24659998655946516,0.5365363933998538,0.9986622343887561,0.490065825495385,1.1823691253119084,0.9227331243021909,8.996106924449224,256.0024521011067,0.008360221642931064,0.03398411072776175,0.2879881347227498,True,False,True,0.036389995235085446,0.0,1,True,0.00043041398748755455
358,True,0.27040222686925525,0.3424064745598199,0.2464008109724004,0.5076923475216435,0.9582648576469951,0.4895620784073435,1.1348639602477362,0.7116176614080985,10.21177437248458,456.93370819837037,0.005460404718881043,0.040145818174791036,0.02341245260718997,True,False,True,0.032360080685645255,0.0,2,True,0.00042325101094320416
359,True,0.2700988473657405,0.34002596151905634,0.24678980931463526,0.48922193778901135,0.9616360675666826,0.48916867121658164,1.0747284212279906,0.453463240153917,10.099653464844977,196.4466526475283,0.004663767094281718,0.026503091812798724,0.02926198241017204,True,False,True,0.030408292341347495,0.0,2,True,0.0004288609779905528
360,True,0.2689770271472976,0.33572238753588485,0.24672857368443515,0.47482594982903564,0.9749370105175481,0.48887468607399637,1.0477831530173176,0.3562206019781498,5.2252679413626515,176.364042187949,0.005180652132814423,0.013396072949781408,0.025580485304544133,True,False,True,0.029251146833017348,0.0,2,True,0.00042160702287219465
361,True,0.2673422628061559,0.331130158488023,0.24607963091220017,0.4646504801446423,0.9731697643115037,0.4886520143943045,1.0496954550855495,0.3365435452842822,1.8556475535708954,155.9074210521538,0.0053764309091618705,0.01321185491960937,0.0010309572271813053,True,True,True,0.027993105084145035,0.0,2,True,0.0004335189878474921
362,True,0.26555196680771637,0.3266488131618329,0.24518635135634415,0.45952399771732083,0.9927824935852928,0.48836651107376866,1.08853073098135,0.30743249264644906,1.667716279978882,35.303263083902166,0.005143409610188246,0.008275200792860893,0.0036934424718536563,True,True,False,0.027247856867957117,0.0,2,True,0.0004207549791317433
363,True,0.2644144151026669,0.32349591808017075,0.2447205807768322,0.4591287562077724,1.0035001537446493,0.48801673433277715,1.1153816017999227,0.2655498426876278,1.626150212601632,34.52432686583489,0.004685453175922368,0.004369027871450886,0.0025245016880850483,True,True,False,0.026932709864610098,0.0,2,True,0.0004262559814378619
364,True,0.26366675997208217,0.32114559547501503,0.24450714813777122,0.4614096473722474,1.0044561422794418,0.48774255979906544,1.1294694345316791,0.20877216695689577,2.2028045269070047,29.711188410760478,0.004087833779243329,0.0021148592530396216,0.0027563949517549658,True,True,False,0.02682403959991978,0.0,2,True,0.00042002397822216153
365,True,0.26292493716369425,0.31890879601408584,0.2442636508802304,0.46468173901021637,0.9900851210272359,0.4875147721335867,1.1434781174923951,0.1650065216552435,2.6450068739041965,30.150197197969003,0.003730415938004064,0.0008350482025705398,0.002728839739980215,True,True,False,0.027040423820511743,0.0,2,True,0.0004263260052539408
366,True,0.2623385048585813,0.317136220673704,0.24407259958687366,0.4702728686686128,0.9742297891104126,0.48729448898976285,1.1519575376436646,0.14880671118987523,1.6287314763531264,41.119619482407025,0.003484791370732307,0.0029268597331803888,0.0016682895140487735,True,True,False,0.027436437624707884,0.0,2,True,0.00041983299888670444
367,True,0.26231113217747215,0.3165566878702864,0.24422928027986743,0.4770650337334232,0.9659625232839248,0.48705454539027765,1.1284914414199478,0.13347560994161023,1.5817525927336245,29.991309521828345,0.0032880794715405117,0.0031553533576648405,0.002093432897319533,True,True,False,0.027760247668594473,0.0,2,True,0.0008272950071841478
368,True,0.2620533401149342,0.31610687742783583,0.244035494343967,0.48206255115928215,0.9660140459410962,0.4868481859222446,1.116353612932067,0.13253323527273084,1.9765122113868676,33.60057400605914,0.0031805406410139723,0.0025156372293193654,0.0015208092313837125,True,True,False,0.02782896600282013,0.0,2,True,0.0016375260020140558
369,True,0.26175329965791744,0.3162130305413607,0.243600056030103,0.48556110323230567,0.9683767707602977,0.4866661204599224,1.1058115745437793,0.1622618706258801,1.6978074691160803,16.117982669390553,0.0034977715774546273,0.0022979049497013895,0.0024885950989549477,True,True,False,0.02775419671626364,0.0,2,True,0.0016191409958992153
370,True,0.2616016677861415,0.3168065768965877,0.24320003141599286,0.48806199031341435,0.9676711713306826,0.4864917187887656,1.0883692065633845,0.18097310729790134,1.1338405614291982,32.39518154065056,0.003865683515341975,0.0017595372546590406,0.0027844161848976693,True,True,False,0.027742568232547324,0.0,2,True,0.0016101849905680865
371,True,0.26149142914313056,0.31760384421760185,0.24278729078497344,0.489201082689638,0.9707758384114422,0.4863210982529708,1.0643633402068717,0.19427053637917158,1.4122455651186137,24.155038411522636,0.004201910463506992,0.0027065973465092478,0.0016369975427885644,True,True,False,0.027982638691843684,0.0,2,True,0.0016440989857073873
372,True,0.2613593990282238,0.3184482922499801,0.24232976795430514,0.4897873240421801,0.977850782197417,0.4861386377579643,1.0396393271090638,0.2085783071096069,1.3082536510162954,14.189540731153492,0.004582442714320342,0.005080306402487194,0.0006067001084612745,True,True,False,0.028426897816420563,0.0,2,True,0.001646213000640273
373,True,0.2611873169795718,0.31925145584263126,0.2418326040252187,0.4899335743504727,0.9708203677136193,0.48598307732819773,1.0204916783283706,0.2042140160307233,0.9784341846477361,38.48166534596627,0.004474964894513762,0.006461813407049609,0.0015635629531383173,True,True,False,0.028737659957125253,0.0,2,True,0.0012318890076130629
374,True,0.26113924334047217,0.3201924361895072,0.24145484572412715,0.49108842476354425,0.9611942245351661,0.4858705966904003,1.0028936420664347,0.19422002436127445,0.8992745696484733,16.278046370587703,0.004173417886147633,0.006075995635179256,0.002176182771845461,True,True,False,0.028896039049146893,0.0,2,True,0.0012215500173624605
375,True,0.2612832548951532,0.32129220037571316,0.24128027306829988,0.492865719336425,0.9541776486645203,0.48575653030033306,0.988280009150103,0.17402852577969277,1.0871618458352956,19.5653071945629,0.0038679240694476976,0.0050415104486717845,0.002797405155127391,True,True,False,0.028990095246954742,0.0,2,True,0.0012304259871598333
376,True,0.2616448959223101,0.32254773279780796,0.24134395029714417,0.49573672529058815,0.9476421556304109,0.485644701570136,0.9761979958651659,0.144418977703901,1.335660586663898,15.128007103708555,0.0032998077908609797,0.003647449770914888,0.003065601970456275,True,True,False,0.0290784668976621,0.0,2,True,0.0012231630098540336
377,True,0.26215576312432043,0.32364279299399645,0.24166008650109513,0.4994765142914581,0.9433885669349154,0.4855260605105635,0.9668543731413195,0.10967534172788222,1.64496459667517,15.786936167337046,0.0027139766420181764,0.0021432355837308543,0.0026687664229525193,True,True,False,0.029251086878039033,0.0,2,True,0.00042707801912911236
378,True,0.26259252944837463,0.3244379181801672,0.24197739987111047,0.5021587506003617,0.9425397342061635,0.48541997378016005,0.9584367677117485,0.0884797699746667,0.8928450394718331,34.47379535798436,0.0024415930357285956,0.0014388047219671051,0.0020880499993413374,True,True,False,0.029434782952225957,0.0,1,True,0.00042804901022464037
379,True,0.262870626884796,0.32483480991556446,0.24221589920787323,0.5033892523635789,0.9406341300229225,0.48531007450243413,0.9490945930155124,0.07223700511391612,1.0893997384692973,9.380516542603203,0.002198142911603017,0.0019401543454493635,0.0017147529173061483,True,True,False,0.02963206313349037,0.0,1,True,0.00042977300472557545
380,True,0.26302612914814294,0.32485421727395397,0.24241676643953933,0.5040281666011878,0.938151501166725,0.48520019860888025,0.9376541487916894,0.06707614150422839,0.7744088983715843,11.532007753880523,0.0022113420807579973,0.0027756830988193257,0.0013791350231670372,True,True,False,0.029853174345167675,0.0,1,True,0.00042208799277432263
381,True,0.2631528013156573,0.32466865254853167,0.24264751757136582,0.5052921447921098,0.934270710028951,0.4850976118295051,0.9235357911402844,0.06317228739799152,0.6294055922318563,10.616516071843424,0.0024232327838121064,0.0022170113369374936,0.0012225789700888382,True,True,False,0.030096477585606643,0.0,1,True,0.0004386889922898263
382,True,0.2632068625105671,0.3242973796130638,0.2428433568097348,0.5057878010564802,0.9287692780238967,0.4850029635856307,0.9078610570437489,0.05711422683486044,0.6150125011506093,11.778731925166408,0.002596820752893297,0.0019501739969080148,0.0017851893485466798,True,True,False,0.03033006595433753,0.0,1,True,0.00042140600271523
383,True,0.263073955349804,0.32352940992834023,0.24292213715695862,0.5048214033410182,0.9239959763486818,0.4849245935353885,0.8910392189198795,0.060684485835847436,0.6540628538541374,12.06651775811551,0.0028079639621205036,0.0019620921255857683,0.0023513186612591766,True,True,False,0.030546066273045125,0.0,2,True,0.00042972201481461525
384,True,0.2628489006808479,0.32275357581098635,0.24288067563746837,0.5026517737905045,0.9172551754624655,0.48484411082451584,0.8724852516710179,0.0637757849985802,0.5852738435975657,9.066418823193954,0.0030341489344175108,0.001972042997365453,0.002571592081922611,True,True,False,0.030759265904958297,0.0,2,True,0.00041992400656454265
385,True,0.26249909279816863,0.3218087060043897,0.24272922172942832,0.4982078750483454,0.9091571387394546,0.48476077251055616,0.8511222742889022,0.0777817730594676,0.8705490073430607,11.77706153592556,0.0034225167723729685,0.002298681467861075,0.003869502961217053,True,True,False,0.030978580496006596,0.0,2,True,0.0004296420083846897
386,True,0.26216355766372507,0.32085773481673324,0.2425988319460556,0.4931644653204853,0.9014178958766272,0.4846796756206706,0.8283067477259269,0.08602381564074532,0.5929000421468905,13.30562501996336,0.003720314362587588,0.002741967368981939,0.004642498889982149,True,True,False,0.03118358691640849,0.0,2,True,0.00042031501652672887
387,True,0.261926952803318,0.32005764626012295,0.24255005498438298,0.48900685361654667,0.8939020508183972,0.48460808029204305,0.8046663107780088,0.08019528384232509,0.5606141460777984,17.104624854632917,0.0038145687849100015,0.0029912556031636782,0.0050433127067940255,True,True,False,0.031377849622735945,0.0,2,True,0.0004306840128265321
388,True,0.26181383189809065,0.31931428005803325,0.24264701584477644,0.48574658086061956,0.8877364107682353,0.48455018486229817,0.7793667097188578,0.07912245814442777,0.8388155376413755,13.623091027132352,0.003968665096279708,0.003339745712176655,0.005223480212437764,True,True,False,0.031564507668714034,0.0,2,True,0.0004221980052534491
389,True,0.2618101167075843,0.318536931616708,0.2429011784045431,0.4831156101368949,0.8835299027007052,0.4845040005163784,0.7537395179417414,0.0894655129287894,0.8727029523328808,6.469274893320681,0.004308076600680984,0.003960334630695125,0.005354059383736765,True,True,False,0.03174456851147265,0.0,2,True,0.000428921019192785
390,True,0.2619863338784512,0.3179540478097986,0.24333042923466874,0.48251375264230945,0.8809919382727079,0.4844647112264486,0.7295867598696726,0.08630919251255244,0.6823620301707166,19.348698979982174,0.0045043516962327956,0.0048667332488549426,0.005681143251591631,True,True,False,0.0319185634057516,0.0,2,True,0.0004193430067971349
391,True,0.2622357943302888,0.3174736035288736,0.2438231912640939,0.4821806250290124,0.8791349305838219,0.4844331653927977,0.7051565095110878,0.0837072273818795,0.2398398330648135,15.472133016665182,0.0046965894227851525,0.005646255445910126,0.006168365968842187,True,True,False,0.03206227010767031,0.0,2,True,0.0004413939896039665
392,True,0.2625655881931764,0.3171346509766529,0.24437590059868416,0.4826545133145884,0.8800547127634717,0.48440181675075217,0.6806057864529282,0.07056177316120002,0.5564211624820755,13.302215889858113,0.0048653745290768175,0.006636615634925602,0.0069231068885397444,True,True,False,0.03218511670833041,0.0,2,True,0.00042327100527472794
393,True,0.26304716540480033,0.31721415828649735,0.2449915011109014,0.4834303465813842,0.8808520976310866,0.4843676812517235,0.6566532126704179,0.06549734842689889,0.40712664741265253,10.906295506058294,0.005130763587282755,0.00761058182029547,0.007650733118469688,True,True,False,0.0322973093684772,0.0,2,True,0.0004296929982956499
394,True,0.2636609397900388,0.31769263143628373,0.24565037590795716,0.4848215889082355,0.882620096422917,0.48433330345163755,0.63216533614179,0.05372102245360293,0.581897628620308,10.594305620650761,0.005305516489217745,0.00927153800393102,0.008543109138140059,True,True,False,0.03238391700551635,0.0,2,True,0.00042336000478826463
395,True,0.26442248842231836,0.3185492614652662,0.24638023074133572,0.48725261739253484,0.8867253354795495,0.48429267948352883,0.6069005895032404,0.0450419607572864,0.6762186811098936,5.836474118065748,0.005504262628843103,0.011265032222282504,0.009522776487238316,True,True,True,0.032448414868950864,0.0,2,True,0.00043715600622817874
396,True,0.26534740797545214,0.31985191505711824,0.24717923894823013,0.4907377895536439,0.8922577501173325,0.48425175595755954,0.5796985158851373,0.04651522967657765,0.5429832389284995,6.65958574360306,0.005754392070250088,0.012534163867254339,0.010130143888107082,True,True,True,0.03249294677108443,0.0,2,True,0.00041895199683494866
397,True,0.2664211714736661,0.3217252296382813,0.24798648541879442,0.49460797730348394,0.8915263560441264,0.4842260357932481,0.5499661377272196,0.05945922693856448,0.8239485143187755,13.828252426470993,0.005995076534405533,0.014118222528294913,0.01074201642046405,True,True,True,0.03254863786137455,0.0,2,True,0.0012623970105778426
398,True,0.2679036421321636,0.3242681994457207,0.24911545636097784,0.501088012509249,0.8804858945898889,0.484148711091586,0.5195818587415295,0.04971893604143453,0.7279189736433618,41.32435256107047,0.006454424186951399,0.014023630948704886,0.010412029550115302,True,True,True,0.03266813008486717,0.0,2,True,0.00042217798181809485
399,True,0.2696756814663484,0.3275222607570492,0.25039348836944814,0.5086339758605497,0.8690606184513127,0.48410344654345383,0.4892881932885924,0.06881401559990598,0.7996796048720071,38.44285530813756,0.006807266687253545,0.01651465742381193,0.011249254535191296,True,True,True,0.03294930640221139,0.0,2,True,0.0012346849835012108
400,True,0.27195446467024,0.33151251927374425,0.2521017798024052,0.5192437850500426,0.8594727072658638,0.4840066276277599,0.4592002934053394,0.06030326437010803,0.8671064438693793,46.79044165892985,0.007451425507286661,0.015813451378838515,0.0104624165042346,True,True,True,0.03322492307225968,0.0,2,True,0.00042985298205167055
401,True,0.2745303483263931,0.3361640847582896,0.25398576951576096,0.5308552998407844,0.8507686961927452,0.48392061423140104,0.42527137087875055,0.06506302598706322,0.2927890606934893,27.13589520149076,0.007844579685025683,0.01689971507373274,0.009051649556990607,True,True,True,0.03358680306263568,0.0,2,True,0.00042586500057950616
402,True,0.27762789430840945,0.34177537773213496,0.2562453998338343,0.5441106204833832,0.8430854389254112,0.48382714598962806,0.39160347859725086,0.0722842575720455,0.4582164087359766,8.540211554738628,0.008435335441144668,0.017254788374204046,0.008788400285670364,True,False,True,0.033939924009053345,0.0,2,True,0.0004239320114720613
403,True,0.28131644149730056,0.34844259003624634,0.2589410586509853,0.5591276948238136,0.8362546844151991,0.483756413057651,0.35729965263377794,0.08723165401264756,0.5765133301532066,7.370327231382102,0.009155074180091573,0.018199748515181285,0.008408050119077855,True,False,True,0.03424638237653541,0.0,2,True,0.0004241510177962482
404,True,0.2859430440946161,0.3569387936590559,0.26227779423980285,0.5764781351597501,0.8326807435287126,0.4836912882248655,0.32594757239512795,0.11654350544609993,1.059900004976144,15.509560333076188,0.010014674428142295,0.019472985831605193,0.007487271295897539,True,False,True,0.03445302393919292,0.0,2,True,0.0004259549896232784
405,True,0.29118482675330604,0.3674851964032814,0.26575137020331424,0.593308010228914,0.8317183258612176,0.4835884489175528,0.2925288902735095,0.21367038804130173,3.442000287075321,81.16600835625631,0.010171250700462469,0.02415693910070035,0.010656633590339236,True,False,True,0.034630855111961116,0.0,2,True,0.0016321460134349763
406,True,0.2978742025513897,0.3805446569887863,0.2703173844055908,0.6145366673429512,0.838039534319725,0.48348084889633325,0.2652558263113942,0.22135302855108144,1.3510117232433905,118.13052402462266,0.011448886783340788,0.023001318238748306,0.015152642564004745,True,False,True,0.03455536764632948,0.0,2,True,0.001627117017051205
407,True,0.30620728161426825,0.39656038967764784,0.276089578926475,0.6406842790380707,0.8468387481643753,0.4834484315150798,0.23942202703797144,0.26950448792719556,1.5690070098231588,43.863280353708774,0.013093410080791937,0.020842071036044248,0.0232329747953957,True,False,True,0.034248866192124326,0.0,2,True,0.0016262850258499384
408,True,0.31619585644890924,0.41549546644557833,0.2830959864500195,0.672948774623747,0.8578860304737501,0.48364547982128575,0.20622117172433074,0.3263951512038201,1.9767634613256035,26.799187758941468,0.015238095303246964,0.027796086587910607,0.03905276233929989,True,False,True,0.033718191452733616,0.0,2,True,0.0016407420043833554
409,True,0.3270574709335864,0.4357583508205282,0.29082384430460584,0.7123316778487464,0.8699517092645945,0.48406199817226236,0.14911589299109795,0.4242078809136405,5.699123276455326,143.11152860480112,0.017781985513131485,0.012714994638574808,0.05873947243430783,False,False,False,0.03340492835919353,0.0,2,True,0.0012231830041855574
410,True,0.334700893879066,0.45087241461766014,0.2959770536328679,0.7585407878358607,0.8765076233206599,0.48494857159074634,0.01125585498465953,0.8027916769542132,15.060840388158605,290.45195063488876,0.021395588745157307,0.04155510817760115,0.11028134630163805,False,False,False,0.03417881823459052,0.0,2,True,0.0008258710149675608
411,True,0.34017478260498485,0.459387177611563,0.3004373176027921,0.8116752557652336,0.9238007643909714,0.485987282622451,0.12856771729039296,0.9006978442786271,13.436563979392671,592.7466795655454,0.025156913338532153,0.44691002260862617,0.1382551802404669,False,False,False,0.041701388406264354,0.0,2,True,0.00042724801460281014
412,True,0.3484493203576343,0.466728607475998,0.3090228913181798,0.8889463432264234,0.9910177027980482,0.48692274615267434,0.20468662352748135,1.4102056849010791,16.322110212229642,452.5414371836828,0.032411985334241535,1.3514548663850297,0.15870533771020526,False,False,False,0.05180126166958034,0.0,2,True,0.0004233199870213866
413,True,0.3596046537988809,0.47758366888945,0.32027831543535784,0.9829660213767593,1.0474295647096772,0.48740156859119066,0.2137103125350195,1.603146750358428,8.011680768974413,322.811926233742,0.039869652887041626,2.2130442043054552,0.10737119732431875,False,False,False,0.05636128564124698,0.0,1,True,0.0004283099842723459
414,True,0.371749838199382,0.49496357591588735,0.33067859229388025,1.0945618993842252,1.1007548143744983,0.4875721186526875,0.13157079561569063,1.626565863237725,9.13795252426979,240.73362741922418,0.04778217922319261,3.139228487785008,0.04507662474647214,False,False,False,0.05288877985784986,0.0,1,True,0.0004255149979144335
415,True,0.3982292118217056,0.5322500723702762,0.3535555916388487,1.2328275489401817,1.1430582887781215,0.48761705369862574,0.03049054370563553,1.5341805372733541,13.752895059264599,281.88892358304855,0.05490098880065251,3.8225630568535047,0.08385204735527407,False,False,False,0.0464029656593165,0.0,1,True,0.0004501109942793846
416,True,0.44936851200127964,0.6096525134125786,0.3959405115308467,1.3791592423495591,1.1419941365239468,0.48762075156472007,0.18887603497837568,1.4327854470391075,20.42429825289753,294.78876111707865,0.05993152095212715,4.136062444991518,0.07487040157481858,False,False,False,0.03939399006428847,0.0,1,True,0.0004748079809360206
417,True,0.5094428249638698,0.7385098266640842,0.4330871577304651,1.5385244509877916,1.1076687778109813,0.49018223344910034,0.23385600686972716,5.551691426800556,150.4518309972907,4367.349299870721,0.13453285771454823,4.83958664277985,0.3072483250296167,False,False,False,0.029607364026399192,0.0,1,True,0.0024341219977941364
418,True,0.5449030469411524,0.8054018815923335,0.4580701020574256,1.6196206210615482,1.024807017246465,0.49107531946016986,0.12916830016015923,2.797537905348699,135.61604604843,8184.187928799565,0.07376432577592335,4.2911326869317685,0.13813786840374107,False,False,False,0.02669400028732149,0.0,1,True,0.002034798002569005
419,True,0.5561544420193667,0.8330973102685081,0.4638401526029861,1.6607107152290765,0.9594586410090401,0.4923145367154635,0.021358374623394627,2.5264695911728805,27.653833385877054,3928.417654243215,0.058684601119871144,3.130171382322447,0.33289297094467024,False,False,False,0.04301272895311975,0.0,1,True,0.0028145519900135696
420,True,0.5316983947494223,0.7867641432582366,0.44667647857981746,1.626240814395714,0.9109617993843127,0.49404826123542894,0.23342880457287019,0.9519240182893518,85.3868413736622,2437.6428736281437,0.041347991089709164,0.13112897107985383,0.7208809978481301,False,False,False,0.04921554828151665,0.0,1,True,0.00042307001422159374
421,True,0.5141975508253832,0.7473903253778179,0.4364666259745717,1.5980898328561075,1.0873324054156643,0.4953938402271902,0.32620355395113665,1.0261749139874026,8.850797950543068,2628.6292930786594,0.04158268816780753,0.07793247284560215,1.1977181599894842,False,False,False,0.04887496638130272,0.0,1,True,0.00043045400525443256
422,True,0.48031875657731715,0.6833600441183976,0.4126383273969571,1.4974472175466296,1.2270919228600503,0.4969037835124801,0.497577694812399,1.0077310693284283,9.705269377076208,251.6989166229939,0.04014868120411053,0.11110686177683148,1.1910838367622991,False,False,False,0.04939782473355497,0.0,1,True,0.00042106700129806995
423,True,0.4328154764699681,0.5978931929380575,0.377789570980605,1.3540609160856747,1.2565544660989292,0.4987734472105723,0.7193145089552017,1.0247920012654912,13.377055988413074,209.73949947336112,0.04073732765272729,0.12051576234850517,1.4751040507782447,False,False,False,0.049443851750539176,0.0,1,True,0.00043014399125240743
424,True,0.3863397494675679,0.5138262981546963,0.34384423323852503,1.22470381474241,1.2640876044517337,0.5005629251805425,0.9231234588643648,1.1268099749130678,14.282908670726105,296.02053618272606,0.040916575748093445,0.12371734310723795,1.792901535737578,True,False,True,0.05620658357705085,0.0,1,True,0.0004607209993992001
425,True,0.3579709875447735,0.4584792226029316,0.3244682425253876,1.1713291944400948,1.293979234510556,0.5021894222043919,1.0244654316120392,1.341813115563612,12.734855636138002,115.21947917636963,0.04355220255695232,0.11469638562382509,2.2768556351644396,True,False,True,0.06237016153680438,0.0,1,True,0.00045148300705477595
426,True,0.33106816472336364,0.40679408971333864,0.3058261897267052,1.1321355394856631,1.3277031331417128,0.503389529956714,1.1100360049235345,1.5456283992325204,8.54752144861845,179.73080876363176,0.0469277321964601,0.09507921831247503,2.843386869389551,True,False,True,0.06594969052061916,0.0,1,True,0.0004429380060173571
427,True,0.30729238808268433,0.36142730192000716,0.2892474168035768,1.1160649447452506,1.3071986985195334,0.5043031592532649,1.1691847525208483,1.622911150317737,6.131362964146978,149.39663682608548,0.05044925326933107,0.07937144851971648,3.226986673157552,True,False,True,0.05840724381059461,0.0,1,True,0.0004524950054474175
428,True,0.28208146861752226,0.29862547277146884,0.2765668005662067,1.112056047218003,1.1066198352349572,0.5062811267801988,1.2198561486443067,3.432979620546577,64.0680224610997,1818.924965728771,0.07218140898431033,0.06623232573290502,3.8324296421147217,True,False,True,0.04747146871092049,0.0,1,True,0.0008777600014582276
429,True,0.275326837667583,0.2635833489036191,0.27924133392223754,1.1362144641374052,0.9751205211574363,0.5080747801271476,1.1913518426447207,2.5620397494939824,72.37368123378064,3558.1916120186925,0.06985198851505815,0.07510988410703104,3.6132190817157097,True,False,True,0.04630072622182574,0.0,1,True,0.0008745430095586926
430,True,0.26843576718039786,0.24195314664239997,0.2772633073597305,1.1430611564880344,1.0266714439567286,0.5102047547272832,1.1697676257250542,1.9575188348798094,37.7464120891568,2078.297382220853,0.06172079755752946,0.035002369397419526,3.6284406116333177,True,False,True,0.04399596612293187,0.0,1,True,0.0008738320029806346
431,True,0.26401570239098265,0.23058616419501382,0.27515888178963893,1.1391919988133843,1.0225155310954346,0.512682889014138,1.1603539587560778,1.8855766627047166,14.910368061087862,935.7574529363868,0.06077274311915956,0.05381160638359692,3.4822277439189824,True,False,True,0.03969572641817316,0.0,2,True,0.0013031639973632991
432,True,0.2652034789200825,0.23432825957654024,0.2754952187012633,1.0965390581508228,0.9849566350060073,0.5154288976299977,1.1538012877448982,1.3582037607445414,28.237076055543508,873.4576356263678,0.05485121629769332,0.08018291587544037,3.220335008148864,False,False,False,0.032522659187288375,0.0,2,True,0.0013062299985904247
433,True,0.2680148321796368,0.25157729342556734,0.27349401176432653,1.0315995398836333,0.9328628683952522,0.5182621594696083,1.1379002020287197,1.2705761979460632,14.581929329100486,462.8278179060148,0.05346927921690072,0.0921056575395504,2.9252634249290517,False,False,False,0.023016882632226635,0.0,2,True,0.001652484992519021
434,True,0.27071932119276826,0.2784208472297883,0.26815214584709496,0.9444711266914673,0.8689025105579717,0.5213042670737403,1.1023513498214865,1.4091449136672585,19.199351797686184,200.9097651211258,0.053405134065369446,0.11741997781384006,2.5506027522776624,False,False,False,0.010071818079141091,0.0,1,True,0.0032574690121691674
435,True,0.28414682609931496,0.3245961918608607,0.27066370417879976,0.8926450054415687,0.8404589450707411,0.5242269890149548,0.9706818632670446,1.513117912712483,12.059755555584848,556.9317357727125,0.051019715760251765,0.15738398403927473,2.181251982918731,False,False,False,0.0,0.0,1,False,0.0032166719902306795
436,True,0.30868985391891796,0.3891780204274259,0.2818604650827487,0.8942158596454102,0.8069855524008254,0.5273322268177296,0.7352914605853506,1.3896241662045528,15.145973050622391,575.9620907819706,0.046685488167859626,0.3921192374707277,1.7442739560774234,False,False,False,0.0,0.0,1,False,0.0028016370197292417
437,True,0.35007980353919604,0.4762195550507292,0.3080332197020184,1.0475647927914082,0.8546937454173802,0.5302783423582696,0.2508734516675567,1.0703900028035769,33.531961819233885,792.0894053181353,0.038311698737448795,1.0842200932621466,1.0306835932029412,False,False,False,0.02056288522213976,0.0,1,True,0.0008292379789054394
438,True,0.36575901606796163,0.5091097412865504,0.3179754409950987,1.1361554405230354,0.9746661666028095,0.5331272978445922,0.018508304374498907,1.3132695583647975,26.06727434209313,528.8606584078732,0.034913825744384716,1.6289073372785516,0.426476708738055,False,False,False,0.03647445829833098,0.0,1,True,0.0008478429808747023
439,True,0.3665776517662931,0.5086821077197256,0.3192094997818155,1.1599697907507425,1.0301110100756075,0.535992315445633,0.10099801259686825,1.2466709050927887,15.146537082121302,655.7246387118765,0.035323094941492765,1.951648388197945,0.1304713836150727,False,False,False,0.04186535850815701,0.0,1,True,0.0008369630086235702
440,True,0.3637730677768081,0.4991367217290259,0.3186518497927356,1.1688581903901971,1.0170214978144374,0.5388106329186619,0.15631250146568487,0.9127094959798698,20.119180847021518,529.6290540094029,0.03751882080815298,2.0888456422226525,0.06639164546348285,False,False,False,0.041234596505855856,0.0,1,True,0.0008264330099336803
441,True,0.35896018696338605,0.4833535131724107,0.3174957448937112,1.1475666311844155,0.9913172889244017,0.541208543532648,0.15142862824246095,0.951036665222146,24.84567958301462,263.50326372410007,0.039995699627345276,2.1938513062532508,0.06069291617048873,False,False,False,0.038869173744127995,0.0,1,True,0.0008201510063372552
442,True,0.35669448447422875,0.47110406101234,0.31855795896152506,1.118290029914353,0.976080657048905,0.5432619527656836,0.1838686899544072,1.1840081008458778,14.92387834576652,377.68087245271596,0.04040194633498211,2.25433465779546,0.055214450202154874,False,False,False,0.03464914565929556,0.0,1,True,0.0008334150188602507
443,True,0.35710120223485,0.46587087682968065,0.3208446440365731,1.0877869321945444,0.9330266136042903,0.5451308155052376,0.2956665492108982,1.2806218231988347,9.322191925723606,257.82077492875294,0.04004404072902468,2.2726448286112815,0.06055856766038483,False,False,False,0.02881510979003686,0.0,1,True,0.0008606570190750062
444,True,0.35551159546406735,0.4622851757933264,0.319920402020981,1.040186975548114,0.8752118918102539,0.5467782522694125,0.47280916820819263,1.2897273440824262,9.940882825616335,245.53919103523805,0.03974783164364615,2.233889621050235,0.06889528144521526,False,False,False,0.022285329180780147,0.0,1,True,0.0008544349984731525
445,True,0.3512722011706786,0.45613323030910435,0.3163185247912033,0.9843375672237598,0.8232317464913722,0.5484548513966172,0.7069875283045567,1.1580962875768732,6.621920776369326,334.1334051992477,0.03727259831614142,2.1182806055381533,0.07386824843087443,False,False,False,0.01649489159889439,0.0,1,True,0.0008555380045436323
446,True,0.3458777142232887,0.4496671646177265,0.3112812307584762,0.9400782952853091,0.851193647143828,0.5504683307462427,0.928420675170709,0.620428889328922,23.420228639813118,622.8795107609808,0.03385093142037957,2.123929818253823,0.06369612373245094,False,False,False,0.013427958238728102,0.0,1,True,0.0004285210161469877
447,True,0.3437773054433157,0.44608834043716555,0.30967362711203233,0.9136393765302488,0.9242669365240637,0.5526961477102139,1.0794930387413113,0.7382417915386884,7.844514721041183,636.8551739255572,0.034248997688845824,2.181708754685445,0.11264207469626822,False,False,False,0.011859774168840138,0.0,1,True,0.00042130600195378065
448,True,0.3500481534508489,0.4536540279559943,0.3155128619491338,0.9292089891646277,0.9454959120690768,0.5551039518861414,1.0636187711267682,0.9268307348316819,10.302630937593925,118.15900464348792,0.03537222477951475,2.1769842544483793,0.11451188962247492,False,False,False,0.011952740577662107,0.0,1,True,0.0004338810103945434
449,True,0.3529366176346483,0.4537103511335481,0.31934537313501504,0.9441945452854513,0.978909313251348,0.5575728806311708,1.2001641729418746,1.2168244309760452,13.363060998415635,286.8659574085812,0.02859742209255204,1.2462569532591976,0.16908796149878505,False,False,False,0.026544569593529306,0.0,1,True,0.0004466339887585491
450,True,0.3456082936700082,0.43144331254812746,0.3169966207106352,0.9442969205248014,1.0167047241354934,0.5598148655777508,1.516938618491321,1.2287041416982003,16.295735093520044,572.7575982630304,0.021873794838219232,0.26801295962895494,0.2700135364098063,False,False,False,0.044133399677522,0.0,1,True,0.00045313601731322706
451,True,0.3489008079098128,0.4250370818792024,0.32352204992001615,0.9849520994118277,1.0212796539832671,0.562407220362398,1.5903282507771266,1.0620414146088604,18.36934129134158,540.4585785628085,0.023762996760786456,0.06364832215243266,0.39988921397520866,False,False,False,0.04856713949196246,0.0,1,True,0.0004603500128723681
452,True,0.3641759917885242,0.4442927240109029,0.3374704143810647,1.0391314985778703,0.8993475883898296,0.563856360007011,1.3500431571235998,0.6151843028471384,16.99830495541912,771.1760350452874,0.016051331903072154,0.007203161860174026,0.4900026815566678,False,False,False,0.04987203516404013,0.0,1,True,0.00045657300506718457
453,True,0.3672147188103286,0.44949871816780995,0.33978671902450147,1.0224852876869588,0.8457934299982349,0.5647649878235402,1.280055625280954,0.4604157131076687,18.94414267770276,294.1567037112103,0.011766140482431377,0.020725539647925503,0.4846828627986355,True,False,True,0.05045821430531799,0.0,1,True,0.000447786005679518
454,True,0.3658463734487946,0.4501573149299579,0.3377427262884069,0.9776497384717349,0.8200071737386561,0.5654105421893926,1.2763739265193812,0.6291650198922687,11.377608340670339,285.13225670498633,0.012970812645728975,0.023875484685990416,0.423651633083615,True,False,True,0.04931078276633085,0.0,1,True,0.0004242320137564093
455,True,0.36432587410978934,0.4525050195736098,0.3349328256218492,0.9212141744341067,0.7936545220116086,0.5657197230010559,1.2589638391242746,0.7789719475148695,7.493978786621131,179.19515277693995,0.015202647494136207,0.048812489934799974,0.38247025629607206,True,False,True,0.046503196433563716,0.0,1,True,0.00041917298221960664
456,True,0.36292794205051715,0.4571646996586093,0.33151568951448646,0.8631628420459047,0.7796643605685497,0.5657476218654388,1.2548256527060881,0.8346719138106233,3.7811206505854087,162.65965136613758,0.016291941995508933,0.05227780967319567,0.45503013876226556,True,False,True,0.043199943145163885,0.0,1,True,0.0004224379954393953
457,True,0.359154725949709,0.4586431439437141,0.32599191995170734,0.806842970839782,0.7685406646992174,0.5654228413495638,1.3341269775648361,0.8052185577537812,4.081432764702241,144.9357576222666,0.016024635525201916,0.03937375329831424,0.5460609541903693,True,False,True,0.04080581717742148,0.0,1,True,0.0004203649878036231
458,True,0.353949093038737,0.45739060046579993,0.3194685905630495,0.7637399925364794,0.7375515222199325,0.5649395187000996,1.4208677696252674,0.7325132137209206,4.745079415072113,89.48398296046592,0.015236678644011688,0.025977187318804756,0.48168077759953115,True,False,True,0.039628983745344896,0.0,1,True,0.0004224690201226622
459,True,0.34924147723184884,0.4550013514560983,0.3139881858237657,0.7374347301345838,0.7134394284882739,0.564352909291744,1.4764324033469651,0.5412499148871339,6.8353853593881535,152.6953990219017,0.013180388409973957,0.01687025475293362,0.4585601005766454,True,False,True,0.039640099594276536,0.0,1,True,0.0004199639952275902
460,True,0.3455594152978807,0.452052928839769,0.31006157745058466,0.7239988239010532,0.6924612949660589,0.563630430213331,1.504902268461648,0.3671270724513764,7.586984390532028,78.6908838151396,0.012250078202765967,0.02010152986012925,0.5583410925912817,False,False,False,0.0410584830246207,0.0,1,True,0.0004232209757901728
461,True,0.3426618216262935,0.4491120413548888,0.30717841505009513,0.7130491102754762,0.6771595429683984,0.562748633353025,1.5106258456803956,0.3110526313663342,4.119185142566926,159.520984819068,0.012986595787772726,0.022152943508304393,0.578469467370593,False,False,False,0.04255611228786134,0.0,1,True,0.0004584970010910183
462,True,0.3436440857998757,0.45045974152479695,0.3080388672249019,0.6875658945843084,0.6686758901008958,0.561933048735033,1.4113787796922703,0.4708463858579194,8.7576451850688,246.32733497657486,0.012242290936188194,0.02025204261916335,0.42848901631201497,False,False,False,0.04103970822995905,0.0,1,True,0.00042761900112964213
463,True,0.348621426341174,0.4550114554351022,0.3131580833098646,0.6687298297580254,0.6860411159292319,0.5613237772292436,1.265440212322162,0.5371981815439044,13.126254901396601,460.56466281063837,0.009295219357169125,0.05734508355948358,0.038719682158795045,False,False,False,0.03911704390843682,0.0,1,True,0.002420525997877121
464,True,0.35249335316601554,0.45750476701594467,0.31748954854937245,0.6726349430238519,0.7336693117823477,0.5606323720281421,1.092157347501569,0.2923801963022358,17.314531149371536,724.3313941150701,0.010048130492853913,0.08583814616930771,0.028649142446703225,False,False,False,0.03668726952571147,0.0,1,True,0.00042653700802475214
465,True,0.3533832052519513,0.4555649117809238,0.3193226364089605,0.6753869863312536,0.7389939801382704,0.560371668569866,0.8723097843601968,0.29956392414602695,9.032937928936823,597.7701417150004,0.010430685270875288,0.18261499846923127,0.014330137834724888,False,False,False,0.028976892185351925,0.0,1,True,0.0004326589987613261
466,True,0.350625059136054,0.44650020831079373,0.3186666760778076,0.6878619695536674,0.7794796328573307,0.5603686216780486,0.6098247413134179,0.6191749914695323,10.903618026870772,175.98175080039854,0.01194343070259668,0.3556842088529379,0.03036097139835488,False,False,False,0.01752712874509693,0.0,1,True,0.0008696239965502173
467,True,0.34514561445809766,0.4316090843909506,0.31632445781381346,0.7070247444222822,0.8717970426198823,0.5601516362496421,0.3892322569153576,0.7963585391974446,6.427730710768512,218.6599125869896,0.015115519470238982,0.5373605180929916,0.03190212956740132,False,False,False,0.001996049344238601,0.0,2,False,0.0008333759906236082
468,True,0.34186087662336745,0.4190877783099218,0.3161185760611827,0.7367367344998246,0.898990032888523,0.5596518221336148,0.3231563732530254,0.8421813250681978,3.7085591687193995,159.33515828882298,0.017708054102904533,0.7887037184052523,0.024601472994213502,False,False,False,0.0,0.0,2,False,0.0012387120223138481
469,True,0.33958242043746206,0.409147687262405,0.3163939981624811,0.7675638593760874,0.8994915987852956,0.5590185976775459,0.31418186267128206,0.690618943508886,8.135146425080281,246.85429228806944,0.017942775529944416,0.9858366898203135,0.020458872337768774,False,False,False,0.0,0.0,2,False,0.0024108880024868995
470,True,0.3369198280803586,0.40097246660886665,0.3155689485708559,0.7870600134580917,0.9024096398877959,0.5581944017279814,0.32071103979292803,0.6019049830719129,11.773217076228715,125.27918286105876,0.01870016230419697,1.1921072461337758,0.012648217073866281,False,False,False,0.0,0.0,2,False,0.00283437900361605
471,True,0.3350954778400164,0.39683471459944025,0.31451573225354174,0.7889987203488076,0.8832496594896766,0.5572439767820967,0.36313802958844943,0.6315085721421372,10.66189155746233,163.90812523279462,0.02039727261023519,1.4408129324971792,0.006920699448749448,False,True,False,0.0,0.0,2,False,0.0032310690148733556
472,True,0.3329398139922188,0.3956901385205124,0.3120230391494543,0.7638667195067234,0.871116381293259,0.5561155280284615,0.3496806546355134,0.6581501012663811,11.144950785907435,223.2236691821289,0.021568103755895292,1.6123217024355876,0.0015344508413558074,False,True,False,0.0,0.0,2,False,0.0028102029755245894
473,True,0.3329362779289231,0.39970655381113396,0.31067951930151944,0.7222737937707971,0.8644327219551367,0.5548226421477807,0.3089203451330846,0.7688371120844361,12.132543857940991,157.62792279429772,0.022651751047019553,1.7778147878310344,0.004030525770730904,False,True,False,0.0,0.0,2,False,0.0024763719993643463
474,True,0.3381980324584702,0.4126162921632677,0.31339194589020436,0.6764240463573923,0.8504759183073125,0.5533471189991886,0.34586532645797097,1.0036403278696486,9.789522687569765,125.33455684553309,0.023202763753814713,1.8613481875027107,0.00923135592501003,False,False,False,0.0,0.0,2,False,0.0012346539879217744
475,True,0.34959836893273494,0.4345012415904699,0.3212974113801567,0.6444989815965975,0.763600199978658,0.5516235123053611,0.527181394467386,1.2212876959948695,8.283002532434702,81.39038594126173,0.0237379646482685,1.9281610783248628,0.010408928298310104,False,False,False,0.0,0.0,1,False,0.0012439219863153994
476,True,0.25566258076377263,0.27062106677907805,0.2506764187586708,0.5129176780158908,1.06500700657807,0.5493864242079334,2.6760249383922567,0.6565645326676703,19.620844473189063,793.4998227641154,0.021977013815783226,1.7191287805532174,0.013058750367654737,False,True,True,0.0,0.0,1,True,0.00042731798021122813
477,True,0.23415029486361746,0.2663273691433335,0.22342460343704543,0.46352596599893325,0.8821659055664233,0.5469757068207189,1.2396320781992725,0.6045304202345526,3.277946782463171,570.2545433358565,0.020978302838056597,1.5270846649236105,0.012808706517238809,False,True,True,0.0,0.0,1,True,0.0004386490036267787
478,True,0.3126138751194446,0.39768656338946573,0.2842563123627709,0.5713149920373566,0.8661832792210866,0.5443895869281445,0.44729118521149513,0.5003526079870723,6.329493020646777,122.97389535712132,0.018722058320825394,1.1727927342566336,0.007773247367688541,False,True,False,0.0,0.0,1,False,0.0004269370110705495
479,True,0.3421378343653672,0.4469740477788182,0.30719242989421675,0.6238291688521664,0.8659870898061213,0.5414451514455367,0.006508374130286289,0.37780718000996516,7.856556897430815,137.03959594902236,0.017908201351076465,0.6885891875993534,0.021743595422429315,False,True,True,0.0006211191620081099,0.0,1,True,0.0004315149853937328
480,True,0.34801780296833557,0.4587111496272114,0.31112002074871037,0.6314880939300657,0.8794323604468466,0.53832731272741,0.16908998999414024,0.3218029966469724,7.244626093221898,118.73217554543285,0.018505158928436113,0.487079781667652,0.01929758779380909,False,False,False,0.0032618980980929167,0.0,1,False,0.00042080500861629844
481,True,0.3547901512466825,0.4711022483158541,0.3160194522236253,0.6426570989568614,0.8712820737031092,0.5351975939406901,0.41909775454018017,0.30082904944674077,3.5786626842459173,149.10160370587403,0.017941267933856246,0.3570812121426544,0.002976049981779609,False,False,False,0.00410655079793938,0.0,1,False,0.0004279990098439157
482,True,0.35834843669837313,0.47881414585412435,0.3181932003131227,0.6484815886875253,0.8099924945952968,0.5317927281105406,0.6023507275743751,0.2307801234836466,3.7580741681212033,116.57425913729224,0.019169542786172875,0.36104119785352035,0.028376531712523006,False,False,False,0.0037184755189016063,0.0,1,False,0.00042154701077379286
483,True,0.3589314827274082,0.4801539960721324,0.3185239782791669,0.6440982332290941,0.7185716209754728,0.5284602537358951,0.8374661142740949,0.2839838961097664,4.599956465220937,125.22847512491208,0.01896403943112154,0.11909710452558171,0.08619249792971662,False,False,False,0.0006021379222781783,0.0,1,False,0.000428019993705675
484,True,0.35601083084897145,0.4749714367185006,0.31635729555912845,0.632935069566464,0.6939152149135739,0.5248800166237801,0.9685642952745812,0.4202856543331658,5.562905505488036,101.73686816016507,0.020231593425893885,0.05130999141178404,0.15893245447733204,False,False,False,0.0,0.0,1,False,0.00042097599362023175
485,True,0.35249748567928846,0.4674273183982228,0.3141875414396436,0.6259070409142033,0.699543435693761,0.5212884967433303,1.0547132249054483,0.5670091082085722,6.361361410585049,103.73621188398317,0.020507721894525238,0.08678957980410826,0.24198427176524184,False,False,False,0.0,0.0,1,False,0.0004312960081733763
486,True,0.3486239832695633,0.45655304177611783,0.31264763043404514,0.6368101823013949,0.6853442924981133,0.5181180240501531,1.1154113476331655,0.7217263028057673,8.645556853453847,146.8204129338398,0.020012027585560678,0.0839574254224285,0.36496264959044444,False,False,False,0.0,0.0,1,False,0.0004212259955238551
487,True,0.3462532972438447,0.4449111752224601,0.31336733791763943,0.677730366692393,0.6757371882724312,0.5151766689558409,1.134433355814356,0.906540884903774,8.386864810997865,66.12354077563153,0.021420472892690307,0.06821412906628775,0.4881835269221243,False,False,False,0.003373106579273465,0.0,1,False,0.00043656601337715983
488,True,0.34365920547959744,0.43100607637173327,0.31454358184888564,0.7281076419360757,0.6538130291202351,0.5124073165525936,1.1460165768593258,0.9489493422864407,4.22356948799524,177.78124322820415,0.022266053432860033,0.056378711675738186,0.6451458957978443,True,False,True,0.011298127712555657,0.0,2,True,0.0004231100028846413
489,True,0.33884583655047723,0.41485993345362204,0.313507804249429,0.7720419496060693,0.6287617803918882,0.5097631151207742,1.1645514225275349,0.7425745336408052,7.67014079465175,262.132309243764,0.02134098724002987,0.047482778902662816,0.8292578129001041,True,False,True,0.0178769237283289,0.0,2,True,0.00042659699101932347
490,True,0.3328528538497128,0.3992275194708303,0.3107279653093402,0.804534735922626,0.6123169012954571,0.5071351595104883,1.1380579876039219,0.49788871358023934,10.512990731041581,105.17531440552747,0.02089264787228049,0.03559242252080936,1.0176664809480578,True,False,True,0.022524082470521838,0.0,2,True,0.0004210570186842233
491,True,0.3244534446872883,0.3849332870766129,0.30429349722418014,0.8105818593159017,0.664426220120594,0.5050351127207242,1.1041491309553402,2.3010965520484215,65.13654054738106,1884.5903792134807,0.028201831154909148,0.02082475487373275,1.1926392107053503,True,False,True,0.025091198478886696,0.0,2,True,0.004396764008561149
492,True,0.3136794877873484,0.37180497421134684,0.2943043256460156,0.7960422715810517,0.6901576226168186,0.5027436557376785,1.062466548627121,1.1196560783067702,44.96600348566121,3197.0378984704416,0.028628082221690856,0.013065639502357378,1.332496960374367,True,False,True,0.02610135188186584,0.0,2,True,0.0037697380175814033
493,True,0.3041982111132774,0.36167969382683285,0.28503771687542556,0.767963820651954,0.7201237911575923,0.5004957211360334,1.0017597608436188,1.061970965608186,16.773212072804803,943.9091900893836,0.0303076421176174,0.015527860172685379,1.4827260607484818,True,False,True,0.02557177154040207,0.0,1,True,0.0024221099738497287
494,True,0.297572929573036,0.35486009875232916,0.2784772065132716,0.733062427974892,0.7324258382412858,0.4983298824229922,0.9718766059148611,1.1807817095557451,12.477411216975431,238.52744621704892,0.029626155202247324,0.021565536222813986,1.6371208118797114,True,False,True,0.024001514683977196,0.0,1,True,0.0016260840056929737
495,True,0.29415613650140127,0.3526258578576892,0.2746662293826386,0.691260780042889,0.727172748289712,0.4962514704538181,0.9775528939725145,1.3505369371338474,9.85326635002398,162.39875806361658,0.02925463698141671,0.032627714910098166,1.7976590165126607,True,False,True,0.02079315544799515,0.0,1,True,0.0016349810175597668
496,True,0.29370712861371845,0.3557726964173529,0.273018606012507,0.6718155456071531,0.773734348913903,0.49432805129016905,0.8551138428060925,0.907287001196782,17.034701796420958,675.0940617342786,0.02076977704569242,0.034041202692355575,1.1659662938739994,True,False,True,0.015530283542030237,0.0,1,True,0.0012212700094096363
497,True,0.29133260479626866,0.3553732739865067,0.26998571506618924,0.6995721518157231,0.761551463817638,0.49254228954337204,0.914200558823884,0.3918687209005506,33.016646858800875,776.5033648922405,0.013167546471402702,0.02897760890434019,0.09122638060135492,True,False,True,0.0186903737071986,0.0,1,True,0.0012199869961477816
498,True,0.28982453271835684,0.3565904535018175,0.2675692257905366,0.7085164534404669,0.7506209274795967,0.49089981818342665,0.8993058663849911,0.25395420955669695,9.985346032624317,1264.431565101444,0.011218042194205373,0.00592794644493627,0.025251523977504072,True,False,False,0.018561382291534152,0.0,1,True,0.0012208879925310612
499,True,0.2887362303516584,0.3577105105152879,0.2657448036304486,0.7140167308568662,0.75094087510503,0.4892840267816494,0.8762512268314138,0.2229417383256903,2.719767255673212,267.3746779300488,0.01009768034406082,0.007506805178236205,0.02057423150000746,True,False,False,0.018426886959775943,0.0,1,True,0.0012422690051607788
500,True,0.2877067669395769,0.35828259799664985,0.2641814899205526,0.716596895151941,0.7576092315786098,0.487673089698561,0.8576148021002161,0.2430469482119147,2.823407780449681,25.76363864030062,0.009235435547931934,0.008176527710870529,0.015340550216529874,True,True,True,0.018292825752049588,0.0,1,True,0.0008303399954456836
501,True,0.286869492884326,0.3582603285342567,0.26307254766768245,0.7130080994094823,0.764330135211454,0.48608059966484046,0.8424060348035114,0.29233352583684113,3.247307904423599,25.95849838982592,0.00813757262773257,0.0068383629000994825,0.01627197578162012,True,True,True,0.01801616743277483,0.0,1,True,0.0008384949760511518
502,True,0.286466323483729,0.3582090790133487,0.2625520716405226,0.706090707793274,0.7783771517809633,0.48456879772544953,0.8333281480103768,0.29376809870480697,1.6794546791753004,70.8486835484184,0.007306896140522426,0.006007558561115305,0.018425071532077605,True,True,True,0.017882020369272195,0.0,1,True,0.000824990012915805
503,True,0.2864329666654203,0.3580605580807739,0.26255710286030237,0.698753822860357,0.8113131265940347,0.4832231973511871,0.8348858194053574,0.24639266781900165,2.4734658356521173,59.07098248442504,0.006410542913346402,0.0073823095659430165,0.017240087375839236,True,True,True,0.017801606903285985,0.0,1,True,0.0008454890048597008
504,True,0.2863909811651626,0.3572883805485238,0.26275851470404216,0.6911257877977758,0.8506998556204391,0.48207109060234155,0.8401026149696225,0.20750497615159263,2.7983262087347476,22.746335597058046,0.005706841256522718,0.007006425531208347,0.015071497297078029,True,True,True,0.01793344099779791,0.0,1,True,0.0008476429793518037
505,True,0.2859468164716307,0.3559101495851911,0.2626257054337772,0.6790368568851153,0.870576836665653,0.48105680272681695,0.8600260349087774,0.20651656965472148,2.5662774388295375,33.929126643899274,0.005881152761083923,0.005464379611795589,0.010641502409001226,True,True,True,0.018247160475213797,0.0,1,True,0.0008265729993581772
506,True,0.28489733595713235,0.35366275698293803,0.26197552894853043,0.6595820747261133,0.8651094531831531,0.48022223541468506,0.883598778947231,0.23044691438386053,2.575499308170458,33.69201482372293,0.006263125585158584,0.000974725289506905,0.001613772005408963,False,True,False,0.018617345541289923,0.0,1,True,0.0004317270067986101
507,True,0.2838498476168474,0.3510353389719246,0.2614546838318216,0.6362149874630966,0.8549879905290579,0.4794316880966935,0.8975516160193349,0.2901017991243083,1.88734963049144,68.36223579904123,0.0065936994426162845,0.002854992790607687,0.0035673160390227174,False,False,False,0.019106771465392518,0.0,1,True,0.0004267269978299737
508,True,0.2827916215620561,0.3482887079807957,0.26095925942247616,0.6099706542978485,0.84966891234569,0.47869630917924993,0.9101707453604007,0.31647724901552465,0.9403037089942422,35.72012354624056,0.006885949180104396,0.0005450869610994166,0.0011198889783421767,True,True,False,0.019639437610316397,0.0,1,True,0.00043098500464111567
509,True,0.28187444154375024,0.3459455261618518,0.26051741333771633,0.5818091395363676,0.847165285658126,0.47803475795005773,0.9216124669042987,0.33486058584369993,0.8660048686945025,17.206571812940652,0.007185742404137427,0.0033825415306782854,0.002741890276498134,True,True,False,0.02017948041120153,0.0,2,True,0.00042286000098101795
510,True,0.28149571318077427,0.3446350652244097,0.2604492624995625,0.5562487137600457,0.8487811088467959,0.4774568566208868,0.929937158661599,0.3330164897452092,1.0879974093198734,35.691714738246965,0.006618484779893707,0.005541221893782785,0.0034146232135181176,True,True,False,0.020716228482572673,0.0,2,True,0.00042699798359535635
511,True,0.2819130906880739,0.34441009416146917,0.26108075619694227,0.5358612420218667,0.8576139272623347,0.47693345852358277,0.933260347284104,0.3364723097502885,1.921443617732424,35.78662154865357,0.005914091101499967,0.006762930927492089,0.005271115804565115,True,True,False,0.021316348317454305,0.0,2,True,0.00042456298251636326
512,True,0.2831997804865858,0.34503957425376003,0.26258651589752763,0.5215732665334597,0.8686766961312298,0.4764441530507062,0.9279150401688161,0.3678257212800716,2.8614613662202464,34.47312461929017,0.0056801561357183806,0.0069453934095468585,0.006804859363909247,True,True,False,0.021957216915452264,0.0,2,True,0.00042609599768184125
513,True,0.2847485915982122,0.3459666391595139,0.2643425757444449,0.5090733290724209,0.875035409151558,0.4760147330757654,0.9229616095155782,0.40249900667339095,2.396269463944397,47.47706315875564,0.0055682417614776525,0.00605911422598328,0.006203991954101421,True,True,False,0.022551544687677068,0.0,2,True,0.00043615399044938385
514,True,0.28626807253878545,0.347661620521475,0.26580355654455556,0.497513112843142,0.8668532578344097,0.47562189901329915,0.9168384037109261,0.42060408464839766,2.688404794553238,45.93821316493271,0.004942967152149781,0.00523257198353909,0.005818840770154766,True,True,False,0.023067472581344638,0.0,2,True,0.0004257249820511788
515,True,0.287497246281259,0.350060828758304,0.2666427187889107,0.4853551250288876,0.8553253866355662,0.4752418628235186,0.906806771697475,0.42421987337372496,2.7657441061916286,42.16761054196703,0.0044560577332961385,0.005076259485747856,0.005125317787294672,True,True,False,0.02351995023153096,0.0,2,True,0.0004309949872549623
516,True,0.2882268281264282,0.35245043757227995,0.2668189583111442,0.4733223245343105,0.8494270598455251,0.47487826486514945,0.8948833610664343,0.382978086468043,2.5906487601951467,60.30602419894588,0.004235281965077675,0.0053026798941671486,0.0038146200311412752,True,True,False,0.023956060047500213,0.0,2,True,0.00042521298746578395
517,True,0.2884211260228086,0.35398341461550903,0.2665670298252419,0.46281528759334445,0.8483327888406177,0.4745410879130873,0.8852017534501219,0.27831891079275184,3.5986021211834216,78.8012431623596,0.0037081126809787547,0.00634510869313215,0.003205092307233641,True,True,False,0.024373768397264385,0.0,2,True,0.00043130500125698745
518,True,0.28833844808157844,0.35474384570936585,0.26620331553898274,0.4541825010565781,0.8495453433047498,0.47422906282023614,0.8759913207806862,0.1673937182736886,3.598430120043,40.04554591072119,0.003230940246766827,0.007551529128595397,0.002972809182941764,True,True,False,0.02479952286447317,0.0,2,True,0.0004240020061843097
519,True,0.288147435232385,0.3550381086041007,0.2658505441084797,0.44755685717291854,0.8508196977617781,0.4739486916888634,0.8671674621943504,0.09001576971726885,2.7801786830516866,29.176050816251394,0.00293344206901402,0.007260072021277618,0.0027332684691586994,True,True,False,0.025176151479841508,0.0,2,True,0.00042925099842250347
520,True,0.28793048633031043,0.3550663423411321,0.2655518676600365,0.4434846437859494,0.8505601754455929,0.4736827637598988,0.8583677982120521,0.06497182412023501,2.1347310477380326,22.67802921536155,0.0029964630087404493,0.0071601759852340085,0.0022997449601367247,True,True,False,0.025505826862213657,0.0,2,True,0.00042287001269869506
521,True,0.287684490225426,0.35468204261753355,0.26535197276139016,0.44352784288373925,0.8495447506630808,0.4734367875830087,0.8504175980396,0.11102377143188966,2.3849825969044596,11.906720498172705,0.003387022178124287,0.007461016728049239,0.0026305149828528777,True,True,False,0.025768001686145875,0.0,2,True,0.0016562519886065274
522,True,0.28752814835787854,0.35450044151089255,0.26520405064020725,0.4478598952524787,0.8463350035207041,0.4731876539896052,0.8427200526965846,0.11337348191580887,1.3325028664602472,87.43339663356299,0.0038354053751582817,0.007201748954375842,0.0033543608674289254,True,True,False,0.02605208454703893,0.0,2,True,0.00123813099344261
523,True,0.2876021712926301,0.3552299783154069,0.26505956895170457,0.45644276735237255,0.8353227230434308,0.47292624791146726,0.8298345213903715,0.1257530143602918,1.1023996337045905,42.31466118288739,0.004332456676347154,0.006875036859439294,0.003791777883581763,True,True,False,0.026411891786547625,0.0,2,True,0.0016389590164180845
524,True,0.2880443976479456,0.3579380860871071,0.2647465015015585,0.46859733554275845,0.8044838536843171,0.47265534692761824,0.81163970514266,0.14189433778209903,1.8057963819628977,31.946238105418924,0.004956757566051169,0.0065066512827399005,0.004483864913175279,True,True,False,0.026830798463741937,0.0,2,True,0.001664707000600174
525,True,0.288598521233094,0.3616383385415911,0.2642519154635949,0.4800669131894625,0.7732604096466777,0.4723729987678053,0.7958986340564846,0.24608307561946832,4.628850223236487,120.2476194985546,0.005757522509419731,0.006334694398228569,0.0060138605602081206,True,True,False,0.02726289778413779,0.0,2,True,0.0024450029886793345
526,True,0.2893511299275673,0.36607231901767,0.2637774002308664,0.49107090522952707,0.7640507940122344,0.4720625136027839,0.7830159747501761,0.39248158651125103,4.825448397123628,42.25704410106125,0.007128552036327638,0.006192270960636547,0.007508605813563412,True,True,False,0.02768611480369141,0.0,2,True,0.00325380198773928
527,True,0.29053553262942466,0.37165838174342924,0.26349458292475647,0.5052555676211893,0.7671588965682856,0.47170770809000856,0.7681250083303419,0.37863012349644337,2.230617203762331,175.71870999742757,0.008060456841180367,0.005886131708942414,0.006626584741838806,True,True,False,0.028137269518068858,0.0,2,True,0.002826754003763199
528,True,0.2924865639702182,0.37850402147048234,0.2638140781367968,0.5245753704645306,0.7822688296441785,0.4712960855267551,0.7441492127019342,0.30886350744380453,3.6051437454306123,78.24752436158931,0.008187414077504323,0.005092576394973992,0.005158983461552374,True,True,False,0.02863503833482456,0.0,2,True,0.0024495209800079465
529,True,0.2950122736277948,0.3858440295041162,0.26473502166902085,0.5484686527666378,0.7835435418250242,0.4708320445352164,0.7059228845561838,0.244350533099851,3.2547449287837686,46.80040669066842,0.007768211138914758,0.0035854878718475382,0.004505413061021469,True,True,False,0.029234202876640282,0.0,2,True,0.001633428008062765
530,True,0.29757235016017614,0.39284782907437665,0.265813857188776,0.5745703772538041,0.7777472228061302,0.4703039156305739,0.647802186783873,0.21555448159945212,1.7988566681300455,52.097354838932546,0.007644979619623274,0.00317955020256082,0.006711894948693205,True,True,False,0.029869360691421327,0.0,2,True,0.0012424989836290479
531,True,0.29968338078117923,0.3986570278762717,0.2666921650828152,0.6004603559332262,0.7676759445544304,0.46971573170148384,0.5632860218673714,0.18902223756598557,1.4673528347439473,21.817805917859353,0.007599689350827809,0.003978446316822038,0.008960234718724005,True,False,False,0.030569843509521577,0.0,1,True,0.001257939002243802
532,True,0.3008968819645017,0.402464850054816,0.2670408926010637,0.6228751680029112,0.7583488187251454,0.46908886273530775,0.4566435088580733,0.14869294301026967,1.5993871800057184,25.50909615749055,0.007366561978201984,0.005382067008302251,0.008157382408080421,True,False,False,0.03125133836243917,0.0,1,True,0.0004375269927550107
533,True,0.30072115039071207,0.40396962277437465,0.2663049929294912,0.6399775013488086,0.7548864315861634,0.46838391881299773,0.33311534526888553,0.13230305319770466,0.720501086027927,38.68504177718527,0.007673629849964922,0.0027086231345077256,0.012521573881372247,True,False,False,0.03185246727189674,0.0,1,True,0.0004251130158081651
534,True,0.29898663969620376,0.40286117562543355,0.2643617943864605,0.6495947277794902,0.7656933057616376,0.4676353476890312,0.19840774172595196,0.10725965904314116,1.098705256164778,16.47532567664998,0.008094053536485069,0.0015481917616423885,0.017270096216645072,False,False,False,0.03224501994869768,0.0,1,True,0.00043563402141444385
535,True,0.29546704017032427,0.39868664717179936,0.2610605045031658,0.6510407999566531,0.7866464935176278,0.46684483800297244,0.055319748898094295,0.0908965849096094,1.2186238011344503,8.700259394213688,0.008576425651063225,0.004996513406699083,0.02354953788025333,False,False,False,0.032380129760051876,0.0,1,True,0.00042425200808793306
536,True,0.29050094679672744,0.39196863236324786,0.2566783849412207,0.6453768325658354,0.8129219747401302,0.4660204300786842,0.0841585588790397,0.09724381711987827,1.2523193157943198,6.905096451075197,0.009103704770709962,0.010619877375266722,0.028284940988756377,False,False,False,0.03220134020512893,0.0,1,True,0.00042458201642148197
537,True,0.28304265601456396,0.38115339095250894,0.2503390777019157,0.6307855289460019,0.8506103768502402,0.4651960593773327,0.23891391503659623,0.11517506542826748,1.1055677654059595,7.933975097506559,0.00953859737532166,0.01898613398331059,0.03702343810901903,False,False,False,0.03165516054885716,0.0,1,True,0.00042323998059146106
538,True,0.2715558265472672,0.36389044657047165,0.24077761987286572,0.6052701597604803,0.9268124945935738,0.4643902933775673,0.4270023352245043,0.13507280631798996,1.177205674823081,22.497874065253434,0.009725710267935896,0.02696338105226762,0.051353894387322845,False,False,False,0.030874313274631998,0.0,1,True,0.00042513301013968885
539,True,0.2575042169037811,0.3424403540559928,0.22919217118637722,0.5747863093236139,0.9858810312919228,0.46362028639715486,0.6185298657069629,0.2027750768589429,2.6181925589716375,48.09088707063917,0.00956829156106696,0.03671653687110233,0.05921337107088613,False,False,False,0.029918013766402206,0.0,1,True,0.00043469201773405075
540,True,0.24370531979694976,0.32088898871965593,0.21797743015604767,0.5470356846675071,1.027816052903659,0.4628805443390731,0.7838023834237088,0.34925857128371685,4.689122209315318,72.94729170772148,0.009979890430920655,0.08341017441236401,0.058208875124429495,False,False,False,0.02813044668017131,0.0,1,True,0.0004312149831093848
541,True,0.23546972854576775,0.3074598367291433,0.2114730258179759,0.534531700653944,1.0061241138662997,0.46210547868609286,0.8770935289035384,0.5823394707358557,7.287688580153065,81.85947018599789,0.011685343814223046,0.16014547640082444,0.04055576677122923,False,False,False,0.024453187111501976,0.0,1,True,0.00043019402073696256
542,True,0.23483932926123702,0.30452639221935335,0.21161030827519825,0.5422621416105947,0.991353684164348,0.46126658887498634,0.8908929241539332,0.9641078285308187,11.806138290977033,142.1564506959626,0.015715324579977683,0.36630346935708563,0.035461930031099015,False,False,False,0.017455859844242798,0.0,1,True,0.00042527398909442127
543,True,0.23679574770777406,0.30306949413262085,0.2147044988994918,0.5608836777975893,0.9766773558975104,0.46029914773661074,0.8866952259437844,1.3130767842281417,10.902249711903142,93.76582756566067,0.02111104679199118,0.7193709856172713,0.11394772148909142,False,False,False,0.00295708791794364,0.0,2,False,0.0004302330198697746
544,True,0.2399432680491712,0.30191189024703624,0.21928706064988282,0.5818313571690432,0.9729833618749494,0.4590097833453073,0.8859867962407277,1.380930899049783,5.977350633047109,293.53192350755387,0.026646828446187532,1.3517309065301029,0.14189720643109366,False,False,False,0.0,0.0,2,False,0.00042338998173363507
545,True,0.24721096577412852,0.3059410998410126,0.2276342544185005,0.6059404925228843,0.9817207824174081,0.4577441915370547,0.8776081837525357,1.0997237538810212,12.079751672507411,385.0492805346241,0.03172603089271843,1.9788854551362336,0.09251972540304115,False,False,False,0.0,0.0,2,False,0.00043739701504819095
546,True,0.25468228735532056,0.31409614108313894,0.23487766944604774,0.5886060027462686,0.9573284214394671,0.4568158492931241,0.9003756856361707,1.686028723217361,37.6134840539024,1092.2576866755255,0.048551781031384314,2.714871130292286,0.03903055912517705,False,False,False,0.0,0.0,1,False,0.0028766689938493073
547,True,0.2756759084297093,0.34156174405180023,0.2537139632223457,0.5931105442142116,0.9474877260080687,0.455329702174413,0.895126746626483,1.0432732886486464,41.84514878672473,1996.3037790425153,0.04608782741934657,3.134550617373091,0.008739161999667101,False,False,False,0.0,0.0,1,False,0.002027993992669508
548,True,0.29642666566355186,0.37156153781754725,0.2713817082788868,0.5893141502167893,0.9301153711801136,0.4539572373052773,0.9224360824102072,1.4846529687621275,24.58194405750959,714.3825769106504,0.04999575485809138,3.5147469504094224,0.043379949698816686,False,False,False,0.0,0.0,1,False,0.0016230679757427424
549,True,0.31191611003096054,0.394809619529531,0.28428494019810374,0.5878137562849043,0.8998298896457366,0.45265866678844285,0.990621549694984,2.011222954265486,21.56704094498087,163.35662124564917,0.052711033820546586,3.7643503860229752,0.08507695579081119,False,False,False,0.005076170376414077,0.0,1,False,0.0016393600089941174
550,True,0.29590831858976996,0.3716942177429776,0.2706463522053674,0.5543923302774675,0.8895272270567651,0.4515281247493897,1.2053859358317534,1.9176227512060675,8.747825273257863,683.196727718109,0.0444695847619459,3.0009227249317263,0.12897932413461888,False,False,False,0.005584122983702552,0.0,1,False,0.001656222011661157
551,True,0.26964504461853556,0.3315177989160812,0.24902079318602033,0.5179147685145935,0.85350957786251,0.45063557424180384,1.3788013503171526,1.0824413297044069,85.12983138196314,2517.587120538315,0.02796248268600122,0.1639898875755684,0.20764930790616493,False,False,False,0.015423224694761503,0.0,1,True,0.0012414269731380045
552,True,0.2678902425118084,0.3280158066334093,0.24784838780460805,0.5265754393381604,0.8241691633427064,0.4499889445233491,1.4015036559678526,0.9102610485140588,8.88342493869591,2671.4475770778045,0.024719964618935074,0.021589993923148188,0.32608674037543345,False,False,False,0.022427104415718477,0.0,1,True,0.0004410940164234489
553,True,0.2875038112613724,0.35536448035043017,0.2648835882316865,0.5823022414222094,0.8250164991800429,0.4488012834960747,1.298035918742354,0.8155031847734051,10.213386326445224,227.12372967076763,0.022469685010549315,0.09105597960882221,0.556179274313287,False,False,False,0.025874616963002764,0.0,1,True,0.0004415649746078998
554,True,0.2685772301639585,0.3206817388121146,0.25120906061457315,0.5733359769882906,0.8448193338368878,0.4482041442689056,1.4075180922137716,0.8133212353927887,15.610349841411692,212.89519617644166,0.018931313390551305,0.06377050761205855,0.8509846031426833,False,False,False,0.027303169545337264,0.0,1,True,0.0004364349879324436
555,True,0.2528194064684396,0.29215114452857793,0.23970882711506017,0.5656295333146386,0.8652744167412346,0.44770339188525593,1.4900735718376341,0.6728276690276471,10.6704576559479,396.10824605978104,0.017148576996290636,0.01773764717078287,1.0119342372829951,True,False,True,0.027317299572261956,0.0,1,True,0.0004259950073901564
556,True,0.25086219699543133,0.28674470187434387,0.2389013620357939,0.5784737543541582,0.8808581798616135,0.4473169267580574,1.490178720896232,0.6361834391623452,7.413955779984188,131.95406963129668,0.01590532902140189,0.008296197361838563,0.9396182592679828,True,False,False,0.02634052042256104,0.0,1,True,0.00042917198152281344
557,True,0.24530970962873833,0.2858339616867127,0.2318016256094135,0.5614129522783297,0.9067829119072112,0.4471025078422164,1.4773545280007128,1.095153846424629,20.92239542966706,580.5905503916943,0.026471543339644594,0.044797915833135436,0.9817811467738212,True,False,True,0.02551918865410155,0.0,1,True,0.0008394070027861744
558,True,0.24113574292165782,0.2822092051796681,0.2274445888356544,0.5495664373359779,0.9218368443111523,0.4465199986969482,1.4767949629131503,0.5902806665778264,18.98950440318891,1141.4549488183354,0.017057300564358387,0.03389579386382796,0.8647352154377008,True,False,True,0.02386246185324692,0.0,1,True,0.0008360210049431771
559,True,0.24052290908936366,0.2822050695724657,0.22662885559499626,0.5444559569965868,0.9302666229716483,0.4458029611307804,1.4667060466966417,0.4237350519011679,8.944455008137878,328.49718552065667,0.012754020103686781,0.029146238139819074,0.6423839006170221,True,False,True,0.022469593721760994,0.0,1,True,0.0008310409903060645
560,True,0.24514618551658862,0.29021924100530017,0.2301218336870181,0.5496429783469736,0.935589820019782,0.44494340237703256,1.4284392384456377,0.4000754003717254,5.594174523355877,116.5213695997237,0.011169944545021501,0.02580678115340897,0.5398230714091751,True,False,True,0.021145042341294183,0.0,1,True,0.0012471580121200532
561,True,0.2507611767614006,0.30049941389359053,0.23418176438400395,0.5527801843073495,0.9334038268550149,0.443989612906592,1.382145814566263,0.4205252176629918,4.486307496223497,80.40773841417035,0.010912083030501823,0.022139934139720385,0.5304790875155819,True,False,True,0.019986012243993385,0.0,1,True,0.0012294339830987155
562,True,0.2551824408973005,0.3093609086004898,0.23712295166290412,0.5512995378116737,0.9206041046759166,0.4430152090604706,1.3399830835013626,0.45784555841411867,2.6654290879396076,62.153438029811674,0.011065213147751623,0.020135413859165164,0.5271131579785139,True,False,True,0.019002321408045676,0.0,1,True,0.0012373090139590204
563,True,0.26476850942292185,0.32587465216599854,0.24439979517522956,0.5615124902321222,0.9040232130058348,0.4420190235545844,1.2652977439654534,0.4623764995968256,2.8906058467341995,62.35143781749844,0.010982021441974587,0.012538847327943735,0.4996070309635383,True,False,True,0.018401258193586165,0.0,1,True,0.001251395995495841
564,True,0.27724720206022874,0.34664514857870454,0.2541145532207369,0.5816914446797217,0.8956058862143899,0.4411066546687951,1.168753501100163,0.4766305518881012,3.097958872453268,43.03693358190454,0.012023714381872138,0.004492486847424914,0.49120210828290034,True,False,False,0.018267502007349196,0.0,1,True,0.0012454350071493536
565,True,0.298177273044669,0.3806726816188336,0.2706788035199475,0.6255065793833446,0.9075208037363536,0.4402880807782682,1.0029550909557747,0.4926360002338709,2.352173982284068,53.325875880236104,0.01363532627195944,0.0062960092424658365,0.4754968773375952,True,False,False,0.01848534645723459,0.0,1,True,0.0012261579977348447
566,True,0.3314556933874474,0.435483495479564,0.2967797593567419,0.7056994198514759,0.9502250286106024,0.4396616433443683,0.7179384871100984,0.41395735830667507,7.21762710135506,203.02092301577179,0.014572415648151135,0.012673695517688243,0.22703396485712748,True,False,True,0.019096996759392207,0.0,1,True,0.0008268030069302768
567,True,0.3811371811840448,0.5160003351296558,0.33618279653550776,0.8294596078529994,1.014076255228273,0.43932621588056103,0.20274062773134308,0.3529944072209395,7.743970030508415,127.72262160551891,0.015383672675308468,0.015293910835902595,0.13380908494778912,True,False,True,0.019151199854994028,0.0,1,True,0.00043036299757659435
568,True,0.4115179161635838,0.5632875740539155,0.3609280302001399,0.9030873334189385,0.9960131446918417,0.4391657402204386,0.31702447048592547,0.40291657684045534,4.543129252438589,299.6485613227281,0.017345942204719484,0.01102575626354291,0.0869899326733884,True,False,True,0.017954707314637178,0.0,1,True,0.0004251140053384006
569,True,0.4148797776250421,0.5694299662242384,0.36336304809197656,0.91071458102796,0.9760538151927209,0.43933146576040555,0.5118603109050566,0.450963791553095,5.3415097200845025,142.40672711577807,0.019074278422484083,0.023132146114776476,0.058162490669278484,False,False,False,0.014622835540652529,0.0,1,True,0.0004428779939189553
570,True,0.41100869169133647,0.5635145709160795,0.3601733986164221,0.8972406772745833,0.9389024494494322,0.439589449235776,0.47892767383344803,0.5368132079447226,4.3037867561509096,57.290769383612165,0.019367570794099457,0.05731952122893238,0.016649243152074625,False,False,False,0.012757414673038472,0.0,1,True,0.0004300529835745692
571,True,0.4058651449296551,0.5550931080051691,0.3561224905711505,0.8742437589886216,1.0460694179116004,0.439945764506107,0.42715021097262507,0.512770966052878,3.905456845154234,156.3330152844447,0.01766720604883058,0.15775875168569778,0.02303136922556603,False,False,False,0.015287207357131778,0.0,1,True,0.0004279389977455139
572,True,0.3998601784765716,0.5443862242296003,0.3516848298922288,0.8428653788691355,0.9435071745467134,0.44051514965798205,0.4343910381827054,0.33228868062998335,9.191605153060864,237.0621189033621,0.017592850247566884,0.49292647433319836,0.017063230696749723,False,False,False,0.01526849486861794,0.0,1,True,0.000430373998824507
573,True,0.39283537579746003,0.5310866042287753,0.34675163298702155,0.8026853092889091,0.9260274833061584,0.4410288291620554,0.6042533987635161,0.48246936181039046,15.583645954583588,244.7042351916611,0.020001818971678763,0.9944169306129473,0.02233192911742334,False,True,True,0.014051209533546374,0.0,1,True,0.0008282159978989512
574,True,0.3792688982963979,0.5063351466417225,0.33691348218128964,0.7536079402175403,0.9175275365546494,0.44147146672686816,0.7233594006425663,0.8741765375174142,15.018097044067341,164.4247110012757,0.022568250904035914,1.5836506883928203,0.020405588489119535,False,True,True,0.012096741911108265,0.0,1,True,0.0008356900070793927
575,True,0.36251231112159515,0.4773907316233,0.3242195042876936,0.7092856374835781,0.9257392520570347,0.44209108950416104,0.9367304873697627,0.6940663432803642,7.451104248360796,642.9607205000261,0.023379103921533886,1.759810608755602,0.02873969045419611,False,True,True,0.01647489462210941,0.0,1,True,0.0004359649901743978
576,True,0.3413149143283778,0.44268730271991524,0.3075241181978653,0.67106721414638,0.904013926493122,0.4424542734265319,1.1491817587395425,0.8499553476032846,5.361779573931255,366.08995043909533,0.024678869608480654,1.9108174733892174,0.02323458675437239,False,True,True,0.02168985635157892,0.0,1,True,0.0004254039959050715
577,True,0.3187573779354121,0.40695786323265354,0.289357216169665,0.6409472477821159,0.8250448834953855,0.44270071942134415,1.3328035037184163,0.7976463780540914,2.8809092414004955,218.68498417197623,0.02465911978922535,1.935587392747247,0.015869601017325013,False,True,True,0.022756362547637465,0.0,1,True,0.00045231502735987306
578,True,0.28458554181579976,0.35517127071271093,0.2610569655168294,0.5867574346821001,0.8116979844609056,0.44286948987634395,1.728502019311758,0.6557366948797672,6.9891882128181875,140.82353559281242,0.024097822892476195,1.8937830597421346,0.016491977738623452,False,True,True,0.020571753894909554,0.0,1,True,0.0004351520037744194
579,True,0.2677843036176231,0.3323029718662111,0.24627808086809386,0.561124772540052,0.8088074530251648,0.44279398559260724,1.802154775805551,0.5041035585298879,10.582846883587727,128.45710436454584,0.02220393084257799,1.7208352313105697,0.013107889915915159,False,True,True,0.020591860834220113,0.0,1,True,0.0004324380133766681
580,True,0.28655510423059877,0.366453933905812,0.25992216100552756,0.6028269142757081,0.8473959578493434,0.4423722476261148,0.8028486859201622,0.6017542760082556,13.171303484682134,93.98607703806246,0.020246304008926446,1.4425078594180942,0.020362312620643877,False,True,True,0.023648814043106016,0.0,1,True,0.00042591500096023083
581,True,0.2658588769940693,0.3421603612922274,0.24042504889468322,0.517174345335937,0.8836359471120538,0.4415288331015204,0.0153364427938498,0.9670790046774416,16.169301359395963,271.32911890075707,0.013851070607754064,0.4300698477871675,0.039047682663819784,False,True,True,0.027643602860947594,0.0,1,True,0.0004248229961376637
582,True,0.27336893813554086,0.35593977368844204,0.2458453262845738,0.49999308220508976,0.837521006787487,0.4405207193490417,0.32057730781067106,0.8757286382076294,7.7824335253472805,565.6867082781571,0.00944216088413074,0.04358987739971522,0.032355101300436666,False,True,True,0.02816788170813901,0.0,1,True,0.0004288900236133486
583,True,0.27696517009445554,0.36122870703509485,0.24887732444757582,0.471798900847944,0.8646406033053722,0.4394116812776926,0.8507781562445531,0.6654326799849052,9.320747266523616,207.12011450176968,0.005967511863447899,0.027093279939741196,0.027393236000542172,False,False,False,0.02607325805472893,0.0,1,True,0.00042590597877278924
584,True,0.27387619125885865,0.35530271801214985,0.24673401567442824,0.44212636487234647,0.8667187896508609,0.4384142555751672,1.0311231153080873,0.519292409623539,7.9560553792602855,104.68133762076403,0.004711906179291548,0.022254206522243608,0.017897349020006868,True,False,True,0.024741351631679877,0.0,1,True,0.00043020298471674323
585,True,0.2715805552972404,0.3496539374349741,0.24555609458466257,0.42682006224737845,0.8611185141534053,0.4376712192237442,1.0756644469925367,0.4792552291038368,5.684714477277179,107.18691419021535,0.005629945088100805,0.0123634854468637,0.00982311996870128,True,True,True,0.024395504446928763,0.0,2,True,0.00042497398681007326
586,True,0.2692466542448155,0.34328273566094225,0.24456796043943996,0.41898977319019487,0.84810813125847,0.4371170486725925,1.150131328219597,0.4266025693284689,3.3473147001432424,109.80675402470919,0.005905858968209902,0.008482690279351897,0.006820972190112354,True,True,False,0.02469585197587293,0.0,2,True,0.0004304939939174801
587,True,0.2682522541058464,0.3396746050267089,0.2444448037988923,0.41789858933322777,0.8500013129400594,0.43649219431554237,1.1771440460540388,0.3123255649293579,3.8059537791784943,107.27535560044065,0.005583740487790624,0.004295229749903566,0.011706368639396933,True,True,True,0.02525959135163062,0.0,2,True,0.0004383689956739545
588,True,0.26849228289603994,0.3391537780091499,0.2449384511916699,0.4233474282063143,0.8464152543107415,0.4358024375984567,1.1537499486935727,0.21212038623591528,3.8160903600786544,38.925091554152424,0.005415688282627459,0.0052781696993184956,0.008349210823911114,True,True,False,0.02588284219219493,0.0,2,True,0.00044491098378784955
589,True,0.2693253838051877,0.34018688616364445,0.24570488301903534,0.43240311630922385,0.8453524262157538,0.4350504068366222,1.0943537399701257,0.17590807166548214,3.290514934113842,28.15947110162639,0.005985358725389823,0.008463952688679935,0.008078406459958009,False,True,False,0.0266579241052785,0.0,2,True,0.0004242919967509806
590,True,0.2695858048356688,0.34015255266335465,0.24606355555977352,0.4407419922650006,0.8540114363234195,0.43431453612067417,1.0576042844969622,0.18935692204558596,2.139809579127993,55.210467257893235,0.006645137622033446,0.0029847504889777255,0.00929273403590923,True,True,False,0.02729094699088986,0.0,2,True,0.00043153599835932255
591,True,0.26975178936770416,0.34031187431990534,0.24623176105030373,0.4512962620875692,0.8596111743838191,0.4336262053238812,1.0506880256594966,0.19570701864132553,1.8262604954748656,56.283064053234085,0.00665360763875894,0.005265914513944118,0.010387608331744128,True,True,True,0.02789625517328123,0.0,2,True,0.0004252640064805746
592,True,0.26986164595986656,0.34112510466499124,0.24610715972482503,0.4623948654726313,0.8545117295576633,0.43303228509433994,1.0813642463222466,0.20376487667371523,1.6507114244575334,40.06552889119713,0.0064717696662360095,0.005647753637650138,0.00857720753063012,True,True,False,0.02831699155813778,0.0,2,True,0.00123257000814192
593,True,0.27071253116503113,0.3430923457605889,0.2465859262998452,0.4771992912859991,0.8492175300280778,0.43234994214031386,1.1017257521390398,0.16139020409365215,2.3585745643197455,95.72073263645316,0.005806851944769443,0.005952067770877752,0.006322244602284827,True,True,False,0.028737978651767006,0.0,2,True,0.0004315859987400472
594,True,0.27198769627601627,0.34571437682108863,0.24741213609432547,0.49431824189798335,0.846474976164423,0.4316033402018706,1.125477194027839,0.1648043300500101,1.0471433011108364,52.54605379464139,0.005850006597696347,0.005220343091095362,0.007186031725993997,True,True,False,0.029180061193347907,0.0,2,True,0.0004261959984432906
595,True,0.2733654023736145,0.3485063415592721,0.24831842264506196,0.5103382986511804,0.8435183342532754,0.4308000924250742,1.1593016378566323,0.1541546083012602,0.7634268074017714,21.302319517456866,0.005749502467912744,0.003962370885595866,0.007308431353677019,True,True,False,0.02957012417400976,0.0,2,True,0.00043609499698504806
596,True,0.27474576217911817,0.3514602051147067,0.24917428120058863,0.523232527682534,0.8493689396574173,0.4299650299572442,1.19604275672064,0.12949179204583566,0.9275308731817099,21.210910970760583,0.005555888941338405,0.005665325498578492,0.006145792524689562,True,True,False,0.029905910023565255,0.0,2,True,0.00043682599789462984
597,True,0.2758910984242,0.3542347885650156,0.24977653504392813,0.5323183805145253,0.8713711841134313,0.4291153356626988,1.2388487698291486,0.11076480896763459,0.8046765827649155,15.07748920872148,0.00558203634765829,0.00715573645329096,0.005535426424906706,True,True,False,0.03019456546955826,0.0,2,True,0.000835901009850204
598,True,0.276726175250312,0.35664028963742034,0.2500881371212759,0.5362903404334453,0.892836906763399,0.4282382942022351,1.2867488252130455,0.07447942075858001,1.3637617111502163,22.058713329424172,0.005536749793533608,0.010598409837446105,0.005078104311494282,False,True,False,0.030457782843838148,0.0,2,True,0.0008228550141211599
599,True,0.2771589417228177,0.3581879135995048,0.25014928443058865,0.5359091407954997,0.9096778138796959,0.42733162857667395,1.3430021214737076,0.05198143702461257,1.295916261788167,29.058480453762712,0.005409008716442998,0.00987846207806128,0.0049665287622530935,False,True,False,0.030720429281428138,0.0,2,True,0.0008377640042454004
