source_frame_idx,valid,rf_kpe_all_m,rf_kpe_targeted_m,rf_kpe_untracked_m,bone_direction_error_rad,bend_plane_error_rad,root_translation_error_m,root_yaw_error_rad,joint_velocity_rms_rad_s,joint_acceleration_rms_rad_s2,joint_jerk_rms_rad_s3,pose_jump_rms_m,left_foot_speed_m_s,right_foot_speed_m_s,left_source_stance,right_source_stance,foot_skating,ground_penetration_depth_m,joint_limit_violation_rad,self_contact_count_diagnostic,artifact,solve_time_s
0,True,0.3332068870831628,0.4978026635966439,0.27834162824533576,0.8453301688721413,0.8608670739667633,0.0,0.0,0.0,0.0,0.0,0.0,0.43426664400851844,0.18781681532997965,True,True,True,0.0,0.0,0,True,0.0025225300050806254
1,True,0.3408525587114931,0.5090603278356965,0.2847833023367586,0.8639382421152001,0.8718409516795934,0.0063291467638951085,0.27136589746631046,1.0797493769647672,0.0,0.0,0.04784303233367504,0.43426664400851844,0.18781681532997965,True,True,True,0.0019339601102496742,0.0,0,True,0.00041957301436923444
2,True,0.34979570658151055,0.5232114830904057,0.29199044774521216,0.9027332246813926,0.9759582864643772,0.007354721257102694,0.5033304279912458,1.3705534735943787,17.593159727139135,0.0,0.04326866833491693,0.07930314041641956,0.10093636011266567,True,True,True,0.0028192099199564145,0.0,0,True,0.00042465198202989995
3,True,0.36070073245076095,0.5398268717247618,0.3009920193594272,0.9596017233870582,0.898252645289416,0.007479923512656938,0.6836907075786147,1.7157322621779536,17.6959893510966,232.2631216813227,0.039812709044942815,0.11114827227705429,0.07437664422779447,True,True,True,0.0026251783826472756,0.0,0,True,0.00041305102058686316
4,True,0.3722489140484375,0.5576914049272053,0.3104347504221816,1.0204952337189261,0.8035711650528018,0.007232609746912583,0.8091475825423275,1.9915703590938485,17.02215915741359,304.4823149224188,0.035340609165446964,0.0994550101658639,0.026450505301617196,True,True,True,0.003376456372219812,0.0,0,True,0.0004199639952275902
5,True,0.38124398220386885,0.5765009105447352,0.31615833942358,1.0765299457912338,0.7479853258987008,0.007111388890898788,0.885092617567466,2.144314161926862,21.34828489732259,438.7061150017984,0.02835622026297997,0.07207143131209272,0.007834216086095226,True,True,True,0.005390634860633044,0.0,0,True,0.00041296097333543
6,True,0.3856253333428612,0.5956336417647564,0.3156225638688961,1.1310809206717996,0.7323331676743419,0.007365040221894891,0.9262939120929201,2.279963537572264,24.130704300846656,367.7634487911107,0.024767720971866462,0.0336278436518312,0.01250419185500356,True,True,True,0.007400017076250777,0.0,0,True,0.00042062500142492354
7,True,0.38702664931493314,0.6129507039178732,0.31171863111395326,1.1868487904101004,0.7535612631516007,0.007757607621159035,0.9505197011148978,2.3712168926062405,18.24172350658875,365.6214699144894,0.02524054319900388,0.01822675159372914,0.016377974195854877,True,True,True,0.009748870432176622,0.0,0,True,0.00041345201316289604
8,True,0.38809714931342826,0.6266721909628599,0.30857213543028433,1.2440178439085166,0.7879210612111834,0.008170018302167202,0.9639670362389812,2.383562555042846,15.279273150855925,351.7154735733932,0.023144305804911416,0.03725752607253515,0.0475511783733043,True,True,True,0.013789671687526572,0.0,0,True,0.00042468300671316683
9,True,0.38983449452441193,0.6362926851608821,0.3076817643122552,1.3004125040980297,0.8065704002687838,0.008765770589460924,0.9704038327658426,2.2850190564352975,11.05694998697539,293.0349071066161,0.01981920470379593,0.042143289538027394,0.052940439475626516,True,True,True,0.017998228651547397,0.0,0,True,0.00041139801032841206
10,True,0.392174160657672,0.6429168354204742,0.3085932690700714,1.344501198810963,0.8057367768864674,0.009258417839270899,0.9730130150309835,1.9431315382497654,16.426548763419962,538.2093885664889,0.015578971772311235,0.012740453603095989,0.018822390081687613,True,True,True,0.01998253345935961,0.0,0,True,0.0004259049892425537
11,True,0.39400017467812365,0.6465890615900111,0.30980387904082785,1.3706216162669314,0.8026208735840845,0.009419872650255255,0.9743690848043722,1.4754356106293414,16.328158035242264,305.8230229185654,0.010056750003094386,0.000916414628586736,0.00482936434265612,True,True,False,0.02050849172625615,0.0,0,True,0.0004125399864278734
12,True,0.3950718389830665,0.6482530812630557,0.31067809155640363,1.3839518209341726,0.7979837027345359,0.009492581510389791,0.9766481144755521,1.0321914120435436,13.855112976328778,213.51661863271283,0.006178913803052422,0.0017916522991605227,0.001184997211189613,True,True,False,0.020669780789821207,0.0,0,True,0.0004225189913995564
13,True,0.3956759676853347,0.6489413227297423,0.3112541826705321,1.389653105716537,0.7911655938876545,0.009547632704428072,0.9794290910718597,0.7055761032878611,10.09527173474256,132.5607523980254,0.003929912716799308,0.0017445999801778975,0.0007490724099080339,True,True,False,0.020737438476965,0.0,0,True,0.00041233000229112804
14,True,0.39602384867999174,0.6491969025390419,0.31163283072697495,1.3916740701014376,0.7810680828752609,0.0095958618997059,0.982335211065313,0.48844845120688435,6.806007863722229,101.44544752151428,0.002581303116108831,0.0014261094614715086,0.0006138289275302078,True,True,False,0.02077930416320902,0.0,0,True,0.00041821098420768976
15,True,0.3962186069191138,0.6492472247242521,0.31187573431740107,1.392032286341526,0.7673440760737622,0.009639264379227169,0.9855996643507455,0.3490966170707841,4.491030262042197,70.37016664804585,0.0017414903716383892,0.0011446543321151916,0.0005654177984575232,True,True,False,0.020815682561923683,0.0,0,True,0.0004178300150670111
16,True,0.39632563993382197,0.6492290337344768,0.31202450866693704,1.3918397692498345,0.7513403811945818,0.009674703359528252,0.988769656058301,0.2610268123418138,2.9791080665779734,45.946818704247654,0.001175674785513422,0.0008480711521824423,0.0003738141459717762,True,True,False,0.020852621032812726,0.0,0,True,0.0004195829969830811
17,True,0.39639135015163757,0.6492045231173087,0.3121202924964139,1.3915861724519292,0.7334971631234686,0.009699788172217798,0.9911455685872836,0.20552475229799963,1.9961232131621425,30.04096049807304,0.000796644102993879,0.0006846441026350789,0.000327642386359751,True,True,False,0.020891155670948118,0.0,0,True,0.0004138629883527756
18,True,0.3964313393251958,0.6491811778751427,0.31218139314188015,1.3913714609067833,0.714377494913701,0.00971808679872171,0.9930856327741577,0.1696556006653562,1.3594489941854948,20.10702518253538,0.0005523173300327142,0.0004116896423301901,0.00027472449058418244,True,True,False,0.0209340983829625,0.0,0,True,0.00042762901284731925
19,True,0.39646193598803614,0.6491940078561242,0.31221791203200683,1.3913531558196344,0.6947568836935283,0.009728338026285758,0.9937796042289138,0.14618061143986527,0.9532892535393337,12.83978401423849,0.00039182069736373845,0.00021439801771319,0.00032332933337390863,True,True,False,0.020987185323714956,0.0,0,True,0.0004161969991400838
20,True,0.3964805932754997,0.6492051683950509,0.31223906823564934,1.3912503868532935,0.674836712275839,0.009733579433142717,0.9946383145910624,0.12912672501916594,0.6892029307124333,8.998202190635718,0.00030186341516562283,0.0003267953737195073,0.00031608831897647437,True,True,False,0.02104227040655112,0.0,0,True,0.00042279899935238063
21,True,0.39649058218655614,0.64922134825091,0.31224699349843826,1.3910659588479417,0.6517914798214428,0.009733139578922806,0.99530836082518,0.11609446828299229,0.5185741217611307,6.690988073071003,0.0002481199906518889,0.0010193834124921236,0.00025924687564319877,True,True,False,0.021090841927202453,0.0,0,True,0.0004154859925620258
22,True,0.39649436855069964,0.6492567948231499,0.312240226459883,1.3909566665970448,0.6222886551773991,0.009728109250128193,0.995612451141004,0.10741503097341845,0.41014778884968706,4.941648036511663,0.00017464514331465975,9.516613500455525e-05,0.0002725660391879068,True,True,False,0.02113657635542532,0.0,0,True,0.0004273979866411537
23,True,0.39650581406210383,0.6493248496551036,0.31223280219777044,1.3910498975202994,0.5780037506275197,0.009717050532243896,0.995288547224439,0.10125614043675556,0.33163123653947474,2.900679418387921,0.00012722539913607024,0.0014080080210816884,0.00029134774846399,True,True,False,0.021177755462174402,0.0,0,True,0.00041435399907641113
24,True,0.3966188727355462,0.6494617821360604,0.31233790293537483,1.3894464988877104,0.6801180039390009,0.009700684862626601,0.9938218395241856,0.880335344602637,23.524569236106924,708.1870549053484,0.0010054677816863035,0.0019562849557131323,0.002019593538490469,True,True,False,0.021199047954745344,0.0,0,True,0.004335558012826368
25,True,0.3966366767273704,0.6495651128316932,0.3123271980259294,1.3884387954211135,0.6691163405976838,0.00968072001871999,0.9924851589983497,0.7619863059199345,7.989306567539766,858.2206541292567,0.0006858912947350984,0.002938257127840794,0.0032094719598879983,True,True,False,0.02111277176229192,0.0,0,True,0.004346328001702204
26,True,0.3966266101214287,0.6496424719427417,0.3122879895143243,1.3875468326118798,0.6368281790093655,0.009660118681261166,0.9915223678184502,0.7099471815236128,2.3476209371138452,182.3954058903133,0.0006454140115712262,0.0016890620248050721,0.002332587691509545,True,True,False,0.02094540349221772,0.0,0,True,0.004341529012890533
27,True,0.3966263185055303,0.6496810987180281,0.3122747251013643,1.3877343498255545,0.6323108415913128,0.00963772323225177,0.991142783301229,0.12649064377863295,17.509267373023835,483.31959976569016,0.00021223035200247276,0.000648747309965433,0.0007326035807790118,True,True,False,0.020915177923402486,0.0,0,True,0.0008140989812090993
28,True,0.39662643460008806,0.6497082717867275,0.3122658222045415,1.3878487307811627,0.6255179111750853,0.009614095868824786,0.990803095576311,0.12543576893388783,0.056402591309002485,524.2979762147417,0.00022727007823775044,5.227178138629444e-05,0.0004822419856376982,True,True,False,0.020875915988753053,0.0,0,True,0.0008047919836826622
29,True,0.3966248182208895,0.6497281953828034,0.3122570258335849,1.3879060308689337,0.6173677562710506,0.009589285032930361,0.9904891864137049,0.12474816617123033,0.050577271529750285,1.2220603565429513,0.0002504382950909272,0.00029132853423478156,0.0004801720948450529,True,True,False,0.02082804458804107,0.0,0,True,0.0008079370018094778
30,True,0.3966181257399855,0.6497416663822083,0.312243612192578,1.3878533099959132,0.609333020331035,0.009562841934805826,0.9902180828918821,0.12386629039443761,0.053263886186132516,0.4118491415651733,0.00027042264817198763,0.00028750012226160985,0.0005558059785503475,True,True,False,0.02077119580644217,0.0,0,True,0.0008155019895639271
31,True,0.39662466289471554,0.6497755688163243,0.3122410275875125,1.3877962367434722,0.6043340881335078,0.009535011232735747,0.9899222978495703,0.12322400375319369,0.04911680050418931,1.5735826754950697,0.00028577113911470645,0.0007615663158286246,0.002476698518552253,True,True,False,0.02071128477651378,0.0,0,True,0.0008371819858439267
32,True,0.3966243717056331,0.6497982641323536,0.3122330742300596,1.3878211436249959,0.6021999379852399,0.009506927054457595,0.9895706486316351,0.122330777348309,0.07612432671246622,1.9067503693951169,0.0002788422205788276,0.0005687631333850538,0.0013573372087225778,True,True,False,0.02066433261677937,0.0,0,True,0.0008198809809982777
33,True,0.396619353715762,0.6498137880674644,0.31222120893186117,1.387865465996039,0.6008959105334886,0.00947938333777718,0.9892403057939583,0.12124069830679035,0.08501443624421944,1.56272967895915,0.0002548521142162196,0.0005617394684122609,0.0008496476672328547,True,True,False,0.020624534095764882,0.0,0,True,0.0008159030112437904
34,True,0.39662642749726423,0.6498377394452197,0.31222265684794576,1.3880136971956183,0.5973748436747779,0.009452919224438116,0.9890104646743452,0.061005894953807246,1.8146070076298622,53.44880724907819,0.0002153624305882026,0.000513851947849,0.000880775889548704,True,True,False,0.02061375111966475,0.0,0,True,0.0004152650071773678
35,True,0.3966429807491119,0.649866220110241,0.3122352342954021,1.388089123503809,0.5942542037062813,0.009427171668672213,0.9888271723186486,0.06000078212832737,0.10182592384336227,53.32436494991079,0.0002112631866660054,0.0004858400922213867,0.0010771336948686534,True,True,False,0.020608870492994223,0.0,0,True,0.0004214470100123435
36,True,0.3966648688790012,0.649888751118972,0.31225690813234414,1.3880610079141809,0.5919136786205007,0.009401955727910135,0.988715216575397,0.059024303563386005,0.08295462932796907,1.6453736472209544,0.00021715319874413618,0.0005222298509381472,0.0014450594718781518,True,True,False,0.02060988735657142,0.0,0,True,0.00041348201921209693
37,True,0.3966752404024398,0.6498886509446512,0.3122707702217026,1.387878472144112,0.5883341755088569,0.0093768167859727,0.9887141358237155,0.057759434282767703,0.06455669755370849,1.9192081612299576,0.0002175638628672356,0.00012418999698675522,0.0002694083704350039,True,True,False,0.02061204583403193,0.0,0,True,0.00041676798718981445
38,True,0.39669118897008376,0.6498899995330717,0.3122915854490878,1.3876610375803646,0.5863002662939855,0.009351161287205251,0.9887236103478039,0.05615032113301964,0.09429200198690356,1.4405076481627164,0.00024126184215962434,0.0005495056404577965,0.0009731651178030605,True,True,False,0.020615465546542186,0.0,1,True,0.0004229199839755893
39,True,0.3967147640363143,0.649908121676845,0.3123169781561374,1.3875071888230126,0.583014317440243,0.009324592320408491,0.9885800218136442,0.05502571243955892,0.11761946814894284,2.7597274894454182,0.00023207730772251633,0.0009086823736274728,0.0012251820249424368,True,True,False,0.020620339999083054,0.0,1,True,0.0004161469987593591
40,True,0.39674072152820644,0.6499347917055858,0.3123426981357466,1.3874593295261168,0.5799700655994584,0.00929659482304757,0.9882815590630674,0.055045818358096486,0.0991761820036916,1.7524629876356608,0.00021341636876361542,0.0005344159614698464,0.0005750419471187056,True,True,False,0.020621354936511564,0.0,1,True,0.00042371099698357284
41,True,0.3967709353641256,0.6499790919895684,0.312368216488978,1.387524146396788,0.5797631528690024,0.009266612792918382,0.9878779053783757,0.05575769408024326,0.07387349117650532,1.6621729850639198,0.00020492629635918618,0.0014133571697237848,0.0008326104765060151,True,True,False,0.020618078266313088,0.0,1,True,0.00041947298450395465
42,True,0.39679939766158556,0.650040678485309,0.31238563738701114,1.3877035801790962,0.5807540024664666,0.009234739576648521,0.9871588647368468,0.05661422980405066,0.06240191185597263,0.967194080594516,0.00020806739916726113,0.0006893071682010196,0.00036340710423731046,True,True,False,0.0206064894007214,0.0,1,True,0.0004233710060361773
43,True,0.39681531761704086,0.650094144604358,0.3123890419546019,1.387942686048537,0.5832686466624106,0.00920202447051879,0.9863926037225832,0.057371104804140476,0.045170225124746714,0.6970406579968943,0.00022476379215027352,0.0004629899489330728,0.0006483838551872264,True,True,False,0.020588356376148247,0.0,1,True,0.0004146140126977116
44,True,0.3968315060158323,0.650131717021094,0.3123981023474117,1.3881129534190748,0.581654307663527,0.009169313252811511,0.9857253111699926,0.056439933941046364,0.0624430985573784,2.658664546067011,0.0002253521509330947,0.00035033385225254635,0.0010451721504880045,True,True,False,0.020564132761687788,0.0,1,True,0.00042172701796516776
45,True,0.3968414468440314,0.6501554840501962,0.3124034344419765,1.3882817302177126,0.58114949202362,0.00913640355432202,0.9851417020175945,0.057045531157521555,0.05662542744735282,2.176156995564173,0.00025071271784972925,0.00023720688938557854,0.0011142834747248967,True,True,False,0.020540597815853948,0.0,1,True,0.0004169480234850198
46,True,0.3968605605442847,0.6501878797348362,0.31241812081410086,1.388445930131005,0.5788860949890668,0.009103436395532034,0.9846574778669326,0.05595679417695197,0.06130180204241457,2.2832275937852096,0.00025768642940227033,0.0005114152093985214,0.00056507818848404,True,True,False,0.020521670212003143,0.0,1,True,0.00042341998778283596
47,True,0.3968859796352041,0.6502260291177893,0.3124392964743423,1.388628334339471,0.575543092148227,0.009071097584697981,0.9842121337895287,0.054659623160633046,0.07280603341617907,1.4340427326588427,0.00025920155340075694,0.0007036200346572152,0.0005676864333125345,True,True,False,0.020508896106628823,0.0,1,True,0.00042133699753321707
48,True,0.396917516778789,0.6502638174689913,0.312468749882055,1.3888410791190369,0.5725156774501298,0.009041062489936877,0.9837374782431403,0.054040333899038874,0.05840931505784805,0.8847576366388996,0.0002570522239093129,0.0005528402028466298,0.00041371944852033784,True,True,False,0.02050044746060889,0.0,1,True,0.00042175702401436865
49,True,0.3969483632439919,0.6502952916750516,0.3124993871003053,1.3890077812639392,0.569244142501539,0.00901302628700352,0.9832913486275878,0.05254860760862254,0.07183839967137957,1.3620616477150767,0.00025450619834144477,0.0004306833316189195,0.0005204149501074841,True,True,False,0.020495655716537296,0.0,1,True,0.00042059499537572265
50,True,0.3969841949325856,0.650314910397108,0.31254062311107816,1.3889948155733292,0.565537934733923,0.008986715735291766,0.9830230454726911,0.050862737229441436,0.11454567915689857,1.969241251681825,0.0003113794930398923,0.000840700558455893,0.0013656149168654289,True,True,False,0.020493999443138643,0.0,1,True,0.0004262859874870628
51,True,0.3970176528635637,0.6503391671527707,0.3125771481004948,1.388966961941169,0.5606755755074557,0.00896297671199597,0.9827690145165588,0.049878563165799625,0.08256678099801805,4.004551598811054,0.00026273923372358075,0.0006177472744790227,0.0006533427481388406,True,True,False,0.020491977876021618,0.0,1,True,0.00042476298403926194
52,True,0.3970405048669647,0.6503591857889015,0.31260094455965254,1.3889102129910809,0.5596481574604708,0.00894194649349517,0.9826065301129805,0.04999709075179656,0.0834703490331143,1.9682210321267346,0.00022058616423033587,0.0005544292071277401,0.000588341167578594,True,True,False,0.020484297124084873,0.0,1,True,0.00042194800334982574
53,True,0.39704986099943573,0.6503701863060214,0.3126097525639073,1.388769891193939,0.5641140838610201,0.008920759781641538,0.9827867873754208,0.050419359274958726,0.07417030187353597,1.2611222017533212,0.00021426847628020572,0.0002949738582229414,0.00011686899950473365,True,True,False,0.02047476501880248,0.0,1,True,0.00041453298763372004
54,True,0.39704769351647734,0.6503602940986111,0.3126101599890994,1.388617245213406,0.5671833308870786,0.008897808163777662,0.9829291700160041,0.049884124330540854,0.05134264581856672,2.2146543867379647,0.0002119340039976518,0.00022581936915317373,0.00178321691434662,True,True,False,0.020462025597962473,0.0,1,True,0.0004222590068820864
55,True,0.3970443972390839,0.6503534442256536,0.3126080482435607,1.3884842264439556,0.5687380284319477,0.008876291634843155,0.9830749976931925,0.04910458224275119,0.059004738558472714,1.6810318217943165,0.00019425347316888596,9.707537496298628e-05,0.0009298170270821126,True,True,False,0.02044706151620774,0.0,1,True,0.00041940301889553666
56,True,0.3970353064410338,0.6503480536681325,0.31259772403200087,1.3883877759407308,0.5695866506970446,0.008857774506555404,0.9832719308294646,0.04869626030882821,0.08230756446009106,1.4294962629980261,0.0001601304508200358,0.00016251987550263048,0.0012225986825405858,True,True,False,0.020430431102079698,0.0,1,True,0.0004237710090819746
57,True,0.39702484685258216,0.6503377663840938,0.3125872070087449,1.3883543294046172,0.5694997407777009,0.008841195488358692,0.9834622657312353,0.032091323007911475,0.567999466405326,16.761210602085935,0.00015422026075161705,0.0008222725195454173,0.0009097708377670461,True,True,False,0.0204136121845531,0.0,1,True,0.00044171500485390425
58,True,0.3969974491445751,0.6503001480141789,0.3125632161880405,1.388369575544608,0.5691120469699249,0.00882670392431662,0.983614847578324,0.018676393374152635,0.7472740927230315,5.524684151058052,0.00015439360580555176,0.0009828310313550468,0.0013848316601561181,True,True,False,0.020394631438342664,0.0,1,True,0.0004458230105228722
59,True,0.3969619872658272,0.6502521223154692,0.3125319422492798,1.3884383793397181,0.5696906442608456,0.008815377577568822,0.9837595131129868,0.01865253743196709,0.04497709588262946,21.302463435335167,0.00014488114570075967,0.0008344760180066392,0.0026405310455933067,True,True,False,0.02037499935134003,0.0,1,True,0.00044076397898606956
60,True,0.39694598696311106,0.6502318814207282,0.3125173554772387,1.3885189634366553,0.5673695733726603,0.008806695727884483,0.9838746923827357,0.018694513373818784,0.03594753592717369,1.5970259216976015,0.000130988971550179,0.001298323353239329,0.0016462082390528204,True,True,False,0.02035551855672746,0.0,1,True,0.00045324701932258904
61,True,0.3969453519810073,0.650235743395376,0.31251522150955097,1.388611663792332,0.5636409508656268,0.008800772692374512,0.9838456037517755,0.018790165261349648,0.03333308750478059,0.5243843051583436,0.00012561019028426408,0.0017602100271498706,0.0001825603851673882,True,True,False,0.020334596800008146,0.0,1,True,0.0004408530076034367
62,True,0.3969430782693121,0.6502368580787128,0.3125118183328451,1.388735797757254,0.5592440572323262,0.008797927854026347,0.9835649051407476,0.018829650709377137,0.026126048757872916,0.7469573323753932,0.00012605423251506957,0.0012150200085221492,0.0011770746892115257,True,True,False,0.020310622023638335,0.0,1,True,0.00045189401134848595
63,True,0.39694019803009095,0.6502398789372257,0.312506971061046,1.3888882793538806,0.5557610620057529,0.008797457124005531,0.9831142333734262,0.018871470620267467,0.0341819405659383,0.6583118820797145,0.00013928354109347377,0.0014101619940004488,0.0018305696248705021,True,True,False,0.020285370188155072,0.0,1,True,0.0004409940156619996
64,True,0.39693213156264184,0.650230900434223,0.31249920860544805,1.3890207230627618,0.5538234876266647,0.00879924802429338,0.9825195390683873,0.018807771231738414,0.04182116668662848,0.7882918944993134,0.00014897822567837892,0.001281650743775655,0.002142921548908255,True,True,False,0.02025780544172797,0.0,1,True,0.00045009099994786084
65,True,0.3969200450897201,0.6502144824555701,0.3124885659677702,1.3891224539269815,0.5519727068170699,0.008804897992170461,0.9819043753567877,0.018818568298744443,0.05358193212706413,0.7771383461979299,0.00016091321902220754,0.0004328704574680125,0.0010937694917411526,True,True,False,0.020235533038456134,0.0,1,True,0.00044483100646175444
66,True,0.39691164153500663,0.6502030950500272,0.31248115702999973,1.389221896476406,0.5479007880250967,0.008812036192214743,0.9809001598695761,0.01888631506251617,0.06487166332967823,0.834517538227213,0.00017262283181923463,0.0013353668134632585,0.00175840431209048,True,True,False,0.020212493124153998,0.0,1,True,0.0004516039916779846
67,True,0.39689751806079426,0.6501673524560855,0.31247423992903034,1.3892436450260819,0.5444169392153411,0.008821846583254989,0.9801673671542757,0.018840481789825995,0.059565888680627385,3.252109561909815,0.00019265221560142,0.00012148778790756712,0.0004621888924316855,True,True,False,0.020187571481895032,0.0,1,True,0.0004409440152812749
68,True,0.3968853317233666,0.6501183172746668,0.31247433653959983,1.3892624955780728,0.539814174322891,0.008834089247536897,0.9794470908872293,0.01888283891468305,0.04500034339028562,0.8987147565396885,0.0002079014268313781,0.00026399063787953996,0.0003822580780976079,True,True,False,0.020159173243331233,0.0,1,True,0.000442296004621312
69,True,0.39687568871917467,0.6500559721871934,0.3124822608965017,1.3893103665756248,0.5343481651669968,0.00884900066036637,0.9787180508577193,0.01916699431192609,0.0525579412392717,0.45144479333138127,0.00022477737933498037,0.00022819145853784296,0.0008192800873309903,True,True,False,0.02012566649647353,0.0,1,True,0.00044080300722271204
70,True,0.39687051811874174,0.6499780859296163,0.31250132884845033,1.3893946457266901,0.527115595507111,0.008867140002476405,0.977988965497034,0.01980632046067925,0.05907038169193612,0.5030393378804432,0.0002446406622085479,0.00011681160395314729,0.0012789539257823824,True,True,False,0.0200850830095637,0.0,1,True,0.00043732699123211205
71,True,0.3968797148634267,0.6499029432771426,0.3125386387255214,1.389535047396676,0.518060595067696,0.008887360447628832,0.9770332083291247,0.02057473149351671,0.053264471932558274,0.5626697255396215,0.0002623376130042584,0.00018583600525774843,0.0006017232892369216,True,True,False,0.020034579099834818,0.0,1,True,0.00043936099973507226
72,True,0.39689677904605136,0.6498249831736695,0.31258737767017863,1.389641352677604,0.5099861426211922,0.00890981279248244,0.9759911390136413,0.021125520468823718,0.05148277889048876,1.0904697666315086,0.0002791533525057257,0.0001143403143503486,0.0005655990268269984,True,True,False,0.019968451968805416,0.0,1,True,0.0004388099769130349
73,True,0.3969176186614516,0.6497502425097954,0.31264007737867033,1.389750265861053,0.5005200024395391,0.00893411598024413,0.974731276565002,0.021598914155804443,0.05028360775250206,0.8398043340682112,0.0003056193049261244,0.0001053639816802252,0.0006308372782814367,True,True,False,0.01988552176716396,0.0,1,True,0.00044703501043841243
74,True,0.39693404626466466,0.6496778127457857,0.31268612410429086,1.3898071541543287,0.4900151514217019,0.00895889249148847,0.9732242884655498,0.02194863233693696,0.06945305615786729,1.0626049063358554,0.00033961045258795844,0.00023874509527781464,0.0008253753236747681,True,True,False,0.019785263918172348,0.0,1,True,0.0004404119972605258
75,True,0.3969471826936326,0.6496070013045723,0.3127272431566526,1.3897876683917614,0.47789509367300126,0.008983673923925992,0.9715386234642911,0.02215832378191979,0.06553098433589495,1.5650317831587133,0.0003723862212867575,0.00029424041650109634,0.0009026652491527738,True,True,False,0.01967326174801158,0.0,1,True,0.00045063201105222106
76,True,0.3969470523422582,0.6495198065679844,0.31275613426701604,1.3897218124450037,0.46712119707502886,0.009009139904087355,0.9698065396702438,0.02218642180646278,0.05126809099085817,0.9841950791662545,0.0003973773270709279,0.001540082208587555,0.0009735690899315875,True,True,False,0.019554197916410804,0.0,1,True,0.00044229597551748157
77,True,0.3969471036258433,0.6494272573506166,0.3127870523842521,1.389686466837313,0.4605364182903821,0.009036846543567954,0.9683667018605766,0.021802659275598123,0.04611039122316241,1.9356596198787037,0.00040083713851907774,0.0008170074692400442,0.0008854083499871894,True,True,False,0.019442948488481326,0.0,1,True,0.0004491389845497906
78,True,0.3969531857477445,0.6493430841455599,0.3128232196151394,1.3897269818579832,0.45828857529928047,0.009067577687304318,0.9670583390699652,0.021341387799920654,0.06805196430339815,0.9589714990594229,0.00040343104913049583,0.0005531675981593089,0.0007627144578145874,True,True,False,0.019340362458381506,0.0,1,True,0.000441284995758906
79,True,0.39697460248704897,0.6492896610955832,0.3128695829508709,1.38979634355852,0.4564475273373696,0.009099942439159297,0.9658231997526079,0.020951068167319065,0.07319087660019544,0.9535345507175857,0.0004059346020542275,0.0031887168734374407,0.0007294660314625097,True,True,False,0.019245158731935885,0.0,1,True,0.00044565199641510844
80,True,0.39696964333070917,0.6492119232233925,0.3128888833664814,1.3898327039832508,0.45283299444636915,0.009131514936580291,0.9645116206737265,0.02067951564431363,0.06481259800689161,1.775705058878755,0.0004103504675503703,0.00023273430514380856,0.000685174799861883,True,True,False,0.01915286012659661,0.0,1,True,0.00044130400056019425
81,True,0.39694330493291197,0.6491148614529241,0.31288611942624117,1.389785055598046,0.4506220659690314,0.009162670517017635,0.9633638660852619,0.020480171433373145,0.061943456735532004,0.662000681894725,0.00041084766978342663,0.0017368587478780763,0.0006888669880565118,True,True,False,0.01906321234497963,0.0,1,True,0.0004475559981074184
82,True,0.3969236277174192,0.6490419776864768,0.3128841777277333,1.3896419497369132,0.4505953760035075,0.009194426322726993,0.9623535913544721,0.02009086115878094,0.06999070337568884,1.223895563745977,0.0003997632631043332,0.00014919756661397124,0.0006072487189608031,True,True,False,0.01897793595816935,0.0,1,True,0.00043785799061879516
83,True,0.3968946240826721,0.6489674344166925,0.31287035397133217,1.3894779791647727,0.4539776735290719,0.009226755919627678,0.961337414504901,0.01969198180134686,0.08223033396034161,1.3459602252087783,0.00038653139756514163,0.0011428544576733534,0.0005983360665418343,True,True,False,0.018903481902450725,0.0,1,True,0.0004492889856919646
84,True,0.39687608490103354,0.6489258095651574,0.3128595100129922,1.3894206642828517,0.4584726339532499,0.009257909586799964,0.960093445180543,0.019461586987641815,0.053189492848607425,1.402215344782708,0.00037571068710985796,0.0012751377043813655,0.001357477759180369,True,True,False,0.018839436692240565,0.0,1,True,0.0004402920021675527
85,True,0.3968549765309935,0.648889495130747,0.3128434703310757,1.3893875002932743,0.466244916525318,0.009288413169114728,0.9588688654115864,0.019057381954460422,0.04693596674094879,1.5976188825336315,0.0003602557965090883,0.0018818921183142013,0.00039819261458427335,True,True,False,0.01877884652405839,0.0,1,True,0.0004472860018722713
86,True,0.39683026306920677,0.6488470316550646,0.3128246735405875,1.3893469255562727,0.4736869943076658,0.009318726660844838,0.9576976265804127,0.018979832458244063,0.03841451749488989,0.9858849613813945,0.00036747997894387375,0.0002842533615783143,0.0004121739723996787,True,True,False,0.018715468341190776,0.0,1,True,0.0004386999935377389
87,True,0.3968063479427829,0.6487997328880206,0.312808552961037,1.389292523640782,0.48045614331855885,0.009349599619669498,0.9566704444366874,0.018400833588338786,0.04797330655342422,1.401300744985521,0.0003550514478894458,0.0015987418520571296,0.00042248328010011723,True,True,False,0.018648357141919876,0.0,1,True,0.00044855798478238285
88,True,0.3967731946410504,0.6487365091853134,0.31278542312629615,1.3892571368665037,0.48824487868276323,0.009382345877881127,0.9559022355042723,0.017783020548909387,0.0630015611939422,1.027442309120509,0.0003315123649253004,0.0001560213964363684,0.0008503709352369621,True,True,False,0.018583705788802023,0.0,1,True,0.0004358240112196654
89,True,0.39673680023683566,0.6486663366240698,0.31276028810775763,1.3892164846363337,0.49679740756016005,0.009416790373996169,0.9553013585067991,0.017594499729352224,0.040801673239020446,0.9762077863424191,0.0003309316079008413,0.0003605322551849003,0.0013646971304570091,True,True,False,0.018519801002153766,0.0,1,True,0.0004381180042400956
90,True,0.3966999357978422,0.6485927571688582,0.3127356620075035,1.3891776126386457,0.5046842213077769,0.009453464093821001,0.9548563877597738,0.01748024374318331,0.018521198181262542,0.809730216696097,0.00033634429010696344,0.0002416233011812316,0.0010988806828889962,True,True,False,0.018454478312524968,0.0,1,True,0.00044458097545430064
91,True,0.39666596491132705,0.6485137981164497,0.31271668717628615,1.3891159536240183,0.5111033006994705,0.009493607104383048,0.9546763059903404,0.017454997091494687,0.0275075279952819,0.7043181397960259,0.000346729853273426,0.000934660878605546,0.0009585152597877585,True,True,False,0.01838334997095603,0.0,1,True,0.000441994983702898
92,True,0.3966376134129961,0.6484408357727028,0.3127032059597606,1.3890742794397537,0.5163161349020566,0.009536288041641975,0.9547133678990043,0.017339767773206262,0.03916662012089178,0.8916190824064095,0.00034499800696965685,0.0006416927934710242,0.0007956628379868418,True,True,False,0.01831107733061605,0.0,1,True,0.000445020996266976
93,True,0.3966153241551181,0.6483675090188006,0.31269792920055717,1.3889960608514356,0.5215307494668558,0.009582467711241126,0.955008982190618,0.017151868440216808,0.05253465307772981,0.7942730187455295,0.00033910734861733856,0.000622305869303708,0.0006596873563778342,True,True,False,0.018237653669583846,0.0,1,True,0.0004421259800437838
94,True,0.3965945929485314,0.648284322408,0.3126980164620418,1.3888366283633486,0.5297427530774256,0.009632675647967326,0.9555187625434043,0.017065701631468574,0.0730679656616399,1.5851746496266315,0.0003429877473132176,0.0007488177181063433,0.001524900819305528,True,True,False,0.018159775425638833,0.0,1,True,0.0004478160117287189
95,True,0.3965751067059747,0.648194662799693,0.3127019213414019,1.388556300264432,0.5390766402024942,0.009686255053024503,0.9564066252264483,0.017335840980149182,0.11563549546383182,1.9921790937117347,0.00034964048657780595,0.0005102930582137747,0.00152284152279287,True,True,False,0.018080577229760614,0.0,1,True,0.00044172501657158136
96,True,0.39655433767209636,0.648087970920314,0.31270979325602394,1.3881493962793345,0.548475270582276,0.00974255666274861,0.9575356494784506,0.01718545636147952,0.08733769233063138,2.4322115434987,0.00033755532590597524,0.00047137413116300113,0.0010877726470838837,True,True,False,0.017998854303587705,0.0,1,True,0.0004445500089786947
97,True,0.39652908696938266,0.6479661749682074,0.31271672430310765,1.3876347467864025,0.5573758566686082,0.009801011321445098,0.9589290306226619,0.016663529785647356,0.06488076228964987,2.385363326116455,0.00033109008992568515,0.0004962220525743722,0.0007340769331713624,True,True,False,0.0179143825663369,0.0,1,True,0.0004355839919298887
98,True,0.3965071468021723,0.6478439331699491,0.31272821801291334,1.3870372443102872,0.5658093377676153,0.009861067968255779,0.9606084829759591,0.016252106347200135,0.07878572310076015,1.6234068567516917,0.000319014893255927,0.0005332780923793764,0.0003523685883318725,True,True,False,0.017827418509381993,0.0,1,True,0.0004471660067792982
99,True,0.3964925729133987,0.6477361132973591,0.3127447261187451,1.3865178463397163,0.5719474616806406,0.009920934968595856,0.962358666711129,0.015913123592579004,0.056580430623937916,1.6716916464117682,0.00030571768571542466,0.0005882140257580357,0.000506541447127741,True,True,False,0.01774862233369135,0.0,1,True,0.0004383990017231554
100,True,0.39648599918100347,0.6476412813840455,0.31276757177998943,1.386155327413914,0.576173651527035,0.009979974829721764,0.9640101402227863,0.015674120164977427,0.07281674825398163,1.0843740247927411,0.00029039120003659984,0.0005525725613723732,0.0007664835204872224,True,True,False,0.017681782127982833,0.0,1,True,0.0004529360157903284
101,True,0.3964809883620979,0.6475479873194002,0.3127919887096638,1.38588257138709,0.5796206836365848,0.010038801847989758,0.9655143848524836,0.01612804025264668,0.10569305739245205,1.2391824329165888,0.0002879294739299936,0.0005163146921692178,0.0007977036131637147,True,True,False,0.017621077774322452,0.0,1,True,0.00043668498983606696
102,True,0.3964703829269608,0.6474007071743324,0.31282694151117035,1.385260604199937,0.575071108656357,0.01009879051988664,0.9670647065177915,0.018043190444661412,0.19056455413308196,3.761277495860561,0.0003265448936950371,0.0005366003945987106,0.0008585678673069927,True,True,False,0.0175594260096738,0.0,1,True,0.00044437998440116644
103,True,0.39651264674837317,0.6472580365016897,0.3129308501639344,1.3845043604260199,0.5617088819540097,0.010160990483775266,0.968542797028049,0.022277500419773645,0.45171116120312554,13.64987299227617,0.0005278680435226477,0.0005232760138859224,0.000982343508407401,True,True,False,0.017493371499441086,0.0,1,True,0.00043700699461624026
104,True,0.39656185469727917,0.6470596536482872,0.3130625883802763,1.3831771543592417,0.5538277377769392,0.010225720243380634,0.9694653653220555,0.029172636560163428,0.413759975925646,9.311295396351152,0.0007388418043450794,0.000351186089302436,0.000806401014726031,True,True,False,0.017422232535082682,0.0,1,True,0.0004460139898583293
105,True,0.3966652348073588,0.6467818478624622,0.31329303045565765,1.3807164966843901,0.5391072021660744,0.010301931610630196,0.9705506877363794,0.059098762034680175,1.0461713058082993,19.41315235015217,0.0014827146058444813,0.0004749581314135548,0.001103153846327425,True,True,False,0.01732430581026495,0.0,1,True,0.0004376370052341372
106,True,0.3968618254536598,0.6463013763473898,0.3137153084890832,1.3754998642723648,0.4810338361715364,0.010390750220994343,0.9722124282455518,0.11420939933791938,1.6881240150276384,25.444980499473687,0.0029229221999858375,0.001343794612417636,0.0022402881399943026,True,True,False,0.017136329841974496,0.0,1,True,0.0008414110052399337
107,True,0.39706922266861694,0.645325069593144,0.31431727369377455,1.3646714516047806,0.4340149473655861,0.010493339591230163,0.9753156523815463,0.1883657557687092,2.3244311164857576,25.37061018641896,0.004843144349411327,0.0008390410428093738,0.00246948808091606,True,True,False,0.016879585772217674,0.0,1,True,0.0008421420061495155
108,True,0.3972112982880913,0.6435473434139038,0.3150992832461538,1.3462616279613944,0.7159497158311277,0.010623122768908786,0.9800683036377695,0.2657253946850693,2.8494466807947987,57.78422940591,0.00694514878640305,0.0008728076072164131,0.003076191311524558,True,True,False,0.01654816706474891,0.0,1,True,0.0008210419910028577
109,True,0.39726703582832495,0.6405310363320272,0.31617903566042416,1.3179954929030888,0.8650517460367959,0.010801089497364559,0.9848797439283816,0.358049220840063,3.8196935220840538,67.35135480523472,0.009281130637626827,0.0014533185454524825,0.003770016064930492,True,True,False,0.016077908206669503,0.0,1,True,0.00042545399628579617
110,True,0.39726674905473364,0.6358872270288352,0.31772658973003315,1.2782288799046426,0.9083349799621904,0.01103387143722573,0.9903075147672875,0.5073188211938576,5.751848402391361,75.17529709903621,0.012321921015411422,0.001346159057383413,0.005411757808001129,True,True,False,0.015394077351193474,0.0,1,True,0.0004402020131237805
111,True,0.3968179003803142,0.6290597399620619,0.31940395385306514,1.228525159792876,0.9245221793108062,0.011308666996742017,0.9972576904619677,0.6744738086796892,6.845865850074305,84.02873940024485,0.01428664345653413,0.001961234081641382,0.006724309799333689,True,True,False,0.014577877579965147,0.0,1,True,0.0004467449907679111
112,True,0.395284203461538,0.6195072432165608,0.3205431902098638,1.1714758498856435,0.9328820571583321,0.011586699233045778,1.0014896857161881,0.8828323338920571,8.707873320137127,99.99734681882006,0.014829549920542246,0.002308450954943507,0.007180272773470835,True,True,False,0.013723003442607235,0.0,1,True,0.0004380180034786463
113,True,0.3909694999523055,0.6057786979138157,0.3193664339651353,1.1064232740438515,0.9313352094923926,0.011842749305094625,1.0038808017673158,1.1843617739601158,12.429095263909186,161.17268296873303,0.014164668968512914,0.000618845952946975,0.0063667881113041985,True,True,False,0.013044049890056376,0.0,1,True,0.00044713501119986176
114,True,0.38113022614357306,0.5866420822631963,0.31262627410369864,1.0370803458123565,0.9164430930924251,0.012094567493068552,1.0122517826536697,1.5070121032123365,23.794070959410767,685.2427357990696,0.01836463499819417,0.004206542585801673,0.0025021368764852193,True,True,False,0.013318096174233381,0.0,1,True,0.0004405429936014116
115,True,0.36445744844314315,0.558526050259953,0.2997679145042065,0.9769663643699309,0.8097645271833265,0.012424184222928607,1.0215269294399685,1.9504322699229384,22.284731258232675,464.4227760574059,0.032554766000844094,0.013097413312391207,0.015347146318122418,True,True,True,0.014821588614423216,0.0,1,True,0.0004529959987848997
116,True,0.34735572292737193,0.5231826260718341,0.28874675521255116,0.9311685791016201,0.725779830379059,0.012877087818275028,1.0292006291146967,1.8581127990203568,29.119334002123257,966.0636476107052,0.03785545442785905,0.01598016444412737,0.019740902928416,True,True,True,0.016642682000027942,0.0,1,True,0.00044411999988369644
117,True,0.33564890255146257,0.48963465037722287,0.2843203199428759,0.8853344651666655,0.705956030162551,0.013291998156740611,1.0333094860578032,1.4178358631353216,23.76726839855266,767.2152612719509,0.028719209763680736,0.008931109471782678,0.013338031623739364,True,True,True,0.017984561854176975,0.0,1,True,0.00045348700950853527
118,True,0.32663909537536295,0.46032712797968994,0.2820764178405873,0.8426033358517838,0.7035948752754314,0.013667156591323636,1.0279315260866055,1.0613976533382066,12.378515605063908,522.0591441231713,0.02142413880909932,0.005385261074348585,0.00941311757958229,True,True,False,0.019042074472591305,0.0,1,True,0.00045583199243992567
119,True,0.3187832473774813,0.43374573516506126,0.2804624181149547,0.801525517237057,0.7007473033877087,0.014084777026531946,1.016351339445537,0.8930277899852336,6.341648204798318,200.106884103476,0.018440796296973677,0.005307897717764357,0.007609416738640021,True,True,False,0.01993530211287712,0.0,1,True,0.00044889800483360887
120,True,0.3124625126817559,0.40950888687768217,0.28011372128311385,0.7662783320449491,0.6880218431747552,0.014590599295394536,1.0025329077910838,0.8519566264939697,4.526165232268734,140.8173367737977,0.01855265170587428,0.00625016362748582,0.005949478121373955,True,True,False,0.02073530383672622,0.0,1,True,0.00043773697689175606
121,True,0.3079717324921106,0.3871771190414617,0.28156993697566013,0.7360704604540032,0.6766789594196485,0.015205775007363602,0.9924581187383834,0.8730243870941331,4.395373574024157,68.05013026900004,0.01934084283190711,0.006779352540104124,0.003562526406119931,True,False,False,0.021403444331451478,0.0,1,True,0.0004370660171844065
122,True,0.3051486882229885,0.36780375137599586,0.2842636671719861,0.7105495809433756,0.6765459331945243,0.015917237900181343,0.9863252475058448,0.8567561964202393,5.196314203477663,118.7852911718488,0.017877917617483884,0.008347868562522096,0.010034631410800597,True,False,False,0.021806556007118977,0.0,2,True,0.00044682499719783664
123,True,0.3030134975132881,0.35303079268454823,0.2863410657895347,0.686893533944893,0.6818099699601211,0.0167091396079421,0.9797759001516264,0.7908245828346241,9.016738669399643,169.2309296717862,0.013474341799174444,0.010906096683318616,0.01887948587482701,True,False,True,0.021920836504149645,0.0,2,True,0.00044182498822920024
124,True,0.3008353357883588,0.34310951007209534,0.28674394436044653,0.6635847332891507,0.685104198524285,0.01758445370351998,0.9696170204662398,0.7754646644184177,10.532097419087387,126.4853136521758,0.010390033804860125,0.015027382772883208,0.029365128657369104,True,False,True,0.02184453023981618,0.0,2,True,0.00044680500286631286
125,True,0.2995717234692499,0.3378463472475431,0.2868135155431521,0.6473459162932252,0.6934555586727823,0.018537738466888703,0.95774876884933,0.8086721459607916,7.569146222230734,129.10777925573768,0.010417741840907687,0.01984264803475133,0.05140017694987394,True,False,True,0.020965074040991544,0.0,2,True,0.000444459990831092
126,True,0.30003554215154943,0.3362669920267535,0.2879583921931481,0.6434830474833815,0.7145468413282666,0.01957987999365991,0.9603934826210465,0.8073533521696585,5.239066554237469,136.24036696923687,0.010700856756957425,0.024297267765524298,0.08204579054782798,True,False,True,0.019011759327199833,0.0,2,True,0.0004623039858415723
127,True,0.30192610769278416,0.33684550834387744,0.29028630747575307,0.6517937760793768,0.7554624437950079,0.020700740950440263,0.9965584838437918,0.7711527686859926,4.300925333934414,84.98155784895651,0.010418810996857158,0.026303730603891958,0.1189430764739986,True,False,True,0.02072911734579401,0.0,2,True,0.0004410739929880947
128,True,0.30414258159710406,0.33935747843258735,0.2924042826519429,0.6639989641010048,0.7973423096646189,0.02174960926963528,1.0336029401744404,0.6878056732413039,3.8247439682493107,138.38372112081655,0.009113742945741903,0.02056215245481779,0.13894739282930296,True,False,True,0.022806824579025463,0.0,2,True,0.0004486480029299855
129,True,0.30647156605514075,0.343117826862668,0.294256145785965,0.6764492388303645,0.832416398536019,0.022673932678932137,1.0603262087466656,0.5607174689059513,5.069417336462813,72.71626306777657,0.0076047983528097765,0.012886032231014337,0.12644880003664122,True,False,True,0.02389883132310991,0.0,1,True,0.0004413049900904298
130,True,0.3083628723516796,0.34682709332027084,0.2955414653621491,0.6854416655274079,0.8421994183782625,0.02343924950694736,1.0825055383447395,0.4148266521557205,6.036069075009974,57.22166719720604,0.005887603138962279,0.004649150267557569,0.06392557863231815,True,False,False,0.023841421513146874,0.0,1,True,0.0004488389822654426
131,True,0.31040844752581287,0.3504034907884559,0.2970767664382652,0.6919033301937392,0.8532828949796566,0.023925803841381592,1.0466980855667756,0.30941853539977443,5.555984496319632,64.31468056484975,0.005342671041837991,0.01415081880927193,0.10011543632495835,True,False,True,0.022505654209397964,0.0,1,True,0.0004421159974299371
132,True,0.3117733369787081,0.3530205569920827,0.29802426364091655,0.6984749689124585,0.8324397248087523,0.02418107806250295,0.9917188476473302,0.2439510196012236,4.369596633298831,101.7369269336184,0.006504914408789046,0.02272000267000958,0.31350220815681656,True,False,True,0.020308784208154657,0.0,1,True,0.00045268601388670504
133,True,0.3113736444977614,0.3536165861381036,0.2972926639509808,0.7046070860253122,0.8055960711445777,0.024309203137482326,0.9325730803573806,0.37084886159936675,4.575093956959691,216.24163236379292,0.009513726372516861,0.028353710489940665,0.5958270314390012,True,False,True,0.017826958823205404,0.0,1,True,0.000870916002895683
134,True,0.31050081710973887,0.3539369163847734,0.29602211735139405,0.7179995962939514,0.7815127060845088,0.0245274893919194,0.8879830453059621,0.36569378256047574,5.666950212484961,233.44067753268047,0.01281728032215218,0.02603787510558266,0.9082504748987035,True,False,True,0.01515502886312703,0.0,1,True,0.0008672999974805862
135,True,0.31047375354716716,0.3565619179641125,0.29511103207485206,0.7393634384123834,0.7671538519378049,0.024873998573862896,0.877778355827951,0.41079755781658517,3.362783897851591,97.94940886489286,0.014763126812846665,0.023095793116699813,1.0503781486191786,True,False,True,0.012798201626847047,0.0,2,True,0.0008585930045228451
136,True,0.31250660573415256,0.3637145636810232,0.295437286418529,0.7625915525086328,0.748543984074025,0.025310153547219515,0.8653688204666199,0.3751476861315714,3.38728481207731,118.84271750925622,0.016044834049049536,0.018204748026145304,1.1435130790896044,True,False,True,0.010396678251422061,0.0,2,True,0.0004210159822832793
137,True,0.3159202578238991,0.3734425138620509,0.2967461724778485,0.7916322580516568,0.7342652553360052,0.025957999970450733,0.873667586709671,0.46353493879697494,5.762114684365533,224.34896600466996,0.016839168571599884,0.029230221049611555,1.1086025675371785,True,False,True,0.008122115680296348,0.0,2,True,0.0008696549921296537
138,True,0.3198715025885748,0.38481757586154564,0.2982228114975845,0.8152176006128803,0.731713714545676,0.026791729854460627,0.9083084702482729,0.3911392991806189,4.839132540713425,233.551231884958,0.016196586414534694,0.02640176155143932,1.0512622500285131,True,False,True,0.005521476944075858,0.0,2,True,0.0008655969868414104
139,True,0.32394878799866617,0.39673463127689385,0.299686840239257,0.8322164507590588,0.7246706252751469,0.027758448189087525,0.9224846990786724,0.3926762673024597,4.792138382441147,71.99653525914827,0.015369506809258675,0.03224306222921119,0.941233162965521,True,False,True,0.0022009355953174336,0.0,2,True,0.0012815429945476353
140,True,0.32743212899193197,0.4080969473668424,0.30054385620029517,0.8390037140533876,0.7213998134439725,0.028987796894151624,0.9333078516057112,0.45420918162466556,5.703613027306532,43.62299534122712,0.01512636920495681,0.03876116079132213,0.8397660243974717,True,False,True,0.0,0.0,2,True,0.0012854910164605826
141,True,0.3302552201510203,0.41841547269862817,0.3008684693018177,0.8364679730671326,0.7213828344059358,0.030467922297004763,0.9395286116054806,0.5670543472597415,5.548960842284909,43.55416598708354,0.015682171446995567,0.0462771341136821,0.7019240050369259,True,False,True,0.0,0.0,2,True,0.0012790689943358302
142,True,0.3320625627151763,0.4274122760465922,0.30027932493803766,0.8264438760452848,0.7290670138664425,0.03228815502485515,0.947548505588778,0.6758670796850085,4.5388822697244215,48.232661854807276,0.016909641874484703,0.05319470703578247,0.5716882361179118,True,False,True,0.0,0.0,2,True,0.0012647519761230797
143,True,0.3341310174267047,0.43674994687356483,0.29992470761108464,0.8206256637743341,0.7462193757853068,0.03452965594322858,0.959164778102614,0.6096327629150091,3.4293886250033587,204.99334860447127,0.017648347815469385,0.05489323872765499,0.592221627292301,True,False,True,0.0,0.0,2,True,0.0012599519977811724
144,True,0.3359322385284315,0.44497230491223105,0.2995855497338317,0.816236034705289,0.7743018084702049,0.037207163896933466,0.9819837162346745,0.6203172746415991,3.32624285927201,85.30701220384165,0.018583792117996344,0.06228177272145063,0.5123146908308909,True,False,True,0.003295926910861757,0.0,2,True,0.001635030988836661
145,True,0.3375846405094005,0.45210727070262596,0.299410430444992,0.8135771966558415,0.8132000721083265,0.04033753608247405,1.018940654341363,0.6308458201457502,3.3999885244697428,33.47186255303976,0.019500803606506193,0.07102295216999785,0.40997232072031564,True,False,True,0.018213904810802727,0.0,2,True,0.0016405820206273347
146,True,0.3410930802590949,0.46159163227993233,0.30092689625214913,0.8128412725118223,0.8281498434426586,0.04370537463562498,1.0118496655113574,0.6160330553642247,6.563985275760533,139.97649996005754,0.01939477494189841,0.07402993072485098,0.3697447725091661,True,False,True,0.027796678521970784,0.0,2,True,0.0016200729878619313
147,True,0.34531985045161084,0.47045421523935604,0.30360839552236235,0.8096788259783312,0.8267125557263817,0.047257734025110146,0.9797293596189836,0.6144698299103439,5.660103533193502,75.96163897133954,0.01944195150367887,0.08075551212037389,0.2460618704154692,False,False,False,0.034240156899888255,0.0,2,True,0.001622737996513024
148,True,0.34946359556822076,0.4769487303878208,0.3069685506283541,0.803168772940648,0.8105597513989442,0.05074165236122724,0.9038650978195286,0.5750723316223857,3.939912885588914,127.79259646168939,0.019573299594292763,0.1263066059168362,0.12611281099913246,False,False,False,0.036955988372195256,0.0,2,True,0.0016258249816019088
149,True,0.35229458237493066,0.4788849798112466,0.31009778322949194,0.7904614469985076,0.8233642257005073,0.05414759991182024,0.8537067428038656,0.45670584965168065,5.3128423218497405,139.06618317039337,0.020156165656586542,0.23559863886628388,0.06333375922032437,False,False,False,0.03739705874696101,0.0,2,True,0.0016138919745571911
150,True,0.3541487305138985,0.47775806183255887,0.312945620074345,0.7693931959490354,0.8528877332304093,0.05723197287978023,0.8476608783430388,0.3850811603513081,7.008957766379642,92.90515636419661,0.020440208476414437,0.3742432206229755,0.028887086178724316,False,False,False,0.03659857939594648,0.0,2,True,0.0012211190187372267
151,True,0.35275288442300434,0.4713299136803526,0.31322720800388826,0.7369040226764301,0.8743689965743281,0.060094888000629745,0.9170766427388994,0.4264385551879579,6.423055961974553,57.82384325419859,0.022339386396486645,0.6622637042207811,0.017472401536135596,False,False,False,0.0336255247883778,0.0,1,True,0.0012137750163674355
152,True,0.3461071780510296,0.45661465629197395,0.3092713519707147,0.6962533144551091,0.8596294782621544,0.06292893979609307,1.0218310368370478,0.5154941501819255,8.615146636130921,176.71879606356578,0.02601505994864434,1.2672259518184066,0.030520109852371323,False,False,False,0.03053971160217079,0.0,1,True,0.000827674986794591
153,True,0.3368378136616376,0.43714204111553656,0.3034030711770046,0.6667622550080821,0.8710950503537122,0.06570078603754098,1.1216688877591825,0.8645168320659894,15.857454308972171,263.08442542647583,0.029343586935008447,1.785854779876465,0.029387990391640056,False,False,False,0.030142151793648035,0.0,1,True,0.0008199799922294915
154,True,0.3275783950563039,0.4173554162240909,0.2976527213337082,0.6470875027182239,0.8775827046470404,0.0683143615368024,1.1550569069465144,1.0641566185289122,9.251241119980108,316.970262840623,0.03217261632863871,2.1693961170642395,0.029998850127769025,False,False,False,0.03140082869680618,0.0,1,True,0.0008200509764719754
155,True,0.32122421246552063,0.4040260091131395,0.293623613582981,0.6505160324344119,0.8793940495490401,0.07111195252729886,1.0942008991748073,0.5605524390408111,18.676701069983487,765.4916167898101,0.03018033385099109,2.2060855998595224,0.004452120263660149,False,False,False,0.031221591211038895,0.0,1,True,0.00041836098534986377
156,True,0.31708246288499914,0.3957797928011279,0.29085001957962303,0.6800847028885711,0.8814156838526079,0.0737149219452552,1.0281680154546504,0.7201108874970469,5.492044879124612,698.9180030359062,0.03182417852308859,2.364269740724901,0.01879744439472393,False,False,False,0.031638313173962325,0.0,1,True,0.0004251339996699244
157,True,0.3159118873586725,0.3941921825215754,0.289818455637705,0.7027066109988339,0.8822605414474622,0.0762429227673904,0.9871958283021213,0.7330811225201492,2.603689403871166,172.85620180369222,0.031767094618072665,2.3195004309794207,0.018811209111607673,False,True,True,0.03119906431183138,0.0,1,True,0.00041732899262569845
158,True,0.3190014561995111,0.40051061741767313,0.29183173579345717,0.7157425231432123,0.8800043373331378,0.07883866066941345,0.9455786219645681,0.6513905327575213,5.605349795122333,134.88969659745538,0.03100106473027082,2.1757199549868544,0.022823687744804914,False,True,True,0.02972825004494612,0.0,1,True,0.00042498300899751484
159,True,0.324741189236411,0.41137211474113117,0.295864214068171,0.7150753686802597,0.8658169919377288,0.08154064058766268,0.9141922432648553,0.5688433924517536,7.077292326271187,76.09946125328479,0.030288941530478595,2.030647149495139,0.02645886528496885,False,True,True,0.027286711362540836,0.0,1,True,0.0004205350123811513
160,True,0.3317083961538508,0.4241216541664722,0.30090397681631026,0.7045649274718776,0.8477634045977491,0.08441754175508055,0.8758797353636301,0.5436010750873695,6.710603917634273,58.698841316746154,0.029294663129576834,1.8190880597025016,0.029282174156960016,False,True,True,0.0243581960020893,0.0,1,True,0.0004247530014254153
161,True,0.3391853435710432,0.4372136890837812,0.30650922840013056,0.6880997851202494,0.8399647607538397,0.08752626733307542,0.8457019233897811,0.5679117598851651,5.828519335480093,64.1608154644652,0.028996968846521014,1.6605773533138737,0.029770317096698126,False,True,True,0.02102450880658227,0.0,1,True,0.00041765900095924735
162,True,0.3462940651047976,0.44884146175650724,0.3121115995542278,0.6696281116583085,0.8390457418596686,0.0909257264769468,0.8152476411053942,0.60196829087102,5.039087006456979,54.38372389145354,0.028236386344866367,1.404141906248217,0.03348475873259779,False,True,True,0.01715057023274031,0.0,1,True,0.00043322902638465166
163,True,0.350605673781548,0.4560402856545715,0.31546080315720687,0.6394702304508089,0.8564677562254104,0.09445997653801129,0.8332541956628428,1.273550590052483,29.492863864797105,816.7764687278819,0.028042612901858523,0.9184299459310196,0.05408171812628002,False,True,True,0.021841556618078024,0.0,1,True,0.003575831011403352
164,True,0.350503274924242,0.4565989603383639,0.315138046452868,0.6079345957404756,0.897023525869176,0.0984795985319528,0.9534530623898618,0.7537698812432901,27.301521527058643,1612.5082028016336,0.023956738202036323,0.3188494025859353,0.07333213023026795,False,True,True,0.030367088177180653,0.0,2,True,0.002004018984735012
165,True,0.34905904580328123,0.45562235075463764,0.31353794415282904,0.5905487991190812,0.9084964189423379,0.10312194958308465,1.0751759028598165,0.741344850162669,10.36457978125351,803.7341042302545,0.025681418957194634,0.20364729510920596,0.08879026746309415,False,True,True,0.03517167621991259,0.0,2,True,0.0020048400037921965
166,True,0.3467720175121411,0.4546843054920072,0.3108012548521856,0.5877063269109296,0.9185003770614453,0.10807426631560299,1.2101508812758794,0.8186715135259981,6.822200042951585,184.20325367952097,0.02710753899856914,0.09679378756578358,0.08827002456741657,False,False,False,0.03698972657940538,0.0,2,True,0.0016009469982236624
167,True,0.3442239686310169,0.453512190421958,0.3077945613673699,0.6023419131609997,0.926531968938298,0.11273972874241847,1.3334668592487213,0.8111620036102978,3.1816881432814434,151.67778359961642,0.025423483454118625,0.0215568417993226,0.049408180862266234,False,False,False,0.03653527003816842,0.0,2,True,0.0016106650000438094
168,True,0.34386316396226435,0.4538065294206599,0.3072153754761325,0.6269310536199961,0.9422398135057284,0.11707426824882912,1.350438619341582,0.5399039495621825,13.16322601853873,401.38517455611475,0.024338448751414957,0.008442787375846889,0.5131060052268801,False,False,False,0.0345592089223896,0.0,1,True,0.0016122980159707367
169,True,0.3430955263217078,0.4504705715039111,0.30730384459430665,0.6481070425617983,0.9414112184465437,0.12107358063656974,1.252004924409991,0.40332854162994725,15.473389631847525,245.547361039817,0.027838527493923605,0.023581919715197693,1.38851787618667,True,False,True,0.031157619239488267,0.0,1,True,0.0004183510027360171
170,True,0.33823617209173645,0.4398317352631878,0.3043709843679193,0.6845563690514986,0.9025969786540129,0.12488847801958962,1.1264418487203496,0.7385703583525381,11.92446030785208,263.871741029219,0.03270141319461718,0.03636561378233359,2.211406208905743,True,False,True,0.028282370253076325,0.0,1,True,0.0004290209908504039
171,True,0.32944488756347184,0.4237959639291602,0.2979945287749089,0.7514101003915253,0.842728022219002,0.12828499060198165,1.0297879926007512,1.014185004662945,9.170231744939175,103.35967378389407,0.036149897921122644,0.028836312892898272,2.6537625552739392,True,False,True,0.026201504669513292,0.0,1,True,0.00042021501576527953
172,True,0.31970798255886196,0.40787766798491865,0.2903180874168431,0.8241802511456671,0.8080494810207105,0.13134432191152692,0.9792210413619089,1.1177739912682583,3.9352042536124583,184.79303791648167,0.0379751509333349,0.018299076034439584,2.7897551074175513,True,False,True,0.024542578262318933,0.0,1,True,0.0004279790155123919
173,True,0.31350793635645047,0.39979781500833217,0.2847446434724899,0.8927559390021962,0.7819539588286164,0.13433581680379084,0.950522905629138,1.027730738190081,4.368722333548243,199.716012044699,0.037386038024511944,0.017095281136940563,2.645794305183949,True,False,True,0.022988849518374807,0.0,1,True,0.0004159660020377487
174,True,0.31427849044943856,0.404880120325364,0.2840779471574633,0.950738399457001,0.7538909130156114,0.13759126610714636,0.9259554430607841,0.8040986321014026,9.059009949641117,165.60000979422577,0.03574391971249155,0.016081274414017917,2.429273399780399,True,False,True,0.020965558274118945,0.0,1,True,0.00042258898611180484
175,True,0.3207022982243229,0.4194353640391829,0.28779127628603624,0.9934223417506934,0.7431272140539291,0.1412769934098275,0.9382103763313812,0.6063722157795524,10.226162219134274,62.2028949494677,0.03433643563824597,0.019122909370370873,2.2279181091395786,True,False,True,0.018203869801526017,0.0,1,True,0.0004134019836783409
176,True,0.3302093804144293,0.4396886595123828,0.2937162873817782,1.022098368956541,0.728201485460858,0.14519627864356005,0.9326537786677829,0.538459339882049,9.4796499531478,54.65852684190601,0.03305315005021078,0.028201974806914488,2.0602061053485032,True,False,True,0.014186926781446426,0.0,1,True,0.0004211670020595193
177,True,0.3406542390303263,0.4620277376405659,0.3001964061602465,1.0379892488843137,0.7156336834488262,0.14932378471343538,0.9279285517317568,0.5923039465265305,7.768817292331618,62.535533579191565,0.03260410138420456,0.03315064418672607,1.9255329924926732,True,False,True,0.009785029495125686,0.0,1,True,0.00042141700396314263
178,True,0.3510097833219317,0.4837174658674117,0.3067738891401051,1.0449915882680807,0.7053709574578367,0.15358748056410873,0.9575247462555363,0.9400622110092571,14.649698578888126,298.1535784636053,0.03451931787074808,0.06219724585305211,1.8245074055860782,True,False,True,0.0034765348293720865,0.0,1,True,0.0008124760061036795
179,True,0.36017498785361224,0.5039264357769158,0.31225783854584443,1.0229943899740797,0.7209684646774945,0.15829514367428407,1.0064399201706205,0.8279815667319252,10.771517816459415,624.4528499788001,0.033162361593854287,0.059411145984857416,1.6029421943967723,True,False,True,0.0,0.0,1,True,0.0012217100011184812
180,True,0.36624920692875806,0.5189149796804647,0.31536061601152243,0.9881225915233668,0.7686186809014522,0.1635218493356211,1.1068404624826524,0.9161490372151588,7.450269314041379,225.49885610130488,0.03288496640604666,0.07747836766898351,1.300954318366362,False,False,False,0.0,0.0,1,False,0.0012208980042487383
181,True,0.3698359324521247,0.528328793485477,0.3170049787743406,0.9580596646680708,0.8172072320245396,0.16917894880870918,1.1789200408877172,1.0589178258859637,9.301210673455461,101.77213641344338,0.03308547676106924,0.09759217218593443,0.857879914239598,False,False,False,0.025898704206125757,0.0,1,True,0.0016078900080174208
182,True,0.37474892562876,0.5381323781498214,0.3202877747884062,0.9375747870072176,0.8306934729065063,0.17522742048948303,1.17417308353611,0.8974055921978967,15.548867255948025,509.4954350791194,0.030728916245959418,0.08819629136851483,0.6003593717153277,False,False,False,0.04097949319626622,0.0,1,True,0.0016054360021371394
183,True,0.37424252671302427,0.5345284234433744,0.32081389446957426,0.8944017004095226,0.8912227227208711,0.18172437425453672,1.284775577015101,0.844087011463519,9.310964347816444,257.35747758495893,0.03086511240153163,0.15663401422779827,0.30187266095397214,False,False,False,0.04765974558011648,0.0,1,True,0.0016210750036407262
184,True,0.3616523660609341,0.5080301364147817,0.312859775942985,0.8236925383936415,0.8896639947953389,0.18799053489726456,1.5435566103213585,0.6997976211317634,6.621917201075644,285.0297835331388,0.03162289066003639,0.4008952102014184,0.09785402691664316,False,False,False,0.048376324040894404,0.0,1,True,0.000820732006104663
185,True,0.34485887184268277,0.4749027120785839,0.3015109250973825,0.7575270054693308,0.8759785096792612,0.19352283544188925,1.7442735713227153,0.5207660811512476,7.730601157669426,115.84754685970053,0.03052835559382317,0.6516689829650486,0.016322782402413968,False,False,False,0.04488817042003041,0.0,1,True,0.0008077170059550554
186,True,0.31707534383991476,0.4248814071090061,0.2811399894168843,0.6737365749702088,0.8782772165051971,0.1986444958163175,1.9549004361345619,0.44589736494239546,15.69066576290944,274.387840230414,0.0354178357312555,1.5204656819452311,0.043085327803028255,False,False,False,0.03954023452991418,0.0,1,True,0.0008083779830485582
187,True,0.2899834266324827,0.3756255066538969,0.26143606662534463,0.602101406628769,0.9137821558815349,0.20330384592186368,2.0976252075776003,0.942936265789283,22.9362855000848,382.5999997459286,0.040114428919223476,2.37821174428713,0.03586133112591207,False,False,False,0.037005157853189495,0.0,2,True,0.0008220740128308535
188,True,0.28367600500322954,0.3567211749285046,0.25932761502813784,0.5730879818053561,0.8832039690374596,0.2073554532833384,1.9896078060321765,1.229918507223882,11.925364285589142,476.521543938789,0.04323255542794239,2.891705394480745,0.022641737279027803,False,False,False,0.036439490161851065,0.0,2,True,0.0008204210025724024
189,True,0.27685434604895953,0.3403442901231571,0.2556910313575604,0.5677938289744411,0.8683248184188415,0.21175714376129756,1.8988258589271956,0.5779114076592605,26.159809193122328,1069.231023870222,0.041027384208226124,2.885023203606821,0.01781676146860815,False,False,False,0.033282881240356985,0.0,2,True,0.00042650598334148526
190,True,0.27651015942857604,0.33549226677138494,0.25684945698097295,0.583334021959889,0.856198754243648,0.2157063294484921,1.7277880800238832,0.6967095516669201,5.163171686779649,911.5126306141957,0.04194524464434316,2.999076883808825,0.025810963776221073,False,False,False,0.03110957487395309,0.0,2,True,0.00041920298826880753
191,True,0.28120353410419036,0.3412698246288971,0.2611814372626214,0.5941098463166463,0.8487920183215851,0.21942926099593255,1.5347499187255516,0.7211624720912297,3.7382278705199963,157.69498753314434,0.041324512956803464,2.8802804152798194,0.031628130706999186,False,True,True,0.029025896991656357,0.0,2,True,0.00042628601659089327
192,True,0.29512839212671094,0.3613560810868699,0.273052495806658,0.6014800786094968,0.8436743815904939,0.22313287390301956,1.256010911698111,0.6958944386887321,5.933648273136626,122.69976442600648,0.04026034121605109,2.6807510225632094,0.03530862968619994,False,True,True,0.026221443015264995,0.0,2,True,0.0004174889763817191
193,True,0.30812944863783537,0.3813413747729824,0.2837254732594531,0.5904941193873023,0.8437214712241465,0.22695498629511884,1.0923708860429124,0.6757532269345767,6.341434618986593,66.54712955886848,0.039109092876658105,2.439904919070346,0.03876410869145493,False,True,True,0.021987578405224993,0.0,2,True,0.0004284400201868266
194,True,0.3193587712627115,0.3997825444731132,0.2925508468592442,0.5683959557476691,0.8418032348198602,0.2308119202112976,1.0629483017838774,0.6632278874381172,5.569514471290972,74.40141465871328,0.03772599807464491,2.2226281753274804,0.04122535630756996,False,True,True,0.01624690651629214,0.0,2,True,0.0004191120096947998
195,True,0.330846450217592,0.4178440576097672,0.30184724775353355,0.5496506439270449,0.8367344731679859,0.2347173218682238,1.0717398146430048,0.6446418686996523,5.211183386958416,67.17772791368363,0.03596073943123467,1.992702744307492,0.04473121866858692,False,True,True,0.009652201735734773,0.0,2,True,0.0004256950051058084
196,True,0.34362672861480736,0.4365664699101527,0.3126468148496923,0.5480353863479621,0.8373522236777082,0.23878521885952947,1.0437329415864884,0.6216690495487824,4.958117417003955,60.65352647202745,0.03426313678793942,1.7749094310955462,0.04964700399935458,False,True,True,0.004201328712604707,0.0,2,True,0.000419613003032282
197,True,0.3526603181470847,0.44899651021334486,0.32054825412499793,0.550235943398516,0.8489666286301951,0.24281882102140995,1.0771690362600814,0.6043784129866306,5.7739638850167285,57.5977056085661,0.030406644984583602,1.3365846022226386,0.058560045981738564,False,True,True,0.009827681697491824,0.0,2,True,0.00042762901284731925
198,True,0.35594087047404416,0.454415036800249,0.3231161483653093,0.5370779195673295,0.8654250163720971,0.24677038088856945,1.1264847176765134,1.0178008887059318,18.377822096091446,427.68245610555306,0.03011834610789492,0.7267916480294312,0.09886737525562496,False,True,True,0.022967751038110155,0.0,2,True,0.0008258619927801192
199,True,0.3544324922686444,0.4538610003194911,0.3212896562516954,0.535153357805968,0.8674707601536618,0.2513685919045437,1.2045739002015163,0.6447582233006474,18.62697756388891,950.5570114644778,0.02680469473934638,0.41248978163346595,0.08171769819035264,False,False,False,0.030417225432025012,0.0,2,True,0.0008235159912146628
200,True,0.3486810506821978,0.44871055484792066,0.3153378826269569,0.5382374828291991,0.8764597664825989,0.2561400354498525,1.354339800875105,0.737689019036514,6.885250054397395,418.9842895308722,0.027284154261523363,0.22985104888188213,0.05831377649273168,False,False,False,0.03489955665443654,0.0,2,True,0.001209406997077167
201,True,0.3468570481495516,0.4489496170949735,0.3128261918344109,0.5486699618482218,0.8764376353876153,0.26076730653898983,1.392974312525948,0.6286864939345178,4.830020168973224,260.22082888495635,0.026396254094371484,0.13276295427568963,0.080932351598728,False,False,False,0.037357388584028386,0.0,2,True,0.001212052011396736
202,True,0.3480467695807213,0.4534558041605487,0.31291042472077885,0.5650024830362973,0.8767996937456334,0.2650606965431219,1.355443430938875,0.479955412156441,5.930509664111797,72.21335592937785,0.024634868750692956,0.05939518767870276,0.22329041589821616,False,False,False,0.03808921439637189,0.0,2,True,0.0012231429864186794
203,True,0.34809343715100094,0.4559715960720505,0.31213405084398443,0.5825355200444426,0.8757535994817917,0.26904793932304405,1.3199071922759913,0.3317539128306492,7.739069009706863,82.26898979733572,0.022985316600053367,0.011174801787209847,0.3980661833209123,False,False,False,0.03767477896307481,0.0,2,True,0.001215839001815766
204,True,0.3463336779881705,0.45375511876831665,0.3105265310614551,0.5935268809034612,0.8626129552977767,0.2730967768608627,1.224153397607435,0.41675621827721415,12.453113931504129,181.32946926202064,0.025581123289917927,0.018597023952554248,0.9930755968077056,False,False,False,0.035968493126916294,0.0,1,True,0.0008229860104620457
205,True,0.33987324436807065,0.4415162728181526,0.3059922348847101,0.6087495128936165,0.847416474504056,0.2769704268755629,1.1514392790247112,1.0234219511895823,21.5975987746638,326.7934266264143,0.02877633205210099,0.015610830287899481,1.6822358600094351,True,False,True,0.0369720970875321,0.0,1,True,0.0008171049994416535
206,True,0.3317577482229239,0.42531184123792576,0.30057305055125666,0.6131665570897187,0.8453552097909197,0.28091716241574255,1.0761863080540344,0.5875302271701113,16.981626494763283,1122.9762071916984,0.030647596861526266,0.019751673459655825,1.985310487467808,True,False,True,0.03514249657917713,0.0,1,True,0.0004168779996689409
207,True,0.3213420096122291,0.40497545174984945,0.29346419556635556,0.6646026992580185,0.8445537728726681,0.28483323702519686,1.0579595536920439,0.9232832985757907,11.112880354168269,786.4058072742125,0.03385304593637288,0.01477693684835351,2.340293110803314,True,False,True,0.0347159891131203,0.0,1,True,0.00042721800855360925
208,True,0.31113775828307805,0.38443668671480224,0.28670478213917,0.7354818476755479,0.8405537666626622,0.28837734966698836,1.047955429393502,1.134907329072741,7.291237096816583,149.4822275213177,0.035421956346666936,0.012052519352810867,2.4782183601302257,True,False,True,0.03495623941963268,0.0,1,True,0.0004181099939160049
209,True,0.3024516922479946,0.3665044267822368,0.2811007807365806,0.8012016308493014,0.8334529841765519,0.2917306116757795,1.033066723876951,1.1370721216571122,3.1593403214617926,217.67606458245476,0.03628836054777654,0.01069754299553858,2.492326256413032,True,False,True,0.03461650202679239,0.0,1,True,0.00042486301390454173
210,True,0.2965400389750572,0.3545338432833692,0.2772087708722865,0.8539605999691642,0.8288225652588537,0.2951087231868702,1.0292017854893494,0.9916607820628651,5.9413045772418,160.08670507460263,0.03523836949454148,0.010847119150920431,2.3430223425086365,True,False,True,0.03343893880446764,0.0,1,True,0.00042405101703479886
211,True,0.29519807271029286,0.35233598435977476,0.27615210216046565,0.8875098843684244,0.822766527649399,0.2986751016135484,1.0162903632464209,0.7518443499265021,9.882650545626918,141.11970696493333,0.033948140494816655,0.018268626739684612,2.207988486864138,True,False,True,0.030394009937268783,0.0,1,True,0.00043833901872858405
212,True,0.2982235916206962,0.35961334222853053,0.27776034141808476,0.9018724715617353,0.81986389098138,0.3024614217409528,1.015470640995499,0.5830408336470336,9.767319556201727,38.265430449502716,0.032724356380524275,0.028553324753942965,2.058941454773299,True,False,True,0.026062970655551035,0.0,1,True,0.00042977300472557545
213,True,0.3040001057708593,0.37339489838080386,0.2808685082342112,0.8986287351468069,0.8236502008532234,0.30643000683472826,1.0167169850083513,0.5456836934011576,9.536888250901816,34.83659481394491,0.03214905934456212,0.03922359506838977,1.9354343832097094,True,False,True,0.02021540192146426,0.0,1,True,0.0004242919967509806
214,True,0.31093904217890095,0.3905244295146167,0.28441057973366235,0.881932608086249,0.8345559833541552,0.3104704549653619,1.0194930166608915,0.6350704238915956,8.412834033440292,45.5079743411855,0.03174148512799745,0.04685966363951445,1.7969429496540428,True,False,True,0.013449951782954177,0.0,2,True,0.0004230799968354404
215,True,0.3175332326896879,0.40757149606308235,0.2875204782318897,0.853882060627703,0.8296365341801641,0.31427186488593817,1.0382664762812603,1.0091850055093097,13.866948228004295,240.63849292954026,0.03422064788060646,0.07069380372427984,1.6789833793168925,True,False,True,0.005402137658148053,0.0,2,True,0.0008282059861812741
216,True,0.3235828154085027,0.42328501117125783,0.29034875015425093,0.817267967795801,0.8441199843406306,0.31846172627907376,1.077247811156154,0.9761592161535706,10.926080859995084,567.5645542509759,0.03389682632722198,0.07260823908812451,1.4774301596576456,True,False,True,0.0,0.0,2,True,0.0012245750112924725
217,True,0.3271962456440543,0.4332583622255362,0.2918422067835604,0.7792902614166128,0.8594542549400495,0.3228483471346247,1.1046979628479958,1.1292938439261664,8.446015771896317,287.0780643578769,0.033066365535065874,0.09753184744658785,0.9881277207933852,True,False,True,0.022008864684370057,0.0,2,True,0.001621285016881302
218,True,0.3317656971083144,0.4419382272261191,0.2950415204023795,0.7659138166763086,0.8673576065471741,0.32745759220963055,1.0722573769534733,0.9029809893130477,12.411305680086082,460.52561703924465,0.02982535823104765,0.10753964514896334,0.6794735549832204,True,False,True,0.041220152355293596,0.0,2,True,0.0016138020146172494
219,True,0.33756423983375955,0.4495882136924062,0.3002229152142107,0.7532635158550348,0.8732486935605717,0.33244377907191713,0.947416847691966,0.8221626990642633,14.437308046442391,103.8725513533414,0.028027456770543115,0.10085662633437185,0.38418594447612503,False,False,False,0.051183670256995724,0.0,2,True,0.0016156149795278907
220,True,0.34146126654397063,0.4509816161774999,0.3049544833327942,0.7310968529756646,0.8919405492334853,0.3377641294607759,0.8627725915104105,0.775188092893853,9.385569838684011,273.6328409925508,0.027701838803530037,0.13946065252795375,0.16943778038541127,False,False,False,0.05517252713926784,0.0,2,True,0.0016015679866541177
221,True,0.34265401310555016,0.44422994913423935,0.3087953677626537,0.705484714211759,0.9042797421637074,0.34299008722843743,0.8335763083147538,0.6180525103890346,11.34630503192594,244.56726301270817,0.026864343333614833,0.3311845502963337,0.024887160561247467,False,False,False,0.05249041423329165,0.0,2,True,0.0008205519989132881
222,True,0.3420636216229332,0.43369706618870524,0.3115191401010093,0.6828165483154971,0.9566788368524008,0.34776590951727243,0.8630582362072419,0.5052823789497819,8.185502389485388,204.43020793543005,0.02601508143678273,0.5332601333774606,0.06520898521337266,False,False,False,0.048241082061882365,0.0,2,True,0.0008189890068024397
223,True,0.3352179904505939,0.4140611217030496,0.30893694669977534,0.6429540978102299,0.937446968113365,0.3522093265477575,1.053300354700894,0.4023523995753569,12.007748712553722,325.1549037916797,0.02855351578662963,0.9827801151349644,0.04473225340916488,False,False,False,0.04367393907769656,0.0,2,True,0.0008196200069505721
224,True,0.3230779799233638,0.38788112220596355,0.30147693249583046,0.5885121804389718,0.8589039837835913,0.3562982225688052,1.235750420237143,0.5210526422039602,9.438125121375707,174.3579673337735,0.032716604941651094,1.5993097973909718,0.025132408609492077,False,False,False,0.03992273423169094,0.0,2,True,0.0012116610014345497
225,True,0.31256531533593895,0.3643633774255175,0.2952992946394128,0.5407712620241232,0.8372407508587545,0.36012576099641336,1.310030324955389,0.7477514985091195,13.457847029119684,395.0415122455589,0.03466789081571715,2.065942460200164,0.023524869436635405,False,False,False,0.03860913927813969,0.0,2,True,0.000820952991489321
226,True,0.30335537056300504,0.3446400010916685,0.28959382705345055,0.5022677502059041,0.8254475080319,0.36377151751954134,1.357298010359538,1.0113808037526217,10.078488689508637,161.39822272357108,0.03667205540835543,2.4013769146071167,0.026754385177046716,False,False,False,0.03906019766073997,0.0,2,True,0.0008185869955923408
227,True,0.2981489293653691,0.3338990287800745,0.2862322295604673,0.49938698994651065,0.8233934696897829,0.3673276326113388,1.3522810286038232,0.9702056192143573,5.227502731694606,365.67156475782815,0.0377016574277861,2.560752780716891,0.012137179188554665,False,False,False,0.03900952894670997,0.0,2,True,0.0008213329710997641
228,True,0.298454552104888,0.33484907291394694,0.286323045168535,0.5322647141935009,0.8212922375106653,0.37080865142660696,1.2742287136505295,0.8112512284859789,7.824528632672952,176.79288005676813,0.03763246647416292,2.56914104942924,0.023118396971958867,False,True,True,0.03773715756505083,0.0,1,True,0.0008219040173571557
229,True,0.3081081371754847,0.35006293426105084,0.29412320481362936,0.560811476138777,0.817401300181137,0.3743286717898295,0.9764099342891419,0.5039494914215386,14.499840963528422,299.72940399660223,0.034977354015379526,2.463695613510307,0.015885031944817617,False,True,True,0.03550867286663756,0.0,1,True,0.00041827099630609155
230,True,0.31705166658212014,0.36673879812673965,0.30048928940058034,0.5721830472783229,0.8241696431643106,0.37779104905857963,0.46747327616028383,0.5261203705982969,2.3015992016129934,457.4619566107111,0.034572770716431216,2.3728738353240413,0.04152318062579145,False,True,True,0.032323230208505374,0.0,1,True,0.00042632597615011036
231,True,0.3088008849248926,0.361748407904361,0.291151710598403,0.5359037616525535,0.8047587322829806,0.3813508405079945,0.09619903445950762,0.5100353152502513,4.400249609725579,115.8015119349556,0.033787192641667234,2.1911404672661488,0.0503058421771481,False,True,True,0.02764725338956451,0.0,1,True,0.0004233699874021113
232,True,0.2930816845949461,0.3478616568517582,0.27482169384267535,0.4846447597291641,0.8289702072521472,0.3847983950913096,0.48203677809353396,0.7651333806021713,13.63571711145867,326.7973577071156,0.03569500475517894,1.9770866416118404,0.07996392402329544,False,True,True,0.021140488682360056,0.0,1,True,0.0008113940129987895
233,True,0.2832565724396297,0.33880590187554316,0.26474012929432517,0.4359878446602925,0.847730596542225,0.3884406316225312,0.6801450570818282,0.6559276541942741,14.76479974318507,675.8265724195473,0.02873252816918803,1.4685424370985498,0.07366232010137719,False,True,True,0.026386858840772083,0.0,1,True,0.000814861006801948
234,True,0.27922376617650857,0.3343008346044538,0.2608647433671934,0.3964410518041792,0.8371205703436718,0.39208389991234044,0.7631807649074669,0.9238364030387226,13.671369820951194,317.407271261191,0.02346586421518365,0.5278598601116304,0.09977271849079641,False,True,True,0.03371928060492838,0.0,2,True,0.0012164899962954223
235,True,0.2530641488471647,0.29468407148997194,0.23919084129956233,0.3454191849668657,0.765693923898147,0.39615171458177084,1.0305688407229812,0.6850906817400193,15.34873292068176,690.704663566703,0.02235002814369939,0.15000172004507722,0.07116261792961874,False,False,False,0.03659032285600952,0.0,2,True,0.0020055619825143367
236,True,0.11597738112229246,0.08624389506496846,0.12588854314140044,0.21874798722903538,0.7295280569339317,0.4001464301067529,2.2141999862915007,0.32556606035029484,14.35808547709897,474.8826791500651,0.023408832126566036,0.07389621950854403,0.05024115918535848,False,False,False,0.037519740404536935,0.0,2,True,0.00041866200626827776
237,True,0.13229640630886075,0.13584045594643093,0.1311150564296707,0.2685581951895112,0.8979850349489736,0.4039616046596967,2.8707219803059134,0.3826384318664663,4.171328112821931,448.4660064787726,0.022344786438244876,0.017512720556511513,0.17559265073718727,False,False,False,0.035857652171118824,0.0,2,True,0.00042590501834638417
238,True,0.13295831179784132,0.135843930257192,0.13199643897805777,0.27590931405207453,0.9034249114416973,0.4072655033211805,2.874072174055904,0.400620208004184,6.785888371135432,168.58615090207394,0.019964230515564035,0.0317459291567378,0.4889802764315351,False,False,False,0.033054889586976444,0.0,2,True,0.0004194529901724309
239,True,0.10552443872199563,0.07052440079575237,0.11719111803074339,0.23467591373786012,0.8122608085461437,0.4101062743880668,2.4641625641498823,0.4435099196836895,7.108305885632478,132.12298465062892,0.019144386011350958,0.028788442946857354,0.8581119182810645,False,False,False,0.030166735190682303,0.0,2,True,0.0004242120194248855
240,True,0.1500962613448648,0.14384360480785013,0.15218048019053637,0.25894869636909745,0.7106606903195613,0.4125505975418805,1.858083033186944,0.5121824382726158,6.746771251621945,138.06051487288224,0.01958290406500621,0.03941697651973067,1.1963203737321373,False,False,False,0.028954125267354996,0.0,2,True,0.0004272279911674559
241,True,0.2050087634906157,0.2245099750656607,0.19850835963226734,0.31434292662280305,0.7265865119620323,0.41459666551763075,1.3557354243536361,0.6181987443528679,6.0322364100599115,55.41024951703033,0.020106870029472323,0.07340041078062949,1.423632564654227,False,False,False,0.02884873869896075,0.0,2,True,0.00042600600863806903
242,True,0.2800192668265601,0.3302948790511827,0.2632607294183525,0.46841133462628126,0.8815739312289841,0.41617604946656805,0.53947043024695,0.704237163709933,4.3116824130723765,70.52601842737913,0.020084801474132837,0.06185270794514792,1.5289762629479682,False,False,False,0.02952676522871562,0.0,1,True,0.0004191230109427124
243,True,0.31593368963422225,0.38250393105358516,0.29374360916110126,0.6077813060081733,0.8453698150598309,0.4175182812646219,0.23778469980999262,0.6714432804139568,3.6289869881006616,145.3259641111798,0.0199980231666403,0.012870235430385648,1.535176702441783,True,False,True,0.030362114347093253,0.0,1,True,0.0004261150024831295
244,True,0.31545180622638164,0.3858113760620314,0.291998616281165,0.6653017447973619,0.8269934285045616,0.41854858294347697,0.7096642340941208,0.5439248228025204,5.6817778572603785,125.19373901191786,0.01901743137277283,0.006065381363726022,1.4433449151230437,True,False,False,0.03045416652541076,0.0,1,True,0.0004488689883146435
245,True,0.30880750240264865,0.38145199512852773,0.28459267149402234,0.6871499910205585,0.814497899338938,0.4194531876945709,0.8410309960809155,0.3949730889366736,8.174214190426923,101.83009156516455,0.017797628212633705,0.0116025914637047,1.2909761121182617,True,False,True,0.029327156206039928,0.0,1,True,0.0004523349925875664
246,True,0.3028379396269385,0.37971041933107086,0.277213779725561,0.6875909969970636,0.8077002817297769,0.420138587539335,0.9115108799546681,0.4271478450887898,10.707201455284114,84.7226627708303,0.01623332520110656,0.013326583262080903,1.0788471430707283,True,False,True,0.029956469232131577,0.0,1,True,0.00041932298336178064
247,True,0.2962230968120746,0.3776964190869665,0.26906532272044387,0.6657099891689455,0.8260670814328456,0.4204861757214467,1.0256719708195734,0.9166389389044939,18.55076732849304,269.8371914664752,0.0157727593259558,0.035169248638839926,0.6245193537487671,True,False,True,0.03719598636105044,0.0,1,True,0.000821141991764307
248,True,0.2935590566682553,0.3775768118728314,0.26555313826672994,0.6335097457907838,0.8439537236027327,0.42058362014622563,0.9553620538414447,0.8486925628893839,7.619872947163508,616.9985631047954,0.01018231758739448,0.041362776715563675,0.0918685899866566,True,False,True,0.03839945951367623,0.0,1,True,0.0008213830005843192
249,True,0.29152559178081733,0.3760945063762276,0.26333595358234724,0.6132670135184726,0.8494316388038645,0.4206063683563291,0.7793325889295436,0.4338716806041794,13.712471600091682,405.46236385112206,0.005874426703357816,0.01902672896104902,0.02482353257752216,False,False,False,0.03693149308243626,0.0,1,True,0.0004276180115994066
250,True,0.2883830326351291,0.3717602498702613,0.26059062689008505,0.5926161509581314,0.8754860881136034,0.42052994719078185,0.7315377556814635,0.35591449735136355,5.410087549699382,278.5804107060275,0.004623846821969497,0.015439300633822551,0.03169962276180256,False,True,True,0.03561546987241352,0.0,1,True,0.00042095599928870797
251,True,0.2855437033431477,0.36592238411270783,0.2587508097532944,0.5826931591104825,0.8867346743019129,0.4207250549634341,0.8096209578592696,0.3049390790936863,5.581972932196646,67.76593066309024,0.004883557475596396,0.02209735014085936,0.021669733265813507,False,True,True,0.03455877778084221,0.0,1,True,0.0004253450024407357
252,True,0.28266637374451853,0.35875864538411595,0.25730228319798604,0.576119384355769,0.852985857457583,0.42094836869779534,0.8553520467289194,0.2994360576075091,4.1364612977181245,77.36001515811694,0.005116775927202928,0.020433914520614375,0.021311947677727747,False,True,True,0.03360102079170918,0.0,1,True,0.00043259799713268876
253,True,0.27945605213079605,0.3507631004716775,0.25568703601716886,0.5641116610367501,0.8330752287532917,0.4210086953597708,0.9096612881911905,0.29103373701042895,2.5496070430589803,96.55202510225443,0.0053711647398781755,0.008513330494455346,0.016547558961325863,False,False,False,0.03312430500558483,0.0,1,True,0.0004290709912311286
254,True,0.2764649141362479,0.34364201184671717,0.25407254823275816,0.5473607253605474,0.8223211610751917,0.42088558830468925,0.9380813226657576,0.24841095451902198,2.993534979053634,80.08797083206281,0.005566540639291879,0.03662424100483949,0.01049045214502771,False,True,True,0.03296840850604872,0.0,1,True,0.000418792013078928
255,True,0.2740371296914443,0.3381349597203874,0.25267118634846325,0.5282991708110979,0.7917713428945578,0.4206893128139344,0.9560689014445329,0.22382917351689868,2.64693453425392,43.776825924049135,0.00539116116383373,0.037375729606457284,0.007916631148803555,False,True,False,0.03269418492766874,0.0,1,True,0.00042691698763519526
256,True,0.27245160095956267,0.3349171122054423,0.2516297638776028,0.5091492131227432,0.7739149968070975,0.42046556457981216,0.9687717812982213,0.2076498506532468,1.8405375530124315,51.01915792487769,0.005005152555754193,0.0055774508686560025,0.004327769204016829,True,True,False,0.032450424624812686,0.0,2,True,0.0004181399999652058
257,True,0.27164426181127693,0.33325258797319723,0.2511081530906368,0.49286832371742684,0.7687382783941278,0.42025473058591484,0.9605437452618004,0.19651648750441417,1.6429867990452791,56.08989783274589,0.0041438979288011615,0.0013122717517027298,0.003055756841802784,True,True,False,0.032484981358522035,0.0,2,True,0.00042359100189059973
258,True,0.2711771428474778,0.33203777460254136,0.25089026559579,0.4839400900183187,0.7642179693434336,0.42011558823146977,0.9449104947797713,0.17234052597995456,2.5319133120544532,57.275704177226565,0.0032010409565113983,0.0021216422322259763,0.004408801331789794,True,True,False,0.03286915162854438,0.0,2,True,0.0004159960080869496
259,True,0.2711477609580421,0.33156636061721045,0.2510082277383194,0.4781323104944764,0.7573936671992977,0.42001132649301104,0.9235995907533097,0.18152482097969708,1.5576729956116813,44.31231443665791,0.0036847428065763144,0.003380265679027051,0.006069670273652272,True,True,False,0.033406209592016456,0.0,2,True,0.00042406198917888105
260,True,0.27140999933090176,0.33158497748907906,0.25135167327817615,0.4715136872805079,0.7513994497215127,0.41993374499431146,0.904328896137564,0.2032778778444616,1.1409687136206128,40.44459198836612,0.004239816411353901,0.003862216808011015,0.006307386853465824,True,True,False,0.03384956380711771,0.0,2,True,0.0004164970014244318
261,True,0.27181825998842973,0.3319743533550613,0.25176622886621924,0.4620746744951705,0.7458992023101981,0.41985049439426764,0.8921428441756187,0.22119058504807612,1.404322769228993,29.758053482793294,0.004744908722219248,0.003495051368025193,0.005832331375472025,True,True,False,0.03405470037770042,0.0,2,True,0.0004248229961376637
262,True,0.2722244652568133,0.3323592426616989,0.2521795394551849,0.4491469357960683,0.7393217066572946,0.4197644824291146,0.8913955341650271,0.2534503761406149,2.8278729832038527,51.33905764499547,0.005775431614486975,0.0036181253189257853,0.005753260173334207,True,True,False,0.033962626870743466,0.0,2,True,0.0012220210046507418
263,True,0.2722899160601328,0.3321012621667889,0.2523528006912475,0.4388471941217613,0.7320485654891798,0.419669203393758,0.8969773192259707,0.18712047213973612,2.487893870869865,123.13096056912785,0.004595005228713834,0.0029905725940668282,0.0013465705614854864,True,True,False,0.03389726931655052,0.0,2,True,0.0012252570013515651
264,True,0.2720129725447103,0.3311675492725814,0.25229478030208663,0.4305304213465809,0.7267328227981431,0.4195589967635958,0.902379420948425,0.1279501386931292,2.5840061743599074,14.10074195709592,0.003365356984449504,0.004500964645828269,0.003562399888125964,True,True,False,0.03394832250433716,0.0,2,True,0.0012220399803481996
265,True,0.27139891660860394,0.3297001071409957,0.25196518643114013,0.4234357609615167,0.7284249346396449,0.4194296872713923,0.9067228531156757,0.10101952165953781,2.5425851209067125,21.6937975605568,0.00249213640611462,0.006085712028144797,0.005398125639257658,True,True,False,0.033998595759530514,0.0,2,True,0.0008119159901980311
266,True,0.2705455349049948,0.3277408405459572,0.251480433024674,0.41632473290708477,0.7350129264252414,0.41928538022016393,0.9102030658307618,0.11955264851821268,1.4677732363737233,45.086053028694344,0.0023858394135327253,0.006661423333616889,0.00691648938616896,True,True,False,0.03404854222178549,0.0,2,True,0.000820061017293483
267,True,0.26954855157485974,0.3254733517483754,0.2509069515170211,0.4102487739998384,0.743240254729469,0.41915784946078655,0.9138849650325951,0.14071617220598587,1.407651581934795,17.554672490248095,0.0024245113366746724,0.006891627141128782,0.008323489493153107,True,True,False,0.03413043485535131,0.0,2,True,0.0008207520004361868
268,True,0.26849967401008584,0.32309367456579086,0.2503016738248508,0.4055091976924152,0.7514791670040056,0.4190606559196854,0.9189561652619582,0.1463988742553954,0.8603419265748532,25.034803523585584,0.0024913093807005095,0.006170908482084424,0.008023373022944364,True,True,False,0.03423290345465854,0.0,2,True,0.0008232160180341452
269,True,0.267331048136185,0.3205439936990915,0.2495933996152162,0.40257642447425634,0.7564614849972426,0.4189686774335389,0.9277408699350788,0.14524936446817854,1.0651370293556963,16.720370852891097,0.002672501624743458,0.0041242717196258525,0.007071355046402304,True,True,False,0.034343092204532286,0.0,2,True,0.0004262859874870628
270,True,0.2660467337671926,0.31778884658577977,0.24879936282766357,0.4008258287956447,0.7583405086346217,0.41885871599582175,0.9385115878691446,0.1573800250107872,1.1674340773513174,14.684521974455269,0.003141818910675176,0.003932786459533393,0.0052937746892110895,True,True,False,0.03442933436742656,0.0,2,True,0.00042027499875985086
271,True,0.26474893206521927,0.3150589895561381,0.24797891290157967,0.4015415936043949,0.7595836403415841,0.4187420031106222,0.9497123837177823,0.16578540303429803,1.227775683056334,14.993875637383487,0.003558225248738558,0.003080506658916127,0.0037678782169498267,True,True,False,0.034492444360295874,0.0,2,True,0.00042585498886182904
272,True,0.2635499894586105,0.31252044377206456,0.2472265046874591,0.40521568898746885,0.7625357239111309,0.4186424848951143,0.9585203403594792,0.17665483156726286,0.9745681458724581,9.389888140173348,0.003953323474762125,0.002626311174642804,0.0019605301088597314,True,True,False,0.03450380854764913,0.0,2,True,0.00041849102126434445
273,True,0.26243729440379815,0.31022385458836366,0.24650844100894287,0.41184448808490104,0.7649084812483056,0.4185627296913699,0.9667939875851264,0.18533679115323085,0.8341988288846814,8.292604533437014,0.004269061278501377,0.0026029260465867936,0.0007783912340202868,True,True,False,0.034499565764347484,0.0,2,True,0.0004253250081092119
274,True,0.2614473314824239,0.30840287405546135,0.24579548395807804,0.4206853372806334,0.768543114945864,0.4184853212104378,0.9743428369348868,0.1881411493021571,0.6281384528536379,11.99751368836724,0.0044752693093802,0.0030449299753459525,0.001525897638258077,True,True,False,0.03446189863331937,0.0,2,True,0.00041604600846767426
275,True,0.26067384611111255,0.30720045000896157,0.24516497814516294,0.43029258653050506,0.7753855072672445,0.41840227969384236,0.97946844175162,0.1782573716473175,0.5568554009052297,16.048553529312,0.004433293647538347,0.003949097964557801,0.00308948605640264,True,True,False,0.034381085751769784,0.0,2,True,0.00042597600258886814
276,True,0.260088763898725,0.30648468275139085,0.24462345761450302,0.43980866600772844,0.7807394763203541,0.4183068008125913,0.9839662084916423,0.1647515538145904,0.6903158512324579,6.388744571748118,0.004290441484770216,0.004858176049157918,0.004976886038489031,True,True,False,0.03426657119378781,0.0,2,True,0.00042041498818434775
277,True,0.2596248658678009,0.3059385932602409,0.24418695673698765,0.4487384907250836,0.7819159912083383,0.4182054515967032,0.9910097707269061,0.15176945718710938,0.5797319535931862,11.186080568053098,0.004093085711726859,0.0054819620441235156,0.0062284793729340815,True,True,False,0.03415426031060237,0.0,2,True,0.00042815000051632524
278,True,0.25934445602125933,0.3057423546548335,0.2438784898100679,0.45737177841013593,0.7806756564971289,0.4181132143545394,0.9995087348034634,0.13497740187997984,0.776263824200856,12.530459588354269,0.0038991181811081485,0.0057698856412077325,0.006441435845993196,True,True,False,0.0340659218438093,0.0,3,True,0.00042207801016047597
279,True,0.25922518187644095,0.30585903684150817,0.24368056355475187,0.4666352526716719,0.7763194077308383,0.4180103459799521,1.0075012068832785,0.12496653185426328,0.507344176237728,10.578779672491386,0.0038834281615908184,0.00581452006487011,0.006291916856890629,True,True,False,0.03402677483310553,0.0,2,True,0.000428430997999385
280,True,0.25930319107575533,0.30641607256807324,0.2435988972449827,0.47575541112499603,0.7703642678372596,0.4179000535463893,1.0149756178569627,0.10854095231875754,0.7934236478431402,12.984741773539236,0.0037713627843097026,0.005899154536592775,0.006258096874784039,True,True,False,0.03403545721016915,0.0,2,True,0.0004189320025034249
281,True,0.25944043316104787,0.30712002067415034,0.24354723732334704,0.4847044760810758,0.7625613602299717,0.4177865435176345,1.0252036145667225,0.09743370761367809,0.6378698128678011,7.902099940390712,0.003711023438345841,0.006037776555916173,0.006431448469765656,True,True,False,0.03409330351446297,0.0,2,True,0.0004269370110705495
282,True,0.25955097250993486,0.30768880843720553,0.2435050272008447,0.49122072163175695,0.7561040444553118,0.4176702218097225,1.0371127191376823,0.08784154959199472,0.8830530969992697,13.564038712223162,0.0037194263207313005,0.006327087403824534,0.006673641125831837,True,True,False,0.03417445962722625,0.0,2,True,0.00041762000182643533
283,True,0.25980923076183227,0.30874169147444264,0.24349841052429544,0.4963103303238658,0.7546457764474918,0.4175508759682041,1.0496905448166711,0.07775969363800114,1.0918360187046123,27.06923001760562,0.0036985363513284404,0.006851678356207668,0.007300088277810639,True,True,False,0.034283805853252906,0.0,2,True,0.0008164930040948093
284,True,0.26014575431375475,0.3101438250041143,0.2434797307503016,0.5005111115904248,0.757101455498537,0.4174212801583448,1.062850420218405,0.07656934353508003,1.2386244666120088,16.505590722698994,0.003902414367990108,0.006861593017903724,0.007787584100486559,True,True,False,0.034424283063131306,0.0,2,True,0.0008124059822876006
285,True,0.2605934067420342,0.3118824138835451,0.2434970710281972,0.5037649280686421,0.762257432211384,0.417278275094273,1.0761683655556513,0.08439577174658193,0.7382738379340356,17.23552841428891,0.00425592100656927,0.006951218428877814,0.007509748278199055,True,True,False,0.034589372629475944,0.0,1,True,0.0008215839916374534
286,True,0.26115928997842003,0.31385622651159395,0.243593644467362,0.5053882631656056,0.7715894680133096,0.4171149610943326,1.0895361536233237,0.08591646590910328,0.7982239556175265,17.383040944855257,0.0046912774139343605,0.006726161062347269,0.0073122166179895275,True,True,False,0.034792034186063095,0.0,2,True,0.0008196799899451435
287,True,0.2619578355640409,0.3163013428612594,0.24384333313163475,0.5061039098896043,0.7816116153982451,0.4169436489814408,1.1031480475268678,0.09365537157606142,0.560296618942262,13.327753721269339,0.005187872607239917,0.006934204022579117,0.007695681138204216,True,True,False,0.03499017519277896,0.0,2,True,0.0008244489727076143
288,True,0.2628630998028548,0.31898958087698853,0.2441542727781436,0.5065374307882341,0.7905844243274119,0.4167715126950412,1.1210923069785224,0.09546800418326354,0.360227013676467,10.002988950109183,0.005582225104489644,0.0071296601268048005,0.007978344964021614,True,True,False,0.03519681320345553,0.0,2,True,0.0008228459919337183
289,True,0.26395665363829623,0.32206783078079265,0.24458626125746405,0.5067818785914707,0.7990496908362706,0.41660551177796507,1.1403344874971504,0.09955817679736785,0.42397728047615757,3.7065188750538502,0.006039125273707514,0.007349586374813838,0.007768460812118444,True,True,False,0.035361998497253334,0.0,2,True,0.0008195689879357815
290,True,0.26532835575730046,0.3256137007645745,0.24523324075487574,0.5066375598655157,0.8058001908570832,0.4164498732497607,1.1593777446601712,0.10643880190598956,0.508866535697041,7.518446602423423,0.006660861521797941,0.007837338775002489,0.008293027138169531,True,True,False,0.0354650513365864,0.0,2,True,0.000814709987025708
291,True,0.26707220921226466,0.32983821112343775,0.246150208575207,0.5068530559148046,0.8105720591490408,0.4163032187821091,1.178364356508857,0.11476024899446358,0.3258332563126448,11.876065233869959,0.007154429495152101,0.00857712030970828,0.008695355270714892,True,True,False,0.035475633553142066,0.0,2,True,0.000810973986517638
292,True,0.2691207672224561,0.3345658368518253,0.2473057440126664,0.5074217316606676,0.8155570473613112,0.4161646211567072,1.1987549592877844,0.11940404889617162,0.28499026155901064,5.565785586052973,0.007614183643643466,0.009503035896368854,0.008939777645234844,True,True,False,0.03544123367682513,0.0,2,True,0.00081680400762707
293,True,0.27142989999326445,0.3397877038822457,0.24864396536360397,0.5098951887855236,0.8217950504006318,0.4160582153941713,1.2227061695705441,0.11254355375635301,0.4113307730864272,13.75646029403375,0.007966370746855515,0.010551233680679058,0.009951819989657742,True,True,True,0.03543416704553394,0.0,2,True,0.0008336360042449087
294,True,0.27399778750131853,0.34523642870520915,0.2502515737666882,0.5133388445444563,0.8240207305011696,0.4160442595210889,1.2512999748120393,0.12640932277374733,0.9282758417974194,27.70823199830623,0.008192337426268742,0.012369481354588038,0.009858714217473455,True,True,True,0.03530097553720576,0.0,2,True,0.0008244890195783228
295,True,0.27701772458403495,0.3510702998710186,0.25233353282170706,0.5208839200128103,0.8184019868808261,0.41621291939542626,1.286095995459338,0.1626724287110112,2.1444727264737358,47.71280376342112,0.008840270342464304,0.015888632764445614,0.010030723424269063,True,False,True,0.03477557871167567,0.0,2,True,0.0012077129795216024
296,True,0.2805445468974421,0.3575263980476518,0.25488392984737235,0.5366095598181971,0.80020004097535,0.4167688898364562,1.343529771896726,0.2797606117182257,4.264195610481182,69.5886188460855,0.010876664819721276,0.024553548082691938,0.01291521306893918,True,False,True,0.033748821912571274,0.0,2,True,0.0012226020044181496
297,True,0.28407541693077226,0.3637474102438155,0.2575180858264245,0.5628820830760112,0.7866220515555649,0.41771195355681107,1.429500318362062,0.43277972903163625,5.4653541829560695,85.88944523411101,0.013752217199342725,0.03581298314289863,0.08016229619085342,True,False,True,0.030703079018642845,0.0,2,True,0.0004202249983791262
298,True,0.28677767516027075,0.3680795912330521,0.25967703646934354,0.5990982479415259,0.7986810157803117,0.4190289189815529,1.5458281002060765,0.762490364471788,10.1441439479393,163.7972008904997,0.01673674818515604,0.05320817143694238,0.16311583601202764,False,False,False,0.024450299641626864,0.0,2,True,0.0004268870106898248
299,True,0.2859319409031167,0.36673110217680893,0.2589988871452192,0.6410100037232527,0.8331915914094272,0.420573514679929,1.7051934390451253,1.0906209376749831,10.27963886556024,69.78586781616504,0.020450376792240082,0.0753912783935563,0.37635511649253356,False,False,False,0.025936459484076267,0.0,2,True,0.00041798100573942065
300,True,0.28779052226949536,0.36617455165572016,0.26166251247408717,0.6882396802336044,0.8713855820683617,0.4219960689739234,1.7949977645239206,1.2757356301184286,8.106024353257702,208.40407385827194,0.02436773087555679,0.0820706076829696,0.9304873102157629,False,False,False,0.03116726697037568,0.0,2,True,0.00043068398372270167
301,True,0.28963870306312944,0.3652174291920819,0.2644457943534787,0.7308286168004191,0.9100280259229778,0.42323296390620513,1.8772304202569732,1.1736532775103872,6.666543346400228,295.0456024109082,0.027907861085619302,0.0750469542089125,1.4411347479605872,False,False,False,0.03521453471210398,0.0,2,True,0.0004218480025883764
302,True,0.29345741893343624,0.3696141003428717,0.26807185846362436,0.7648379555439487,0.9370883417909035,0.424185334398333,1.9261690732278631,0.9548240980489913,10.334227599903384,181.7535594373247,0.031248556992737708,0.04332155834091244,1.8818496718705298,False,False,False,0.03579563145410365,0.0,2,True,0.00042553499224595726
303,True,0.30598432861293146,0.38646452385943536,0.2791575968640969,0.7996073221152953,0.962530525311881,0.4250937802948298,1.9291606389395424,0.7905419640290471,11.740275500163536,95.6547670201779,0.03621391856246387,0.01930638515534098,2.3401111756486217,False,False,False,0.03380665495082928,0.0,2,True,0.00042041498818434775
304,True,0.32696562930408957,0.41786100723157127,0.2966671699949291,0.8313449652863482,0.9802691890525108,0.42616126784440866,1.9241703841366413,0.7815449190078502,12.84003372120898,82.72214470461307,0.043305646001699,0.009402669721205287,2.8586891529124823,False,False,False,0.029945478648407506,0.0,2,True,0.0004299829888623208
305,True,0.35990360164108376,0.47279623481532806,0.32227272391633566,0.8723724136234975,1.016752657496987,0.4273439113758047,1.8612988617274537,1.3698145274044762,26.07239896368054,651.864271067831,0.05746754475822479,0.16098505291868637,3.2945831204796567,False,False,False,0.023936224616793338,0.0,2,True,0.001608691003639251
306,True,0.3913307431558372,0.5248771554428835,0.34681527239348847,0.9220354236841426,1.0398989306712865,0.4287406957360957,1.814899168789532,0.9731106861439364,28.406223061730635,1518.1158892560431,0.05203609284072939,0.11666650300886737,3.326239546381913,False,False,False,0.03498875738858053,0.0,2,True,0.00042139700963161886
307,True,0.4422680488749944,0.6122844784828885,0.38559590567236307,1.0345461304631796,1.13026483942532,0.4301323543420883,1.496929741277099,1.7346194727525852,34.467002842578914,1540.3148348526781,0.06042522749496899,0.14908871705535495,3.2372350272205193,False,False,False,0.05560594101374545,0.0,1,True,0.0012173019931651652
308,True,0.4713305588118314,0.6575442946895469,0.40925931351925954,1.1311039392660613,1.1453980839855649,0.43208056619930096,1.0048315305061921,0.6266588529261136,58.210487797080084,2672.745586415471,0.03662301098138485,0.5892933358409392,0.7037000981804366,False,False,False,0.06787378648496079,0.0,1,True,0.0016360940062440932
309,True,0.47039039410602956,0.6440432465344621,0.4125061099632188,1.1648252440765,1.1099770965180022,0.4350929152733331,0.6561904825676628,2.2468492197677605,53.01543476411205,1030.4523271644312,0.0382430429487552,1.7997056224579544,0.21164583069411907,False,False,False,0.06650618941917022,0.0,1,True,0.0020041890093125403
310,True,0.45946315428122303,0.6189552291255087,0.4062991293331278,1.1669816582993064,1.0785903100136225,0.4367947666079328,0.7463583896232271,1.1287317205386749,42.683411667818966,2764.7621607706374,0.03405258813371351,2.30811190438092,0.017080381407940156,False,False,False,0.06612462159507854,0.0,1,True,0.0004336700076237321
311,True,0.4402899137917325,0.5831630047468308,0.39266555014003307,1.1687604554677964,1.0491838861126088,0.4384055109935501,0.954317864903891,1.3664440599330878,8.513263553977282,1346.8861626763246,0.03991475664814142,2.871627672844409,0.06460526362026653,False,False,False,0.0627017070928468,0.0,1,True,0.00043526297667995095
312,True,0.41784564387371964,0.5450309386553189,0.37545054561318647,1.1538675666148432,0.9966808534976619,0.44030376370346724,1.0175545879608767,1.2907878330024372,9.856224616707909,366.7130552117836,0.042234462290605256,3.074426139123003,0.06628274194322979,False,False,False,0.05611650121863113,0.0,1,True,0.0004322880122344941
313,True,0.3899420069413965,0.49844283671120293,0.35377506368479444,1.1108293326905117,0.864442227824222,0.44236964120728905,1.169409869603452,1.1335422571204405,15.637419219096913,241.00651773885912,0.04424644579370188,3.1900177305986848,0.047274017427843415,False,False,False,0.04701695806170455,0.0,1,True,0.00042212801054120064
314,True,0.3607464976719683,0.44928152190929127,0.331234822926194,1.0124058672762786,0.7945757079375821,0.4446121170211589,1.4483486842814282,1.8225932213756983,37.45652180434137,949.8136434727926,0.051262354909289334,3.0530193680777575,0.15871349407376595,False,False,False,0.041013550087058495,0.0,1,True,0.0016385279886890203
315,True,0.330990718512178,0.40642221718952876,0.3058468856197278,0.9416287209017078,0.8242701901062292,0.44622301087297345,1.640231093960127,1.2365544958817798,49.25979958926371,2373.484786890592,0.04263613129946435,2.679369336741032,0.15284335854445957,False,False,False,0.0316294188224037,0.0,1,True,0.001228131994139403
316,True,0.31624805738815726,0.3868918191828519,0.29270013678992574,0.8842737292324832,0.8979423247580802,0.4477475007255036,1.8049374492310126,1.1121726737546942,14.668926902119996,1324.9676837616516,0.03832041528076269,2.249514880066211,0.18755567892850444,False,False,False,0.036248949737349816,0.0,1,True,0.0012239640054758638
317,True,0.321911113573557,0.4175993839831404,0.29001502343702923,0.8745484287295127,0.9839039125900546,0.4491154545162343,0.04221499168039111,0.9721644392288066,18.44835907044591,287.89764479895916,0.03171108708242562,1.4360879105949151,0.34295161727603796,False,False,False,0.04770455241274433,0.0,1,True,0.0008630119846202433
318,True,0.34923481813761276,0.44933399271508145,0.31586842661178977,0.9909328225577916,0.8494825906829516,0.450175236072723,1.03419577287617,0.6863751561326702,22.387174501848357,541.016228810005,0.023642249486446505,0.38486548757583855,0.7844490716495156,False,False,False,0.06205033894470941,0.0,1,True,0.0004499100032262504
319,True,0.35203030405390073,0.4532427244631183,0.3182928305841616,1.0646797815287985,0.8633395320475701,0.45154793561555345,0.7988290516569954,0.9873058744946019,21.688353282665553,387.23433965628266,0.026725802830694326,0.03356655294526461,1.1607688545071608,False,False,False,0.06722846029903998,0.0,1,True,0.0004402319900691509
320,True,0.3534321669085041,0.4533862526642442,0.3201141383232574,1.1165748334451826,0.8711176842034672,0.4524969356427831,0.8256601541687423,0.9572175025714587,5.972792391195949,679.725836553395,0.024989265751160762,0.051508735907439276,1.3439647405082498,False,False,False,0.07000972120343452,0.0,1,True,0.0004192529886495322
321,True,0.35518654402935473,0.4551554604167733,0.32186357190021525,1.1285233240632737,0.8903218847393249,0.4533020818765867,0.8748019670608203,0.69984421266567,13.537602905200888,314.5105284974271,0.022223782053873434,0.03828418466618187,1.3151724817809214,False,False,False,0.07140388313657746,0.0,1,True,0.00042424199637025595
322,True,0.3567199130467129,0.4580037602723009,0.3229586306381836,1.1049026528010737,0.9080679132586766,0.4539831272925318,0.912627460527438,0.6238727517892304,14.633845328191166,142.14933161576622,0.021527593295277474,0.012600421770956983,1.3026672354335613,True,False,True,0.07135748532685061,0.0,1,True,0.0004159660020377487
323,True,0.3571381374009941,0.4589532911585942,0.32319975281512736,1.0650302040485746,0.8530549619696057,0.45373956904463225,0.915465301994844,1.4019603909997762,30.014762864051683,684.8489022561954,0.02693018114637931,0.05565408111568764,1.2635106355184869,True,False,True,0.07034359632055767,0.0,1,True,0.0008266029763035476
324,True,0.3588229641466826,0.46179442960525374,0.32449914232715876,1.0123965556827477,0.8111419587392066,0.45377191275677714,0.9328460341018707,1.4018675314148323,18.23728555246763,1015.7300878381467,0.025328982364234975,0.02325844552896858,1.161141575482624,True,False,True,0.06809988815677805,0.0,1,True,0.0008160129946190864
325,True,0.361138490338323,0.4660801133824699,0.32615794932360737,0.958958071646846,0.8035797185221497,0.4538631068460142,0.9844117773615638,1.5433201471436262,8.495070743331258,416.5957767313718,0.025158796497882965,0.02805219313537779,1.0943266157518512,True,False,True,0.06560020700763658,0.0,1,True,0.0008246199868153781
326,True,0.362345910918146,0.4681007465296221,0.32709429904765397,0.9121667559917004,0.7940627674487485,0.4539020563530053,0.9883871819405665,1.5266814538215536,8.903673885562036,316.97833597433595,0.020964014040587637,0.03271985647474235,0.7017379276759791,True,False,True,0.06259091673202055,0.0,1,True,0.0008429340086877346
327,True,0.3601200581242717,0.46541045164392975,0.32502326028438566,0.8688494473396496,0.8006008976588723,0.4542702891170483,0.9589868351606838,0.611952134620111,29.582304339750074,934.5520741929731,0.015636437319866248,0.031161373815948044,0.18433498275867433,True,False,True,0.0593673529377697,0.0,1,True,0.0004494599997997284
328,True,0.35842354965099504,0.4623224800980359,0.32379057283531476,0.8307869374165755,0.7750898955151646,0.4545245311434767,0.809947866856136,0.499449696536348,8.242938711757631,772.7831415767597,0.014014394456425723,0.02922717750739181,0.025602984777569934,False,False,False,0.056601752402450224,0.0,1,True,0.00044709499343298376
329,True,0.355045291695232,0.4558221054426734,0.32145302044608487,0.7909115486917101,0.7805952990880476,0.455096698024775,0.6976857493771518,0.4003468516170309,7.951542789252258,180.4919830572075,0.013416164280308306,0.031906792053024734,0.008379582354088656,False,False,False,0.054088682772168,0.0,1,True,0.0004410739929880947
330,True,0.35111513886278845,0.44764394697915166,0.31893886949066746,0.7500726159031815,0.8028399997626541,0.4559354451261899,0.6855618313544971,0.4164273239125643,7.238342301600834,170.1589681555625,0.013839945382809124,0.029486540774540757,0.024928531684756925,True,True,True,0.05164188440190953,0.0,1,True,0.00044930001604370773
331,True,0.3461784873394996,0.438349982754506,0.3154546555344974,0.7035149483137746,0.8171186943891067,0.45704090803482705,0.6814444989316595,0.8168418867008768,19.56800229057626,445.85129793794135,0.01408212475416167,0.031027679913600663,0.026127882743070163,True,True,True,0.04941976890213636,0.0,1,True,0.0024178819730877876
332,True,0.341015419731006,0.42888457327692725,0.31172570188236565,0.6608764136662504,0.8218571675644558,0.4582702620351138,0.6528721317111643,1.0437258199866446,9.37336653165826,367.2613723882451,0.013094169249374232,0.02734447351477531,0.01379464273563071,True,True,True,0.04653590546336332,0.0,2,True,0.0031835599802434444
333,True,0.3356871775962934,0.4183766455434325,0.3081240216139138,0.624022577848788,0.8341982950581995,0.45957767537420036,0.6185405693709052,1.1890249445346766,7.316388874257325,155.819485344156,0.011791299302271824,0.03312669466756581,0.004148875256723488,False,False,False,0.043909880063784885,0.0,2,True,0.003559209988452494
334,True,0.330030604802202,0.40669077499422657,0.3044772147381938,0.5953735294122081,0.8118152099288075,0.46100080792020276,0.5551553091155352,1.0826877274976887,6.772317243186708,272.7655324113203,0.010664515266716652,0.06046414166091369,0.004275507950594993,False,False,False,0.04111273810760974,0.0,2,True,0.003966869990108535
335,True,0.3254791508306531,0.3941647248428014,0.3025839594932704,0.5916346866080305,0.8166325083400319,0.4622623266014252,0.5152055843802843,0.3712552481436695,28.945329206102922,775.1054946776796,0.010103903838998738,0.23710004851520355,0.004092287102496996,False,True,False,0.038590789584273685,0.0,2,True,0.00042939200648106635
336,True,0.3203684890113109,0.38126434757225636,0.30006986949099573,0.6058439097254238,0.8223906625740228,0.46337581022201546,0.5125901853897237,0.4981998770074781,6.867589948905001,809.6163777373359,0.011148816901961517,0.5160841014275847,0.0018946751987421418,False,True,False,0.037494750051499666,0.0,2,True,0.0004171590262558311
337,True,0.315867128962591,0.3709454669464766,0.29750768296796243,0.6339890803385554,0.8183689411163657,0.46447252398961875,0.483617069434521,0.5147116010055852,4.248670244692715,189.67537542294673,0.011451957646686347,0.6184166857653294,0.0038616036676193195,False,True,False,0.0382070024681152,0.0,2,True,0.00042797898640856147
338,True,0.31243586992372785,0.36450249360746884,0.2950803286958142,0.6675033286941479,0.8031796023911724,0.46548706872730733,0.4177887307595092,0.416246380614354,6.056784195113731,171.92170879698577,0.010149361371615446,0.5621050622176075,0.0075816240785810726,False,True,False,0.03824929522152668,0.0,2,True,0.0004170680185779929
339,True,0.3105590043676986,0.36476256734807166,0.29249115004090764,0.6937089391510668,0.7841024135840412,0.4663132197537744,0.386339073354733,0.3620767283060554,8.512892307390146,160.79714914650245,0.008048859725928191,0.45753848216816545,0.019967300574987943,False,True,True,0.03638892998297124,0.0,2,True,0.0020156710234005004
340,True,0.3085373582666067,0.36813802352963,0.2886704698455989,0.6974379005850451,0.7592374097442851,0.46690133574285575,0.33898193253883235,0.42843937438250074,10.766887571909503,164.00683752598553,0.008314401389121392,0.3234199358555892,0.02255568523032678,False,True,True,0.03909442809079285,0.0,2,True,0.0019987290143035352
341,True,0.3085854842232838,0.37473090321427643,0.28653701122628616,0.687514485725259,0.7518109327938711,0.467310003431769,0.3324700348053844,0.5498581893386003,7.713112748251856,176.15499384805608,0.009179251183304536,0.15068075606556666,0.03014366978442469,False,True,True,0.04653518159621239,0.0,2,True,0.001615183980902657
342,True,0.30925171725300593,0.38223267556168794,0.2849247311501119,0.6708887008655262,0.756832162925434,0.4676775635393291,0.3525999387513814,0.586636858534429,3.681634889945622,171.66750991051717,0.00989997677467137,0.18305416154312332,0.04001595984901412,False,True,True,0.05156901261807332,0.0,2,True,0.001613471016753465
343,True,0.3117478125202409,0.39229918152988313,0.28489735618369355,0.6559022324081031,0.7808100104828168,0.4679863801977399,0.4738030061841696,0.551827961700604,6.410942437372464,164.16609963453658,0.009637515966236779,0.05242837322132905,0.04615380157835604,False,True,True,0.05108625191441774,0.0,2,True,0.0016357330023311079
344,True,0.3144258302437759,0.40076878998532545,0.28564484366325943,0.6516035434177856,0.7683863786431199,0.46842205613775134,0.6342871993886292,0.3924485883782712,8.871771687585515,233.20162237364127,0.00868843519922815,0.03729491146597627,0.03758374248342932,False,False,False,0.048955361852670014,0.0,2,True,0.0016377769934479147
345,True,0.3163620591244971,0.4062040969026679,0.2864147131984403,0.6520413429824182,0.7890649631011802,0.468853425514063,0.7999585586943301,0.26124794465586076,5.100623793198677,275.7098778080384,0.008278315992712346,0.021741655033959556,0.03750246504209853,False,False,False,0.0480773918859699,0.0,2,True,0.0012293840118218213
346,True,0.31679300731515136,0.40850670964034264,0.2862217732067543,0.6522927609594569,0.8436774067422905,0.4693138665385817,0.971852647510411,0.18755477995668632,3.805091441804761,68.1938644725831,0.00842066676720002,0.011801029796325175,0.027140007857455573,False,False,False,0.04776741535101511,0.0,1,True,0.00042339100036770105
347,True,0.3138974661666152,0.4054234763561945,0.28338879610342205,0.6447950254302695,0.916415547321076,0.46967074157933886,1.2034724910813737,0.17342959792567123,2.1251101794800937,106.39965475560686,0.008146901306619561,0.0057847322231578974,0.037091163739758924,True,False,False,0.04827030520569956,0.0,1,True,0.0004286399926058948
348,True,0.3108295824990119,0.40074182964640703,0.2808588334498801,0.6354124839925299,0.9258668280011741,0.4699404913781092,1.3419551847863003,0.20660480358923045,5.58090395131032,124.104049137601,0.006761599865811509,0.0010807747461675384,0.1177745087389106,True,False,False,0.04920092977371736,0.0,1,True,0.00042115600081160665
349,True,0.3094310503712556,0.39778587785759,0.2799794412091442,0.6336316147497609,0.9330311682766417,0.4701260391380624,1.3638114037460154,0.39591805698756966,7.506527848531733,80.92974061741239,0.007167791947403515,0.008348853413679967,0.3705977343034405,True,False,False,0.05023694920105934,0.0,1,True,0.0004287410120014101
350,True,0.30711463556891905,0.39306511277156087,0.27846447650137185,0.6389773586897333,0.9397342800559643,0.4702394336737923,1.3395037827291816,0.5845284200046984,6.350772034056541,58.62725204854065,0.009573925330397064,0.015073052004702792,0.6732926946971934,True,False,True,0.05143184157464999,0.0,1,True,0.0004182910197414458
351,True,0.3035094871824176,0.3868571045872579,0.2757269480474708,0.6482581325812504,0.9492827801840004,0.47026046692449847,1.3080643511693792,0.6205524520041215,1.9397767652375981,155.200420806402,0.01080060820048447,0.010868266371270831,0.8145223551255457,True,False,True,0.05252081315541861,0.0,1,True,0.00042779897921718657
352,True,0.2990477711730532,0.3803136337176377,0.27195915032485835,0.6566056665341858,0.9559546147784289,0.47016623431206367,1.2672951732617082,0.5127834453837461,4.050401985753323,146.82426342557963,0.01110123447293593,0.0028941574147433387,0.8672119927063632,True,False,False,0.053080732387212344,0.0,1,True,0.000421106000430882
353,True,0.29345761556968974,0.3729728373911722,0.2669525416291956,0.6556001185407051,0.9624665119663032,0.4699834607261045,1.2373296192672656,0.32273333853659664,7.556616798736671,117.50636879960436,0.010626051333274187,0.004366237331208925,0.8442599546398698,True,False,False,0.052984239148591274,0.0,1,True,0.0004343419859651476
354,True,0.28693582515252003,0.364858187247971,0.2609617044540365,0.6434302387781753,0.967076091727874,0.4697155285651841,1.2269276009128898,0.2573701584130552,7.4163002768511905,30.2410471629869,0.010372859217244684,0.0073685041020393,0.8092763704410192,True,False,False,0.052225634326521525,0.0,1,True,0.0004318470018915832
355,True,0.2797614845326665,0.3561501835980402,0.2542985848442086,0.6184278752589809,0.9679558324434882,0.4693765923421902,1.2366166273820256,0.40016549936363827,8.15840307561336,29.452467687506203,0.01035532183755104,0.013855264966957798,0.7464945563630868,True,False,True,0.050657384094951796,0.0,1,True,0.0004383180057629943
356,True,0.2727097782862974,0.34689408501328417,0.24798167604396848,0.5774911388295894,0.9621415716778678,0.46898302214513266,1.2418993661440896,0.6931826211174276,10.200409678357085,77.3197083222243,0.01165616282886171,0.027284982237543377,0.714655469591616,True,False,True,0.0472834119779581,0.0,1,True,0.00043559400364756584
357,True,0.27026144442444644,0.3436680501243673,0.24579257585780612,0.533998643148267,0.9356754606274812,0.4684495252374361,1.18479474723355,0.8937613025244651,8.661716335968498,249.0478243215904,0.008465176895580934,0.03593894640308904,0.28185802953780703,True,False,True,0.042025064882819964,0.0,1,True,0.00044522201642394066
358,True,0.26947143418267594,0.3418693838788108,0.2453387842839643,0.5039560442098145,0.9081662632569527,0.46796757211201745,1.1372971371208995,0.676440142799355,9.843960833082122,444.79786324941176,0.005584571369039428,0.03830374266519433,0.02235875477300104,True,False,True,0.037978281563066915,0.0,2,True,0.0004305139882490039
359,True,0.2690354292992786,0.33950420799467645,0.2455458364008125,0.48449894046573466,0.9152804502031914,0.4675911428085931,1.0772049106578976,0.4127142612261396,9.90774628482601,188.9345041203114,0.004705354979600719,0.025460249557439852,0.030285499071524665,True,False,True,0.03600008184322625,0.0,2,True,0.00043423098395578563
360,True,0.2678235267067301,0.335218173666153,0.24535864438692245,0.46935169788056386,0.9309172452019596,0.46731093371715854,1.0502711758325747,0.3262084351302004,4.933587630206072,172.98326126376875,0.0051845591190393565,0.013531137167262734,0.026497485021835507,True,False,True,0.03479839317292128,0.0,2,True,0.0004291110089980066
361,True,0.26611704415108073,0.3306353810744869,0.24461093184327853,0.45854896248821514,0.9311791835990689,0.46709879747588834,1.0521483434543222,0.3184879570733566,1.60482772070734,153.62774783134506,0.005379756803430042,0.013557687094749556,0.002083880021899797,True,True,True,0.03350097525391036,0.0,2,True,0.0004231200146023184
362,True,0.26424567702067553,0.3261536497344093,0.24360968611609757,0.45319208868045746,0.9356941039155953,0.46682697729042116,1.090939238367406,0.2988702733590142,1.4967604327344965,34.68435381508592,0.005183471906006612,0.00854148313754231,0.0029221585879936843,True,True,False,0.03269984631447737,0.0,2,True,0.0004170890024397522
363,True,0.2630443139724628,0.32300255204052,0.24305823461644382,0.45275319568473815,0.9339562123457044,0.46649365516650354,1.1177589465998587,0.26326841955138613,1.5091549073735393,34.48431698290488,0.004747530927813024,0.004590250038912101,0.0017054888690076202,True,True,False,0.032330740271183094,0.0,2,True,0.0004253040242474526
364,True,0.2622586752175486,0.3206525291755375,0.2427940572315522,0.45506110784763315,0.9339898699261915,0.4662325870961445,1.1318368205836953,0.21069304276601478,2.06899292810462,32.42493612541273,0.004156204517525838,0.0021779173475003533,0.0025647611845113754,True,True,False,0.03217951899194728,0.0,2,True,0.00041498400969430804
365,True,0.26149935150493936,0.3184131027102535,0.24252810110316791,0.45839032874255825,0.9185137217582181,0.46601612221532723,1.1458536962945147,0.16783305432050413,2.524851753548978,30.5202230607152,0.003780869728702544,0.0009976137688188563,0.002904907198660338,True,True,False,0.032350186146178156,0.0,2,True,0.00042535399552434683
366,True,0.26092137302475826,0.31663939127785135,0.24234870027372726,0.46414146518194865,0.9014768265853892,0.4658065037628042,1.154339438204875,0.1501112123416794,1.5497403082733818,40.42373608634159,0.0035136035180122335,0.0029817503063428335,0.001959316474019288,True,True,False,0.03270686447812561,0.0,2,True,0.0004146939900238067
367,True,0.2609930404861144,0.3161140095676349,0.24261938412560755,0.4712926864562188,0.8925315500408889,0.4655739619196719,1.1306969444787445,0.12631662939153382,1.4455572214112609,32.89599834905415,0.0031682446570350607,0.0030473655566506,0.001964924850253149,True,True,False,0.03299705355539421,0.0,2,True,0.00041942301322706044
368,True,0.2607977220200393,0.3156106875392938,0.2425267335136212,0.47679895983597365,0.8924227649606437,0.4653792705037477,1.1187116479697683,0.12906393366151553,1.9321914572953018,33.27836869493387,0.0031523064144864804,0.0026080935486585367,0.0011802082878154996,True,True,False,0.033065558178273745,0.0,2,True,0.0012152979907114059
369,True,0.2605606161416898,0.3157254096628434,0.2421723516346386,0.4804465838043066,0.8954303530027726,0.4652056716882413,1.1081536742082325,0.15751850565952258,1.9261816959853555,12.002623677283623,0.003428461438512428,0.0025414349312072927,0.0022589581183764147,True,True,False,0.03297332295465829,0.0,2,True,0.0016263549914583564
370,True,0.26049264083693324,0.3163281886166133,0.2418807915770399,0.48312831439484494,0.8957870355419886,0.46503909845425695,1.0906968564772697,0.17525044050293062,1.1187136576605679,38.5697123600693,0.003767538055631086,0.0019040137885155991,0.0026112272573177247,True,True,False,0.03294910687040691,0.0,2,True,0.0016194210038520396
371,True,0.26046853029536693,0.31713713470801463,0.241578995491151,0.4843802480960625,0.9000648077059159,0.46487606978950163,1.0666807207983975,0.18972556545990915,1.435263316446285,23.874977859977026,0.004120375910960164,0.002629057334173101,0.001738235226858527,True,True,False,0.03318198455062406,0.0,2,True,0.001622337003936991
372,True,0.26042007424417496,0.31799464245949066,0.24122855150573638,0.48505800829383044,0.9080604712574387,0.4647017445796059,1.041949057440581,0.2051379472511666,1.3204238841686742,14.374169518403741,0.004524695563340325,0.004923366994254303,0.0011661773539425207,True,True,False,0.033619674232005355,0.0,2,True,0.0016175190103240311
373,True,0.2603179604100868,0.3188091773247608,0.2408208881051955,0.4852636237117921,0.9168877374758083,0.4645532370457205,1.0227944798107198,0.20231091496097592,0.9593451348349767,38.03185494802687,0.004444681822808485,0.006361414992934958,0.0015247691689679248,True,True,False,0.03392356971705209,0.0,2,True,0.0012146570079494268
374,True,0.2603338994701375,0.3197589086855455,0.24052556306500147,0.4864736632427247,0.9176511867909298,0.4644458892305552,1.005188099346925,0.19262461454155644,0.8923100500613789,17.05565308396765,0.004145395585440184,0.006125538266550981,0.001886611542166574,True,True,False,0.03407672366263845,0.0,2,True,0.0012199259945191443
375,True,0.2605251058592683,0.32086660542760426,0.240411272669823,0.48825393638800324,0.9106254997612321,0.46433716184353846,0.9905685653513172,0.17356429013629435,1.0549581887447699,19.00116351685757,0.0038643816850003183,0.005148344709454268,0.002608041277181682,True,True,False,0.034155978819390746,0.0,2,True,0.0012321800168137997
376,True,0.260913033623214,0.3221300845048544,0.24050734999600054,0.4910718552382518,0.9043208526853935,0.46423064310240436,0.9784839535878718,0.14469964257340082,1.307303832280625,15.223743471903356,0.00331072342364487,0.0037644094672882296,0.0031219421959040447,True,True,False,0.034223634678373145,0.0,2,True,0.0012133239943068475
377,True,0.26142582914266055,0.32322935210562875,0.24082465482167112,0.49471971307493917,0.900547691895,0.46411764267501004,0.9691425873024866,0.11012579790166657,1.6232988777455053,15.978846756211432,0.002717754005058565,0.00210716671416933,0.0027011736294298263,True,True,False,0.034362389211946356,0.0,1,True,0.00043220698717050254
378,True,0.26186102646108267,0.3240276489572695,0.24113881896235376,0.49734618641996636,0.9003877251524198,0.46401715235263913,0.960728959188103,0.08893838030019621,0.8929923399431731,33.69959760249774,0.002433736438923342,0.001290290565562332,0.0020550158449949623,True,True,False,0.03449804037741094,0.0,1,True,0.00042154701077379286
379,True,0.26213264639226147,0.3244249794324995,0.24136853537884875,0.4985576461062942,0.8993071851789104,0.4639131900147596,0.9513920443663217,0.07257295925334732,1.0941387038435995,9.460574843245514,0.0021765774768763967,0.00172383691332145,0.0017067722830264524,True,True,False,0.034637254567812845,0.0,1,True,0.00043188699055463076
380,True,0.2622791577069636,0.3244420088478049,0.24155820732668318,0.4992018878241962,0.8978325920874831,0.46380941112928625,0.9399584164675822,0.06729825833577342,0.7787814829389896,11.560393462841626,0.002183204162587872,0.002486511186912602,0.00150601313364243,True,True,False,0.034791347309992345,0.0,1,True,0.000419313000747934
381,True,0.2623946172009553,0.32425209536663513,0.2417754578123954,0.5004801343150769,0.8953344365196464,0.4637127503534941,0.9258481418766384,0.06324036067791794,0.6363971348372042,10.726586158093065,0.0023954381022953477,0.0018673651759964032,0.0016084059734494769,True,True,False,0.034961602279542155,0.0,1,True,0.0004388200177345425
382,True,0.26243956382645484,0.32387462004089634,0.24196121175497431,0.5010012415807896,0.8918040017088804,0.4636238171880666,0.910183129747461,0.05726420693489031,0.6167732413647332,11.805213257442439,0.002577667593325937,0.001580292912989298,0.002365564705273972,True,True,False,0.035116734962731794,0.0,1,True,0.0004188820021227002
383,True,0.2623044276248048,0.32309749098760676,0.24204007317053747,0.5000958537116816,0.8894001696184191,0.46355060113567875,0.893371535704192,0.06097089825153489,0.650699948510687,11.954812746656707,0.0027994143266061823,0.0015653678351958138,0.003007700126705868,True,True,False,0.0352496052372482,0.0,1,True,0.00043101501069031656
384,True,0.26208576934116984,0.32231192588080904,0.2420103838279568,0.498046717335738,0.8854435198172973,0.4634754579714776,0.8748276457278132,0.064069228706169,0.5760801805190674,9.0720627901272,0.0030330477059574315,0.0015768275417540876,0.00327498283737989,True,True,False,0.03537586823254505,0.0,2,True,0.0004337700083851814
385,True,0.26175104013602224,0.3213564111925717,0.24188258311717245,0.49380394683525974,0.8809684196246258,0.46339762111749455,0.8534747210997553,0.07810998420728747,0.8673086391284038,11.75600442264062,0.0034275414402145676,0.0019285207384012299,0.004568037569290462,True,True,False,0.03550630627792813,0.0,2,True,0.0004291010263841599
386,True,0.2614344670858337,0.3203939342923614,0.24178131135032446,0.4890189339517327,0.8781224138129843,0.4633219946582202,0.8306683700631008,0.08623488609292136,0.5897439025955568,13.372894512860714,0.0037311800796389605,0.002383933630131666,0.005307468136062265,True,True,False,0.03561957290372433,0.0,2,True,0.0004181409894954413
387,True,0.26121544872935953,0.3195814601139982,0.24176011160114666,0.4850949974346852,0.875987442398939,0.4632555266672918,0.8070366646197569,0.08031555435051173,0.5606754222709786,17.053526333177505,0.003827530654186828,0.002645442838395016,0.005658861689350576,True,True,False,0.03571855229984152,0.0,2,True,0.0004331690142862499
388,True,0.26111253816666324,0.31882432912158465,0.24187527451502278,0.48198845808413676,0.8745508399147908,0.4632022130293812,0.7817469243206594,0.07930277760337383,0.8288439194228232,13.279030826588631,0.003983422076671577,0.0030092690937716673,0.005784831898292592,True,True,False,0.03580679443655921,0.0,2,True,0.0004202339914627373
389,True,0.261107532732638,0.3180319537857323,0.2421327257149399,0.47942368891735065,0.8740647416341043,0.46316019762450383,0.7561325441877573,0.08945470623715379,0.8505915163552019,6.312310826961624,0.004319378554421163,0.0036451122903756183,0.005851763368681388,True,True,False,0.03588291155959041,0.0,2,True,0.00042559500434435904
390,True,0.26127155553177134,0.3174347024220533,0.24255050656834398,0.4788031767142475,0.8745281926293845,0.4631248880790707,0.7319956668406971,0.08579834143880226,0.6649254779302946,19.311317739202362,0.004505710267128399,0.0045759152703201975,0.0060681273486950845,True,True,False,0.035946145840656495,0.0,2,True,0.0004210759943816811
391,True,0.26150645983498555,0.3169416807541131,0.24302805286194298,0.4783802858167479,0.8757312861249813,0.46309711691594974,0.7075846290161252,0.08279225969572464,0.23105627352295438,15.456982919936289,0.0046920482683808695,0.005420024559342408,0.006421965277384747,True,True,False,0.03597378125042701,0.0,2,True,0.00041992400656454265
392,True,0.2618246255751276,0.31659310416376396,0.24356846604558213,0.47872374344581586,0.8792029234028451,0.4630697887265864,0.6830552109053143,0.06959240698476797,0.5604130839853715,13.058387847141184,0.004857430239109138,0.006456289439526961,0.007017730304334849,True,True,False,0.03600552657657316,0.0,2,True,0.0004152850015088916
393,True,0.26229874974635675,0.31666870034830813,0.24417543287903964,0.4793345718920326,0.8821492355881153,0.4630400630151746,0.6591254424410344,0.06463400456859603,0.41383008830528956,10.819755535499642,0.005121857407896084,0.007452436173853147,0.00762581287864912,True,True,False,0.03605946564816107,0.0,2,True,0.00042103600571863353
394,True,0.26291307300216726,0.3171504914103674,0.2448339335327672,0.4805317933544915,0.8855610422709382,0.4630102729543941,0.6346608205170594,0.05331569482913223,0.5835804725453523,10.482836679915895,0.005297915494223754,0.009187035478211847,0.008361487379608021,True,True,False,0.03608422235428614,0.0,2,True,0.00041788999806158245
395,True,0.26368527307319356,0.3180198700244756,0.24557374075609958,0.48275339994430205,0.8909437676379154,0.46297477796831205,0.6094188962681779,0.045307369085471935,0.6715065853151293,5.8182798084588665,0.005498841448994928,0.011272515485922372,0.009208315535846487,True,True,True,0.036081921898329664,0.0,2,True,0.0004245129821356386
396,True,0.26460219829993825,0.31934432918240735,0.24635482133911527,0.48562930890160794,0.8979203848002245,0.4629581556956551,0.5820388231496745,0.050908777740069966,0.6923548078662276,8.346044927077417,0.00572886618705009,0.013104213225785002,0.010010345832545425,True,True,True,0.03605186422509716,0.0,2,True,0.0008235170098487288
397,True,0.2657492841711191,0.3212604297889292,0.24724556896518238,0.4896452155559424,0.9058113766227648,0.46292029762220965,0.5525262645706164,0.05592808342791007,0.5082546450620895,12.063495841191626,0.006012417108972833,0.013675805747261183,0.010234632938749868,True,True,True,0.036030473237041366,0.0,2,True,0.0012029640201944858
398,True,0.26723099873294454,0.3238629293904128,0.2483536885137885,0.4953781038906954,0.9126013466794372,0.46287096489952934,0.5219381130725298,0.05729457953500188,0.39426704167053794,12.424354708580232,0.006386761204167882,0.014560315755044047,0.010335061001255603,True,True,True,0.036045430837172925,0.0,2,True,0.0012136739969719201
399,True,0.2691818577000824,0.32719140219036497,0.24984534286998825,0.5038191997312902,0.9113609517757891,0.4627874115113884,0.4922081687813722,0.05576407556776949,0.6085262830984375,14.72354058067636,0.006960655791801725,0.01512030490567981,0.010380742163080159,True,True,True,0.03608264847267481,0.0,2,True,0.0004259549896232784
400,True,0.2715135479890428,0.331262457145967,0.2515972449367348,0.5141346855913097,0.9023355466078813,0.4627222537446067,0.4618345283416454,0.06380582999394308,0.32632778480762326,17.514557261605752,0.007403317373717628,0.016260186558571296,0.010226212463689559,True,True,True,0.03615077928258027,0.0,2,True,0.0004225089796818793
401,True,0.2741668847199997,0.33601880169382325,0.2535495790620585,0.5255045915340912,0.8945769239066692,0.4626474106198362,0.4279123334302146,0.06605968181685042,0.2553410193030888,10.418287119432682,0.007834671445806306,0.01672479977394431,0.00877066483366029,True,True,True,0.036258799811516425,0.0,2,True,0.00042279899935238063
402,True,0.27735759131033405,0.34174816625815224,0.25589406632772793,0.5385713358496509,0.888030571955217,0.46256503505840013,0.39427456247103154,0.07286215443784771,0.45201555470743593,8.190635266330258,0.008434294659646123,0.016898182203741164,0.008646066770854399,True,False,True,0.036334621144935235,0.0,2,True,0.0004265570023562759
403,True,0.2811569653860846,0.348544935241462,0.2586943087676254,0.5534468452387515,0.8823802148177754,0.4625051109980866,0.36000469182500683,0.08760826017273417,0.5660386460127191,7.6693923753749145,0.009158519281465282,0.017676249802107597,0.008461201254329753,True,False,True,0.036333006693319375,0.0,2,True,0.0004271780198905617
404,True,0.28591571027179635,0.3571876804037837,0.26215838689446724,0.5707020551248816,0.8795423393649551,0.46245216088270924,0.3286913497595003,0.11648866740909089,1.0472719237205963,15.432863052603475,0.01002366957254288,0.01874897446687792,0.007961767235997275,True,False,True,0.03618612287493273,0.0,2,True,0.00042892099008895457
405,True,0.29137934780333546,0.36787116885503846,0.2658820741194344,0.5880802186958781,0.8788693667622755,0.46236241991115157,0.2952117326347461,0.20514889611211157,3.1173872376368803,71.43712407049141,0.01022112938700058,0.02321589318649824,0.011113375236818686,True,False,True,0.03597328566864929,0.0,2,True,0.0016294609813485295
406,True,0.2982888559837319,0.3810836453176767,0.270690592872417,0.609803367641541,0.8852078783987695,0.46226936669683777,0.2679028900429157,0.2154625081282136,1.3375353021874639,106.38216172885842,0.011512754738697416,0.02193494753598649,0.016078005097489006,True,False,True,0.03545422548817861,0.0,2,True,0.0012447740009520203
407,True,0.30684913083187104,0.39726711164043643,0.27670980389568267,0.6363620192939989,0.893374639602216,0.46225031522282933,0.24203643928688923,0.26481894716870585,1.5862102736903219,44.981714327304736,0.01316005653306464,0.019407761215752512,0.024344547892688726,True,False,True,0.034634438433824674,0.0,2,True,0.0012291039747651666
408,True,0.3170762957660922,0.4163862554184065,0.2839729758819875,0.6689279391448029,0.9034086876446676,0.46245354160075475,0.20881671781432232,0.3233441510443753,2.0411208077779968,27.538269127349384,0.015302264812754107,0.025674523663955805,0.04017349061061572,True,False,True,0.033504981221787127,0.0,2,True,0.0016118169878609478
409,True,0.32818263192437325,0.43682674376492325,0.2919679279775232,0.708614802155721,0.9154739127627367,0.4628685992226153,0.15166376490623723,0.425238206622761,5.719354186157592,142.1358114926197,0.017827844562994313,0.00956484767267093,0.05886580822596557,False,False,False,0.03256051754798119,0.0,2,True,0.0012174019939266145
410,True,0.336028269411395,0.45208084170325114,0.297344078647443,0.7545638613960379,0.9262718667828787,0.4637355647374885,0.013741763349496727,0.807295006556588,15.008089893286156,288.3282332261872,0.02136793379573237,0.05300808144003083,0.10812804215989306,False,False,False,0.03278259717478662,0.0,2,True,0.000827153999125585
411,True,0.34142759960182256,0.4606362462723625,0.301691384044976,0.8062282360169895,0.9782895324424127,0.46474413981160345,0.12607399950840814,0.912290831657128,13.255745875744688,581.8848865484349,0.025052556396470582,0.4672712697889953,0.13692101628470277,False,False,False,0.03118779038680155,0.0,2,True,0.00041784998029470444
412,True,0.34944279470861866,0.4679597271526543,0.30993715056060683,0.8806171106490379,1.046434435741522,0.4656626847637291,0.2020448474265475,1.4192835076497654,16.30743165571758,447.0699210558205,0.03223176689978993,1.3863912827506597,0.1557856973596599,False,False,False,0.04081866369707437,0.0,2,True,0.0004379879974294454
413,True,0.3602450875404444,0.47880304778392324,0.3207257674592847,0.9704768293536757,1.1007638536677589,0.46614226308884654,0.21080554273200525,1.6065832017413584,7.9599070714529185,326.1742856332463,0.03967891870602629,2.251608906360658,0.10432989950705837,False,False,False,0.04490914181085176,0.0,1,True,0.00042997297714464366
414,True,0.37199030401962785,0.49611521258460445,0.33061533449796887,1.0776254576343431,1.152466220939624,0.46632203613870243,0.12871204625462473,1.6220080479966932,9.232987536901287,244.18603207891312,0.047564409661668014,3.163448958326091,0.03149706579213408,False,False,False,0.041006880089244205,0.0,1,True,0.0004285099857952446
415,True,0.3986074359250606,0.5335975610290191,0.3536107275570744,1.2117951527682722,1.191739633137607,0.466374509481118,0.03167806471881063,1.5282372491985203,13.76456821539289,260.47653373214024,0.05466125618543054,3.8311409853030023,0.06589258377016688,False,False,False,0.03436814334646488,0.0,1,True,0.00042410200694575906
416,True,0.4495728708680761,0.6115240668444044,0.3955891388759667,1.35605861000326,1.1795641123500027,0.46637837912399305,0.1868122434014684,1.4217736548700615,20.51766260204037,299.42149302037535,0.059459990276769494,4.085576248362778,0.05765593669747434,False,False,False,0.027379265487440893,0.0,1,True,0.0004280290158931166
417,True,0.5106042131287107,0.7412944846905978,0.4337074559414151,1.5216376109194096,1.1505805974362409,0.4688923354473744,0.23590621140176082,5.503350102958044,149.44120249262508,4323.08140289629,0.13333501530873262,4.800819023070932,0.2818552555434332,False,False,False,0.016001706252543692,0.0,1,True,0.0023873339814599603
418,True,0.5464324179322938,0.8085721338422986,0.459052512628959,1.6069356788076685,1.0929506829756477,0.46977230105623335,0.1318617531696772,2.835107976452766,133.70497308677818,8082.502146465047,0.07434667349413376,4.261108682689792,0.12870454458072297,False,False,False,0.0333953533266929,0.0,1,True,0.002006252994760871
419,True,0.5579652491536622,0.8364468024599978,0.4651380647182171,1.6505635946524357,0.880131042912684,0.4709811542313848,0.018402428348930355,2.5567546757817534,29.008775540179357,3866.4479811318897,0.05918461375902792,3.1153382968953176,0.3237988450302287,False,False,False,0.05218685047395468,0.0,1,True,0.00280528498115018
420,True,0.5333275536165795,0.789800666309511,0.44783651605226904,1.6141649894440613,0.8240946508337743,0.47263993709711205,0.23074067562777834,0.9558605218984396,86.70726291528554,2489.8158520094976,0.04157080445749581,0.13862283534523795,0.7185341828178045,False,False,False,0.057624495763545634,0.0,1,True,0.000429442006861791
421,True,0.5156744204517981,0.7501033465347202,0.4375314450908241,1.585891490913549,0.9958782442156222,0.4739508675000354,0.3231600351589765,1.0326885737807638,8.823611061264607,2662.2140170672596,0.041775767588856136,0.0664250281746593,1.2014573982063592,False,False,False,0.056970730011728477,0.0,1,True,0.00042378102079965174
422,True,0.4816976399293311,0.6858201736583357,0.4136567953529962,1.4850713343430266,1.1325903171191583,0.475436931550514,0.4932485287312218,1.0098878110164897,9.550163575631357,251.15229256156675,0.04032065667147881,0.10430413405291182,1.2010148235284457,False,False,False,0.057145687669286356,0.0,1,True,0.0004280789871700108
423,True,0.43423126855478467,0.6002218269084029,0.37890108243691195,1.3416611144372301,1.175390064801546,0.4772738875376102,0.713180554757715,0.9976313521164147,12.658875132558565,215.55781318245744,0.04082527803387094,0.1124773773145848,1.4643156905233685,False,False,False,0.057162413966555616,0.0,1,True,0.00044642400462180376
424,True,0.38728934396535103,0.5144286243292888,0.3449095838440385,1.2102917548143324,1.1747344987754151,0.47910926682273974,0.9159953671359032,1.1214520005147637,14.329000919947356,230.99682229630207,0.042160876347767426,0.12088502961505158,1.767721663583672,True,False,True,0.05709293807050672,0.0,1,True,0.00045209500240162015
425,True,0.35826992021972925,0.457767781024194,0.325103966618241,1.154888494993095,1.1979116711451592,0.4807030085630634,1.0168671851026228,1.3331880161081222,12.52759426937776,249.70501420908587,0.04407222878130395,0.11096867595373708,2.3079277090249875,True,False,True,0.056477658706077405,0.0,1,True,0.0004445500089786947
426,True,0.318367882228184,0.3677435621383174,0.30190932225813966,1.0884419677276422,1.087098079147243,0.4817679211335951,1.193474594554097,3.6916289362463917,75.59400509411586,1992.7387141089448,0.06684346015694995,0.27281129825888845,3.4963435872898185,True,False,True,0.05703922028595544,0.0,1,True,0.0008769380219746381
427,True,0.30640396660632035,0.32360755174637457,0.3006694382263022,1.1034017586140525,0.89382327220542,0.4825639865574085,1.199167843419261,2.5459671480523167,78.07873275256699,4235.808376241358,0.06418715498818799,0.1341592776434127,3.138121554020642,True,False,True,0.05568492964938203,0.0,1,True,0.000870686984853819
428,True,0.29600153023452364,0.29016481560875673,0.2979471017764459,1.1264068069398605,0.9687968692268167,0.48413772925560106,1.190558081956947,1.8657974455879436,31.17188378997808,2303.574637023657,0.05904815537468202,0.03737604423563389,3.354994994788574,True,False,True,0.05551614323357657,0.0,1,True,0.00088029500329867
429,True,0.2848941237387041,0.2634299969906244,0.29204883265473064,1.1458932101483708,1.0415660269200093,0.4859709705322727,1.1743499940290765,1.568801304272751,18.271359387156647,553.5088864022828,0.0569901461763733,0.03144113345076829,3.5184951988905837,True,False,True,0.05449191205362202,0.0,1,True,0.0008749740081839263
430,True,0.2747675212760049,0.24276608099381825,0.28543466803673384,1.146326514732773,1.0572810193920292,0.48808832964014914,1.1548581550007508,1.7276509634414219,22.301729812655662,673.5137204047692,0.058180763614550754,0.04286820664853235,3.6165330216310516,True,False,True,0.05211641077931694,0.0,1,True,0.0012964119960088283
431,True,0.263912552872504,0.23151073656887827,0.27471315830704585,1.119229761901378,1.037221964162717,0.4905847950626621,1.1453369621418321,1.4393592600063476,16.87270000127734,858.7753454244231,0.05666630446497282,0.060918082610326954,3.4640904132094485,True,False,True,0.04709762562140977,0.0,2,True,0.0012960100139025599
432,True,0.264236984162752,0.23549217871001157,0.27381858598033204,1.0720335122172036,0.9979580237586512,0.4932510771857646,1.1399092446737158,1.317813500659393,12.027299573471948,181.63065644664348,0.05529663684696283,0.08168110626921866,3.214296385501441,False,False,False,0.0398766069191371,0.0,2,True,0.0012691290176007897
433,True,0.26704598257491524,0.2528311218605375,0.27178426947970785,1.0085081848693944,0.9478027547867797,0.4959807544612276,1.1260846575090149,1.263267371279609,11.917641025515618,129.6139787762156,0.053604106989940746,0.09500109396750904,2.9203062339185424,False,False,False,0.03002568567438512,0.0,2,True,0.0016412329860031605
434,True,0.27022128773064935,0.2797321229870533,0.26705100931184805,0.926861566819593,0.8901613953364471,0.4989076086310531,1.0925173340397878,1.3982723554769336,18.37831410635902,250.36954362172708,0.05305871560109997,0.12271568874136973,2.5462213794433257,False,False,False,0.01637961762080279,0.0,1,True,0.003217724006390199
435,True,0.28402599130511863,0.32601803539356444,0.2700286432756367,0.8799974690967659,0.8730183706359319,0.5017212893324836,0.9625366424453043,1.5177291376656585,12.13036170317256,515.4715584589945,0.0508435133589151,0.1638458658617332,2.1761515689119952,False,False,False,0.0,0.0,1,False,0.0031810640066396445
436,True,0.3086478143869129,0.3907427100542276,0.2812828491644746,0.8823698432207614,0.8586723906867086,0.5047127614432162,0.7287021285565105,1.4097221686707315,15.24173345034975,588.4839836840162,0.04661973965922308,0.4011457566626743,1.7407642558604086,False,False,False,0.0,0.0,1,False,0.0028158339846413583
437,True,0.34985432520065196,0.47799868873845375,0.30713953735471805,1.0317722328746877,0.8952137213755551,0.507551590024202,0.24522803486177813,1.0997366988632062,33.347781396584594,794.570677335691,0.03819371429867964,1.100814699670022,1.0286643296198412,False,False,False,0.021699541920675587,0.0,1,True,0.0008237269939854741
438,True,0.3652537764400244,0.5110027528322342,0.3166707843092878,1.117204577955346,0.9786360566563059,0.5102956340544101,0.024255349182928376,1.3097677704527415,26.213073861818145,537.0411223123263,0.03459938148891081,1.6416248900846366,0.422786787291991,False,False,False,0.03728879539334462,0.0,1,True,0.0008121849969029427
439,True,0.36584345754041603,0.510552540721906,0.3176070964799192,1.1383060893761965,1.035804873507108,0.5130537810167927,0.10688112561342678,1.2416363060239317,16.067199867885925,647.4817543843101,0.03502372681677988,1.954382187968171,0.12822217312311393,False,False,False,0.042373103592358546,0.0,1,True,0.0008113439835142344
440,True,0.3630345391750117,0.5008407426079925,0.3170991380306847,1.146729513710672,1.038434179618147,0.5157608207255404,0.16179196520037611,0.9278227332933987,20.201005512672303,533.0231816059426,0.037380311884542994,2.085684105419027,0.06335297386456495,False,False,False,0.041553915424670136,0.0,1,True,0.0008223250042647123
441,True,0.3583512422695444,0.48479741248986075,0.31620251886277223,1.1269245999061646,1.0326908692783447,0.518057454864361,0.15614053533568883,0.9728575522077826,24.89971091769258,272.4331634672676,0.039969888955456244,2.1863469913477127,0.059524330905926945,False,False,False,0.03913116669322987,0.0,1,True,0.0008380539948120713
442,True,0.3559331763511785,0.47241528821719114,0.3171058057291744,1.0989824357323008,1.0212515671373632,0.5200290206374978,0.18764214636572896,1.1828870568785221,15.876329107823732,428.60822625738035,0.040025654086683383,2.2425412668230216,0.056049311576751006,False,False,False,0.03494922084038567,0.0,1,True,0.000848824973218143
443,True,0.35565727045269663,0.46711173796374417,0.3185057812823474,1.0688325688000915,0.9817200504421035,0.5218241837430007,0.29848920024573694,1.2935025926777841,10.952538511040856,257.929005622522,0.040121119400320274,2.2583018145960367,0.0615944437629127,False,False,False,0.02924956997488521,0.0,1,True,0.0008468209998682141
444,True,0.35416118828921556,0.4630404268105454,0.3178681087821056,1.027093036232296,0.9173588989079657,0.5233923664544754,0.47543992027028814,1.313364342857093,5.2616729736039085,251.09345025979627,0.03976515077625151,2.221703237212857,0.06809123999118359,False,False,False,0.022817713307339574,0.0,1,True,0.0008456290233880281
445,True,0.34988076029422427,0.4565253963596569,0.3143325482724134,0.9750064734759639,0.8429377262807837,0.5249919157778973,0.7097060556458263,1.161732939413775,6.580337531663707,236.25554711602538,0.03728072570571186,2.1088430579880026,0.07347064920954596,False,False,False,0.01705276586909551,0.0,1,True,0.0008474720234517008
446,True,0.3445083776093394,0.4498708643091923,0.3093875487093884,0.9329883541689262,0.8313567187877049,0.5269213578262127,0.9308941438766832,0.625153870479483,23.1989252473543,587.478662499497,0.03382600336230207,2.11520705601518,0.06253891274821011,False,False,False,0.013931537457004232,0.0,1,True,0.00042314999154768884
447,True,0.3424070086042783,0.44622446088714895,0.30780119117665466,0.9071295362068452,0.8836339784425028,0.5290585498118237,1.082356264728754,0.7442709560266183,7.7780367288009495,634.1378148148056,0.03424699116478001,2.176782325976004,0.1113580503314181,False,False,False,0.012284246877439382,0.0,1,True,0.0004196939989924431
448,True,0.34864955964423305,0.4538612752253218,0.31357898778387017,0.9214564487428147,0.9035465504805436,0.5313664624462668,1.0677164824644292,0.9293440093045883,10.2288947771329,118.62617384430416,0.035316961768411176,2.1709515383303595,0.11291674452072803,False,False,False,0.016265786649822894,0.0,1,True,0.00041805999353528023
449,True,0.35110691555119944,0.4539218303998298,0.31683527726832267,0.9351866439936516,0.9343867672937911,0.5337451156217939,1.2062606592876832,1.2330566577729045,13.764809229797724,289.7361535906909,0.02826606957813647,1.2433319876520612,0.16649245760698278,False,False,False,0.035754283640320454,0.0,1,True,0.0004485480021685362
450,True,0.34325247310056345,0.43142008780771146,0.31386326819818083,0.9365595240409752,0.950653914863538,0.535901884870421,1.5243285850017967,1.253112676256635,16.544559014290833,578.7062049963691,0.021277067065729138,0.2644007399316366,0.268508053416879,False,False,False,0.05284530657465994,0.0,1,True,0.0004456419846974313
451,True,0.34626234906197645,0.4250399807655908,0.320003138494105,0.9773791488519445,0.9503249322294939,0.5383781895722934,1.5981856968812977,1.0782644030227053,18.534632478588353,548.5364778658842,0.02306620309077484,0.0618734717695232,0.3993189850308393,False,False,False,0.056491929271419696,0.0,1,True,0.00044215601519681513
452,True,0.3615355066075952,0.4446537691133745,0.33382941910566877,1.0283299087075797,0.856345598272828,0.5397674452432104,1.3583845500630984,0.6303192901708224,16.917041103330053,771.6571642589222,0.015694878076730496,0.003923304521056979,0.4894124747679789,False,False,False,0.0573722877262773,0.0,1,True,0.00045042199781164527
453,True,0.36453389147087656,0.44995398517310964,0.33606052690346555,1.0100679179125602,0.8082114791995563,0.5406357172295442,1.288880091200352,0.4443409012773708,19.084161168807103,294.8951281900228,0.011556630202033152,0.02262544791090907,0.48548184971010133,True,False,True,0.0577501171932862,0.0,1,True,0.0004415150033310056
454,True,0.36322327498787194,0.45060946017985803,0.3340945465905432,0.9651759346460472,0.7842338480885942,0.5412486246451664,1.285294497814701,0.613657231437761,11.52888705346002,280.3260101196103,0.012731104848189357,0.024007552342999665,0.425136813890055,True,False,True,0.05662935413229215,0.0,2,True,0.00045124301686882973
455,True,0.3618733456015507,0.4529814418457063,0.3315039801868321,0.9095797651325079,0.7620352729904105,0.5415367447650752,1.2675503548507971,0.7688930724176366,7.581198908269838,180.75211219600862,0.014771827360621726,0.0473507508190543,0.384309634547109,True,False,True,0.05408804468654247,0.0,1,True,0.00042019400279968977
456,True,0.3607194510032404,0.45768175775727393,0.3283986820852292,0.8532883921687242,0.7463943500424209,0.5415579532596637,1.2628747401274425,0.8240896908434528,3.729589365323868,164.43976250715218,0.015743664908857365,0.049988561240387495,0.4574356404258997,True,False,True,0.05111701197797911,0.0,1,True,0.0004285800096113235
457,True,0.3572108651559004,0.45914241994617655,0.32323368022580834,0.8000864130196886,0.7126386152281361,0.5412468527394205,1.341640074060017,0.784571197634683,3.9382645521888238,147.0368312231699,0.01530274329697873,0.03738869672134001,0.548393955302082,True,False,True,0.0489720103093484,0.0,1,True,0.0004189919854979962
458,True,0.3523448611300605,0.4578923088197312,0.31716237856683693,0.7601214925353053,0.6888576894100191,0.5407910532980861,1.427868984822204,0.6947663461974553,4.635486819401547,88.13816572539899,0.014287838889660141,0.024817208842005396,0.48346474627664265,True,False,True,0.04792991925758775,0.0,1,True,0.0004277380066923797
459,True,0.3479889221237858,0.4555534776457477,0.31213407028313167,0.7357719618954985,0.6723838816415957,0.5402400871633037,1.4829762040231578,0.5029421343740798,6.901591091534366,137.208585838823,0.012360122930395965,0.016684283243688102,0.45923684854315144,True,False,True,0.04797923286036143,0.0,1,True,0.0004161969991400838
460,True,0.34453570474819356,0.4526637833303314,0.30849301188748085,0.7231324194701062,0.6564703587880603,0.5395556456401509,1.5110455742801325,0.35483208105016645,7.007659561311644,57.290230968657525,0.011936348482589301,0.020415274834281617,0.5583470260461477,False,False,False,0.049315534220985086,0.0,1,True,0.00042715700692497194
461,True,0.3418172668573031,0.4497879414960645,0.30582704197771604,0.712409677544185,0.643612390466154,0.5387134711711181,1.5163190471409935,0.3125359862046416,3.7196688288899695,156.09495975862941,0.012894141631418832,0.022681392043701502,0.5783421146743744,False,False,False,0.050677431287798454,0.0,1,True,0.00043566300882957876
462,True,0.3433979337479139,0.4510295612051526,0.3075207245955009,0.6832793056537293,0.6281777829422887,0.538002839615834,1.4208978290638759,0.6092131015924681,13.08079992978473,351.5802545212006,0.012214486910556868,0.0355731687437454,0.4090108240006294,False,False,False,0.049165541118401664,0.0,1,True,0.002014819998294115
463,True,0.348192783979618,0.45626171258823245,0.3121698077767466,0.6660471136988848,0.6456421717352967,0.5372742574057899,1.2678866883992865,0.28620363817914746,13.203955335945297,728.8661998862741,0.008434568568939897,0.04202723706740381,0.048471578984981986,False,False,False,0.046990480119302576,0.0,1,True,0.00043774701771326363
464,True,0.3521625051944302,0.4585119344240131,0.3167126954512359,0.6670987736482561,0.6929151664359204,0.5366688824890138,1.096805467767798,0.30640043722380617,10.29538322956623,286.93254368948453,0.010205031783026158,0.09021889329653034,0.030434364543716143,False,False,False,0.04456683325427183,0.0,1,True,0.0004195230139885098
465,True,0.35320354126839315,0.45662228596529447,0.3187306263694261,0.6678624920594037,0.7428392016867991,0.5364273597676339,0.8768232385564954,0.30064067886344553,9.301143743186014,454.56230157247336,0.010436484393671622,0.18295115381105673,0.014154809885489669,False,False,False,0.03685715032727746,0.0,1,True,0.00043177601764909923
466,True,0.3504703421387967,0.4475871136079025,0.3180980849824281,0.6778452358865211,0.8032930705730079,0.5364253007959914,0.6140554057648115,0.6141235660732565,10.798284762382096,162.4142045483712,0.011967388216261155,0.3560605668554462,0.029535350619900938,False,False,False,0.025387924138162078,0.0,2,True,0.0008198999857995659
467,True,0.3448326320788583,0.4326422127318142,0.31556277186120635,0.6940721426577322,0.9042679232123116,0.5362145304657322,0.39297947386956555,0.7990663791471466,6.440845203670122,200.92458077393815,0.01507555572565405,0.5356615535289876,0.031176219960071003,False,False,False,0.009583659461512508,0.0,2,False,0.0008283260103780776
468,True,0.34153822340361395,0.4206145993246049,0.3151794314299503,0.7208627550515537,0.9347793205430202,0.5355919928529921,0.3346934430901196,0.8108523423589309,3.869745255682747,190.26029137412553,0.017464161745451536,0.7612303864953363,0.019144251970170795,False,False,False,0.0,0.0,2,False,0.00042104601743631065
469,True,0.3389512593076115,0.4099914008865856,0.3152712121146201,0.7515277935675284,0.9376886373229306,0.5351235677715654,0.31679105982766775,0.7396528887037567,7.435367676101532,236.7830922436694,0.018315267773141297,1.006866633459406,0.026833183290640127,False,False,False,0.0,0.0,2,False,0.0024286120024044067
470,True,0.3362548026333036,0.40172491738798943,0.31443143104840826,0.7705551903222774,0.942666980051759,0.5343319660003113,0.32294362790536124,0.5884000879511848,12.44859273586108,269.3964780286218,0.018736167806932782,1.1882265412249948,0.012426137037877781,False,False,False,0.0,0.0,2,False,0.002843106020009145
471,True,0.33453440812018187,0.39751647866896045,0.31354038460392236,0.7732604086040775,0.9292350783820085,0.5334192003886282,0.3651859236735133,0.6018256386783494,10.647360971658545,182.62363572808866,0.020386056629316217,1.4369646183685927,0.006332497718244323,False,True,False,0.0,0.0,2,False,0.0028434960113372654
472,True,0.3325271844750397,0.39633566195663783,0.31125769198117365,0.7491996716186642,0.9331488857374349,0.5323372650861209,0.35173722427732734,0.6472513396474024,11.089497081662689,198.6448338187657,0.02149605580207436,1.6082646434965289,0.000627490053994773,False,True,False,0.0,0.0,2,False,0.0028384860197547823
473,True,0.3326913107558998,0.4003597402104534,0.3101351676043819,0.7091602625513853,0.9392713236191331,0.5310979803694557,0.3110762169463388,0.7710823094512771,11.897088529691816,158.12761271241243,0.022566463811944607,1.7740310169675615,0.005035889730844865,False,True,False,0.0,0.0,2,False,0.0024475180252920836
474,True,0.3382149035870699,0.4133408485220456,0.3131729219420781,0.6666839032421563,0.9066741300305952,0.5296839078297869,0.3481740331096017,1.0106152342189063,9.848343028852135,117.90234267065212,0.023102025289725367,1.8589030077607205,0.00976687741012002,False,False,False,0.0,0.0,2,False,0.0012435819953680038
475,True,0.3499475306972531,0.4353544942372657,0.32147854285058225,0.6410380785710097,0.7981271775372095,0.5280329816544805,0.5296516683045708,1.2344099494080099,8.463745045485805,82.92533857178701,0.023635956827595582,1.9276444351154487,0.010281973484480896,False,False,False,0.0,0.0,1,False,0.0012497020070441067
476,True,0.2550217589861282,0.27014227474114844,0.24998158706778809,0.5119984906189026,1.1256030819842442,0.5258562021541513,2.6788595057451454,0.6561767058735362,20.095623195330365,811.0741437332714,0.02192805607515254,1.7163014629076603,0.014439972535341858,False,True,True,0.0,0.0,1,True,0.000430003012297675
477,True,0.23389064518457925,0.26606791830366705,0.22316488747821664,0.4579601086293108,0.8154806327386975,0.5235443999062735,1.2364702092097348,0.6107353327921822,3.1617353150386593,587.4996293315311,0.020908848235981565,1.5282400658960003,0.013987863971589446,False,True,True,0.0,0.0,1,True,0.00043992200517095625
478,True,0.3132026177197694,0.3984030579290784,0.284802470983333,0.5682608829810357,0.9293482549305466,0.5210823052225263,0.44399071080373737,0.5089497004011834,6.311135308322076,127.3768829766117,0.018582734450921345,1.1785587936919644,0.009033702488120108,False,True,False,0.0,0.0,1,False,0.0004317870188970119
479,True,0.3429681898398401,0.4479645084877506,0.3079694169572033,0.6208166399261584,0.9325126147746905,0.5182847508177162,0.0033732784822862135,0.3839895653664569,7.912525793257772,139.0399738265537,0.017779494495548262,0.692332225664122,0.022591008567208665,False,True,True,0.0005875686966637563,0.0,1,True,0.0004398419987410307
480,True,0.3488651142186963,0.4597601707755205,0.3119000953664215,0.628128307365476,0.9449572828368682,0.5153098729350886,0.17209946236175866,0.31975595935861834,7.422621539327778,126.00962294362631,0.018459837943788072,0.4867273290628026,0.019389371857497374,False,False,False,0.003282200727274682,0.0,1,False,0.0004278590204194188
481,True,0.35562451602837625,0.47221820984476803,0.3167599514229122,0.6391383779111264,0.901338853923289,0.5123192182085601,0.4220364165649524,0.2965919049212872,3.6995525144727845,150.56122666426543,0.017902770039477666,0.3555364583608182,0.003026687568602505,False,False,False,0.004085862634161707,0.0,1,False,0.0004349819791968912
482,True,0.35914605226998925,0.47998048328289483,0.31886790859902076,0.645206179035001,0.8384125088053562,0.5090649296841243,0.6053341134728459,0.22625302524504784,3.7825591769912155,118.84232193774466,0.019122642745991247,0.3598491981828547,0.028545403616212033,False,False,False,0.003603405747222935,0.0,1,False,0.0004274079983588308
483,True,0.35962976672421726,0.48131125229088134,0.3190692715353293,0.6417778738011051,0.7427101898631574,0.5058826483201773,0.840583237796279,0.28206027245029863,4.641411018985042,126.04680579348035,0.018931878580755356,0.1166593544556458,0.08673442237953952,False,False,False,0.0003391708995367695,0.0,1,False,0.000434521003626287
484,True,0.356562927001298,0.4760685546633632,0.31672771778060965,0.6317177937092485,0.718753520761954,0.5024622549980872,0.9719810762375338,0.4213826086973631,5.582878108781401,100.79449206178447,0.0202510267419171,0.05120659674004291,0.16002266806839377,False,False,False,0.0,0.0,1,False,0.0004264060116838664
485,True,0.35287476292845515,0.4684329963248262,0.3143553517963315,0.6262378160211434,0.6885285997462476,0.4990262580174443,1.0586329002565866,0.5680162581057798,6.358402016352711,104.9697960674324,0.020549546159740202,0.088889391179435,0.24349106795311803,False,False,False,0.0,0.0,1,False,0.00042910099728032947
486,True,0.3488099904602039,0.45744088585357534,0.31259969199574655,0.6386709650041904,0.6394174920951731,0.49598948835160056,1.119977997476404,0.7192137356108761,8.663452392720634,149.99672467194532,0.02004757405426433,0.08456241552240737,0.36754324658737697,False,False,False,0.005349683382053412,0.0,1,False,0.0004164869897067547
487,True,0.34623275210413557,0.44568137985217876,0.31308320952145435,0.678340900156547,0.626196194422687,0.49317051834350983,1.1397299579660138,0.9017207376979977,8.481742218667145,68.81684241727955,0.02144356048774177,0.06841813259512876,0.4913156588161298,False,False,False,0.014218801553833474,0.0,1,True,0.0004419859906192869
488,True,0.34342510654942177,0.4316635823699455,0.3140122812759139,0.7275362674432748,0.6092282131529732,0.4905191581014283,1.1518747192537135,0.9451348628701944,4.322417841050712,177.5416455028545,0.022251086754598016,0.05605375609454568,0.6481618253729556,True,False,True,0.02178168974554808,0.0,2,True,0.00042960201972164214
489,True,0.33842264986854353,0.4154123288390639,0.3127594235450367,0.7703141057144558,0.5891574140233266,0.48799369035299967,1.1706989063783702,0.7404017056331674,7.618301691876632,262.9432111481761,0.0212899888877471,0.04662636923600379,0.8312262131406667,True,False,True,0.028009534772998952,0.0,2,True,0.00043303900747559965
490,True,0.3322841245602429,0.399684950248333,0.30981718266421293,0.8014541399218731,0.5898887564687431,0.4854825576266305,1.1444435190326663,0.4963080527463944,10.485472005028692,106.1689379853274,0.0208430238510083,0.03407434812770679,1.01851946007394,True,False,True,0.032333847093738426,0.0,2,True,0.0004280300054233521
491,True,0.32412320699175945,0.3853658902777831,0.30370897922975154,0.8071212858327175,0.6568322976012483,0.4834840891138071,1.1106569187132356,2.201633853149827,62.08393239286983,1791.6428158453268,0.028230379171027352,0.018702928062666633,1.1931499131325762,True,False,True,0.03470932787290009,0.0,2,True,0.00448317700647749
492,True,0.3136384968733712,0.3721027825978846,0.29415040163186673,0.7937556262190077,0.6984879749410794,0.48129148624478146,1.0687883240718905,1.0893208612877472,42.87150122790583,3039.4335268663044,0.02813586437187178,0.012817696625868067,1.3318890703005355,True,False,True,0.03553840176997746,0.0,1,True,0.0032416290196124464
493,True,0.30423131203473186,0.3618539364853586,0.28502377055118966,0.7656002543870718,0.7420609263323762,0.4791412954735212,1.0077487294822836,1.070229923979573,15.792142329037722,908.2184435155326,0.030117932479838568,0.016942584847472502,1.4809648912277134,True,False,True,0.034803985884367054,0.0,1,True,0.002470812003593892
494,True,0.29755672473466804,0.35492359052604183,0.27843443613754354,0.7299037602476736,0.7537927358388092,0.4770705854402166,0.9771355335620685,1.1938476370867996,12.18770319959071,216.74570108312815,0.029727046724623892,0.02425962485482728,1.6342691281498751,True,False,True,0.032967529370926424,0.0,1,True,0.0020403879752848297
495,True,0.29417583662625446,0.35258887773580344,0.2747048229230715,0.6880103186302626,0.7446871075954494,0.47508065887607337,0.9816268314214687,1.3574419382607898,10.090018127830986,156.95022624645463,0.02928195230535308,0.036472701071325046,1.793601280340945,True,False,True,0.029443425020914363,0.0,1,True,0.0016106149996630847
496,True,0.29378567841192443,0.3557414244281204,0.2731337630731925,0.6680550607457901,0.7893372705028617,0.47323890378591443,0.8584973858208149,0.9064189042353432,17.384260788079143,684.9119376733732,0.020852011257380988,0.03765486641331231,1.1630361105270905,True,False,True,0.023979573445283106,0.0,1,True,0.0012506350176408887
497,True,0.2916725687226793,0.3550695285742121,0.2705402487721684,0.6973099114130383,0.7763952767529463,0.47149851784139285,0.9184966091875058,0.31531574500097953,31.554300274566003,728.5391141269494,0.011689303541042088,0.026873281588383344,0.08693955386629539,True,False,True,0.026901877252327497,0.0,1,True,0.0004402129852678627
498,True,0.28990970145082917,0.35652627104335666,0.26770417825332005,0.7054319207999881,0.7649104101239711,0.4699592558002913,0.902752510156225,0.3002201531410682,7.0947795530152185,1130.2298573838607,0.012703302866361104,0.00722716632526553,0.02511681198685186,True,False,False,0.026759233492683145,0.0,1,True,0.0012484309845604002
499,True,0.288838809664988,0.3576614679329827,0.2658979235756564,0.7110716394160732,0.7544910527138277,0.468413176342547,0.8796164963777284,0.22036727000257877,5.31879074405462,251.29428374798468,0.010099387448518867,0.009370887051285935,0.02058637412451795,True,False,False,0.026550543743148566,0.0,1,True,0.0012504839978646487
500,True,0.28782587541149196,0.3582470283523048,0.2643521577645544,0.7138033944066664,0.759657576946779,0.4668710889398816,0.8608765849071351,0.23995531396255917,2.847738131945383,79.72844008214918,0.00922573553203199,0.01070158191552931,0.015789020685471965,True,True,True,0.02637143534374719,0.0,1,True,0.0008511499909218401
501,True,0.287005350321052,0.358240926233482,0.263260158350242,0.7103572852162082,0.7681303788302488,0.465346646095237,0.8455437636353265,0.2889490428619735,3.2449196558808473,25.993010052907305,0.008137380482667714,0.009809427891164839,0.016971065227843037,True,True,True,0.026053730440047863,0.0,1,True,0.0008461000106763095
502,True,0.28662139307020057,0.35821125905333695,0.26275810440915515,0.70357459297639,0.7834667779760507,0.46389953531685113,0.8363560435638655,0.29106184296043497,1.682081251770479,70.28484176560787,0.007313758626662911,0.008755747232113954,0.01909081449695391,True,True,True,0.025881304278243228,0.0,1,True,0.0008396870107389987
503,True,0.2866031805935277,0.3580862821852362,0.26277548006295814,0.696341863643554,0.8170865640052536,0.4626117444002434,0.8378315632727993,0.24497247201519198,2.4567878229752775,58.762864922511305,0.006428127276726127,0.009523075227140333,0.017683112512131637,True,True,True,0.025766124409734137,0.0,1,True,0.0008546159951947629
504,True,0.2865692101769178,0.3573351060313941,0.2629805782254257,0.6886980447180043,0.8574794931673024,0.46150901987159604,0.8429920209028452,0.2077670198188454,2.7636095498851554,22.67545656705482,0.0057332496469912,0.008402119924813836,0.015307495803988776,True,True,True,0.025881257559721718,0.0,1,True,0.0008456089999526739
505,True,0.2861249523366858,0.35597347882905256,0.2628421101725635,0.6766020351188944,0.8781870601800037,0.46053825848864227,0.8628822790382108,0.2080091310622358,2.533466136362908,33.79374458614875,0.005904217456416403,0.0061400078590231845,0.010740315833946645,True,True,True,0.02617642774542689,0.0,1,True,0.0008460890094283968
506,True,0.2850724815776091,0.35374032214392737,0.2621832013888364,0.6571764691960288,0.8732710939044466,0.45974034899367466,0.8864395780615062,0.23175567762146926,2.5482795082597076,33.60826626344553,0.006268884974098201,0.0008789083334700809,0.0016099882934277746,False,True,False,0.02650842034635799,0.0,1,True,0.00043144499068148434
507,True,0.28402481190549006,0.3511221211272162,0.2616590421649147,0.6338611490134445,0.8637533441849328,0.4589843526616069,0.9003927268788946,0.2916504943317278,1.8929780509083838,68.32844455090971,0.00659215929237834,0.003384356512820502,0.003513421081199231,False,False,False,0.026936878594341747,0.0,1,True,0.00043153599835932255
508,True,0.2829686685674916,0.3483827027595511,0.2611639905034718,0.6077243985429918,0.8589952801579653,0.4582812426053702,0.9130101068587242,0.31814680097065506,0.9440065136214897,35.69862116505013,0.00688108655652322,9.355167142176053e-05,0.0010654226666678647,True,True,False,0.02739958915996952,0.0,1,True,0.0004310250224079937
509,True,0.28205656498776466,0.3460466877718333,0.2607265240597418,0.5796917883386292,0.856863136897581,0.4576486914836616,0.9244450163543412,0.33631567873165785,0.8612764850443416,17.378271633932147,0.007177370101514459,0.0031342827362803,0.002869869592962883,True,True,False,0.027879861980207414,0.0,2,True,0.000429742009146139
510,True,0.2816889266491531,0.3447459076602315,0.26066993297879365,0.5542432124322305,0.8587793387306533,0.4570962059241826,0.9327543131982805,0.33448542448200874,1.1021291078798072,35.686455967880235,0.006617495576466739,0.005461948601900217,0.0036135334540282962,True,True,False,0.02836687233524409,0.0,2,True,0.0004388999950606376
511,True,0.2821246719393982,0.34453527855185323,0.2613211364019132,0.5339382862477762,0.8680096866654736,0.45659612478188466,0.9360525593695088,0.3384658939130283,1.9379646546816962,35.824883293982005,0.005942603168816487,0.006721865950998126,0.0055120726469125155,True,True,False,0.02891860364293418,0.0,2,True,0.0004357839934527874
512,True,0.28343486544187074,0.3451832275364223,0.26285207807702027,0.5196816167036212,0.8797048732947257,0.4561289464190659,0.9306719382505058,0.37079728114171334,2.8803814649481385,34.582564238550326,0.0057463279853199,0.006920226347631537,0.007072628172637226,True,True,False,0.029511050481849113,0.0,2,True,0.00044385899673216045
513,True,0.2850000290146467,0.34612736251604825,0.26462425118084626,0.5072072404075237,0.8868445076518131,0.45571913362481703,0.9256806804743387,0.40638564992258386,2.435089752763955,47.872734179814394,0.00563659999008244,0.006064960109671801,0.006469148251121929,True,True,False,0.03004730226241959,0.0,2,True,0.00045506999595090747
514,True,0.2865214429094863,0.3478397181782622,0.2660820178198943,0.4956664083529069,0.8777240255400319,0.45534413816067715,0.9195215841304696,0.42503564500177754,2.7431959473489504,46.807119085896005,0.005005579819661994,0.0052905139128128775,0.006034320545182241,True,True,False,0.0305356203574735,0.0,2,True,0.00044138397788628936
515,True,0.2877394139388041,0.3502577421448442,0.2668999712034575,0.48348019075314724,0.8691530480929461,0.45498105226857427,0.9094640801655876,0.4289411895441231,2.8066781773570475,42.417566019700125,0.004547092303575033,0.005137950192370577,0.005256340506358972,True,True,False,0.030959209592603648,0.0,2,True,0.0004321569867897779
516,True,0.2884563189627548,0.3526663428922323,0.26705297765292896,0.47141261835680026,0.8645457352217913,0.45463333351866236,0.8975369571306275,0.38771666739197497,2.5944216712884187,60.91884649251709,0.004353908639954602,0.0052760367206282485,0.003867261451010584,True,True,False,0.0313642567619144,0.0,2,True,0.00044335899292491376
517,True,0.2886446845789499,0.35421613486321907,0.26678753448419346,0.46102483284932444,0.8646357619118864,0.4543108885848955,0.88787461114358,0.2819071680174059,3.616438714633212,79.77940116587004,0.0037836307704500454,0.0063154088899505245,0.0032075819349772832,True,True,False,0.03175082950587167,0.0,2,True,0.00043300900142639875
518,True,0.28856538516294705,0.3549900278356748,0.2664238376053711,0.4527002859057084,0.8668255417028705,0.4540130251173642,0.8786937983322767,0.1688230440885317,3.6520341232145945,40.0759612500184,0.0032416586583596386,0.007525920420368136,0.0029786761615903023,True,True,False,0.03214362062185621,0.0,2,True,0.0004444399964995682
519,True,0.2883834375589014,0.35529436073986304,0.2660797964985809,0.44656612406679513,0.8688683387694799,0.4537458929406285,0.8698985722403776,0.08948213649998608,2.834460262937174,29.11688413982253,0.0029084346432771226,0.007274559736137083,0.002757791181964005,True,True,False,0.03248657001775901,0.0,2,True,0.0004355429846327752
520,True,0.28817904918479126,0.3553306408157719,0.2657951853077977,0.443170177673704,0.8692313044218039,0.45349287317103276,0.8611227240252661,0.0642804845193486,2.173588872262975,23.125118090560985,0.0029691820894584683,0.0072208152739050005,0.002349224269965737,True,True,False,0.032780869034995705,0.0,2,True,0.00043914999696426094
521,True,0.2879542676490176,0.3549550312975524,0.2656206797661727,0.44400322742927023,0.8686521241386733,0.4532595229444785,0.8531848763611263,0.11432529745786275,2.5075188240555124,12.822439020637148,0.003387822163632338,0.007636320089455483,0.0027008129275180814,True,True,False,0.03300755269269463,0.0,2,True,0.0016698469989933074
522,True,0.2878157603421113,0.3547807967482188,0.26549408154007553,0.44897217150885094,0.8659416157545753,0.4530230591313247,0.845495980815193,0.11410186316066613,1.3775696599241778,93.82831885177748,0.0038449306123021307,0.007240766148953012,0.003406664544001236,True,True,False,0.03325067678183368,0.0,2,True,0.0012616849853657186
523,True,0.28790899818844984,0.35552285278950935,0.26537104665476335,0.45790813657395724,0.8553479770685366,0.45277501181670854,0.8326242083228983,0.12768326189182588,1.119648825495068,44.786554564795296,0.004357590285607662,0.0067405178650603945,0.003830849226278465,True,True,False,0.03356349239482966,0.0,2,True,0.0016808379732538015
524,True,0.28837017159593403,0.358252778715472,0.2650759692227547,0.47014862385163053,0.8248695169196566,0.45251799613852534,0.8144491145583224,0.14522007810285556,1.7995458003714044,31.2728202031496,0.004997765198156769,0.006199043116128845,0.004523704478874992,True,True,False,0.033928279687082,0.0,2,True,0.0016563520184718072
525,True,0.2889371239101068,0.36198143332171745,0.2645890207729032,0.48162240993533423,0.7935104186970389,0.45225047598195217,0.7987417039268788,0.25512966435403595,4.744650001010747,123.936812561737,0.005821603464514097,0.005782154386798876,0.006105740862125485,True,True,False,0.03429691993359357,0.0,2,True,0.0028903050115332007
526,True,0.28972131598366835,0.366444404811453,0.26414695304107344,0.49286011829041587,0.7831081481915345,0.4519556645055554,0.7858953021546707,0.39463537774057045,4.591892828604807,41.975091177538744,0.007165392889992204,0.005400394044444115,0.007616500059490368,True,True,False,0.03464966597626909,0.0,2,True,0.003292885987320915
527,True,0.29093109024045294,0.37206779876769913,0.2638855207313709,0.5072383346104458,0.7846167591996748,0.45161880471977983,0.7710523473354243,0.384575367441626,2.1778756528770002,164.67543194241074,0.008100914667926087,0.005003083650052692,0.006813264186942567,True,True,False,0.03502473053629121,0.0,2,True,0.0028940119955223054
528,True,0.2929082731660179,0.3789587906062438,0.2642247673526093,0.526618085074662,0.7981995116799688,0.45122765961413536,0.7471239580655042,0.3141912587796833,3.622043874701317,81.59347380413058,0.008239941829329231,0.004286869623054493,0.005331047699281028,True,True,False,0.03543147038244999,0.0,2,True,0.0024740180233493447
529,True,0.29546692864736623,0.3863489109718804,0.2651729345391948,0.5504560255149351,0.8157970687983406,0.4507864439036627,0.7089405066865353,0.2477421564172443,3.3061150627380975,47.17886239260195,0.007819589893801247,0.0028164438620982427,0.004588151072000465,True,True,False,0.03586282425132532,0.0,2,True,0.0016775619878899306
530,True,0.29807120711847224,0.3934049229104516,0.26629330185447914,0.5764558405939941,0.8214348545820295,0.45028414843573844,0.650862435277365,0.2177336225393854,1.8283498452624625,52.630438829495795,0.007689209609470517,0.002445355023858795,0.006735588394603703,True,True,False,0.03631045572712293,0.0,1,True,0.0012503039906732738
531,True,0.3002374203690297,0.39926478154856343,0.2672282999758518,0.602185362194922,0.81137969753248,0.4497248345188569,0.5663906830443748,0.19034220869750387,1.4837959161524081,22.17960324605269,0.007636216548386064,0.003296636764172023,0.008933142393278077,True,False,False,0.03679548494242637,0.0,1,True,0.0012557939917314798
532,True,0.3015147832033563,0.40311515123232844,0.26764799386036553,0.6244392668246476,0.8032355366186298,0.4491296369151925,0.4598019508427275,0.14924891664221696,1.6364527041026744,25.28508023427751,0.007381831686836215,0.005044291583330241,0.0080908363679465,True,False,False,0.03724143317051595,0.0,1,True,0.00043466099305078387
533,True,0.30140282086388975,0.4046539733340726,0.26698577004049545,0.6413605074659832,0.8009130152225364,0.448459145318506,0.3363242472893455,0.13278132330266615,0.7204285691840835,40.223021926512004,0.007693575682580262,0.002307263762659733,0.012447814630352464,True,False,False,0.03759001951373895,0.0,1,True,0.00044340899330563843
534,True,0.299727300237859,0.40356812924132385,0.26511369057003736,0.6507885524175057,0.8119090870077833,0.44774713123211407,0.20167272432359137,0.10782301852258513,1.1010611761163371,16.21162798361063,0.008112470566453629,0.002686002867018152,0.0172116255793835,False,False,False,0.03771517280013063,0.0,1,True,0.00043971100240014493
535,True,0.2962573218329335,0.39940162303210525,0.26187588809987633,0.6520468738299882,0.8322301251362659,0.4469951094807721,0.058649154173781894,0.09172718261362221,1.2185860486609958,8.65048335620674,0.008591134747526282,0.0062383629653576505,0.02353617169174394,False,False,False,0.03756996543262933,0.0,1,True,0.0004454019945114851
536,True,0.2913288798102748,0.3926792689004278,0.2575454167802237,0.646217476812334,0.8575447003350738,0.4462108888013212,0.08075799723280609,0.09823424275238292,1.2541576079777033,6.916756523009966,0.00911415599806677,0.011778936151645169,0.02831562755284819,False,False,False,0.03709585878330302,0.0,1,True,0.00043438098509795964
537,True,0.2838963606123008,0.3818366365351732,0.2512496019713433,0.6314618658143906,0.893855704530426,0.445426871910715,0.23543549251697485,0.11624070567374573,1.1083855613126858,7.919357294157477,0.009545642717433255,0.02006339458278833,0.037086527664345115,False,False,False,0.03624496050487561,0.0,1,True,0.0004345820052549243
538,True,0.272412276104297,0.3645076170491007,0.24171382912269587,0.6057291649232304,0.9298759121764593,0.44466123956034853,0.4234347089742372,0.13649174489048502,1.1851623145946888,22.526604875350976,0.00972872520966805,0.028572769620617798,0.051474593109535914,False,False,False,0.03514436875174556,0.0,1,True,0.00044230700586922467
539,True,0.25831750620719307,0.3429643789801845,0.2301018819495293,0.5749147587852967,0.9604743853705168,0.44392989846534536,0.6148481683903013,0.20512481965927526,2.6427252208028196,48.563660697880216,0.00956409092806416,0.039125251090787,0.05952069709965907,False,False,False,0.033834192896470175,0.0,1,True,0.00043182598892599344
540,True,0.24441173228451996,0.321318094859344,0.21877627809291192,0.5465802847750889,0.9810951189677972,0.4432268520316538,0.7799752728548743,0.35339602309190227,4.737624379058552,73.58376154216678,0.009957703868353185,0.08721012018105827,0.058818378436244344,False,False,False,0.03164625495853659,0.0,1,True,0.00044110402814112604
541,True,0.23600158265973686,0.30785601543051533,0.21205010506947738,0.5329862927368312,0.9555509816250229,0.442488633775997,0.8730755517657249,0.5886467935717032,7.346486610418849,82.1351559523082,0.011636490196058826,0.16707320502603967,0.04175224651058505,False,False,False,0.027528989655792376,0.0,1,True,0.0004349919909145683
542,True,0.23508767932854258,0.30498249846154485,0.2117894062842085,0.5384622554410412,0.938863920818052,0.44168491306513663,0.8865709156252957,0.9702630598329015,11.80812256902969,141.06134277991552,0.015616242643787836,0.3814247578649538,0.0356815756295067,False,False,False,0.020072418612799257,0.0,1,True,0.0004402320191729814
543,True,0.23661011979544863,0.30358551726789895,0.21428498730463189,0.5527799932476931,0.9224840476018331,0.44075286593952095,0.8820817479173215,1.3175793354958536,10.858290289484149,92.61492991573888,0.02094211201693263,0.7423870363779892,0.11217868246751692,False,False,False,0.005090077441759535,0.0,2,False,0.00043630501022562385
544,True,0.23930028784462382,0.3024742664896709,0.21824229496294148,0.5671082456207839,0.916587129159567,0.43951376422853883,0.8812534121368246,1.3757622018192832,5.84956513225335,299.18298744606506,0.02636478682518876,1.3778638304729365,0.14026424997262488,False,False,False,0.0,0.0,2,False,0.0004407330125104636
545,True,0.2462934016169369,0.30652119141516915,0.2262174716841928,0.5846067290729471,0.9230196922379187,0.43831534372517306,0.8732067348469255,1.0888631194222465,12.157482434999556,380.6423505870309,0.03142573015635505,1.987843296006417,0.09154767386158495,False,False,False,0.0,0.0,2,False,0.00044079398503527045
546,True,0.2541366010195612,0.3148426442646173,0.23390125327120917,0.5657828953297601,0.9145176207853165,0.4374901627133573,0.8954521872302197,1.6297253093215287,36.30081539380879,1046.7025617542354,0.04759125214627365,2.7070960134229716,0.036585528117809095,False,False,False,0.0,0.0,1,False,0.0029631830111611634
547,True,0.2754838253344733,0.3425945484039156,0.25311358431132586,0.5712798433558887,0.9296732870664445,0.4360811029345886,0.8902679898112285,1.0499875575457471,41.87895428325279,1931.0776012083734,0.0459879925510166,3.1174601344996016,0.00915621990905503,False,False,False,0.0,0.0,1,False,0.0020599150157067925
548,True,0.29667698805019643,0.37285413791300015,0.27128460476259514,0.5727581662054742,0.9884433865377777,0.43478079207048914,0.9176645184210781,1.531392433844697,24.84137478090978,701.8893105695013,0.05016125964920383,3.4893334994063316,0.04263029361830882,False,False,False,0.0017713050127180826,0.0,1,False,0.0016585960111115128
549,True,0.31258386306464486,0.3962464850402064,0.28469632240612436,0.5793733289473025,0.8924930690802029,0.43355316514544695,0.9860995755976883,2.0729639168374874,21.563990010153063,169.4004808932288,0.05309359229259251,3.7391195986685464,0.08435897702452695,False,False,False,0.01740854428152802,0.0,1,True,0.0016603599942754954
550,True,0.2968062237486933,0.3729412383222072,0.27142788555752206,0.551230811232266,0.6772278952570691,0.4324874343593002,1.2012493976139293,1.9699648645774521,8.822055899985857,697.4455951889885,0.0448920661046637,2.9848174125832587,0.12915593013327176,False,False,False,0.020679436431385263,0.0,1,True,0.0016574439941905439
551,True,0.27032109835073764,0.3326723347184948,0.2495373528948186,0.5146075209852029,0.6889840867356497,0.4316539119885861,1.3741790860045875,1.0867758098319145,86.96209429094827,2560.3024739404314,0.027858257686313462,0.17227923243011478,0.20772684537676503,False,False,False,0.029602103629838478,0.0,1,True,0.0012477989948820323
552,True,0.26865066681303346,0.3295449007675565,0.24835258882819244,0.5234219984238141,0.6770013383546595,0.4310451053003497,1.3958092045383224,0.9132075876459179,8.856064434512868,2729.5493747585,0.024773316520798158,0.033377256269417094,0.32821178150279784,False,False,False,0.035565648487376866,0.0,1,True,0.0004322479944676161
553,True,0.2882797053755378,0.35733365344777523,0.2652617226847919,0.5775884323306605,0.6864270632619801,0.42991710482084944,1.2914877618905847,0.8199488416014266,10.059595228200033,220.04349625483442,0.0223821387776221,0.08748947508012977,0.5590860425369075,False,False,False,0.03798585797839072,0.0,1,True,0.00043720699613913894
554,True,0.2692219044026396,0.3226154474436163,0.251424056722314,0.5679202986827042,0.7172576318859893,0.42935090705880685,1.4004840123190905,0.8071668809582486,15.609918683894048,218.13736954224905,0.018779320351654555,0.0645348109322019,0.8528917947510679,False,False,False,0.0389370952641261,0.0,1,True,0.00044063301174901426
555,True,0.2533667006023553,0.29392738951962516,0.23984647096326536,0.5600653621814211,0.7445548166682544,0.4288762615528831,1.4828433390980236,0.6632613772386631,10.675343920614974,394.4115667253212,0.01705872642540918,0.019055957433667614,1.014190262547759,True,False,True,0.03882482241759945,0.0,1,True,0.00043152598664164543
556,True,0.25137686035344126,0.28845795692730963,0.2390164948288185,0.5725818832528413,0.7641790049997401,0.4285090087930747,1.4828797848874073,0.6269351029470386,7.446083227998363,130.88672075814162,0.015850672886328104,0.009798501856446217,0.9413187381432873,True,False,False,0.03786822289670073,0.0,1,True,0.00043833800009451807
557,True,0.24593096016673907,0.2874523503074089,0.2320904967865158,0.5565270461665177,0.7953951285118468,0.42830869377142095,1.4698335589393976,1.0802789853468613,20.64588027006437,570.8128344802448,0.026234541786827586,0.046146415082537647,0.9834502785591802,True,False,True,0.037211721117714244,0.0,1,True,0.0008424830157309771
558,True,0.24178610994776562,0.2837048763237626,0.2278131878224333,0.5450792952635708,0.8126176587807993,0.4277478660495702,1.4692488754059296,0.5822905367335106,18.736098545664365,1125.1783269797609,0.016948062461684517,0.033595183804365554,0.8641938338082477,True,False,True,0.03575845064725676,0.0,1,True,0.0008369220013264567
559,True,0.24119168009615377,0.2836087159313761,0.22705266815107963,0.5402243928820909,0.8218055438534816,0.4270586517020265,1.4592718744122017,0.4185399458783753,8.7500115369585,326.6151095260551,0.012720405274071735,0.02869624418929404,0.6417163851610221,True,False,True,0.03451946494854356,0.0,1,True,0.0008413009927608073
560,True,0.2458287166065853,0.2915867416096218,0.23057604160557313,0.5454782491880386,0.8265249553022681,0.42623302077351394,1.4212126305074337,0.393995641437094,5.480311580648968,114.21860994758396,0.011159042822242265,0.025094223814923055,0.5389738439625328,True,False,True,0.03335429731019644,0.0,1,True,0.0012181229831185192
561,True,0.25145291142099074,0.3018284200673997,0.23466107520552118,0.5486581325133256,0.8225687850827407,0.4253173275462152,1.3752268096388385,0.4129283795079344,4.475238880162829,79.16750491709983,0.010911479471138434,0.021448138702219854,0.5295591553692419,True,False,True,0.03235001133524704,0.0,1,True,0.0012439220154192299
562,True,0.2558742370582051,0.3106232403338555,0.23762456929965503,0.5472444172808415,0.8070319776689059,0.42438196280122303,1.3334525232416168,0.44979373994238714,2.6690369681963495,61.8838985380864,0.01106962578602344,0.01945504174365854,0.5261449343480685,True,False,True,0.031496662921851805,0.0,1,True,0.0012534400157164782
563,True,0.26546976307082637,0.3271188919361308,0.2449200534490582,0.5573671529704843,0.7864320435958327,0.4234259648899561,1.2591966193381972,0.4546532836068642,2.8929822889479535,62.2024674273478,0.010995236551636391,0.011923562495481217,0.4987536461627925,True,False,True,0.030983640597930982,0.0,1,True,0.0012575180153362453
564,True,0.27795763817709523,0.34788970777627953,0.25464694831070045,0.5773123419241721,0.7722208152728169,0.42255054264278863,1.1631293145028325,0.47033804932971124,3.1414768980382695,42.720612964882065,0.012045721709037784,0.0037008925283091823,0.4904091862027932,True,False,False,0.030888742011955038,0.0,1,True,0.0012568160018417984
565,True,0.2989345032779717,0.3819840026524153,0.27125133681982394,0.6207877165387263,0.7772928127734317,0.42176481512381486,0.9978480786557677,0.48818389967643955,2.3910534272947266,53.134031841765015,0.013668563025550882,0.004707554714064512,0.4746059947771237,True,False,False,0.031116218440602465,0.0,1,True,0.001224345003720373
566,True,0.3323768792744352,0.4369968655039241,0.29750355053127225,0.7008271750799606,0.8308100573279019,0.42116265787283785,0.7132268576234042,0.4125591757236653,7.237657915109892,204.4364393269813,0.014591946705117743,0.011656992755753411,0.22677331884741683,True,False,True,0.031727148606660135,0.0,1,True,0.0008183669997379184
567,True,0.38232543809956804,0.5178169419101522,0.3371616034960399,0.8253327960170993,1.1088070308987317,0.42083904717928916,0.19828684676760336,0.3544763207760325,7.788363030949083,130.496835735588,0.015377599176866432,0.013735268697398372,0.1336188707736655,True,False,True,0.03188305841509845,0.0,1,True,0.0004271279904060066
568,True,0.4127194239844782,0.5652151013195337,0.3618875315394598,0.9008589662771611,1.2080473858335623,0.42068005084296684,0.3211823757578977,0.4043531788376025,4.556516367608798,298.9559710089112,0.017352347051873954,0.008482004497952096,0.08657449517392306,True,False,False,0.03093513862932047,0.0,1,True,0.0004363649932201952
569,True,0.4158822999003082,0.5707671574615999,0.3642540140465443,0.9123426665992971,1.1054967343967574,0.4207477052950294,0.5188791803003754,0.6010061556014137,7.2456496734094715,131.4136579920101,0.02195665680817004,0.03193938452467111,0.05297965520094598,False,False,False,0.02890251251047963,0.0,1,True,0.0008476619841530919
570,True,0.4121412287758356,0.5649233527734494,0.36121385410996437,0.8977279766326949,0.9544470396234856,0.4209592155132565,0.48615493669200543,0.5941745151525027,7.906663788185471,302.3509428810306,0.019493277774338638,0.06309166507457141,0.01265528178839406,False,False,False,0.024587603975082403,0.0,1,True,0.0008531030034646392
571,True,0.4071583632522441,0.5567391490979925,0.3572981013036612,0.8731362061559744,0.9193905192482023,0.4213164014602867,0.4333971255512689,0.5367910907607423,4.700829835052978,216.51415141542512,0.017209360379483032,0.15927163466667307,0.021760503177975215,False,False,False,0.019438868823501973,0.0,1,True,0.0008478729869239032
572,True,0.40106974033341486,0.5460027298346743,0.3527587438329951,0.8395684712488636,0.9141215689583886,0.4218645303033611,0.4391167710697139,0.308805021448051,11.573745398976104,291.13979929604193,0.017484757018217913,0.5069882714531616,0.012092002799918143,False,False,False,0.015172275293032582,0.0,1,True,0.0008521709823980927
573,True,0.39401798142697875,0.5326665909948797,0.3478017782376784,0.8022731236727203,0.9175210454183167,0.42240686698369967,0.6076997070059151,0.5422886640845498,17.610472296114857,243.17092717565214,0.019267616653532087,1.0160205778541684,0.019174953637443527,False,True,True,0.014987671369464535,0.0,1,True,0.000855778023833409
574,True,0.38075205368609544,0.5089458808190248,0.3380207779751189,0.7544370743418116,0.9207417024513712,0.42300425446375284,0.7306500991366212,0.6118583519079744,5.163921362659891,496.8006796453859,0.02186112529758977,1.5261564322315349,0.025552216163355956,False,True,True,0.023812228636337425,0.0,1,True,0.00044843798968940973
575,True,0.3634221026829193,0.4791235733055426,0.32485494580871144,0.7081253511191294,0.9002728088060036,0.42344215738667756,0.9427504088402221,0.8811545737468988,8.969781425134675,258.02339800845704,0.02407512059319265,1.7931098086230561,0.029041327071703375,False,True,True,0.03135540342650451,0.0,1,True,0.000440312986029312
576,True,0.3418991272816292,0.4438780584086573,0.3079061502392865,0.6702619569409776,0.8668224937513737,0.423749145042507,1.1541457407245923,0.958073103854845,3.2159859617404813,201.0442558133381,0.02505473656563664,1.9202195931277437,0.021837579962250258,False,True,True,0.03451736738973389,0.0,1,True,0.00044248701306059957
577,True,0.31913891208749945,0.4077191000373297,0.2896121827708894,0.6410283152053246,0.8073446583831879,0.42397188094119753,1.3371460007435043,0.8654802409665191,4.007802307385947,179.02996423038755,0.024891003604856222,1.93497605073181,0.015077771466533869,False,True,True,0.03324862324053089,0.0,1,True,0.000432879023719579
578,True,0.28480252348177987,0.35535317006887707,0.2612856412860808,0.5888856138571636,0.7655704315227986,0.42413202718266735,1.732421287200628,0.6925595413136846,7.793815280057547,130.71123165404808,0.024210966630263377,1.8907584055091031,0.015542913657110937,False,True,True,0.029896127767013066,0.0,1,True,0.00043993201688863337
579,True,0.26780300099853305,0.3321442517722122,0.24635591740730667,0.5642689881805466,0.7587468726943901,0.42406729719471203,1.8056864149491891,0.5097361395864378,11.15810796690878,123.60412269514994,0.022183667862777486,1.720498458487939,0.011752313224528287,False,True,True,0.0286121432686507,0.0,1,True,0.0004349430091679096
580,True,0.286422080539372,0.3664241659385591,0.25975471873964295,0.6017131080043405,0.8930952717407635,0.4236707059353973,0.8060268233200769,0.5875097126986535,13.720530126556293,94.11248613081534,0.020089452424035127,1.4460406698703627,0.01832451965342589,False,True,True,0.03118175794305137,0.0,1,True,0.000442707008915022
581,True,0.26579864439600986,0.34195448928659655,0.24041336276581435,0.5127610960617434,0.9311634795832562,0.42285301208552983,0.018193618963445714,0.9672005121001446,16.70317650793033,270.10101859363783,0.01377021023076227,0.43735941567391723,0.03649113580487129,False,True,True,0.03554684692634648,0.0,1,True,0.00043562400969676673
582,True,0.2734870755668481,0.35587916222837984,0.24602304667967081,0.4987239523147821,0.8939368478786283,0.42187924080095524,0.32328105896235804,0.881737141451316,7.677443294776894,578.1397805521931,0.009421885316691025,0.05427742442437556,0.030791532614717478,False,True,True,0.036495143140645926,0.0,1,True,0.00044438999611884356
583,True,0.2771120579513404,0.36125507857471206,0.2490643844102166,0.4735060473243578,0.8788819564760846,0.4208143298494899,0.8533425034961384,0.6685840162081671,9.387310049849026,212.7983611900878,0.005917755259632395,0.029850936520328098,0.02605765173385567,False,False,False,0.03460803819737082,0.0,2,True,0.00043786800233647227
584,True,0.2740695963780769,0.35532860831708746,0.24698325906507343,0.44449139403520277,0.8752024142153221,0.4198575738822225,1.0336023472002596,0.5212360229967554,8.053051009017482,102.79514092306388,0.004606957488752047,0.021166091428922937,0.01692606337569856,True,False,True,0.033360680033721585,0.0,2,True,0.000443639000877738
585,True,0.27184370642847355,0.3496725657521679,0.2459007533205755,0.42923904288490905,0.871006352037854,0.4191435321658994,1.078096452775325,0.4818717107332098,5.759227687995766,107.6040454968844,0.005482567644596315,0.01077347120387194,0.009337741427224811,True,True,True,0.033067204145134144,0.0,2,True,0.00043611499131657183
586,True,0.2695267338923281,0.34328160188699086,0.24494177789410723,0.4215527408315388,0.8548753335927716,0.41861061867034904,1.1525488284356056,0.42982911632638726,3.3838777032475194,111.15612011634923,0.0057485590066234165,0.008007688480558146,0.0069352771849815545,True,True,False,0.03337243671352805,0.0,2,True,0.0004451620043255389
587,True,0.2685581338106579,0.33967497319475304,0.2448525206826262,0.4205325612185434,0.8592748934179921,0.4180106887369014,1.1795644793913034,0.31386375962781854,3.8614127383522523,109.78728325410162,0.005478268549026562,0.004107121905666127,0.011870143211263947,True,True,True,0.03390272889523412,0.0,2,True,0.00043751701014116406
588,True,0.2688514102027693,0.33917618608684436,0.24540981824141098,0.4260386627298644,0.8541218186517188,0.41734872408637635,1.156191260844788,0.2117026517213358,3.8954293792371666,39.61465061416993,0.005363042078631381,0.00503538115446179,0.008435308267300178,True,True,False,0.03448983720182091,0.0,2,True,0.0004516440094448626
589,True,0.26976076453405173,0.34024304992388965,0.24626666940410571,0.4350525388229572,0.8528616640176211,0.41662688462284625,1.0968241095405016,0.175586904326706,3.3563673595906205,28.58460971393021,0.005963474682734246,0.008522525752225356,0.00809312293840074,False,True,False,0.03525411810625126,0.0,2,True,0.0004341409949120134
590,True,0.2700670282352744,0.34023306433007805,0.24667834953700649,0.443281018763394,0.864129147380334,0.4159203830733149,1.0600965407057854,0.18995249974764625,2.19223849674738,55.70105615718957,0.00663838328046859,0.0028330017273833392,0.009249341057159933,True,True,False,0.035904049059256746,0.0,2,True,0.00043732699123211205
591,True,0.27023802274185393,0.3404153475443714,0.24684558114101485,0.45368814361728266,0.8713652153660262,0.4152599654261272,1.0531871407077638,0.19631113568961298,1.8519958891841997,57.224727034795066,0.006660000435365071,0.004885431711801088,0.010285978449040127,True,True,True,0.036517375928863074,0.0,2,True,0.00043975200969725847
592,True,0.2702966424798499,0.34126237285597794,0.24664139902114057,0.4643276504375836,0.866526750223299,0.4146919529182651,1.083860604870473,0.20715875932689767,1.7663128181430074,41.81428612475672,0.006530830829029865,0.005615202369561086,0.008377364078846292,True,True,False,0.036929363912405165,0.0,2,True,0.0012717949866782874
593,True,0.2711496580714541,0.3432552899919677,0.24711444743128289,0.47897782835737196,0.8613374798774905,0.41403770081424957,1.1042205278117965,0.16005150360951112,2.7245299944174213,113.04832124439841,0.005792586461152679,0.005998031568862029,0.0063191506460904,True,True,False,0.03731698718213221,0.0,2,True,0.0004391309921629727
594,True,0.27243410033516746,0.3459137731360262,0.24794087606821458,0.4958206599198459,0.858431986741141,0.4133228859780725,1.1279617275171316,0.1625060801567464,1.0484228337781119,61.979191377493265,0.00582318164046973,0.005297171673582116,0.007183120284994905,True,True,False,0.03769686619815947,0.0,2,True,0.0004467940016184002
595,True,0.27381834716681874,0.3487434894968834,0.24884329972346383,0.5115441241614292,0.8542002841537699,0.4125539866509311,1.16177195829447,0.15179620530205173,0.774826294180623,20.677630432632977,0.005719447646360721,0.0038701136604444315,0.007327798143539549,True,True,False,0.038014365683053844,0.0,2,True,0.00043878902215510607
596,True,0.27520510188710373,0.3517349468870149,0.24969515355380004,0.5241967649507291,0.8535019075009785,0.41175448075014287,1.1984997465490952,0.12751949742197413,0.9183946061818161,21.001188701469435,0.005527974847922508,0.005691260107738429,0.006170507944457685,True,True,False,0.038285380094689785,0.0,2,True,0.00043784797890111804
597,True,0.2763280212397252,0.35452743878556103,0.25026154872444667,0.5327531393757728,0.8567130698577429,0.41093719117992533,1.2412472772650271,0.1023699575926394,0.9743953828002259,17.499657521765062,0.005507220768851065,0.007166152831205151,0.005512564513196541,True,True,False,0.03851661377528723,0.0,2,True,0.0004379879974294454
598,True,0.27717991940928527,0.3569828728457831,0.2505789349304526,0.5369289994080648,0.8648440142135475,0.410101064343832,1.2891760066896853,0.07895886960755986,0.9322974725340889,9.08409862776933,0.005532899005277155,0.010124370402176567,0.005079621933130917,False,True,False,0.03874807407289002,0.0,2,True,0.000857721985084936
599,True,0.27759991005438234,0.35855600463830495,0.2506145451930748,0.5364545887153302,0.8612233628634471,0.4092326841175538,1.345415011461906,0.05192888829872793,1.4268155435863485,25.193490673192414,0.005376894397235458,0.009543128628165764,0.00497814888659726,False,True,False,0.038972940630824404,0.0,2,True,0.0008530030027031898
