source_frame_idx,valid,rf_kpe_all_m,rf_kpe_targeted_m,rf_kpe_untracked_m,bone_direction_error_rad,bend_plane_error_rad,root_translation_error_m,root_yaw_error_rad,joint_velocity_rms_rad_s,joint_acceleration_rms_rad_s2,joint_jerk_rms_rad_s3,pose_jump_rms_m,left_foot_speed_m_s,right_foot_speed_m_s,left_source_stance,right_source_stance,foot_skating,ground_penetration_depth_m,joint_limit_violation_rad,self_contact_count_diagnostic,artifact,solve_time_s
0,True,0.3370171593509485,0.5102726671043357,0.27926532343315275,0.8988881932247269,0.9106911157660351,0.0,0.0,0.0,0.0,0.0,0.0,0.708060119320832,0.44668749893472026,True,True,True,0.004971384932962368,0.0,0,True,0.0026671029918361455
1,True,0.3468356135981708,0.5231128487372807,0.2880765352184675,0.9159574252164623,0.9001316690046007,0.007192290185708785,0.2965398457789459,1.2002275184364741,0.0,0.0,0.06359140798695342,0.708060119320832,0.44668749893472026,True,True,True,0.0104679719560154,0.0,0,True,0.0004888640251010656
2,True,0.35702990279031965,0.5368314113424878,0.2970960666062636,0.9479032199041131,0.9077271150416819,0.008544272453577575,0.5609906420987921,1.4445434543182787,20.745105278879937,0.0,0.058438712848670936,0.09812569966179774,0.08658542043233869,True,True,True,0.011878705719138375,0.0,0,True,0.00044402899220585823
3,True,0.36795809895436404,0.5519512526287094,0.30662704772958216,0.9991661244814277,0.9576464425527645,0.008701361225839607,0.7549192432514965,1.7917591628235996,24.76470368354904,415.3389665949018,0.04759215082710333,0.1223203391946005,0.11257730086349835,True,True,True,0.01179504043135862,0.0,0,True,0.00044104401604272425
4,True,0.37839505152110736,0.569100616918733,0.3148265297218988,1.055637648101443,1.122641684114623,0.008316597537103154,0.866660892864184,2.0815438164367746,23.18683621468914,461.94582538635694,0.034845454869361754,0.11363588393819982,0.030427459629825727,True,True,True,0.012733424305707846,0.0,0,True,0.0004517640045378357
5,True,0.384534665404049,0.5877043551904954,0.31681143547523344,1.110564861121262,1.0002904328322662,0.00821165396669998,0.9218224784959249,2.235167148216028,26.125406928863217,588.9026780290319,0.025896377414270835,0.05981510086290368,0.013220552200271851,True,True,True,0.014781080032442903,0.0,0,True,0.00043262800318188965
6,True,0.38630928776817147,0.6058303834161016,0.3131355892188615,1.1663678705836231,1.056646471321404,0.008564991366982362,0.9511343642058879,2.3833944711262496,23.030736016829348,397.35114686303166,0.026056588091315596,0.016747412509034814,0.020617273295228805,True,True,True,0.01713506757396214,0.0,0,True,0.00043001302401535213
7,True,0.3870962684599256,0.6214506177305,0.3089781520364008,1.2253071180873438,1.1233676246646223,0.009110560467880757,0.9675948601324692,2.445065818700898,15.192524170550756,419.08717575141253,0.02588020410144417,0.00542546406730078,0.03660144075626131,True,True,True,0.02003057083011682,0.0,0,True,0.0004259750130586326
8,True,0.38890251365076234,0.6334671992132876,0.30738095179658725,1.2822842797446756,1.0452159315103065,0.009710757195069364,0.9737440321535609,2.3495440493350226,12.043959014874847,339.166169335441,0.022136850949827425,0.011250590719164932,0.034025860525616194,True,True,True,0.022768301633390074,0.0,0,True,0.00044171500485390425
9,True,0.39144148526016315,0.6415581969341654,0.30806924803549574,1.3252396354867186,0.985355433169979,0.010123778459673905,0.9736503513849661,2.046244370083288,13.896670252395367,351.24886114162575,0.016795928881369417,0.014628208596886844,0.009997622627174697,True,True,True,0.02420388059411363,0.0,0,True,0.00043804800952784717
10,True,0.39348751900344,0.6459689860085295,0.30932703000174355,1.3523128410273568,0.972388919691965,0.010299052740987249,0.9732347545445772,1.5912769682069232,15.381604498732166,275.77380290791194,0.011197970602318605,0.01018920949223983,0.0013648741316465937,True,True,True,0.0245222758872043,0.0,0,True,0.00044963997788727283
11,True,0.39474918890806754,0.648026317246843,0.310323479461809,1.367304648209688,0.9778849891499666,0.010384716703506016,0.9740112148215525,1.1273221791461852,14.511519228562056,162.74793896639005,0.006968265930254768,0.006335487970283577,0.0006189528746384003,True,True,False,0.02446632943783554,0.0,0,True,0.0004424570070113987
12,True,0.3954690821201061,0.6488916775934407,0.31099488362899463,1.3744051665401762,0.9776367671351275,0.010448197507954234,0.9760398024566133,0.7694413914984635,11.017120552463117,129.21294831842886,0.004396832978544823,0.004372048663625818,0.0016481295644836728,True,True,False,0.024338946005823342,0.0,0,True,0.00044030198478139937
13,True,0.3958770397368383,0.6492205605717394,0.311429199458538,1.3771671632362699,0.9710182012576098,0.010503446550866019,0.978659322526132,0.5275472963360289,7.512160546814677,108.88647534508496,0.0028504154786538156,0.0032791805039730612,0.0011408289135922372,True,True,False,0.024220975283989817,0.0,0,True,0.00046846599434502423
14,True,0.39611125108154993,0.6493150103562816,0.3117099979899727,1.377897278416529,0.965105042087026,0.010553308851754862,0.9814531333108851,0.37108148853048867,4.970475984079579,77.28474325478669,0.0018988949060286858,0.0026193602901759478,0.0009204201496941345,True,True,False,0.0241305679590613,0.0,0,True,0.0004334190161898732
15,True,0.3962358280880753,0.6492910593285294,0.31188408434125725,1.3776386470412507,0.9600593867718266,0.010597676721290663,0.9846310360051946,0.2713783445321796,3.2801592449101444,51.2857334633845,0.0012979749127379997,0.002190214251460096,0.0007819366506141933,True,True,False,0.02406688543319916,0.0,0,True,0.00043929097591899335
16,True,0.39629749832541006,0.649236884662315,0.3119843695464418,1.3771115480190224,0.9335108768423964,0.01063314241209718,0.9877323174201359,0.20863239552638732,2.191794484674009,33.06034146751058,0.0008816961905096656,0.0017690971992710878,0.0005179798198470514,True,True,False,0.024025289641868258,0.0,0,True,0.00042840998503379524
17,True,0.3963325467151294,0.6491934727190155,0.31204557138050076,1.3766428275378741,0.8959394519306638,0.01065771367160286,0.9900518187442062,0.16907432047388618,1.4815727275336663,21.755979539578757,0.0005974818590091351,0.0014929272155349612,0.00036742430699710405,True,True,False,0.023999912906278592,0.0,0,True,0.0004546690033748746
18,True,0.3963486260785171,0.649159286648462,0.3120784058885355,1.3762801904054844,0.8534089754151194,0.010674700864247629,0.9919419449270714,0.14306901297990923,1.0268434671373343,14.84088949912637,0.00040650029994076804,0.0012620767340943957,0.0002232820897491862,True,True,False,0.023990741081075358,0.0,0,True,0.0004319369909353554
19,True,0.3963609456866559,0.6491646598459947,0.31209304096687634,1.3761791678986326,0.8051984560271473,0.01068199326650448,0.9925919512441819,0.12592929857727284,0.7347064348321262,9.543912802717342,0.00028365770994171055,0.0010602629126776316,0.0001422530830262501,True,True,False,0.02400184399233421,0.0,0,True,0.00044048301060684025
20,True,0.3963648092677483,0.6491708773830016,0.3120961198959973,1.376032336294282,0.7509079581245175,0.0106836310601898,0.9934089064447507,0.1131331473466471,0.5343528236529868,7.034246199403904,0.00021550179859433456,0.0012057513815916037,0.00018632259367079888,True,True,False,0.02402024711279928,0.0,0,True,0.00044921902008354664
21,True,0.39636183380779155,0.6491832865733926,0.3120880162192579,1.3758286066345236,0.6927538377371846,0.010679411004156484,0.9940409459465085,0.10292130411103174,0.41532244483611735,5.284132246939733,0.00017702373328318466,0.001847793477762249,0.0002707210012247306,True,True,False,0.024036109843045175,0.0,0,True,0.0004593689809553325
22,True,0.39643520316855985,0.6492750764270491,0.31215524541573,1.3734396901876373,0.6577380483828068,0.010671924924213254,0.9934339291695689,0.8625672573926011,22.998019703436913,695.2955271238905,0.0011289687554299655,0.009639471813242753,0.002523902906495606,True,True,False,0.02379814729987441,0.0,0,True,0.004632578988093883
23,True,0.3964288300995704,0.6493686040262096,0.31211557212402397,1.3718852158642816,0.726466316346395,0.010658072327647213,0.9923243475320604,0.7418273627633397,8.648266488565044,854.0690575710271,0.0008950862802811932,0.0077734593286690095,0.0026961178021444785,True,True,False,0.023538587128207264,0.0,0,True,0.0045814829936716706
24,True,0.39642239275081864,0.6494712248565088,0.3120727820489218,1.3706025535620903,0.7533072288330254,0.010638196490328935,0.9907414940500341,0.6972205740432639,2.224700178957223,202.90362118687113,0.0008692290378176413,0.009262178694857534,0.003908108356698431,True,True,False,0.023253936438499982,0.0,0,True,0.004597733000991866
25,True,0.39641983426245586,0.6495615744675453,0.31203925419409284,1.3698749163369666,0.7775925686086667,0.010616893328572926,0.9893782038722618,0.5988454801944779,3.264862679805575,79.70672486361335,0.0005389691742267525,0.004917314953639695,0.003890340492402693,True,True,False,0.023048828614072377,0.0,0,True,0.004390381014673039
26,True,0.39642182813209587,0.6496113444657047,0.3120253226875595,1.3701233539170088,0.7833262326862851,0.010596152132815662,0.9888598452551327,0.11870692917486587,14.408781933931579,347.9324799684465,0.00018662299804339283,0.0014434365336550342,0.0014192954034351636,True,True,False,0.02303195650578184,0.0,0,True,0.0009166229865513742
27,True,0.3964236324928304,0.6496487607597996,0.3120152564038406,1.370321294845266,0.7889111916241796,0.01057536765642652,0.9884621174106931,0.11799081121796977,0.045684365772349994,431.611034771312,0.0002066995057624646,0.0007946073138957551,0.0007426824108127901,True,True,False,0.023003696961610857,0.0,0,True,0.0008983890002127737
28,True,0.3964261818089088,0.6496747751205146,0.3120099840383736,1.370442260731578,0.7941621497344468,0.010554255411373085,0.988106806272389,0.11700184457851055,0.05278226711475524,0.5421226537966846,0.0002217309468768645,0.0005042182090339464,0.0005022911631777208,True,True,False,0.022966342629207444,0.0,0,True,0.0009267620043829083
29,True,0.39642712495654897,0.6496935074394895,0.3120049974622355,1.370509150896089,0.7995108547785618,0.010532601346071011,0.9877797563244655,0.11649223795914751,0.04564981271547032,1.1671063328326832,0.0002457578951515784,0.0005482625562150736,0.0005003340944488089,True,True,False,0.022921363339916685,0.0,0,True,0.0009040790027938783
30,True,0.3964233894311779,0.6497057687711458,0.31199592965118866,1.3704830425168597,0.8052647438707321,0.01050974659824278,0.9874980094433263,0.11577715256054885,0.050134655409718024,0.44013055637756776,0.0002658211146972928,0.0005160960393872009,0.0005690049759427788,True,True,False,0.022868234169372476,0.0,0,True,0.000911342998733744
31,True,0.3964335257410004,0.6497384195921349,0.31199856112395546,1.3704598020535796,0.8116618208492876,0.01048561064686165,0.9871935832394017,0.11533702148301664,0.04354922865413333,1.6007546886009982,0.0002803345095273528,0.0008116985194980481,0.002500565486607944,True,True,False,0.022810813689712134,0.0,0,True,0.0009658070048317313
32,True,0.3964368728163553,0.6497601472192477,0.3119957813487245,1.3704832240359288,0.8185158550624221,0.0104609096951886,0.9868288144158881,0.11465713959597992,0.07407237084471294,1.9745538908976354,0.0002718538736124349,0.0006581793539740772,0.0013739332177949055,True,True,False,0.022768439896772005,0.0,0,True,0.0009023569873534143
33,True,0.3964351675266816,0.6497715179779984,0.3119897173762427,1.3706177290969732,0.8224344669903777,0.010436271149643784,0.9865555201872112,0.05811259365773829,1.7033604332022982,50.48639932234744,0.00024469965748687714,0.0005211177560796858,0.0007413946222274739,True,True,False,0.022758306614570234,0.0,0,True,0.00048323400551453233
34,True,0.39644492357671535,0.6497962282002252,0.311994488702212,1.3707256102671055,0.8263468861885348,0.010412516850383628,0.9863009350022554,0.05776426894788537,0.09559099526162015,50.776757958721845,0.00021473489176978815,0.0005051066977061937,0.000887833667355736,True,True,False,0.022752082233669153,0.0,0,True,0.00046912700054235756
35,True,0.3964641500847806,0.6498246951977082,0.31201063504713794,1.3707562433005622,0.8300905041029055,0.01038918655535017,0.9861038385357674,0.056751340382176614,0.0992121870933743,1.0817704326187825,0.00020979665521854042,0.0004945192717198145,0.0010671565466307976,True,True,False,0.02274987655326608,0.0,0,True,0.0004639569961000234
36,True,0.39648866832457685,0.649847423417442,0.31203574996028843,1.3706801760093155,0.8337149342990384,0.01036602524084259,0.9859756560908315,0.05589001256773757,0.0812203860112525,1.5432735280162735,0.00021712472866675849,0.000660067032129373,0.0014275759119384195,True,True,False,0.02275171658205899,0.0,0,True,0.0004717219853773713
37,True,0.3965014488408342,0.6498477074573507,0.312052695968662,1.3704710136999687,0.837167826256354,0.010342536729058785,0.9859561237970584,0.05477960616120299,0.061281693189347196,1.9237882933305939,0.00021739370941593504,0.00026783798677159016,0.00026782701681616076,True,True,False,0.022755339323320543,0.0,0,True,0.00046848601778037846
38,True,0.39651974986980887,0.6498495600893778,0.3120764797966192,1.3702451676681346,0.834351308618242,0.010318144785134613,0.9859441800539079,0.05335590584214273,0.0912491846992667,1.462092614571383,0.0002411195348259714,0.0004520805084450267,0.0009801811300776677,True,True,False,0.0227593479615208,0.0,0,True,0.00046803499571979046
39,True,0.3965449355291321,0.6498680365316021,0.312103901861642,1.3701008258420897,0.8305225256258882,0.010292525338408109,0.9857775706643477,0.052339870853594476,0.11647606072567535,2.8216313507200095,0.00022878347966432777,0.0006564473845709639,0.001214328229406805,True,True,False,0.02276571112797974,0.0,0,True,0.0004726140177808702
40,True,0.39657158314908525,0.6498947225515979,0.3121305366815808,1.370062496303129,0.8271509239720545,0.010265308950297038,0.9854578536094369,0.052617853248481915,0.09776538358152864,1.7203124941861572,0.00020711224992580747,0.0004167354081214669,0.0005827728523795629,True,True,False,0.02277003241039171,0.0,0,True,0.00046771400957368314
41,True,0.396602359554581,0.6499387027570436,0.3121569118204268,1.3701476353686934,0.8257096908859801,0.010236093108132801,0.985035887400487,0.05351855383949186,0.07250809532387167,1.6303724545860938,0.00019868349395310862,0.0014160684812144443,0.0008403831005957942,True,True,False,0.022772040431666175,0.0,1,True,0.00046976798330433667
42,True,0.39663185890309294,0.6499993792437854,0.3121760187895288,1.3703669054160887,0.8252552482307478,0.010205057859547105,0.9843039783803662,0.05451712386178662,0.06196166770823419,0.9558200603894222,0.00020321593456436977,0.0006797181083664852,0.0003685305932687063,True,True,False,0.02276681897806073,0.0,1,True,0.0004882529901806265
43,True,0.3966488745073154,0.6500518107697565,0.31218122908650175,1.3706478001613431,0.826061668303625,0.010173327005464299,0.9835273782283067,0.05543550495176848,0.044764112978579296,0.6960029293790537,0.0002210987580903437,0.0005829828725087761,0.0006459769922842612,True,True,False,0.022756379180223704,0.0,1,True,0.00047339501907117665
44,True,0.39666579104802435,0.6500885549120256,0.3121915364266907,1.370859418980908,0.824170171320525,0.010141693400959237,0.9828478866979162,0.05457526045087245,0.06021454143322995,2.6328590581336058,0.00021980262586108386,0.0005969258508351337,0.001014805215146044,True,True,False,0.022740185482135515,0.0,1,True,0.0004603099951054901
45,True,0.39667608024689865,0.6501116617784288,0.3121975530697219,1.371065107761459,0.8228800798056173,0.01010990083800674,0.9822501552707046,0.0554062137683627,0.057023674027901865,2.1729139073241606,0.00024480904582743334,0.0005281468037478164,0.0010726680039556797,True,True,False,0.022727503035285423,0.0,1,True,0.00047193298814818263
46,True,0.39669533728388323,0.6501436370462059,0.3122125706964424,1.371259255752903,0.8199435498344247,0.010077948640655135,0.9817468370051345,0.05440389805643136,0.059724762135479545,2.2806225898222547,0.00024970160600351263,0.0005523566658764929,0.0005381537184101666,True,True,False,0.02272071782124322,0.0,1,True,0.0004744970065075904
47,True,0.3967209515409269,0.6501816583886187,0.31223404925836284,1.3714583575389847,0.8153926219779233,0.010046543141256446,0.9812765571111308,0.05300377415234095,0.07298600547728767,1.440963316014323,0.0002501231466989451,0.0003163283563453737,0.0005871566360596196,True,True,False,0.022721310760280923,0.0,1,True,0.0004612119810190052
48,True,0.39675252968299884,0.6502194880013443,0.31226354357688374,1.3716545880008477,0.8105181360604006,0.010017465112787331,0.9807729093885577,0.0523150007594067,0.05999354558360453,0.8705054367772295,0.00024799308306312475,0.00039648634315381335,0.00039582046267051655,True,True,False,0.022727134474054347,0.0,1,True,0.0004804380005225539
49,True,0.39678361288148634,0.6502511574827614,0.3122944313477279,1.371793278344902,0.8052446642405069,0.009990106718022824,0.9802948104211557,0.050656302368717744,0.07148402953691248,1.3930224832502702,0.0002466537289114661,0.0003113627817408748,0.0005084827305737389,True,True,False,0.022736827684764115,0.0,1,True,0.00046576099703088403
50,True,0.39682012727477617,0.6502713861077878,0.312336374330439,1.3717492388503434,0.8002597483856122,0.009964179855059178,0.9799900572886953,0.0487305867842594,0.11552130323468447,2.006661523526717,0.00030708745016489684,0.0007465448629811782,0.0013607983787154746,True,True,False,0.022748410343679352,0.0,1,True,0.0005136409890837967
51,True,0.3968547602435478,0.6502962185907305,0.3123742741278203,1.3716979984508924,0.7936244378991348,0.009940448097359025,0.9797019652831036,0.04749231624016656,0.08359786302507904,4.000716003249437,0.00025924630097161577,0.0005644708990218058,0.000643211626372305,True,True,False,0.022759282633466833,0.0,1,True,0.0004914799937978387
52,True,0.39687962661384524,0.650316685822466,0.3124006068776382,1.3716437612659698,0.7904313611928393,0.009919148125325846,0.9795112665249017,0.04747345015389507,0.08302998552107814,1.9967251899885046,0.0002177314991299516,0.0007330249229382056,0.0006007053679717874,True,True,False,0.022763225348169977,0.0,1,True,0.0004746679915115237
53,True,0.3968916659419041,0.650328369497966,0.31241276475655005,1.371534532258078,0.7926655598132599,0.009897400505653152,0.9796666241567613,0.04793995530289479,0.07480622119940335,1.290461035528439,0.00021213653433458377,0.000502062494694992,0.00010165966029188445,True,True,False,0.02276509098270766,0.0,1,True,0.0004626939771696925
54,True,0.3968918977643148,0.6503190877785582,0.3124161677595671,1.3713980545505378,0.7938096273215229,0.009874012778071158,0.9797866850943302,0.047556220984159334,0.05207757860678751,2.1747844390011464,0.00021059415954756316,0.0005822949133647007,0.001712318878927819,True,True,False,0.022764121538253086,0.0,1,True,0.00046601099893450737
55,True,0.3968906230761235,0.6503128227491787,0.3124165565184383,1.3712830594662782,0.7934456572982899,0.009852233918584245,0.9799109870265095,0.047016000260886835,0.056361540211572615,1.6834758728064667,0.00019203262241011885,0.000381131697539706,0.0008598807417284493,True,True,False,0.022760749608534046,0.0,1,True,0.0004780240124091506
56,True,0.3968828644040977,0.650307997074795,0.312407820180532,1.3711960531992178,0.7917412664779635,0.009833958928646584,0.9800871658611621,0.04680727457854971,0.08094544078245557,1.4554312824785958,0.0001559143794433728,0.0005400739388968722,0.0012983963301089424,True,True,False,0.022756191825463276,0.0,1,True,0.0004615829966496676
57,True,0.39687164622411664,0.6502982539778978,0.3123961103061896,1.3711428452096017,0.7882205137683597,0.009817902939987013,0.9802567016537902,0.04666160046225605,0.06196623022708254,1.0199017624183202,0.00014566903863173176,0.0012444323361201623,0.001006901297436121,True,True,False,0.02275262735343138,0.0,1,True,0.00048637899453751743
58,True,0.3968428359619343,0.650261101334059,0.31237008083789275,1.3711200767621432,0.7827128763951166,0.00980414759634505,0.9803873197312162,0.04611553340455399,0.051036287782455204,1.0058682739908524,0.0001417007651838871,0.0014335899388455866,0.0013605152210696841,True,True,False,0.022748895857424296,0.0,1,True,0.00046609199489466846
59,True,0.3968074188416203,0.6502135163995703,0.3123387196556371,1.37113375832967,0.777151537605956,0.00979383030799347,0.9805075075577099,0.04600454051103834,0.022313025542160768,1.3482947133528165,0.00013195614447308537,0.0013174618818064658,0.002618506496263291,True,True,False,0.022745741117262103,0.0,1,True,0.0004692169895861298
60,True,0.3967915179969495,0.6501937079785568,0.31232412133641374,1.3711623684032286,0.7688540281072447,0.009786389921435086,0.9805960419956778,0.045145860030248446,0.04647624439146576,1.1446474117583971,0.00011989878112390968,0.0013654345411257215,0.0016270419631426206,True,True,False,0.022742586530706467,0.0,1,True,0.0005141519941389561
61,True,0.39679285057472136,0.6501977958967744,0.3123245354673704,1.3711997797627962,0.7606291573594651,0.00978180422327353,0.9805371117212953,0.016713985129128837,1.0145139644557082,29.56978050188829,0.00012412966301317586,0.0015996977041170574,6.0017798592190015e-05,True,True,False,0.022736934382699463,0.0,1,True,0.0004721930017694831
62,True,0.39679127658778446,0.6501990415061273,0.31232202161500355,1.3712656992239642,0.7537818792535871,0.009780497538065414,0.9802301540131331,0.013997592979272543,0.2632282860965803,22.59929607848409,0.00012364008206626172,0.0006399120808456212,0.0011806204491498658,True,True,False,0.02272823719162774,0.0,1,True,0.0004648790054488927
63,True,0.39678877705435484,0.6502021245659801,0.3123176612171464,1.3713432917778325,0.7479272033504145,0.00978183046141416,0.9797532636993518,0.01407433278633231,0.03780937894999803,7.474804955360843,0.00013675929603404756,0.0009030417223372734,0.0018373378521719867,True,True,False,0.022717992538164852,0.0,1,True,0.00046586099779233336
64,True,0.39678141266156797,0.6501929763223426,0.31231089144130975,1.371378489882045,0.7439382373393604,0.009785865582446044,0.9791356135272287,0.013963011139727586,0.044445940540536556,0.9920032828048865,0.00014609357926373146,0.0013264930236483923,0.002153966224683814,True,True,False,0.022703796261247848,0.0,1,True,0.0004848760145250708
65,True,0.396770151119389,0.6501764931701184,0.3123013704358124,1.3713561805812526,0.7399607362900252,0.009794084505616411,0.9784975562554232,0.013945981411475603,0.05493217826612621,0.7608212076331498,0.00015968834048142095,0.0004753837942498677,0.001098862335587163,True,True,False,0.022694221061875686,0.0,1,True,0.00046522897901013494
66,True,0.39676308299919294,0.6501646943006013,0.31229587923205687,1.371312533392356,0.7337470170281745,0.009804087882174588,0.9774720654511522,0.014022153619880719,0.06585910539948289,0.8206053689789439,0.00017241166207076548,0.001307334603489438,0.00177611358329604,True,True,False,0.022681827592862656,0.0,1,True,0.0004940640064887702
67,True,0.39674975658161016,0.6501288841250784,0.31229004740045424,1.371183260468973,0.7285937925897882,0.00981744377749071,0.9767175743767291,0.0140650435105748,0.060107612928488256,3.280407100011069,0.00019319667024336154,0.0003633733479602793,0.00043960703700504763,True,True,False,0.022667066407744886,0.0,1,True,0.0004668729961849749
68,True,0.39673779950739174,0.6500798433160287,0.3122904515711795,1.3710342111177394,0.7221245894536392,0.009834074263400548,0.9759756080147096,0.014211759861236328,0.04403154119490692,0.9003409323806626,0.00020913788027716269,0.0005313978817159816,0.00030949907806058146,True,True,False,0.02264808069506445,0.0,1,True,0.00047479799832217395
69,True,0.3967276468981577,0.6500175684125997,0.31229767306001044,1.3708918987412706,0.7142700702388562,0.00985445146647293,0.9752239437440046,0.014647663215735495,0.05160366499622528,0.4782178349878376,0.00022659904534401632,0.0005433497265197329,0.0007738234655912621,True,True,False,0.022623426771824336,0.0,1,True,0.00048292300198227167
70,True,0.39672111248910374,0.6499398547292375,0.31231486507572565,1.3707628758567179,0.703333894724116,0.009879423970469136,0.9744707818310333,0.015470976703977641,0.05884848615402724,0.5266081279822874,0.0002469907022410758,0.0005062448407717993,0.001246581935657067,True,True,False,0.022591311990595067,0.0,1,True,0.00046201300574466586
71,True,0.3967283881911393,0.64986462472895,0.3123496426785357,1.3706739123111307,0.6890319730256494,0.009907810599557124,0.9734913580326118,0.016425533180844533,0.053818069708181,0.5588683954316337,0.0002648653731065623,0.0005217284417285353,0.0005513359323032935,True,True,False,0.02254838658530023,0.0,1,True,0.00048315300955437124
72,True,0.3967438082816016,0.6497862750220068,0.3123963193681332,1.370567676198427,0.6758451759850521,0.009939525614398575,0.9724296975527816,0.01718936130730733,0.05345084105681549,1.130464981717451,0.0002809726102967114,0.0005495180675021933,0.0005105400999656698,True,True,False,0.022488623609005894,0.0,1,True,0.00046277500223368406
73,True,0.39676337441053666,0.6497106858517118,0.31244760393014487,1.3704833443628042,0.6602125208673689,0.009973926091953883,0.971155314672827,0.017868235174613598,0.05186007239177625,0.8328106256856652,0.0003067486024023655,0.0005147020850587261,0.0005829252609115773,True,True,False,0.022411123594757984,0.0,1,True,0.0004912190197501332
74,True,0.39677907291991027,0.6496368330774951,0.312493152867382,1.3703745802409815,0.6424989972040315,0.010009368917973173,0.9696405856722768,0.018438983941404107,0.0707551322386038,1.0483467143346956,0.0003398666972303084,0.0005555334570515201,0.0007822328956103144,True,True,False,0.022315889444135137,0.0,1,True,0.0004614420176949352
75,True,0.3967922112410691,0.6495642526648026,0.3125348640998247,1.370209230517691,0.6215183929186427,0.01004517050501243,0.9679524469578037,0.018740878520206106,0.06636344938153874,1.568082656921005,0.0003715762399063944,0.0005303585589261535,0.000864444754582979,True,True,False,0.022208494131462413,0.0,1,True,0.00048812301247380674
76,True,0.3967924508065681,0.6494751957180405,0.3125648691694106,1.3700034856016803,0.6025965616100999,0.01008166003794274,0.9662216388768156,0.01883477119465605,0.050446351496718965,0.9993597758988146,0.0003957769119221667,0.0015985698122196774,0.0009389528476169907,True,True,False,0.02209384373488723,0.0,1,True,0.00046155299060046673
77,True,0.39679228854081744,0.6493813182188288,0.3125959453148136,1.3697995517310302,0.5897983393465209,0.010120273072545498,0.9647798804155056,0.018319031140053395,0.04652775030675832,1.9935714792292083,0.0003992597405843553,0.0009358627703105747,0.0008410195115887537,True,True,False,0.02198793603408039,0.0,1,True,0.0004606709990184754
78,True,0.3967975328662384,0.6492960936599983,0.3126313459349851,1.3696450062015766,0.5833620514870466,0.01016169354937993,0.9634653433146393,0.01774716406589568,0.06958938264749909,0.9830488604981416,0.00040221111623863187,0.0007456061863779695,0.0007023454918041299,True,True,False,0.021892128689413953,0.0,1,True,0.0004841859918087721
79,True,0.39681765304299293,0.6492416373817655,0.31267632493006875,1.3695155255636406,0.5775596339722717,0.010204159474601904,0.9622204294848348,0.01731712003424225,0.07394915823022986,0.9604010088988134,0.00040528040240366843,0.0032391790017416034,0.0006464168054754448,True,True,False,0.0218053919579589,0.0,1,True,0.0004612820048350841
80,True,0.3968116186169883,0.6491626374600161,0.312694612335979,1.3693612296877435,0.5710181032112003,0.010244597704731963,0.9609009600896069,0.01704205526821048,0.06400255442259092,1.7380779297962425,0.0004098118238388553,0.0005346355506558612,0.0006168088489144984,True,True,False,0.021722903096962835,0.0,1,True,0.0004674840020015836
81,True,0.3967845867214163,0.6490644663020693,0.31269129352786545,1.3691412373927307,0.568597460453494,0.010283469475738223,0.9597457593627002,0.01685365619778411,0.059828712159196606,0.6892486565719562,0.0004097621166657537,0.0017836529357185677,0.0005836121689389762,True,True,False,0.021644059777217284,0.0,1,True,0.000501818984048441
82,True,0.39676486478321704,0.6489906581915793,0.31268960031376275,1.3688587131387677,0.5706269752513876,0.010321663147726631,0.9587262398829265,0.016396726287052393,0.06898687317099385,1.2316062125435994,0.00039773790080478076,0.00037397812945172095,0.0005054855209764351,True,True,False,0.021569487927374488,0.0,1,True,0.0004859789914917201
83,True,0.39673651590851833,0.6489153184864479,0.31267691504920847,1.3685600674953995,0.5783776864716792,0.010358718761048208,0.9576995437939798,0.01589704492086931,0.08334915520571443,1.361590801166575,0.0003838265471839998,0.00118392214440584,0.0005183986590424685,True,True,False,0.0215059424053734,0.0,1,True,0.0004610719915945083
84,True,0.396719101049023,0.6488727563583796,0.3126678826125709,1.368377353806861,0.5865318319265784,0.010393568738087597,0.956441926754693,0.015668457132201122,0.05783195557594226,1.4509337886036229,0.00037322485707763317,0.0011299040565292552,0.0013847563401609409,True,True,False,0.02145347737167491,0.0,1,True,0.000488363002659753
85,True,0.3966993469612149,0.648835493705354,0.31265396471316836,1.3682476154057974,0.5985454567832613,0.010427520756541171,0.9552017535564752,0.015311919290339886,0.04640863137894905,1.6304123386960483,0.00035825889706232836,0.001450245565507067,0.00033532922493702505,True,True,False,0.021406732838488977,0.0,1,True,0.0004704089951701462
86,True,0.3966754717902598,0.6487918317675913,0.3126366851311493,1.368099366080426,0.6090691004478164,0.010460996438508773,0.9540199878767154,0.01531424412079151,0.03882034789140365,1.0917375911002065,0.00036559133309512073,0.0006761717831964942,0.00032755452351296684,True,True,False,0.021357094538703124,0.0,1,True,0.00046335600200109184
87,True,0.3966518041216655,0.6487433893929646,0.3126212756978991,1.3679325683282784,0.6183994540235092,0.010494859448998261,0.9529843902983247,0.014694806402284355,0.04855870029469081,1.369332545332664,0.000353569073637981,0.001963969905294113,0.0003412078757057131,True,True,False,0.02130311879877527,0.0,1,True,0.0004840150068048388
88,True,0.3966185248334074,0.6486795511294201,0.3125981827347365,1.3678021702556409,0.6289497627554544,0.010530371055362895,0.9522030827473488,0.014027180553425556,0.06343047614767672,1.1627776931410652,0.0003308102932091761,0.000279219716239346,0.0007297629244940983,True,True,False,0.021253032523532438,0.0,1,True,0.00046130199916660786
89,True,0.3965814005644322,0.6486088971747603,0.31257223502765613,1.36766772756072,0.6394448358406968,0.010567472595035333,0.9515884704626189,0.013876909546266455,0.04084613275221213,0.9728518133726073,0.0003310672997248931,0.0003912403033518604,0.0012563556562820621,True,True,False,0.021204830607425756,0.0,1,True,0.0004695480165537447
90,True,0.3965433404930388,0.6485349810237476,0.31254612698280243,1.3675346414468772,0.6482070522650482,0.010606782721072893,0.951129548502191,0.013809794153048642,0.01840608946188187,0.8077451349072974,0.0003369397085127229,0.00022388045978982674,0.0009731898234583619,True,True,False,0.021155252910407686,0.0,1,True,0.0004593089979607612
91,True,0.39650750850707633,0.6484559137361164,0.31252470676406285,1.3673726875507353,0.6544591918104286,0.010649697027934493,0.9509363049503775,0.013876285666693544,0.02757420642330691,0.7145839508585423,0.00034777268255764657,0.001039599994219543,0.0008851995060306638,True,True,False,0.021098436307879644,0.0,1,True,0.0005437979998532683
92,True,0.39647675830388873,0.6483831031060087,0.3125079767031821,1.3672365890747504,0.6590617526375115,0.010695148137202124,0.9509580725327501,0.013798065765995751,0.038076969512035264,0.8664079226290349,0.00034658338256251116,0.0007472643852482131,0.000743234974232767,True,True,False,0.02104069288971891,0.0,1,True,0.00046320600085891783
93,True,0.39645196846637965,0.6483103298845636,0.312499181326985,1.3670874580394403,0.6639219641263763,0.010743759543260413,0.9512347025833406,0.013603137260031204,0.052401676595793166,0.8138620958869739,0.00034103151200529666,0.00047445466681457575,0.0005912556340031236,True,True,False,0.020981931469429005,0.0,1,True,0.00047255397657863796
94,True,0.3964289957559612,0.6482279673648828,0.31249600521965404,1.366862802710701,0.672860320099383,0.010796125341044903,0.9517256661476464,0.013517496662082379,0.0734262988551471,1.6077805435736419,0.000344514494459428,0.0008606436319351088,0.0014480563616141254,True,True,False,0.020917169648788723,0.0,1,True,0.0004736660048365593
95,True,0.3964077151261863,0.648139611548161,0.3124970829855281,1.3665193227656056,0.6832386994585183,0.010851960352128018,0.9525962084964045,0.013909068052523295,0.11815236479368488,2.0285134004628236,0.0003502911573175948,0.0006434743294106966,0.0014658616760148816,True,True,False,0.020848538658041246,0.0,1,True,0.0004604700079653412
96,True,0.3963856640439529,0.6480345875917725,0.3125026895280131,1.3660566450406466,0.6942588230274945,0.010910598235277031,0.9537104391728638,0.013829128056128204,0.09015280406264918,2.416909954267128,0.00033749631686777015,0.0006422709149379049,0.000998205114480448,True,True,False,0.020774317942328993,0.0,1,True,0.00048080901615321636
97,True,0.39635927356315215,0.6479147998968415,0.31250743145192245,1.3655019566176463,0.7047632218301133,0.010971366636639505,0.9550920438092348,0.013307369475744455,0.06561893560480268,2.4249686036994262,0.00033034098598930007,0.0006750688806188218,0.0006842426977979903,True,True,False,0.020694876133686306,0.0,1,True,0.0004581869870889932
98,True,0.39633685089695275,0.6477948258205781,0.31251752592241105,1.3649021147968456,0.7158631730079807,0.011033351436285376,0.9567633668839516,0.012915583114557195,0.08128457547164543,1.6299144631605218,0.0003175275500961044,0.0006892384089395048,0.0004300957484720433,True,True,False,0.020610211650284947,0.0,1,True,0.00047080000513233244
99,True,0.3963214771817347,0.6476895031512038,0.3125321351919117,1.3643807626965314,0.7244788013437169,0.011094251945103857,0.9585036069791205,0.012528165877272552,0.055562360255527174,1.84574808630894,0.0003043380621224816,0.0007266033785791257,0.0005548286892678176,True,True,False,0.02053305983977604,0.0,1,True,0.000459108006907627
100,True,0.39631287524547126,0.647597306807409,0.3125513980581586,1.3639835894562875,0.730290484881887,0.011153699815609023,0.9601385977955194,0.012152153237738798,0.07574942102400958,1.235404519237546,0.0002902451065404125,0.00074308081332366,0.0007491601104828114,True,True,False,0.020469110861074766,0.0,1,True,0.0004800480091944337
101,True,0.3963047923033056,0.6475065642759903,0.3125708683124107,1.3636505614218892,0.7345868121033418,0.011212725597591266,0.9616218856343083,0.012634416305103513,0.10748894407987059,1.25463456962203,0.00028884809400707434,0.0007453961889271989,0.0007821307027072783,True,True,False,0.02041253993068866,0.0,1,True,0.0004617930098902434
102,True,0.39628956905627066,0.6473621925310813,0.31259869456466716,1.3629520103507828,0.7297312849474821,0.0112728126178508,0.9631407764533718,0.014784742164533404,0.18923147738409152,3.721580322136001,0.0003286296751324219,0.0008866518777163632,0.0008276450251437951,True,True,False,0.020355243424096905,0.0,1,True,0.0004896950267720968
103,True,0.3963253941256039,0.6472226972241386,0.3126929597594257,1.362069910724543,0.7175437663143212,0.011334995073215918,0.9645695960152413,0.02008423396233465,0.454978641763304,13.698569435422208,0.0005280719252509575,0.0010560602523851839,0.0009525703863294114,True,True,False,0.02028984946878242,0.0,1,True,0.0004719319986179471
104,True,0.3963693923552154,0.6470274120943262,0.3128167191088451,1.3605782711799483,0.7118369906117716,0.011399740940803274,0.9654357019208567,0.02780873800503271,0.4168595145901593,9.402462783891174,0.0007428255630889879,0.0009990374524402356,0.0007689430068853175,True,True,False,0.020213889383477048,0.0,1,True,0.0004626640002243221
105,True,0.3964702712417913,0.6467540173851759,0.3130423558606629,1.35791391021414,0.703829388145,0.01147753876649704,0.9664447648417201,0.059191890639771656,1.0592625658704238,19.7022975429652,0.0014940790056819462,0.001173660145231517,0.0011949778386256067,True,True,False,0.020091403422096366,0.0,1,True,0.00048654997954145074
106,True,0.396663529213867,0.6462806028631125,0.31345783799745175,1.3525002807780393,0.6554326514444186,0.011569846229840877,0.9679765455334469,0.11399845165219827,1.6791867407438525,24.15724495800777,0.002924025839951599,0.002238486476702417,0.002416043596974749,True,True,False,0.019861522385543215,0.0,1,True,0.0009062530007213354
107,True,0.39686658269887903,0.6453127338039669,0.3140511989971831,1.341597719172501,0.4870515806836232,0.011676103149655243,0.9709063959852068,0.18854898040218257,2.3131741850543026,23.4472438158204,0.004839888873829653,0.001954398478408846,0.002971236391241318,True,True,False,0.019529925691152923,0.0,1,True,0.0009178259933833033
108,True,0.39702056553931714,0.6435454910573439,0.31484559036664145,1.3234219793495219,0.7723956396046967,0.011807849250559513,0.9754766885550281,0.2668380216961556,2.859547058228399,57.10309229961364,0.0069688511838799615,0.002024632097156482,0.004237111340374277,True,True,False,0.01904253113513646,0.0,1,True,0.0009038890129886568
109,True,0.39710417347221016,0.6405316742798579,0.31596167320299423,1.2956404852890555,0.8639627060043701,0.011990980132911042,0.9801009919348382,0.36063796564866096,3.852855159590824,63.63158342545526,0.009335434906890582,0.004016119616003428,0.005519894561105321,True,True,False,0.018336317157885383,0.0,1,True,0.0004677439865190536
110,True,0.39714716582396065,0.6358835841227883,0.31756835972435143,1.256445502813223,0.8806563897417858,0.012226552322144242,0.9852932950647033,0.5121494351293897,5.854236908347017,75.3872167776419,0.012402589685400154,0.004727722577051173,0.007769087819079304,True,True,False,0.017342577168629927,0.0,1,True,0.0004965690022800118
111,True,0.39676729901855756,0.6290430344841954,0.31934205386334513,1.206856179073771,0.8822577820259183,0.01249898041169127,0.9919737679406229,0.6824756145841633,6.90889124817618,79.05163225862627,0.01442693888500408,0.005087674307342808,0.009158433731296866,True,True,False,0.016190345582831972,0.0,1,True,0.0004867100215051323
112,True,0.39535373604622015,0.6194717280124485,0.3206477387241438,1.1489227527572312,0.883873958338548,0.012769327480910152,0.9959267491747101,0.889968298584991,8.637391735002147,96.33421573208526,0.015056058616018565,0.004989907601968245,0.00918758423763402,True,True,False,0.015057292986906305,0.0,1,True,0.00046464899787679315
113,True,0.39125987793059575,0.6057572059279737,0.31976076859813657,1.0821685872371825,0.8817049444770411,0.013008139156893056,0.9981338143103191,1.1811976541966278,12.147192682051738,156.8404083386055,0.014323042897010422,0.003949750286892532,0.007126483481154377,True,True,False,0.014254519806472415,0.0,1,True,0.000468115002149716
114,True,0.3816790536782111,0.5865521653165173,0.3133880164654424,1.0106088935861808,0.865520697713283,0.01324514365084211,1.0066531396868388,1.4931909178515108,21.050667562643522,570.3908591221358,0.017852273437377976,0.002703323532910581,0.0033447763056407877,True,True,False,0.014639490089188781,0.0,1,True,0.00046277500223368406
115,True,0.36507938939528223,0.5589178165691928,0.30046658033731205,0.9475682865821172,0.7852763296953924,0.01356885417966875,1.016669162906548,1.9240490767215495,23.10885494878768,395.39008699744323,0.0320867356870571,0.010470352710291137,0.01967598967365587,True,True,True,0.01683488055008559,0.0,1,True,0.0004768119833897799
116,True,0.34747853848087934,0.5239442407970486,0.28865663770882294,0.8990634909492119,0.7092233817014585,0.014052739284782238,1.025342130954673,1.9098977447135146,31.22054872465578,980.0888297571599,0.03862967760016717,0.016460068188217682,0.028693347947926072,True,True,True,0.019819002943974005,0.0,1,True,0.0004621139960363507
117,True,0.33535573732935053,0.48997325997744434,0.28381656311331926,0.8530231282695344,0.7087779296773323,0.014498337603079581,1.0306748283118317,1.4647609170316582,23.90350500996898,920.3135227330127,0.029864230130029472,0.009496717102739463,0.023754414528668534,True,True,True,0.02221401356710654,0.0,1,True,0.000471551000373438
118,True,0.32625824480356724,0.4604617233847691,0.2815237519431666,0.8115056824130238,0.7365184814068264,0.014895645916576166,1.0266021483290093,1.0947538901695668,12.820682609673877,513.0818452999254,0.022233801085771703,0.002541719843637809,0.016840748427182427,True,True,True,0.0239859230502823,0.0,1,True,0.00046815600944682956
119,True,0.3183944393136907,0.43380933946020406,0.27992280593151964,0.7717072266142192,0.7856847357006337,0.01533386207942422,1.0163992201474632,0.9169128284931019,6.576864203204272,204.43961534545932,0.018942450721215625,0.0016205885159580335,0.012561802441114274,True,True,True,0.02538646648244698,0.0,1,True,0.0004641869745682925
120,True,0.3120965121737217,0.4095274207457126,0.2796195426497248,0.7380900862724737,0.9285947215553905,0.01585918450282066,1.0044774478866922,0.8724577865810964,4.530792850361132,142.3101449994213,0.018995575297176194,0.004128384799153023,0.010503611942676258,True,True,True,0.026616424994692037,0.0,1,True,0.0005217170109972358
121,True,0.30739677792643705,0.3871875095390976,0.2807998673888836,0.7086055632391812,0.8374282365187037,0.01649721224011731,0.9971599623244681,0.875716679827034,4.846773180874695,85.57657015206163,0.01909411727161473,0.007833798109666466,0.0076756374634596985,True,False,False,0.027656635498826423,0.0,1,True,0.00046827501500956714
122,True,0.30318283217200753,0.3678146706946939,0.2816388859977788,0.6774179496895022,0.7426069997159741,0.017233669699008733,0.9945867800856197,0.83858467378532,9.05980713732962,209.83137679161158,0.015102167700081036,0.010115441582183743,0.01142514203419314,True,False,True,0.028370203135644388,0.0,2,True,0.00046991900308057666
123,True,0.3007875640738854,0.3527875357384507,0.28345424018569704,0.6543308926543371,0.7225509946402198,0.018048056187375955,0.9916955913619856,0.8256298866198206,5.4467560722038275,234.55585983628774,0.013677783614085639,0.00808021803680235,0.017169419426287875,True,False,False,0.028755660078644288,0.0,2,True,0.0004628550086636096
124,True,0.29825108088631386,0.34276041401182467,0.28341463651114357,0.630002260046113,0.7158449487447688,0.018950876174210884,0.985697092739593,0.8155822858778384,10.714225194426609,257.30585935390366,0.010517611104023994,0.004989456790696052,0.025611431563421883,True,False,False,0.02888268326727391,0.0,2,True,0.0004856080049648881
125,True,0.2966638810620277,0.3374269908595542,0.2830761777961856,0.6125882982405784,0.71871714348019,0.019929932127021006,0.978948385086391,0.8502609683505018,7.563684946282053,145.8139330167876,0.010615482471206944,0.005213447545401752,0.0462150771420032,True,False,False,0.028122544847091556,0.0,2,True,0.0004650590126402676
126,True,0.29692311397849824,0.3357454149417493,0.2839823469907478,0.6080580633384789,0.7363471338577282,0.020996184911110976,0.9882189381370475,0.8465920955180026,5.6842139038317665,150.46673272910195,0.010820551782594983,0.008335095202319849,0.07649753473335834,True,False,False,0.026182823465399525,0.0,2,True,0.0004753989924211055
127,True,0.2986942561128938,0.3360779316718081,0.28623303092658897,0.6160947529953756,0.7745528498919726,0.02214627798337724,1.0328762146572066,0.8097213063401789,4.878855849136625,91.4037094242032,0.010633636674544816,0.012016215268894586,0.11552349253925816,True,False,True,0.023043718356223437,0.0,2,True,0.000473714986583218
128,True,0.30098820050056163,0.3382780896819293,0.2885582374401057,0.6287425257812966,0.812626613949022,0.023263827725173433,1.0782439309714462,0.7131945753967347,3.930689351165655,153.85033549013033,0.009349470325479592,0.011019706563569218,0.1406729747568591,True,False,True,0.018879587708845666,0.0,2,True,0.00046589100384153426
129,True,0.30346773059381865,0.3417451284658218,0.29070859796981763,0.6415946623475289,0.8423562644978979,0.024265851212361668,1.1113844706673746,0.5608772430714788,5.536406142658121,78.69647252324256,0.007676514487834196,0.007352650353817549,0.1288737758671066,True,False,False,0.014621881409083699,0.0,1,True,0.0004943350213579834
130,True,0.30541630971855044,0.34522192812714636,0.29214777024901856,0.6504178911774523,0.8618865453760711,0.025103704043900894,1.1370940348661218,0.3853828082915421,6.63656450015354,58.516967742525935,0.005831047323203276,0.001152243279725817,0.06364504539897756,True,False,False,0.011727504999241708,0.0,1,True,0.0005275370203889906
131,True,0.3075330649387479,0.34888653797572067,0.29374857392642356,0.6566200971988538,0.8516011997789749,0.02566172585788573,1.1014887887459164,0.26997937257929966,6.459316410629587,62.892891002458505,0.005272127220457019,0.012846316797378538,0.10160146011695757,True,False,True,0.009450168739647677,0.0,1,True,0.0005053149943705648
132,True,0.3087542667296237,0.3517605242446575,0.29441884755794584,0.6606303737490125,0.8273195564536915,0.025929529940342675,1.0422026988312787,0.3265955120049214,4.194289014796283,125.47715157515896,0.007081485059052867,0.024310624313323034,0.3101711779397807,True,False,True,0.006494058953488665,0.0,1,True,0.000990372005617246
133,True,0.3086436712206424,0.35268858064417896,0.29396203474613025,0.6673254321624633,0.7969637714222007,0.02616689260073009,0.9808037377636457,0.3278506896456394,5.710816473854543,163.45519892137278,0.009409459939224867,0.025968598994616333,0.5962940548752117,True,False,True,0.00264581696546466,0.0,1,True,0.0009596339950803667
134,True,0.30786212913777117,0.3532665793076712,0.29272731241447114,0.6798050041117683,0.7708478121246561,0.026437749595854498,0.932203127062401,0.41194133786547926,4.220719834147758,105.13744762582543,0.01301071190587568,0.02743712797988043,0.9030387726983018,True,False,True,0.0,0.0,1,True,0.0014474169875029474
135,True,0.30774761749428936,0.3559707668206285,0.2916732343855097,0.6993325206356956,0.7544235977743226,0.026833917525244447,0.9191610666643889,0.4438412371549342,3.1063037535614617,91.64770765803033,0.014932124357822062,0.02498563842211008,1.043546477332825,True,False,True,0.0,0.0,1,True,0.0013798290165141225
136,True,0.30963905065401703,0.3630387033018323,0.29183916643807867,0.722006131240047,0.7250742782769299,0.02735152560923741,0.9065746942102687,0.38986751487795557,3.686246036426358,121.7308054857683,0.016118542784859243,0.01915978127199559,1.1368215315584664,True,False,True,0.0,0.0,2,True,0.000482502015074715
137,True,0.31256710218999534,0.3728357848233987,0.2924775413121942,0.7476395380321166,0.7164295445944253,0.028007131204581266,0.9098724836743585,0.5188171621311435,7.072557348345018,285.8410553512468,0.017035481509363806,0.034391285666283224,1.0993703027152053,True,False,True,0.0,0.0,2,True,0.001356063992716372
138,True,0.3160474813835761,0.3841609737169195,0.2933429839391282,0.7696532619736929,0.727489123835224,0.028880652600095265,0.9416624337475646,0.4269633589868188,4.78091820022427,288.3444132155849,0.01622632407620806,0.029493961130582898,1.0450282279007657,True,False,True,0.0,0.0,2,True,0.0013807110080961138
139,True,0.31973681594073877,0.3961294900642332,0.2942725912329074,0.7880791713100347,0.7312108626436252,0.029886639304067156,0.952303480480931,0.44800667459152477,4.622542194861708,123.25817343503199,0.015400731928164903,0.03300559062072136,0.9368372495236036,True,False,True,0.0,0.0,2,True,0.001376362022710964
140,True,0.3230361548599379,0.40752571270003335,0.29487296891323944,0.8006240244278078,0.7614897204948919,0.031156645076270754,0.9587687455787942,0.5191467646981026,5.426799432575382,37.773775880756155,0.015242574810518054,0.03641015871740817,0.8377270165737414,True,False,True,0.0,0.0,2,True,0.0014609630161430687
141,True,0.3258177046916495,0.417901904431524,0.2951229714450247,0.8069186742979331,0.9385910571011318,0.03267612442649158,0.9603171928061968,0.630703915665239,5.572901664491563,34.132125918440614,0.015706359132623623,0.03888712137689372,0.7022305786442598,True,False,True,0.0,0.0,2,True,0.0014321879716590047
142,True,0.3276778505386628,0.4269608342129584,0.29458352264723103,0.8059913422388406,0.7724381162150917,0.03453349786969767,0.9637474002725394,0.7295949542926911,4.449580241749085,65.79307543654525,0.01676485433678718,0.041333259329739955,0.5737467672526108,True,False,True,0.0,0.0,2,True,0.0014584869786631316
143,True,0.3297909570653721,0.4363534976478946,0.2942701102045312,0.8061932471752894,0.7078179225868243,0.03681124501705804,0.9717298645301015,0.6757620919119913,3.381743872581937,192.67896077942632,0.017414358400985312,0.041492314539397016,0.5930819130315689,True,False,True,0.0,0.0,2,True,0.0019048209942411631
144,True,0.3318111146000169,0.44460692653692035,0.2942125106210491,0.8029912905031856,0.704601763258081,0.03952439750161273,0.9915571811032405,0.7017980287716898,3.284533647681033,85.89323149843618,0.01822211580755269,0.04387568362733692,0.51342000789692,True,False,True,0.007876156896966904,0.0,2,True,0.001854215981438756
145,True,0.3339763426474949,0.45177098103547053,0.2947114631848364,0.7981769857631252,0.7284261456799507,0.042690822292930995,1.026245856492559,0.7338469324900165,3.050933851415298,31.068572826502017,0.019051949592763594,0.046476541931885634,0.4104993165963454,True,False,True,0.022968630809486516,0.0,2,True,0.0018332860199734569
146,True,0.3382244345386893,0.4612871182113953,0.29720353998112065,0.7964569097193162,0.7423453087822313,0.04609828623669268,1.017746180078444,0.7706258810632794,5.720270664948877,133.68452477865182,0.018863156995166018,0.036305111426811,0.364597923853899,True,False,True,0.032157471364291,0.0,2,True,0.0018728410068433732
147,True,0.3432534358379401,0.4701667024169123,0.30094901364494936,0.7957532232892132,0.7476803906226991,0.04969049555049926,0.9850239999270317,0.7545668463386475,4.535967676994302,98.7708035139925,0.01891932751756062,0.06515338648940924,0.23793539185939608,False,False,False,0.03793550165348621,0.0,2,True,0.0018492359959054738
148,True,0.3479616694975908,0.4766825821539031,0.3050546986121534,0.7930925165351249,0.7707961018991389,0.05321473621124932,0.9088717464845976,0.6740135977266649,4.179978580395721,121.6861690370723,0.019152998079556977,0.14245602602628615,0.11972368191227017,False,False,False,0.04010165151744716,0.0,2,True,0.001831133005907759
149,True,0.35125092650342743,0.4786364606095418,0.30878908180138936,0.7829518853931805,0.8196164010216014,0.05666066425249005,0.8585280238058318,0.5089459223528086,6.699470006463057,132.54680835878145,0.019977239242798355,0.25723589107063183,0.059637111934494724,False,False,False,0.040241112518718654,0.0,2,True,0.001823238009819761
150,True,0.3535507757708803,0.47752906067818623,0.31222468080177834,0.7631115399341419,0.8586581016170198,0.05978251450171967,0.8523443610762943,0.4223188341155675,8.01000970772763,84.17263713919428,0.020660526112824946,0.3831623935596539,0.02767784902859898,False,False,False,0.03924811393334409,0.0,1,True,0.0017997530230786651
151,True,0.35271306856915535,0.4711014099895685,0.3132502880956843,0.7322580663655425,0.873279227404806,0.06268286826209726,0.9217016315360713,0.4683219903358874,7.181863311465896,57.98136795036652,0.0228318448504177,0.6616761480156969,0.019128625614255417,False,False,False,0.036236391708327924,0.0,1,True,0.0017960350087378174
152,True,0.34641765441652217,0.4563677566829353,0.3097676203277178,0.6988004094142803,0.847283515070457,0.06554129273325779,1.0271945334554538,0.6240382582760368,11.208831997933377,212.56785298465385,0.026782945894733904,1.2468724521236858,0.028313617741005676,False,False,False,0.03361006206668553,0.0,1,True,0.0018324750126339495
153,True,0.3367157356449962,0.43705054661000153,0.30327079865666107,0.6811159009678929,0.8521365579646925,0.06836610613800545,1.1242681131618193,1.0511259267368855,18.097444266298176,250.880373847718,0.03025472851058874,1.7182769387465515,0.03752630983787386,False,False,False,0.03390010467628759,0.0,1,True,0.0009086579957511276
154,True,0.3258594851891945,0.41732097171035387,0.2953723230154746,0.6742849242004325,0.8616959381763251,0.07100504003168212,1.1557102846259983,1.485596239788239,14.986721065952562,211.98139558516385,0.03445905477252486,2.1010277646582214,0.08068122033407674,False,False,False,0.03643194431431394,0.0,1,True,0.0009074159897863865
155,True,0.31736501640495113,0.40209198295050647,0.2891226942230993,0.6716987484963045,0.8409377845540974,0.07359668708383728,1.1171071745455783,1.5237381285601266,7.833671484415183,442.22281227228007,0.03677643809279253,2.2526576914535927,0.052277884351251004,False,False,False,0.03845380037546466,0.0,1,True,0.0009133070125244558
156,True,0.3124478779668902,0.39323242711332956,0.2855196949180771,0.6864311710881482,0.9699680767234304,0.07618511202361174,1.0700725793711627,1.3784990628202276,8.903670837726514,235.79511518412144,0.0370064371178931,2.3276536583179057,0.029743563383348118,False,False,False,0.039099102434014134,0.0,1,True,0.0009145289950538427
157,True,0.31192546823765027,0.3934391765356265,0.28475423213832496,0.7031557291186865,0.9078447142837001,0.07887804230290106,1.012752083770334,0.5881393446815081,29.68561548754094,758.5145505865303,0.03068564669418763,2.226760879070551,0.04566494795900796,False,True,True,0.03744486620230173,0.0,1,True,0.00047429700498469174
158,True,0.315501076938521,0.40040413532328595,0.28720005747693267,0.7168673298347286,0.8845811870176874,0.08144906737147824,0.9663205659818735,0.6895871988798551,4.1040472416683125,977.4635674502814,0.031148401919521295,2.2230038296483485,0.01362746423550458,False,True,True,0.03507965777648627,0.0,1,True,0.0004810900136362761
159,True,0.32194074265831185,0.4112127497917564,0.29218340694716355,0.7215952305981482,0.872103044800093,0.08411022989777407,0.9400332128667862,0.6844235801380123,3.114758476749307,149.2216561627775,0.030663153226002274,2.1002439092398753,0.028939798529110994,False,True,True,0.03206385504719432,0.0,1,True,0.00047551997704431415
160,True,0.3297010453107534,0.4237840821916502,0.29834003301712125,0.7177769883123432,0.856602637330202,0.0870499976878269,0.909309652886006,0.6074796414268732,6.073425126957512,126.05030796549528,0.029595296256410563,1.8662921429205281,0.045794484445097414,False,True,True,0.028674302772830923,0.0,1,True,0.0004598789964802563
161,True,0.33783975936932503,0.4369173368112655,0.30481390022201155,0.7071226619851444,0.8498617980383528,0.09028325161667076,0.8823271602172812,0.5587832406746256,7.814674959879717,86.726467170055,0.0292580486186696,1.6860066284598079,0.04425852086800808,False,True,True,0.02493529653093736,0.0,1,True,0.00046870598453097045
162,True,0.34508395097470945,0.4482509532527509,0.31069495021536236,0.6863505558631631,0.8496048300379481,0.09359539037256759,0.8436021818405598,0.7881330579006721,13.913166089038723,237.40288589263687,0.03119451404484985,1.4271923378090965,0.04236116432950408,False,True,True,0.020522958531541804,0.0,1,True,0.0026603200240060687
163,True,0.3499404938851593,0.45562788708590163,0.31471136281824513,0.6566785731400988,0.8588042518281112,0.09736144777059796,0.8567439292323725,0.881080793702198,16.888746366920003,518.36822111239,0.025457630672321686,0.8932174862731964,0.047103732608604884,False,True,True,0.014982227241232429,0.0,1,True,0.0026681050076149404
164,True,0.3500027467134188,0.4560826712370938,0.31464277187219375,0.6147441116219008,0.8904069513578285,0.10141646765407233,0.9697949196329206,0.9417071011397878,10.931754893419127,410.5070930414935,0.023404064701299195,0.3110623861731479,0.07466338475841369,False,True,True,0.007279080016982525,0.0,2,True,0.002222631999757141
165,True,0.3483247138926361,0.4549912943117376,0.31276918708626894,0.5860019911065466,0.9316620683127184,0.10609937761241191,1.089806103094781,0.7564831311728429,13.569896801698896,461.23530742655714,0.025194287018385723,0.1979232286876129,0.08941823659957034,False,True,True,0.011510935523178075,0.0,2,True,0.0022278319811448455
166,True,0.34547967761517034,0.45388121257848024,0.3093458326274004,0.5693439810338325,0.9629461209933603,0.11109466654444546,1.224805766784022,0.7649712514706211,7.54878928515978,219.55377308983861,0.026975230905251904,0.09164934489278728,0.08515264209999701,False,False,False,0.01276796480624665,0.0,2,True,0.001799441990442574
167,True,0.3422113407369021,0.45250227401361,0.3054476963113329,0.5684973990924367,0.9677651154523894,0.11580010263736114,1.3488572789451445,0.7281073018915071,4.271881105794518,155.70925398116046,0.025390705482456016,0.016600624856398457,0.037015016909359634,False,False,False,0.01167000900798995,0.0,2,True,0.0017649070068728179
168,True,0.3413322689318902,0.4527199692468447,0.30420303549357197,0.5864311449914733,0.9835504729865416,0.1201723132755529,1.3667307847277268,0.5124490975264113,11.603695548069586,350.47657324889275,0.024197560974521266,0.01651902950652373,0.5157091430112587,False,False,False,0.008646201574338543,0.0,1,False,0.0017776309978216887
169,True,0.3404858628160401,0.44946554515063,0.3041593020378434,0.6084774888779549,0.9811351866529274,0.12421963783250396,1.267041449295812,0.4198276399881466,14.451459961073725,224.56215698878003,0.02734667559901832,0.03548687855593182,1.3963981637190868,True,False,True,0.0034905920646940477,0.0,1,True,0.00046241498785093427
170,True,0.33573346752032035,0.438855947307048,0.30135930759141116,0.6493758844310201,0.9244178032347319,0.12803865485782542,1.1398310401245966,0.7444065889384448,11.450713883033414,233.54996087020132,0.03206416263484084,0.04771191129197949,2.213223142773951,True,False,True,0.0,0.0,1,True,0.00048507697647437453
171,True,0.32708225464469665,0.4227623390466021,0.29518889317739483,0.7136740564832365,0.8832005034243179,0.1314376586628564,1.0437211712545267,0.9794971535842456,7.8130203218168575,117.4822558449955,0.035381159346484364,0.040749397912821936,2.633841258091572,True,False,True,6.889217690174247e-05,0.0,1,True,0.0004546089912764728
172,True,0.3173976604480253,0.40684348026812267,0.28758238717465945,0.7800882059797274,0.8772621997862734,0.1345737809317386,0.9967851224855017,1.0414087611563854,2.6073820642708663,183.42006602139742,0.03714790305743758,0.030702198220968833,2.7543667046849345,True,False,True,0.002997129574900703,0.0,1,True,0.00046088098315522075
173,True,0.3111062490224613,0.39899173917405567,0.28181108563859647,0.8413452642268099,0.9127742221325914,0.1376845958707103,0.9731052210959993,0.9438190341276872,4.49256077165391,168.05811033218689,0.03676884019066653,0.032196717438674055,2.6236536681468676,True,False,True,0.0,0.0,1,True,0.0004788550140801817
174,True,0.31168507303321374,0.4045059313761035,0.2807447869189172,0.8937935041328718,1.1083745026211709,0.14101794686719152,0.9522144645569409,0.7598172962751095,8.011755594107543,117.69586343404492,0.03559148673968859,0.03528007983274672,2.4271510632550295,True,False,True,0.0,0.0,1,True,0.00046425798791460693
175,True,0.3177982341370856,0.41936533781524,0.28394253291103405,0.9341554669901873,0.8470814334467365,0.14472537451311587,0.9657449177325131,0.6013472655144241,8.81613531887675,48.54086014171523,0.034549944430038594,0.04169229701615405,2.2297889678050113,True,False,True,0.0,0.0,1,True,0.00047240397543646395
176,True,0.32707401492985655,0.43977160896449763,0.2895081502516429,0.9660515844882416,0.7670594476343953,0.14864227271966085,0.9595630615345131,0.5403694843538116,8.539187879360492,44.36131408290408,0.03349753812392623,0.04963908769914696,2.060214199153033,True,False,True,0.0,0.0,1,True,0.00045873699127696455
177,True,0.33732922252219943,0.4621049241896715,0.2957373219663753,0.9906099540720698,0.7363760507388794,0.15275199290473568,0.9524426238538449,0.5760578849755812,7.224801630589138,52.56372009644041,0.03311866065214165,0.05491799996534984,1.9257796255544422,True,False,True,0.0,0.0,1,True,0.0004787749785464257
178,True,0.34791426171466727,0.4831891221601653,0.3028226415661679,1.013268710007984,0.7219769601881639,0.1569843799992117,0.9694963966848985,0.9849839220885271,17.56038503596224,411.84605633432517,0.03634793656073774,0.08152751384895988,1.8275433912618155,True,False,True,0.0,0.0,1,True,0.0013630170142278075
179,True,0.357194419545678,0.5035546336917519,0.30840768149698655,1.01121691845703,0.720901224404721,0.16173391215675437,1.012844328053255,0.8461238020558705,11.270794398572,736.8939094748808,0.032657995959522956,0.051699925806566994,1.6072319800270567,True,False,True,0.0,0.0,1,True,0.0013812319957651198
180,True,0.3636348017699645,0.5186413423217892,0.31196595491935625,0.9926043429727499,0.7286552991246427,0.16700387077300147,1.1098176504794335,1.000252009398568,8.14758045191845,328.29229531245363,0.03206498206379928,0.05157273156237778,1.3017013691198076,False,False,False,0.0,0.0,1,False,0.0018073370156344026
181,True,0.3679322590660673,0.5281361092890708,0.31453097565839955,0.9642291382326551,0.7530578466549525,0.17270631639041867,1.180140764544689,1.211993247084787,9.933665170800646,130.61971632290067,0.03206194207097248,0.04772912679214725,0.8573970205836076,False,False,False,0.02672091429829857,0.0,1,True,0.0018081390007864684
182,True,0.37372502544751635,0.5378864742792631,0.3190045425036008,0.9405815797875307,0.7609262006439138,0.17880462384666107,1.1761689754687814,1.1540828639523595,12.627294816965039,444.85897058116535,0.02987645912512345,0.07756210834684918,0.5937731223934728,False,False,False,0.04135710132367961,0.0,1,True,0.0017690550012048334
183,True,0.37258817370651864,0.532696824248308,0.3192186235259223,0.9205917879019023,0.8145407763991522,0.18473875851624946,1.2835936065848372,0.3150695576708178,27.630229678604714,910.7818805788886,0.03464191906830069,0.2625203879685012,0.30437433157002,False,False,False,0.048221443777531715,0.0,1,True,0.0004594289930537343
184,True,0.3598220680501854,0.5055070849901219,0.3112603957368733,0.8645157598699444,0.8238953907541973,0.19073684877806427,1.5495113419737407,0.4340781754452436,4.655191195295044,901.6212088516512,0.03321812186467157,0.46773445059222746,0.10979654145162927,False,False,False,0.050419501776133004,0.0,1,True,0.000473455002065748
185,True,0.3463022168030179,0.47481157425799997,0.303465764318024,0.7608583256505324,0.7280182303538651,0.1972729195022384,1.7474095962445628,1.817333800523643,45.49762887467363,1289.1845348048876,0.02941123177121311,0.6117792540280415,0.0734689501088164,False,False,False,0.0436078343617981,0.0,1,True,0.0022158600040711462
186,True,0.3186162687861646,0.42467545902811954,0.2832632053721796,0.6759569183533735,0.68799560245256,0.20242871366283696,1.9585184833125209,0.4654536025471653,57.96880973610092,3085.7391244932546,0.03556838881060538,1.5236209892779964,0.040038090816156696,False,False,False,0.03906789184090886,0.0,1,True,0.0009231249860022217
187,True,0.2915629384829384,0.37598624043895856,0.26342183783093165,0.6081023939009008,0.8229723411404537,0.20715296887332355,2.0983997725487407,1.111492107356199,26.02649884791894,1075.5356420352184,0.0408412938587118,2.3208697959830933,0.017555455554595277,False,False,False,0.03775402244597262,0.0,2,True,0.0009063539910130203
188,True,0.2849601540491373,0.35778201867713777,0.2606861991731372,0.5927143247598756,0.8710331326441448,0.21127286797151706,1.9852341906642383,1.6584178741591091,18.78005318335589,371.784690212944,0.0447014882812302,2.863926941459457,0.08246726253432676,False,False,False,0.039041326743424004,0.0,2,True,0.0009058320138137788
189,True,0.27490068527699063,0.3353243530851885,0.254759462674258,0.5759574220613105,0.8250796677007766,0.21520681130124633,1.9084550375331188,1.657398365366614,12.554797955527249,637.1728620632781,0.046559209753757276,3.047440000468211,0.02877699731772846,False,False,False,0.0395412506694262,0.0,2,True,0.0009028869972098619
190,True,0.27534258728849836,0.3330057030810635,0.25612154869097664,0.5871867672846037,0.8191243308788521,0.21940746610615905,1.7319469258911733,0.606850919749333,40.01873740169645,1251.1408292577903,0.040414635858307846,2.8402852327859316,0.08523889310324319,False,False,False,0.0369928407324162,0.0,2,True,0.0004602209955919534
191,True,0.2803638241294365,0.34019073166956926,0.26042152161605886,0.5994737160425188,0.8151584516007881,0.22324291084940284,1.5353934232494688,0.6953250945341609,4.379675400436884,1280.3674441515325,0.04116371142194682,2.9025244873975242,0.02955101656257463,False,True,True,0.034333730604695606,0.0,2,True,0.0004549000004772097
192,True,0.29427901088827946,0.3608632279507959,0.2720842718674406,0.6117226112586804,0.8107521641289926,0.2269225762465105,1.257975347156572,0.7180184380299023,3.855257296982858,120.01532208243619,0.03996940645990145,2.7343077187266576,0.03977674056276982,False,True,True,0.03138407534881169,0.0,2,True,0.0004775629786308855
193,True,0.3073669549503331,0.38095542523344517,0.28283746485596234,0.6058626836503053,0.8089214256168346,0.23075970609443336,1.0978274799975702,0.6884184209617638,5.063742502577378,102.15193308968797,0.0385667618293876,2.478776149286482,0.04705583949083035,False,True,True,0.027379614201201538,0.0,2,True,0.00045498102554120123
194,True,0.31885839001429467,0.3993523581562951,0.29202706730029454,0.5855904592528187,0.805482953681291,0.2347146160154412,1.070141630361312,0.6445816995100887,6.003658796941669,82.76062463780944,0.0371690079516805,2.2415319836878287,0.04754501267116066,False,True,True,0.022036758326377477,0.0,2,True,0.0004720920114777982
195,True,0.33071206078137844,0.4174537811835983,0.3017981539806385,0.5689032436562266,0.7993803411583138,0.23875624934039252,1.0774301216499595,0.6128251123346469,6.364556333378521,66.59242570700704,0.03560667748754438,2.00061185831528,0.04624920201120827,False,True,True,0.015852061817836938,0.0,2,True,0.0004640569968614727
196,True,0.3438902374014783,0.4363582102797845,0.31306757977537625,0.5728352479741945,0.7993508706718833,0.2429478756820004,1.0454449009476883,0.6010882737130787,5.96997800553054,65.24380376096944,0.03416568738612528,1.7779488266436838,0.047367646958406416,False,True,True,0.009205313907029016,0.0,2,True,0.0005137120024301112
197,True,0.35344458880934937,0.4490527195576495,0.3215752118932494,0.5736249710542638,0.8120162675194368,0.24708063377772344,1.0735384210870365,0.6134309178961883,6.73693796034327,64.14522202762052,0.030515979585495793,1.3350234513796473,0.054566994756145855,False,True,True,0.00497909798586863,0.0,2,True,0.00046036101412028074
198,True,0.35737152312928394,0.4544376988155092,0.32501613123387557,0.5493206262389331,0.8374396628147582,0.25096028278267113,1.1215041454360448,1.2642837488163665,25.396581323267924,606.315319341077,0.03035254825508968,0.7153103691056548,0.10035802510787119,False,True,True,0.017147069144931706,0.0,2,True,0.0008962750143837184
199,True,0.3556159998176903,0.45394088523108067,0.3228410380132268,0.5286275764602643,0.8441671539547778,0.2555852779194247,1.201540510383345,0.7086945049559882,22.24061985021297,1310.2129438088314,0.027529492321391787,0.4033022475894849,0.09347785715281039,False,False,False,0.024411545707081775,0.0,2,True,0.0010841390176210552
200,True,0.3494853424135496,0.44874966874574546,0.316397233636151,0.5272628981311085,0.8555962270905642,0.2603872737381413,1.3531500327166803,0.6635562419659596,8.163028559450277,447.94459318635666,0.027803390741811044,0.23335332889962027,0.05523001868765204,False,False,False,0.029215119177455874,0.0,2,True,0.0009156620071735233
201,True,0.3470318665849531,0.44890628006719197,0.3130737287575402,0.5359139791975797,0.8600950682557839,0.265058366448474,1.3937319966997244,0.5972920754381427,4.009028773012938,223.41808737466053,0.027494566664077708,0.13855453987064614,0.07967022777808129,False,False,False,0.03216454414625777,0.0,2,True,0.0013470469857566059
202,True,0.3479655917884994,0.4533225314114201,0.31284661191419244,0.5521257777378232,0.8675832066514519,0.26938746767421934,1.3573435963482559,0.4248183996835211,6.761405649047852,144.52576444771452,0.024592306516485828,0.06353217875435209,0.22374199148211457,False,False,False,0.03324935618233287,0.0,2,True,0.0013520560169126838
203,True,0.34793487073258983,0.45578319130042827,0.31198543054331046,0.5703808129618754,0.8704075992873319,0.2734071300634419,1.3226335885883036,0.3126917020941197,6.98850618418516,55.05940567659744,0.022564376531936155,0.009102952841966595,0.3988825989010246,False,False,False,0.03264180852816668,0.0,2,True,0.0013566050038207322
204,True,0.3461690068873886,0.4535376181146368,0.3103794698116392,0.5817125711263433,0.8559211732250546,0.2774824964211271,1.2272251027015315,0.39229255077261116,10.3797001547806,169.90286911451716,0.025093115167377222,0.031677353486423004,0.9942460815002568,False,False,False,0.02973510554164918,0.0,1,True,0.0009060529991984367
205,True,0.33974186047779514,0.4413198433432744,0.3058825328559687,0.5845007223341173,0.8300907126598234,0.2813666615987334,1.1555775600207694,0.8791990721087346,18.35641462199301,314.168880716351,0.02805933609913243,0.026578659442978048,1.6760960109159555,True,False,True,0.028184510776266616,0.0,1,True,0.0009145690128207207
206,True,0.3314665477146004,0.4248966617338112,0.30032317637486344,0.5824600647285284,0.8273297602349825,0.2853012350700461,1.0794633005835728,0.5791017330720581,12.675357213068033,888.8429052870788,0.03041864622727126,0.03182956192130076,1.991922599400954,True,False,True,0.025187083518772323,0.0,1,True,0.0004766909987665713
207,True,0.32094105736780115,0.4043706822353542,0.2931311824119501,0.6441759224082162,0.825347209870304,0.2891631556546036,1.0612880294347073,0.8767096684377841,9.830764189315904,626.924300812826,0.0333327431109027,0.029502445884799458,2.3299634531419855,True,False,True,0.02371528826816547,0.0,1,True,0.00046997799654491246
208,True,0.31059599411732874,0.3838086119658317,0.2861917881678278,0.7089363528731956,0.8205849683734139,0.2927088663149386,1.053809647957201,1.0339796341612355,5.401454093282854,155.7220451213104,0.03463722290952511,0.02492177204974295,2.448679348750009,True,False,True,0.022917056532166552,0.0,1,True,0.000483654992422089
209,True,0.3016844450662359,0.36607451292851323,0.28022108911214333,0.767385031857812,0.8143336690203796,0.2961590155626664,1.0431646747235215,1.016583105455686,2.850977073825416,185.172200440126,0.03555438600826719,0.02480576983768109,2.4699101306716087,True,False,True,0.021387676860583543,0.0,1,True,0.00045750499702990055
210,True,0.2954730564111723,0.3544385604201973,0.2758178884081639,0.8143707569882308,0.8114118371938426,0.2996467444528066,1.042860068179654,0.9027253740952288,5.114914654472798,109.25413780103392,0.0348344899119535,0.02813254088868622,2.3429733457678577,True,False,True,0.018847447289001257,0.0,1,True,0.00048585800686851144
211,True,0.2937853709044996,0.3524213461156547,0.27424004583411454,0.8454001157581182,0.8092795372921109,0.30328958049110694,1.0310241437105132,0.7220755700187026,8.20573744206979,109.40315556490661,0.033973196916758264,0.03525923380354901,2.217995646947054,True,False,True,0.01409510050098236,0.0,1,True,0.0004641579871531576
212,True,0.29641926200426005,0.35953664383750966,0.27538013472651013,0.8605344162776476,0.811684885213632,0.30711075418531475,1.0293449373650425,0.5855132542765336,8.469667813672292,39.62720267401018,0.032940296702307935,0.043721661844244065,2.0662632494715045,True,False,True,0.0076777035785253415,0.0,1,True,0.0004635270161088556
213,True,0.3017981959383463,0.3729060009256696,0.2780955942759052,0.8616883430218052,0.8213900629259583,0.31109303925442416,1.0289137484583772,0.542699853462689,8.795106306857729,44.11409961534841,0.03241183088454749,0.05149329549378491,1.940876517823778,True,False,True,0.0,0.0,2,True,0.0004674030060414225
214,True,0.30840825383510345,0.38958444354552835,0.28134952393162854,0.8540361343597829,0.8382874186696616,0.31512317773170057,1.0297123408111473,0.6073826212646865,8.09184515132587,44.66224654890984,0.031935292757099935,0.057126020840849286,1.802493169207021,True,False,True,0.0,0.0,2,True,0.0004717920091934502
215,True,0.31537459301809134,0.40731753358872,0.28472694616121513,0.8332746355905377,0.8412758800268983,0.3189976389120249,1.0444223829785249,0.9726160317016607,14.688056266339453,283.9845934454445,0.03353585987054121,0.09168318105498503,1.682085177861201,True,False,True,0.0,0.0,2,True,0.0013549519935622811
216,True,0.32163581274335545,0.4231458745583576,0.28779912547168807,0.8113339193786039,0.8740916368771634,0.323226478198708,1.0790203399961085,0.9456527602834067,13.960971812710941,671.6546933152523,0.03345957946918721,0.07807659458888594,1.4808109446867845,True,False,True,0.0,0.0,2,True,0.001767040987033397
217,True,0.3256517333493017,0.43320682957871476,0.289800034606164,0.7784541015814592,0.951022108829214,0.3276489622343042,1.1039017776913997,1.146305087746479,8.771158016364897,380.05790345873726,0.0324182328053548,0.08381976566061028,0.988148550087437,True,False,True,0.0258070555514485,0.0,2,True,0.00177851298940368
218,True,0.3308030723318061,0.44185302775192126,0.2937864205251012,0.7537142854032344,1.1730501887909617,0.33229537981928575,1.0717864293470551,1.084341475012254,10.448986559162092,384.49874123640154,0.02926645870426674,0.06908243245955481,0.6724195993235699,True,False,True,0.04516496231961682,0.0,2,True,0.0017862469831015915
219,True,0.3372624827014637,0.4493990800565246,0.29988361691644333,0.7422807160101766,1.0713115843003382,0.33732175566184786,0.9493414947273516,1.123347344998685,11.216815431101272,49.734877624353174,0.02759145764533908,0.04792682965937297,0.37152266419148855,False,False,False,0.054552700505085476,0.0,2,True,0.00178646799759008
220,True,0.3417260659293121,0.4507639384248582,0.3053801084307968,0.7209159881667239,1.0481368741361643,0.3426853208664347,0.8664833110882132,0.9870102751191474,8.468679897547542,303.8961066162239,0.0272328192247218,0.16826648994035961,0.15564860363428015,False,False,False,0.05767426582798774,0.0,2,True,0.0017810970020946115
221,True,0.34322149993839735,0.44394741668538446,0.3096461943560684,0.6996171627711295,1.06249999754343,0.3479436628060015,0.8389586777710049,0.651848599955366,15.12607520004766,290.8518115435941,0.026605116437040124,0.363280175445563,0.025286217538445125,False,False,False,0.0544864756608947,0.0,2,True,0.0009176850144285709
222,True,0.3428920867991493,0.4334761450694658,0.3126974007090438,0.6810499874103576,1.1042293808187185,0.35276608776141755,0.8683638301560145,0.49526441346831807,9.017269678332127,241.90168651313843,0.025886917793373588,0.5448695499839414,0.06631569123333736,False,False,False,0.05017098714163146,0.0,2,True,0.0009244880056940019
223,True,0.3363851266587439,0.41389092442094494,0.3105498607380103,0.6429162253478746,1.1641818686620484,0.3572524401324482,1.0580727883568986,0.39543504084744807,12.023346115516494,292.55765006361366,0.02854130501277795,0.983462840326291,0.046872490835092914,False,False,False,0.045594164396305474,0.0,2,True,0.0008952020143624395
224,True,0.32445201707599597,0.38776228433385296,0.30334859465671027,0.5917465097313024,1.1174374097071391,0.36137679946189977,1.2400557370048189,0.5442716089822408,10.38644231264127,168.5914486966087,0.032886637157630225,1.5952376095843803,0.025343278085991395,False,False,False,0.042099756828577514,0.0,2,True,0.0013477779866661876
225,True,0.31402723823580386,0.3644805647332172,0.2972094627366661,0.5501423108740445,0.9118553505776427,0.365256439628768,1.3117626938533946,0.8848087669134672,15.683382693784123,381.08298847708124,0.0351496515489913,2.034726387911409,0.022747883024565752,False,False,False,0.0413053755986133,0.0,2,True,0.0009047309868037701
226,True,0.30477173749110825,0.34493208375608053,0.29138495540278414,0.52339049804262,0.8135914919126745,0.36894292461902817,1.354227374207754,1.3554129348990165,16.077536181952105,168.16025676775448,0.03762015129593212,2.3758015549620435,0.059313818115035825,False,False,False,0.04282512831480608,0.0,2,True,0.0009168940014205873
227,True,0.2992038251655939,0.3340395906090987,0.28759190335109225,0.5088601647336601,0.7766985267816789,0.3725259111180633,1.3456463985608567,1.4547809513692456,9.31373546899826,468.22043418637764,0.038994648826453975,2.587331409774562,0.03246259309502548,False,False,False,0.044078679581877354,0.0,2,True,0.0009509480150882155
228,True,0.2991789159823939,0.33495500681736945,0.2872535523707354,0.5441102247352086,0.758357450865411,0.376023652582427,1.268262434760031,1.181793893835017,13.519431565013944,438.11163491401106,0.038377182453739944,2.587982139120483,0.05037051715695333,False,True,True,0.04340298021828939,0.0,2,True,0.000960845994995907
229,True,0.3088907210865164,0.35046112438086535,0.29503391998840006,0.5754450236866943,0.7526304698788424,0.3795692809011848,0.9688433347504143,0.5300719538158581,26.439226108401623,614.3958591636261,0.03463000806752244,2.4468320118316,0.04594584721753149,False,True,True,0.04034696117937305,0.0,2,True,0.000505556003190577
230,True,0.3172500165756848,0.36676273946034504,0.3007457756141314,0.5879615130568246,0.8450041470259038,0.3830244557144621,0.4598672142602126,0.5690179295629372,2.5540766892357585,842.1740892176483,0.03449485241219581,2.3997807096280925,0.04569948587123764,False,True,True,0.03668772713435665,0.0,2,True,0.0005023289995733649
231,True,0.30834470335817193,0.36139549563823553,0.2906611059314841,0.5508790005523019,0.8755580457586386,0.3865837775613098,0.10198555860388991,0.5355044779249268,3.6829952405183657,133.31182216854575,0.03364894373850643,2.2140760331925358,0.059844428788621624,False,True,True,0.0319564391156077,0.0,1,True,0.0004842350026592612
232,True,0.29204305988100027,0.34683234473627894,0.27377996492924067,0.49841696057463103,0.9092453894881253,0.3901117786258724,0.48811923694422454,0.7664768661312668,14.181491317066243,366.9776474403324,0.03647167480705004,1.9837456872358619,0.07914151099513936,False,True,True,0.026464496309799454,0.0,1,True,0.0009187580144498497
233,True,0.28217109960902764,0.3373950762608117,0.26376310739176634,0.4536371024997396,0.9432059380874159,0.39378400106131006,0.68752588113575,0.7197965841474926,21.26664015375611,829.3474265050713,0.02880633561064129,1.4668983581556188,0.07291170630546176,False,True,True,0.026973670793196416,0.0,2,True,0.0009232160227838904
234,True,0.2783543089576829,0.33252788022413465,0.26029645186886563,0.416887196033688,0.9246307468551148,0.39746443036358303,0.771650410578158,1.0651781854886802,15.741734327994475,352.4536072328967,0.023556423833040276,0.5196979762890407,0.090900193297216,False,True,True,0.03327939098580867,0.0,2,True,0.0008977580000646412
235,True,0.2519708320618126,0.29322736650687675,0.2382186539134579,0.36228238513918987,0.8592610662188382,0.4015594998679067,1.0364911504110323,0.7407562097446825,15.874323335438834,803.3428365775371,0.02270339383251601,0.1401131045963717,0.08495546848841583,False,False,False,0.03603801129416165,0.0,2,True,0.0018004339945036918
236,True,0.11442128729848,0.08566898787306082,0.12400538710695307,0.24060506322709108,0.7159585174310253,0.4056007621384154,2.2183943807431614,0.32204629074608476,17.304329876552995,418.7084021662792,0.023348249830650297,0.06966575592690102,0.04996995649897917,False,False,False,0.03675418400258169,0.0,2,True,0.0004783349868375808
237,True,0.13427227835508185,0.13733757645837708,0.13325051232065008,0.27257025782104644,0.9127253267554767,0.4094598535363846,2.873340885625344,0.36935375105919455,4.014205712753613,516.2668074440503,0.022203657581641372,0.022916739039415573,0.17383212187033342,False,False,False,0.03493153886057316,0.0,2,True,0.0004601199761964381
238,True,0.13478922417505637,0.13715078674039105,0.13400203665327814,0.2770579454832107,0.920391209172401,0.412787661023429,2.8763001521276514,0.3871532352240607,6.922579378311085,167.88450788069602,0.01977826191671846,0.035736429656915904,0.49833711495116534,False,False,False,0.03188770250288297,0.0,2,True,0.00047498801723122597
239,True,0.10558677278835124,0.07124626352947688,0.11703360920797605,0.24563035391248741,0.8777755489867105,0.41563207711624234,2.466906720152302,0.44291053002595615,6.838382508177018,115.158860124893,0.018950962124706636,0.031017222924105747,0.8688451107182834,False,False,False,0.028641840201817655,0.0,2,True,0.0004716319963335991
240,True,0.14802220454212225,0.14298889569012685,0.1496999741594541,0.2596993321384613,0.6858340971234497,0.4180709451247267,1.861295582086913,0.4964460545743533,5.688278500899184,137.75825544572513,0.01940901214438833,0.03560927993194994,1.197143632704897,False,False,False,0.026919755951695074,0.0,2,True,0.00046230401494540274
241,True,0.20340230276547713,0.22370886578533883,0.19663344842552322,0.3019330162211704,0.6943012418472396,0.42011442217751255,1.358818917846489,0.5664341855196443,4.937321067601096,58.562021477930124,0.019941661501788062,0.06642839951406197,1.4135532259169803,False,False,False,0.026154257561505197,0.0,2,True,0.0004701889993157238
242,True,0.27946396901094617,0.3299349031368264,0.2626403243023195,0.43430029825835187,0.9534264293351025,0.4217072938701893,0.5416420591590144,0.625727777248957,3.6825384633376363,56.19005151095962,0.019927401832740624,0.054613188725843455,1.512334861958526,False,False,False,0.02612352295126804,0.0,1,True,0.00046294499770738184
243,True,0.3163162206152719,0.3826382903627822,0.2942088640327686,0.5695835909519426,0.9102000093375533,0.42308100521084413,0.23695853170975925,0.6069954465348183,3.5103574516085687,108.7647039435562,0.019927309295986177,0.005914014369363621,1.5248345351477326,True,False,False,0.02631656908219783,0.0,1,True,0.0004787550133187324
244,True,0.3162679002378219,0.38619019102965707,0.29296046997387687,0.6341695713090235,0.8849417780889031,0.4241441337031395,0.7093985882885244,0.5240691089984415,4.577573506080113,97.9015344572574,0.019098376864836817,0.008252944491446979,1.4423829524658955,True,False,False,0.025858370955850606,0.0,1,True,0.00046097097219899297
245,True,0.3095572272309641,0.3818496798290839,0.2854597430315909,0.6605094699052729,0.8235805638298497,0.42506964866286945,0.840221719376918,0.4141507615519819,6.95531409066198,97.43352875109613,0.017940078237609118,0.012847540652715159,1.2950507031212304,True,False,True,0.026351653979131716,0.0,1,True,0.0004714819951914251
246,True,0.30333298565870276,0.37996743462933297,0.27778816933515943,0.6677819783192424,0.7651896396833823,0.42576233228915267,0.9095336818297111,0.43769793907880716,10.060074710413922,104.21241744584758,0.016363009216211245,0.013883541805500848,1.0853672188566894,True,False,True,0.03331683294789404,0.0,1,True,0.0004643079882953316
247,True,0.29627728399869563,0.37783961511423175,0.26908984029351685,0.656230635065022,0.7728880435602046,0.42609797239878355,1.0224396906684632,0.9333917013896315,18.91707609519114,296.334660921128,0.01691253506671532,0.029746575226586792,0.6370375216977705,True,False,True,0.04096267861550082,0.0,1,True,0.000921050988836214
248,True,0.29361620140182904,0.3776658857767296,0.2655996399435289,0.6269591508711098,0.7886892425021848,0.42619191431017994,0.9523244534408463,0.8601436195823419,9.33610937732103,652.2110452505576,0.010098631993882232,0.03499336121645435,0.08724563999818365,True,False,True,0.04216446093192158,0.0,1,True,0.0013384110061451793
249,True,0.29173269508135347,0.37605323124217366,0.2636258496944134,0.6067330810136767,0.7915080876790349,0.42620984726797656,0.7769093974972855,0.43518108654061427,13.817051251383372,450.43439816254056,0.005699527858410244,0.016406448253501783,0.0237104863168097,False,False,False,0.04047756820966117,0.0,1,True,0.000479546986753121
250,True,0.28874570952323836,0.37171454229377676,0.2610894319330589,0.5864963876424717,0.8162288159343016,0.4261381509555115,0.7295209847373861,0.3630676158056469,5.124230308687699,292.25527226670204,0.0045997806313482935,0.013776505233430665,0.0317546089067895,False,True,True,0.03885940317957599,0.0,1,True,0.00047767299111001194
251,True,0.2860293199030496,0.3659412529991867,0.25939200887100394,0.576926083696721,0.8279296996103228,0.42633698606223497,0.8078854028769615,0.3011934073130833,5.868811099807835,76.72635457807795,0.004816827807618976,0.02390038330609516,0.01972297083106554,False,True,True,0.03757899678257704,0.0,1,True,0.00047800398897379637
252,True,0.28329461569629977,0.3588179380292408,0.25812017491865263,0.569338120082578,0.7947428905811115,0.42656271342082225,0.8537806832761229,0.29463456022523765,4.21898167509433,83.28706665815626,0.004986598165483186,0.02382774526298572,0.02076802535428064,False,True,True,0.03656630101335429,0.0,1,True,0.00046583102084696293
253,True,0.28020834148881746,0.35085766583987793,0.2566585667051306,0.5561549780612478,0.7759789012739391,0.4266236907847621,0.9080494785684952,0.2894645688835669,2.638667537852818,93.09805213439924,0.005300011201893903,0.012117510113816527,0.017889171053465158,False,False,False,0.03616186209280771,0.0,1,True,0.0004752789973281324
254,True,0.2773278098986024,0.34375233762737306,0.2551863006556789,0.5383945388147416,0.7655990433148482,0.4264997845155437,0.9363867647203612,0.2481723796814416,2.9528853412924514,84.31599621452989,0.005575156337254886,0.038505904953225895,0.01117526644541097,False,True,True,0.03612013522768791,0.0,1,True,0.00048696098383516073
255,True,0.27499678120060267,0.33825466110302715,0.25391082123312786,0.5188868122073341,0.760461749965926,0.42630209436351574,0.9542992446448049,0.22352207551259606,2.6030462186651837,43.87885389490544,0.005457248098500315,0.037587090391226985,0.007075276785179268,False,True,False,0.035939496256243784,0.0,1,True,0.00047173199709504843
256,True,0.27348215548212335,0.3350485424182459,0.2529600265034158,0.4995963284908733,0.7439223681915651,0.4260765422993806,0.96680546262029,0.20856487368763882,1.8241870289938515,53.262999804854644,0.005091177079956967,0.005622007974534885,0.0031262860183835484,True,True,False,0.035774035614327696,0.0,2,True,0.00046683198888786137
257,True,0.2727318786574379,0.3333853923613305,0.2525140407561404,0.4831153905355221,0.7383904397985053,0.42586389968435695,0.9583692120116016,0.19944052510482455,1.5801088316419407,52.260183671402224,0.004203137469189844,0.0020920011833082106,0.002622057976644657,True,True,False,0.03587327701443088,0.0,2,True,0.0004608309827744961
258,True,0.27231185574985456,0.3321677024992464,0.2523599068333906,0.47394652349451655,0.7339467608499838,0.4257234754435583,0.9425894871616567,0.17263212481612897,2.4218380483463657,57.38522238257414,0.0031807593182175023,0.0008446206323141306,0.004926654223240956,True,True,False,0.03627750207640218,0.0,2,True,0.0004788250080309808
259,True,0.27231657320359925,0.3316899069267808,0.2525254619625388,0.4677509515094786,0.7273930834725568,0.4256181295898645,0.9210986221929971,0.17881911056929703,1.4424819366002422,44.93888946992836,0.0036400562244412195,0.0018013797630574277,0.007011835935293254,True,True,False,0.03679327094490062,0.0,2,True,0.00046630200813524425
260,True,0.2725970361942333,0.3317015614949924,0.2528955277606469,0.46061382177324933,0.7214548074569478,0.4255397093506264,0.9015917314196349,0.20053226186714748,1.1597781785559822,40.58763146529972,0.004202746476355982,0.0027136354847399013,0.007674813210574614,True,True,False,0.03717916143986268,0.0,2,True,0.00048471600166521966
261,True,0.2730216482182958,0.3320752819944392,0.25333710362624795,0.4495301003774191,0.7154001758824146,0.4254557959853325,0.8895279424852733,0.23798679973949105,2.2535111251769737,43.26829975316357,0.005147475259520328,0.004107512804966601,0.008269013800419387,True,True,False,0.037273371469659596,0.0,2,True,0.0013700699782930315
262,True,0.2734184415282073,0.33247598420958363,0.2537325939677485,0.43632152320482215,0.7077988607030966,0.42536981019585934,0.8879474050454981,0.2455337253785089,1.9049920894779253,44.99603826601793,0.005534978411433499,0.005074210244094512,0.0076043794772870784,True,True,False,0.0370820707707915,0.0,2,True,0.0013567149871960282
263,True,0.273490801215757,0.3322229829990999,0.253913407287976,0.4251394762247339,0.699581316719139,0.42527370242484214,0.8932469718016973,0.19437006692099276,2.2285699761800855,75.44273230033711,0.004696235627372101,0.004391962283102984,0.003065061516790565,True,True,False,0.036902160849350114,0.0,2,True,0.001349530997686088
264,True,0.27322525801826647,0.3312941303296383,0.2538689672478092,0.41607258368668465,0.6935893542881567,0.42516256168304806,0.8984937737788375,0.13278047417186228,2.7132845387698503,32.487369248249784,0.0034091142271762817,0.003968529535725709,0.002092365369049349,True,True,False,0.03686989099887556,0.0,2,True,0.0013558939972426742
265,True,0.27263086666626934,0.32983268739532223,0.2535635930899183,0.40831132731749875,0.6946706539283134,0.42503213717102006,0.9028014830195847,0.11076299919641443,2.631426490562447,20.454758292024326,0.002496854449146755,0.0039312802270053395,0.0048412389605923265,True,True,False,0.03685910123521419,0.0,2,True,0.0013591099996119738
266,True,0.27178133351254585,0.3278729673035705,0.2530841222488709,0.4008286033440866,0.7005641666803694,0.4248866610236081,0.9063269798302507,0.12738179671971941,1.5107098957120622,41.66759931758357,0.002309601765168172,0.0036181403239694556,0.006809918507022075,True,True,False,0.03688280072621981,0.0,2,True,0.0009089179802685976
267,True,0.27078107568369847,0.3256077575995817,0.2525055150450707,0.3944733536263989,0.7082452780975215,0.4247580329041609,0.9100676839423307,0.14749592199982178,1.4286856506614247,18.053839732668624,0.0023810894355966367,0.0036639488483530226,0.008297219284335577,True,True,False,0.03695710015421279,0.0,2,True,0.0009273629984818399
268,True,0.2697264804527237,0.32324542959275376,0.25188683073938034,0.3896927321215473,0.7158068426794397,0.42466983018391724,0.9158469676136145,0.14486625639054362,0.9267870232384199,31.66189734653536,0.0024045428310164067,0.0024856192832478532,0.008729633627019194,True,True,False,0.03709403123509136,0.0,2,True,0.0004690269997809082
269,True,0.2685496415943086,0.32068410233378153,0.25117148801448425,0.3865263307189025,0.7214049226970084,0.4245677044933557,0.9240841483445357,0.1545961807563409,1.0230178880260508,14.08487667013161,0.002755931579817756,0.0024179095552150673,0.006615621317281297,True,True,False,0.03725532689233702,0.0,2,True,0.00046780399861745536
270,True,0.26726434513654174,0.31793359239559277,0.25037459605019147,0.3848070773067441,0.7249680817519097,0.42445639705393895,0.9349201869742898,0.1619890276142503,1.1784211101792912,14.449631248817601,0.0031790862286314543,0.0014611628250291596,0.005229181794717781,True,True,False,0.037413213059268535,0.0,2,True,0.00047116100904531777
271,True,0.2659730065868337,0.31520819642383985,0.249561276641165,0.3857096982586469,0.7289772329598954,0.424338563316269,0.9462299159303887,0.16974571572105632,1.2180227238642447,11.024296429451612,0.0036028928628116077,0.0006541473140728821,0.003872635771870428,True,True,False,0.037587431749599394,0.0,2,True,0.0004807189980056137
272,True,0.2647859758879342,0.31267289542038074,0.2488236693771186,0.38964676394016085,0.7343277822367746,0.42423805040274876,0.9551673744011467,0.17958205405490907,0.9615572697235694,9.4466911049035,0.003996729817217595,0.0010898519538467012,0.002287568730044004,True,True,False,0.037752706029095674,0.0,2,True,0.000479396985610947
273,True,0.26368585312892345,0.31037992763476996,0.2481211616269746,0.39651358014921545,0.7411894289966472,0.42415741771316806,0.963572978988343,0.1872307302580397,0.8384228433177932,8.19658903492889,0.00430333826005198,0.0017501145577769504,0.0011900040141448436,True,True,False,0.037926973504009406,0.0,2,True,0.00046032099635340273
274,True,0.26271149723116843,0.30856141411326066,0.24742819160380428,0.4055030213898125,0.7485664005020979,0.42407914353321136,0.9712621296616829,0.18906711549739894,0.6116693623218048,12.805727758098442,0.004505717924153141,0.002459371207094947,0.00119446819050368,True,True,False,0.03809134119886882,0.0,2,True,0.000457424990599975
275,True,0.261904218795116,0.3073776299189019,0.24674641508718734,0.41515718005026936,0.7551254745352532,0.42399579607870563,0.976541813941986,0.18399687879435253,1.6853767245948807,50.21682865674515,0.004624974264096832,0.0033315677849911325,0.002277004711797939,True,True,False,0.03824494430760977,0.0,2,True,0.0005000359960831702
276,True,0.26128395896946677,0.30666401201507465,0.24615727462093073,0.4247133421884422,0.7600528012165815,0.4238995241865694,0.9811747475190024,0.17145619499106546,0.6996061477180284,45.511093007399566,0.0044970289777614015,0.004342593071325218,0.00395647106296158,True,True,False,0.038383362146687236,0.0,2,True,0.0004945050168316811
277,True,0.2607957901807954,0.306116887701478,0.24568875767390116,0.43366763124535385,0.7613430364952746,0.42379710508364643,0.988315074300027,0.15671727323599638,0.6350133494707618,14.466986537547212,0.004259036493071565,0.004990780848204384,0.005188434629666691,True,True,False,0.03852180267473379,0.0,1,True,0.0004936530021950603
278,True,0.26050385589273145,0.3059189495288493,0.24536549134735874,0.4422292104326469,0.7600306618311731,0.4237036828374969,0.9968506381495389,0.13670922787944956,0.8850871341613425,13.952942594332141,0.004006740337355459,0.005350485554238575,0.005637622658352288,True,True,False,0.03869536825715054,0.0,1,True,0.00048739102203398943
279,True,0.2603824762365962,0.30603662185561065,0.2451644276969248,0.4513605150942133,0.7553871063666984,0.4235995076422829,1.004837546231315,0.12493192838435163,0.5738272678540172,11.781026783205506,0.003965211044963748,0.005505455711593242,0.005776200080647666,True,True,False,0.03893695690576971,0.0,1,True,0.0004940240178257227
280,True,0.2604713677093369,0.3065940282570663,0.24509714752676037,0.4603618075113206,0.7487252117667108,0.42348770380150264,1.0122672173104772,0.10659586820394922,0.8769782141260732,13.487410930350203,0.0038333388965738576,0.005692595748238535,0.006085366335094732,True,True,False,0.03924956272335883,0.0,1,True,0.0005138520209584385
281,True,0.2606295189266365,0.30730221216101006,0.24507195451517869,0.46926139433910663,0.7402774065747654,0.42337266267304274,1.0224130158353155,0.0948868802665743,0.6923586099058752,8.88731923810614,0.0037582392692814283,0.0058658544869523875,0.006603364223047994,True,True,False,0.03963162674558729,0.0,1,True,0.0004648489993996918
282,True,0.26075848953632413,0.3078790949493764,0.24505162106530673,0.4758261539206303,0.7332399656493164,0.4232548491724839,1.0341888316281254,0.08579254373984462,0.8901089040666298,14.70394836074832,0.003765690436866638,0.0061268294847023445,0.007124927751444703,True,True,False,0.04005822463761031,0.0,1,True,0.0004608720191754401
283,True,0.26104156992099,0.30894123256630884,0.24507501570588372,0.48112784995971875,0.7313575097703526,0.4231343560772106,1.0466339114096126,0.07627902400408536,1.0940622138899927,26.452388501135868,0.003743999928532829,0.0065711847008579505,0.007864774937366545,True,True,False,0.040537134055732955,0.0,1,True,0.0008792929875198752
284,True,0.2614167032589044,0.31035164288079126,0.24510505671827554,0.4857027593297748,0.7337944854099039,0.42300324965164254,1.0596853121080994,0.07543085107630942,1.2424381122126986,17.939788564958533,0.0039248982681246245,0.006623242246334879,0.008409041505930139,True,True,False,0.04104383896865026,0.0,1,True,0.0009149599936790764
285,True,0.2619077020005138,0.3120981885360541,0.24517753982200033,0.48943741868154106,0.7390119655811258,0.42285857419551426,1.0728982312248525,0.08378617116852279,0.7427463156455667,17.188876119329805,0.004263135058153137,0.00672063449954778,0.00819291732145554,True,True,False,0.04158272074512043,0.0,1,True,0.0009262909879907966
286,True,0.26251566971371176,0.3140797680739964,0.24532763692695025,0.4916567888369282,0.7484352894913021,0.42269339485907287,1.0861422408352834,0.0857796598789229,0.7916956030687533,17.128393838225357,0.004679620601742315,0.006488228871469804,0.008037570064573623,True,True,False,0.042148159252166646,0.0,1,True,0.0009171339916065335
287,True,0.26335244690326987,0.3165327905956411,0.24562566567247937,0.49303382606826684,0.7584640002772822,0.42252008330036844,1.0996009508837483,0.09394260798917246,0.5580778040703975,13.472040942070585,0.0051610586399398126,0.006660113163728076,0.008441870882987765,True,True,False,0.042720014291071695,0.0,1,True,0.0009044699836522341
288,True,0.26429340841734134,0.31923103024271277,0.2459808678088841,0.49418474201500423,0.7675401124517767,0.4223458931112604,1.1173718453192953,0.09584718423234347,0.3496587964668279,10.17140011525731,0.005543773030585458,0.006845093759481771,0.008727914868858785,True,True,False,0.043307696968436594,0.0,2,True,0.0009124359930865467
289,True,0.2654194055560453,0.322319256265762,0.24645278865280637,0.49519195727568405,0.7762745563414108,0.42217784751674137,1.1364390298113682,0.10034730590124935,0.4384888258584846,4.6353402204352525,0.005985739128887503,0.007020173362585417,0.008506421598385418,True,True,False,0.04385984108447042,0.0,2,True,0.0009093690023291856
290,True,0.2668168696988462,0.32587448149528575,0.2471309991000331,0.49585324080425836,0.7834193748757559,0.4220201743819988,1.1552948984508289,0.10803198029887624,0.5345092594125028,7.6141547314035884,0.0065941904919035645,0.007432836097569805,0.009006624287987283,True,True,False,0.04436937073783947,0.0,2,True,0.0009156219894066453
291,True,0.26858449543460483,0.33010782839709396,0.24807671778044174,0.4969115407259339,0.7886526503146665,0.42187145715752417,1.1740875930413446,0.11688041180055016,0.3422151784287722,12.017898462313786,0.0070857350182357655,0.00810677548667479,0.009469552604297127,True,True,False,0.0448186405659369,0.0,2,True,0.0009157009772025049
292,True,0.270655711940663,0.33484507069496827,0.24925925902256127,0.498367842229383,0.7942209910376657,0.421730763192144,1.194270714681938,0.12179905570072158,0.29501622855212395,5.686619415945106,0.0075461394732715525,0.00900491102688852,0.009745126282482093,True,True,False,0.04524995385614953,0.0,2,True,0.0008992110088001937
293,True,0.2729850724596373,0.34007944330533935,0.25062028217773663,0.5017201561100539,0.801058735302115,0.42162242771126707,1.2180099843694285,0.11489415996121506,0.4091803552288013,14.043019742392827,0.007906794723298171,0.009998425868489185,0.01075754467968749,True,True,True,0.04574791950666839,0.0,2,True,0.0009040000149980187
294,True,0.2755782618683748,0.34554832051897816,0.2522549089848403,0.5059848951832642,0.8035277465001498,0.42160714459597315,1.2463309350616996,0.12532136961180587,1.0195224672954202,29.959662234840472,0.008149430128234735,0.011873134526992088,0.01120083807324934,True,True,True,0.04618504606221313,0.0,2,True,0.000908988993614912
295,True,0.27864019365531756,0.35141199560765657,0.2543829263378712,0.5143252196336702,0.7972292205135096,0.4217757950316259,1.2807799469483157,0.15481288558795633,2.194267177967376,46.2123048187772,0.008835863308407757,0.015364292274412997,0.01205803745365776,True,False,True,0.04636267016481339,0.0,2,True,0.001329563994659111
296,True,0.28224830329977385,0.3579307074256409,0.2570208352578182,0.5309547074938998,0.776239100814502,0.42233298685545145,1.3377228291215038,0.26621865655561017,4.339580409595748,71.5153170928607,0.010907915067398471,0.023165312843883876,0.01270344951924288,True,False,True,0.04627937626544079,0.0,2,True,0.0009076360147446394
297,True,0.2859710146916271,0.3642767788195337,0.25986909331565816,0.5575821044421745,0.7582028714631694,0.42327180363731487,1.423303176814649,0.40362200591398933,4.966777637368114,86.91487110331933,0.013728717202882379,0.03771059320501006,0.08336029511095007,True,False,True,0.043969609732973584,0.0,2,True,0.0004651090130209923
298,True,0.28899714383253766,0.36886703845747076,0.2623738456242266,0.5938303883709375,0.7583089744070451,0.4245793029296288,1.5396048093097834,0.7136123678430868,9.632887518449376,170.13763969444415,0.016485190726903007,0.0547090860315209,0.16088887768894317,False,False,False,0.03826165154694212,0.0,2,True,0.0004593190096784383
299,True,0.28861153645116144,0.3679088062447873,0.2621791131866195,0.6362677620079198,0.7737402941639081,0.4261133366629205,1.7006461405739537,1.0299441334632058,9.966779065069412,63.02850184549925,0.020019634973890976,0.07929275640515972,0.3553719546131384,False,False,False,0.02805560501417951,0.0,2,True,0.00047582900151610374
300,True,0.29073909174215,0.3673527925995265,0.26520119145635784,0.6860808208702439,0.7947532876812227,0.4275603091118404,1.795884693003928,1.2022583673495248,6.619022610607637,178.8888713008778,0.02414993693756189,0.09107512084234316,0.8663904877271669,False,False,False,0.0346780332559569,0.0,2,True,0.0004588169977068901
301,True,0.29256451484529994,0.36592773937636297,0.2681101066682789,0.7336766595835358,0.8187376470176706,0.42882072682876843,1.8854691556445116,1.1077860642690625,5.84783244410105,267.7543978436448,0.0282150403681346,0.08964247900293984,1.3768883290093594,False,False,False,0.041252365381807966,0.0,2,True,0.0004718719865195453
302,True,0.29661802648113333,0.3687004551468582,0.27259055025922513,0.7701574369091073,0.8285239092790888,0.429943211130425,1.9539455891958526,1.533683500962076,23.15922936641877,696.7694878298763,0.03519451629868533,0.08059802504503588,1.9268263446767724,False,False,False,0.04392786087528356,0.0,2,True,0.0018118660082109272
303,True,0.31018119967536045,0.3878393226670637,0.2842951586781261,0.8116985437677203,0.8545385218663143,0.4308166766508158,1.9500566903127918,0.81517690150343,34.67790361635458,1626.0994896295877,0.03764498384916644,0.035695536170648565,2.3370473581220343,False,False,False,0.0430041504645662,0.0,2,True,0.0013356150011532009
304,True,0.33328782029385,0.42323541963985245,0.3033052871785159,0.8506141642529705,0.8853337982091221,0.4318382101127163,1.925291285820646,0.8547064033898379,14.2212502179635,780.4535518596451,0.04465489453950708,0.027538293163862124,2.881915608200963,False,False,False,0.039088735755795384,0.0,2,True,0.0013557329948525876
305,True,0.36267775885792963,0.47043961535580453,0.32675714002530465,0.8955605908619712,0.9268724245797326,0.4329671396302551,1.8792744771122978,1.0036227354098617,12.882248633875454,132.55215639883787,0.05017444197946826,0.024098827881650558,3.2036943776480338,False,False,False,0.033220712898817416,0.0,2,True,0.0013590400048997253
306,True,0.39902005964439297,0.5310229504154762,0.35501909605403187,0.9496004806982206,0.9867058702488191,0.43430316922906503,1.7860103933092772,1.2857629379338018,14.776490279628748,160.97561393417433,0.05487791329766649,0.031137365429055264,3.551770104630469,False,False,False,0.03264579828596182,0.0,2,True,0.0013671450142282993
307,True,0.444499289075409,0.6104064064075259,0.38919691663137007,1.0481900521911043,1.0966456086545429,0.43575490282989654,1.5118828996826168,1.1357824559652725,8.021555229553785,573.974286141053,0.053217530890798274,0.06792534215232376,3.1101473041783394,False,False,False,0.041704094211380154,0.0,1,True,0.001357676985207945
308,True,0.4736013817707832,0.6565414456608529,0.4126213604740933,1.1405655379459965,1.1707221757553958,0.43771922807312724,1.021348479583378,0.654139893285992,41.62499173303891,1157.125825784782,0.03660878219766165,0.5995979067067999,0.7021856526002787,False,False,False,0.054674681888534304,0.0,1,True,0.001805192994652316
309,True,0.4711425024733234,0.6414808837511308,0.4143630420473876,1.1792647697782714,1.1244484827422934,0.44073286303879744,0.6797283680686189,2.2777408460058295,52.79450462779462,953.7038152641611,0.04021932864514673,1.8799174379885961,0.24553667217726313,False,False,False,0.05507647863597278,0.0,1,True,0.0009453569946344942
310,True,0.4604413944722221,0.616674508012497,0.4083636899587972,1.1871531611514063,1.1057174295364203,0.4423824761308626,0.7694313743246527,1.0682829825520879,42.01864339229921,2763.912546321034,0.03368248826881827,2.223355528659059,0.030934631034505035,False,False,False,0.05604713093550982,0.0,1,True,0.00048675999278202653
311,True,0.44111654856253363,0.5802129517405621,0.39475108083652405,1.1952738404867593,1.0456105522765093,0.4439598308433591,0.9802260822296555,1.3056187675851336,8.65211194209072,1341.7073985895295,0.040171692113423654,2.8198683493368835,0.06371392264068838,False,False,False,0.053883636464046904,0.0,1,True,0.0004623440036084503
312,True,0.4183445916301445,0.5415656041470415,0.37727092079117885,1.1838339928809438,0.9661294837916307,0.4457969168058689,1.050528582136268,1.2409689204251837,9.739519265589964,359.6537334483153,0.042447184012799836,3.023534275554477,0.06177887982330905,False,False,False,0.04853439481525729,0.0,1,True,0.00049823202425614
313,True,0.3902755988298726,0.49413352745945754,0.3556562892866777,1.1457342180942607,0.7954602366896044,0.44780697646553996,1.2102261263028034,1.0893525457415532,16.43992931633459,269.1366807787508,0.04426800511124392,3.1483456138200725,0.03628289150461282,False,False,False,0.04140554096568583,0.0,1,True,0.0004972800088580698
314,True,0.3626053988035826,0.4474313010083432,0.3343300980686623,1.0395554908569833,0.6917388283148997,0.450343571239379,1.4726553724021572,1.9798399499609274,45.970048393302534,1263.1259025273935,0.053583036122208424,3.020888952186928,0.1254532537351517,False,False,False,0.03744819814178474,0.0,1,True,0.0018031689978670329
315,True,0.3323625455360413,0.4047142483075213,0.3082453112788813,0.96759867761192,0.7282152274299414,0.45196743168085485,1.6620060302189779,1.2595627219094383,61.105958161579785,3013.603540695238,0.042097908377662877,2.690870293257184,0.12058595184206707,False,False,False,0.03211307311326591,0.0,1,True,0.0013896469899918884
316,True,0.3169417876233428,0.385057607986962,0.2942365141688031,0.9068078943904191,0.8085666502185589,0.45350244562198905,1.825721584141014,1.2352090437126075,13.798101392246602,1693.5096406835999,0.038028081063743904,2.268951214530367,0.1744331120775381,False,False,False,0.03513898524390498,0.0,1,True,0.0013515249884221703
317,True,0.32281831877239164,0.4188260954136485,0.2908157265586393,0.8649388466463885,1.0907390239208898,0.4548603023318263,0.020376921387176283,1.1237858276906532,15.789667121399173,293.512821595812,0.032633045259931596,1.4535422086655532,0.33263979837347923,False,False,False,0.04577046488294758,0.0,1,True,0.0013755210093222558
318,True,0.35027410483023325,0.4482602686154451,0.31761205023516265,1.0079139267392307,0.7732428617693106,0.4559233928736592,1.0581265904323836,0.6308958466020274,27.327353684345063,707.765136447324,0.02343314674155468,0.3962304584954656,0.7446107862301687,False,False,False,0.06037073836047674,0.0,1,True,0.0004576460050884634
319,True,0.3533607113462318,0.45273455724597933,0.3202360960463158,1.067040414846873,0.7907326742561719,0.45728939422767406,0.8289901929146464,0.933147703204612,23.044893198742646,473.13067887056627,0.0268807467521594,0.022085422509681447,1.1015588802958685,False,False,False,0.06690650696148366,0.0,1,True,0.00048411599709652364
320,True,0.3549109255641794,0.45286977913868187,0.32225797437267845,1.1112118660778867,0.8313210592885725,0.45826779872418055,0.8619694603508432,0.9439752508262951,5.6008961692647645,671.6342318929426,0.025213015678126494,0.056822439351652584,1.3114816731158516,False,False,False,0.07047331157883234,0.0,1,True,0.00045911798952147365
321,True,0.35672895371682,0.4546510918411767,0.3240882410087011,1.1201119613967745,0.8544555560924096,0.4591086450482771,0.9132989693308595,0.7084978462835365,12.489068421656004,324.5080807273156,0.022354940783981942,0.0432643474603766,1.323939174343371,False,False,False,0.07207787027738366,0.0,1,True,0.0004620930121745914
322,True,0.3582034817465525,0.4575329597948743,0.3250936557304453,1.0944780887552394,0.8814145701749212,0.4598110992915844,0.9493757377328946,0.6164620664949163,13.850033833788645,134.84543621302652,0.021251333063582144,0.01619896334264457,1.3248965837635107,True,False,True,0.07233688017016927,0.0,1,True,0.00046823499724268913
323,True,0.3580119897439422,0.4584116395077222,0.3245454398226823,1.0577322425767433,0.8750044526249589,0.45953066481181637,0.9484574805665451,1.5105015722848718,33.93165347358935,838.0677814588681,0.028044038826766506,0.05313118100054457,1.319241029451635,True,False,True,0.07174078338478812,0.0,1,True,0.0008965450106188655
324,True,0.3594866599494739,0.4612606847638765,0.32556198501133965,1.0076093827030068,0.828428125461078,0.4595559627791334,0.9609870201504955,1.4367604745948042,19.221575822604876,1205.2867856348978,0.025364972080424878,0.019790067383103346,1.209895454063763,True,False,True,0.06991680383505104,0.0,1,True,0.0008966760069597512
325,True,0.3618020918661817,0.46553586465857444,0.3272241676020508,0.9574516215842132,0.8042440191537413,0.4596474409511804,1.006992838377553,1.5358257338774002,8.474449853444925,451.764728798763,0.024678400045421683,0.02370657066673342,1.1480336740140573,True,False,True,0.06787033512802666,0.0,1,True,0.0009043799946084619
326,True,0.3632721232899389,0.4675709747581633,0.3285058394671975,0.9142648807594698,0.7819855770257227,0.45968269150747304,1.005831863740147,1.5422167536465319,10.148153059410463,289.71454485283,0.020308459199519253,0.02629099033624859,0.7466361077286217,True,False,True,0.06544603388143104,0.0,1,True,0.000921581988222897
327,True,0.36108598421995575,0.46512432094761397,0.3264065386440697,0.871104162130373,0.7748609071495857,0.4600567178449877,0.973057294760896,0.5800243544382193,31.80531666888362,1051.397394568045,0.015132883945030777,0.024621096757692022,0.1992024555642184,True,False,True,0.06255794654814639,0.0,1,True,0.0004905069945380092
328,True,0.35982426528128003,0.46240304124990084,0.3256313399584063,0.8347102737529541,0.7515244022487453,0.46031900778597645,0.8216526078082148,0.4878750471516106,8.200015551308438,848.6772402434821,0.01365011899932765,0.02512823888665067,0.030195164310538973,False,False,False,0.060159887833612966,0.0,1,True,0.0004980610101483762
329,True,0.3568058999276563,0.4561957354891265,0.32367595474049954,0.7964320498247497,0.7777514127930281,0.46089955014723205,0.7081404722438216,0.421534381615843,7.962678133774901,190.88454630452134,0.013203371265650838,0.030099312188860708,0.008754474427824685,False,False,False,0.0579600194380784,0.0,1,True,0.0005114270024932921
330,True,0.3530632411154741,0.44795110044509295,0.3214339546722679,0.7562169893919539,0.7898246151136292,0.46174174924302236,0.6948805558755813,0.4376932800234308,6.4461222911378115,196.36924527689175,0.013828456240595486,0.02753409274604248,0.026596839310381083,True,True,True,0.05589375646543085,0.0,1,True,0.0005094329826533794
331,True,0.3484088822535966,0.43821996546062575,0.31847185451792026,0.711253757379565,0.7995674473182579,0.46281616138863163,0.6898833091433888,0.6727164652230342,14.058599352860266,321.58378993808685,0.014216240375860627,0.031223135405189777,0.025943110820618096,True,True,True,0.05398147064717776,0.0,2,True,0.0026771510019898415
332,True,0.3436597588837626,0.42876342696757336,0.3152918695224924,0.6712411883310411,0.8070611921277683,0.4640527007617987,0.6600701786281356,1.0637818993168424,15.986741605327847,196.0842765494268,0.013190985287169084,0.02617228422620256,0.0121527634485292,True,True,True,0.05118490657053218,0.0,2,True,0.0035026019904762506
333,True,0.3389810090837847,0.418264117248734,0.312553306362135,0.6392267196081739,0.7996077538244115,0.46536869715149926,0.6246867260336757,1.1971259172504636,7.354786665078231,353.6971434469889,0.01223118109757888,0.033820232386983395,0.008475820474208489,False,False,False,0.048591465128799236,0.0,2,True,0.004018228006316349
334,True,0.3343816661678922,0.40659732496859513,0.3103097799009913,0.6186089074191403,0.7859990349848316,0.46680202189823783,0.5607982184769721,1.0777936855916461,7.147581736569529,274.8865711329135,0.011931977567814441,0.0599574426147325,0.007234783049385636,False,False,False,0.04585798408576247,0.0,2,True,0.004502834024606273
335,True,0.33008695581482983,0.39412603084712794,0.30874059747073035,0.6184899258515295,0.7978650670260047,0.46807161832043614,0.521980272774201,0.3971407192259999,29.011235197440033,758.7529765484958,0.010616761505735865,0.23666206081074656,0.005653556075049235,False,True,False,0.043632535465576834,0.0,2,True,0.0004794269916601479
336,True,0.32520526848460274,0.381294838846288,0.30650874503070763,0.6372888265421833,0.8178282131696134,0.46919370918604886,0.5213112893124044,0.553342478458451,7.398067602746525,809.3590816290575,0.011878262406314979,0.5168748003707091,0.004978875913231696,False,True,False,0.04359352309731632,0.0,3,True,0.0004717219853773713
337,True,0.32105660326427055,0.3710371735266483,0.30439641317681115,0.6694770749722325,0.823390460532168,0.47030060056738826,0.49500284977726455,0.5698142962716676,4.006574749182596,203.24763443417606,0.012169698472765795,0.6156092004426361,0.008131525623607309,False,True,False,0.044444826763098556,0.0,3,True,0.00047639102558605373
338,True,0.31803197287704554,0.3646178978673039,0.3025033312136261,0.7051720939418025,0.8162529911960656,0.47131505083228076,0.43154391898905065,0.4402698001814752,6.472611105111743,192.15790698912872,0.010524482882456884,0.5562736976959346,0.012364089838096707,False,True,True,0.044580819662672334,0.0,3,True,0.00047391600674018264
339,True,0.3149226328621646,0.36499232043654445,0.298232737004038,0.7223975704095739,0.8061785696955697,0.47215691391830505,0.3996709062335402,0.5889467867328831,15.844215893203659,407.1964203438727,0.007631119853568561,0.4474457575452422,0.025881883354764653,False,True,True,0.042821568422380996,0.0,2,True,0.0035438810009509325
340,True,0.3121202278408891,0.36832970900527545,0.293383734119427,0.7191909078274573,0.7968234869575209,0.4727501106863013,0.34990630118073796,0.5215316242999035,12.91888407498788,576.1552831911058,0.009178635587632367,0.321917339858058,0.02250802119457479,False,True,True,0.04263330057974591,0.0,2,True,0.002684134989976883
341,True,0.3114746862747777,0.37482370439775703,0.2903583469004513,0.7027629703259234,0.7904274767043528,0.47316327521876755,0.34036661727223105,0.6168141950182452,9.073432303007287,156.9146851792608,0.010324828764141272,0.15094474225101978,0.027630071347014007,False,True,True,0.049728303713474316,0.0,2,True,0.0022253780043683946
342,True,0.31161216764715405,0.3822096465852184,0.28807967466779927,0.6809908336593288,0.7890674955618147,0.47353466115390364,0.3575854109039056,0.634623474428333,3.9550937985813617,198.94265019889156,0.010791027048523135,0.1815648619700463,0.03717086689893748,False,True,True,0.0543309115953501,0.0,2,True,0.00176821302738972
343,True,0.3134347091508633,0.3921913925742244,0.28718248134307633,0.6632956349564435,0.7860014794949508,0.4738479147502636,0.476452074071128,0.5361546789328062,6.518990030568882,201.19592493054944,0.010227130602395542,0.05148399951608463,0.04418465430688985,False,True,True,0.053641313832000236,0.0,2,True,0.0017944730061572045
344,True,0.3154451647371822,0.4006489102490054,0.2870439162332412,0.657854227775156,0.7821669823972074,0.4742893076452615,0.63577878492651,0.3500692858096874,10.031142863219449,219.17703939306605,0.009011961181745593,0.03527017594014278,0.03638517598128264,False,False,False,0.051547494130172136,0.0,2,True,0.0017921580001711845
345,True,0.31692727200463544,0.40610865085463854,0.2872001457213011,0.6574856664398054,0.7672653520237916,0.47472644177037376,0.8012683147528787,0.22696002269944937,4.881950447392679,302.3236748869515,0.00842968226646665,0.022037405614384106,0.03714773491122044,False,False,False,0.05070901533642908,0.0,2,True,0.0013427090016193688
346,True,0.31703671941196393,0.40845846363061555,0.2865628046724134,0.6570574603614997,0.8166116326822583,0.4751926333163741,0.9735454299664903,0.17462050409669505,3.361282794166725,77.31708215669737,0.008541640947389203,0.015027629690688818,0.03010945494885034,False,False,False,0.050336159775045505,0.0,1,True,0.0004719319986179471
347,True,0.31374827669639066,0.40540414430856375,0.2831963208256663,0.6504967653827634,0.8628586840265686,0.4755543280201287,1.2054723441653679,0.16656061864719557,2.0643661998026044,103.66863458977366,0.008222969075626788,0.007457184873259942,0.03720348110349638,True,False,False,0.050758019092566053,0.0,1,True,0.00047094098408706486
348,True,0.3104492183285131,0.4007184143407697,0.2803594863244276,0.6413907094115161,0.8712542308752353,0.4758287513899472,1.3441313490237317,0.1950316658929399,4.508544386872349,99.6947371041774,0.006805570602584583,0.00215542426686436,0.1221521247790223,True,False,False,0.05143977439537763,0.0,1,True,0.00046893698163330555
349,True,0.3090519692096495,0.39775861806809126,0.2794830862568356,0.6384198324047845,0.8733145027846329,0.47601724480027313,1.3661552808075585,0.3272033724060769,5.8250278448049,67.59579395914754,0.007039576987386784,0.004418083368625765,0.37085222603503953,True,False,False,0.051960649060912065,0.0,1,True,0.00045800599036738276
350,True,0.30687271678696587,0.3930405963340656,0.27815009027126597,0.641007133822498,0.8730176054890038,0.47613408325184675,1.342109532401302,0.47562125751946444,5.170916292188586,36.33178906673527,0.009227317602571406,0.007965348470322183,0.6678912807019083,True,False,False,0.052508446729516774,0.0,1,True,0.00048388499999418855
351,True,0.30337881393394134,0.38684555687982464,0.27555656628531355,0.6459961498907335,0.8762377102270381,0.4761607994471637,1.3113653892284778,0.4948807505167784,1.451576521613827,133.91204406485488,0.010462203701842159,0.008938190549207926,0.8102240922379297,True,False,False,0.05298038510568661,0.0,1,True,0.0004625839937943965
352,True,0.29901968725595257,0.38033672186547296,0.2719140090527791,0.6502268251832509,0.8780151177435329,0.4760705502996821,1.271219502092456,0.421905492266361,3.3067085141731565,105.97158387107349,0.010973756271591091,0.0061421221395492175,0.8695955998245961,True,False,False,0.05301377883312917,0.0,1,True,0.0004619130049832165
353,True,0.2935382680648004,0.3730836980216971,0.26702312474583484,0.6469841524876556,0.881388141307851,0.47588938726213575,1.2409992209058052,0.3097976289305014,5.893691575576489,84.97471657050839,0.010728778127690778,0.005454885150823414,0.8491141530480393,True,False,False,0.0524969024620996,0.0,1,True,0.0004891649878118187
354,True,0.28715072705170597,0.3650832876838942,0.26117320684097656,0.6345477793175472,0.8847697435431264,0.47562034482924703,1.229355041489716,0.2916689586120278,5.8492446746928906,28.485949839770438,0.010471917321963656,0.008619756808767974,0.8111543162764516,True,False,False,0.051388786920037906,0.0,1,True,0.00046330600162036717
355,True,0.2801331664442493,0.3565123379750852,0.25467344260063735,0.611310235399572,0.8864362202051548,0.4752777997813914,1.2370644708401826,0.3959625164949657,6.595364826395697,28.68104704529802,0.010206199852547877,0.016108632560214362,0.7447747627965499,True,False,True,0.049603722981479796,0.0,1,True,0.00046767399180680513
356,True,0.2732810606728648,0.34743641653652113,0.2485626087183127,0.5743712875200404,0.8839684259701048,0.47488182052879313,1.240065127746968,0.6183876060422195,8.34806419436987,61.68101307625161,0.010899518058537994,0.031489666010818235,0.7092921178426173,True,False,True,0.04628609251967966,0.0,1,True,0.0004600300162564963
357,True,0.271127087409052,0.3441880278780735,0.24677344058604486,0.535783836455641,0.8642390120138023,0.4743476603273326,1.182206633321211,0.7923671391929675,7.78755655557463,226.69843026053738,0.007340089720187335,0.031147205518815998,0.27187857532791987,True,False,True,0.04188063038274143,0.0,1,True,0.0004925109969917685
358,True,0.2705464363551356,0.3422800170232134,0.24663524279910976,0.509495269409315,0.8471343317348394,0.47385859982504963,1.1351565231816418,0.6421819381071626,8.375755867008769,363.7705985390004,0.005468182946363459,0.02213828881638253,0.021285006033471502,True,False,True,0.038713401395242285,0.0,2,True,0.00045878702076151967
359,True,0.27025695203845235,0.33981726656889,0.2470701805283064,0.492790879779464,0.8717953728572491,0.47347208304196947,1.0754531075322222,0.44161887670495553,8.195667703720057,166.42242583665592,0.004869442614371367,0.01589035396329065,0.03054503195649373,True,False,True,0.03720437289493747,0.0,2,True,0.000472784013254568
360,True,0.26913055836044086,0.3354741046967926,0.24701604291499032,0.47982424949488867,0.8885294296204671,0.4731862966778582,1.0488005001951899,0.35894803669639236,4.616973619508885,135.63527090103375,0.005356877155293317,0.01044024737505665,0.028003265466697676,True,False,True,0.03625329252257705,0.0,2,True,0.00046471800305880606
361,True,0.26746451562044316,0.3308623384056043,0.24633190802538943,0.469639040733614,0.8905024128874047,0.47297071077771335,1.0509121778579575,0.33524779636274116,1.8246003635253527,130.06082527273443,0.005517725288326455,0.011123951655806938,0.005450132655958172,True,True,True,0.035257105560235445,0.0,2,True,0.00045806600246578455
362,True,0.265574445321133,0.3263750913790616,0.24530756330182338,0.4643369337001715,0.8806835526762589,0.4726949157492095,1.089904654762648,0.30162957551934194,1.8155172141638183,37.44663163568396,0.005248563209963684,0.005602648187149021,0.0005276884420002349,True,True,False,0.034775568758715014,0.0,2,True,0.0004792660183738917
363,True,0.2643651199299304,0.3232143243288557,0.24474871846362192,0.46312756443557795,0.8817013899914443,0.4723578886007235,1.1169119700123689,0.25934326225234183,1.6520622556155826,33.67634986643662,0.00476415523719458,0.0020069101874668825,0.0010318593230954174,True,True,False,0.034691580010194276,0.0,2,True,0.00045559200225397944
364,True,0.2635936664588876,0.32084855254601674,0.2445087044298446,0.46497490697876626,0.8840406485293169,0.47209382597292854,1.131150834365137,0.20395559829916568,2.1730355999882742,29.415633999361393,0.004142137711111277,0.0004696011534070564,0.0032393609466031224,True,True,False,0.03473570964264591,0.0,2,True,0.00046282500261440873
365,True,0.26287491170582206,0.31859651948426626,0.24430104244634057,0.469633651277637,0.8701403428888347,0.4718748268265309,1.1452538798414273,0.1636104889449422,2.55542707355858,28.996435448092182,0.003755094369212724,0.0011543925993558386,0.0028610679660653463,True,True,False,0.034954478601352604,0.0,2,True,0.00045486001181416214
366,True,0.2623271340487194,0.316812786645389,0.24416524984982946,0.4771375261142544,0.8541209635873573,0.47166299655857025,1.1537771437043904,0.1477297752835964,1.5827593405565563,40.26511039604513,0.003490604913299854,0.002236822428159202,0.0016021455176789593,True,True,False,0.03526679432473975,0.0,2,True,0.00047670098138041794
367,True,0.26233211643620147,0.31623702868139286,0.24436381235447102,0.48448779040334006,0.8461947474807299,0.47143269377997943,1.130260293535781,0.13746263626896701,1.943475942407452,31.415441279645144,0.0033175173500215823,0.0022612581170732672,0.0020290095526674014,True,True,False,0.03546250570746492,0.0,2,True,0.0013487609976436943
368,True,0.26206562258548044,0.31579104473496555,0.24415714853565215,0.4892419803896766,0.8472877031095638,0.47123377250491627,1.1179855494796738,0.13968267606368182,1.79930328727894,30.909197278149232,0.0032078751325275243,0.00264480329903176,0.0016516102604711837,True,True,False,0.035455020127141794,0.0,2,True,0.0017682830221019685
369,True,0.2616973094287731,0.3159039703136687,0.2436284224671413,0.49177977320244054,0.8515450685859076,0.4710585947732574,1.1072412718604805,0.1756586482787593,1.809012748947425,18.314117389670876,0.0036249253050302838,0.0024670640355772115,0.0025575819071524666,True,True,False,0.03531393954683207,0.0,2,True,0.0017744649958331138
370,True,0.26147284988117014,0.3165060586822498,0.24312844694747696,0.4932165025942359,0.8533156639854554,0.47089077980857275,1.089549231854383,0.19666416495361264,1.1583608917275203,31.45811351614553,0.004081368094675644,0.0021016199184467504,0.002772200815069567,True,True,False,0.03519938064172075,0.0,2,True,0.0017651169910095632
371,True,0.2613017765068186,0.31731335388550447,0.24263125071392325,0.4935006142926803,0.8587783300878259,0.4707265040610745,1.0652145277427212,0.2087305788468228,1.3125704870809558,24.319691309176687,0.004458777099332996,0.0022632121788375556,0.001687577420349641,True,True,False,0.03527516224031273,0.0,2,True,0.0018039009883068502
372,True,0.2611123466007089,0.31816935586725714,0.24209334351185952,0.4935486227487138,0.8673890274088294,0.47055082494960393,1.0400800621712307,0.2192329257256774,1.2073174853900808,14.48057277728141,0.0048614835750727834,0.003903985704158749,0.002181055012320591,True,True,False,0.035490995649131135,0.0,2,True,0.0018095510022249073
373,True,0.26084999627047617,0.31898798266991696,0.2414706674706626,0.4927089799534172,0.8762573959480169,0.4704017503467588,1.0205234084307877,0.21520825134366225,0.9822522130281647,33.545197964706794,0.004828725792099443,0.005809517268897422,0.002054437924522541,True,True,False,0.03558154903416706,0.0,2,True,0.0018143200140912086
374,True,0.26075330925162676,0.319930283882096,0.24102765104147036,0.49288266986622326,0.88244249557276,0.4702930210683747,1.002592296625595,0.19698598041294754,1.1512411056668166,23.319689070598756,0.004362314466984405,0.006024761107164112,0.0021141233782455316,True,True,False,0.03556241982785184,0.0,2,True,0.0013493910082615912
375,True,0.26083694991107886,0.32103580883405486,0.24077066360342014,0.49345360568203744,0.8850499477173723,0.47018362335198355,0.9877111381293249,0.17767666331689555,1.0552146472256578,16.907083380724696,0.0040756767061008664,0.005304722476479791,0.0026558787747096727,True,True,False,0.03548335722263678,0.0,2,True,0.001372725993860513
376,True,0.2611561758643495,0.32229640188699943,0.24077610052346612,0.4952063146785651,0.8799523981454571,0.47007650127571476,0.9754596537791221,0.14616368673888647,1.4040309803765618,17.82190729222493,0.003434999111658292,0.0039406518212362195,0.0029879040178946658,True,True,False,0.035428448943110036,0.0,1,True,0.0013378000003285706
377,True,0.26164508284496424,0.3233889349519103,0.2410637988093155,0.4983290965021281,0.8773564682986592,0.4699630770107503,0.9660678384618497,0.10975107337120392,1.7244595049586602,16.991414610425835,0.002755234397040863,0.002131852361691146,0.002582986757705115,True,True,False,0.035493193127306935,0.0,1,True,0.00047749202349223197
378,True,0.2620663558373,0.3241851647315002,0.24136008620589997,0.5008946524130821,0.8782139429721363,0.46986221190732264,0.9576380899280974,0.08838259062866337,0.8986894208085711,36.58278297169108,0.0024629559541452318,0.0012175975221911104,0.001848029558293862,True,True,False,0.03556125676384743,0.0,1,True,0.0004909179988317192
379,True,0.26234046265747807,0.3245810568788191,0.24159359791703097,0.5024694555595663,0.8778129455810373,0.46975792939813,0.9483199210682853,0.07230465337627816,1.0998040863165983,9.480105105448292,0.0022036517990001313,0.001682142133774288,0.001493779908283908,True,True,False,0.035654068768613066,0.0,1,True,0.00047280400758609176
380,True,0.26250280095879763,0.3245950252456326,0.241805392863186,0.5038514182080834,0.8768595714281062,0.46965388918660417,0.936932238444081,0.06754082819514415,0.785966024905463,11.536697608585122,0.002210346308747307,0.0024765126605776986,0.0012855672877115309,True,True,False,0.03577551063135075,0.0,1,True,0.0004626849840860814
381,True,0.2626454496113706,0.3244006487040963,0.24206038324712867,0.5061664929731478,0.8751624535934409,0.46955705308837925,0.922899198231647,0.0644046880334707,0.6470934459043396,10.841716861381533,0.00242489042838388,0.001662671332802934,0.0012938329873004228,True,True,False,0.03593096031329613,0.0,1,True,0.00048666997463442385
382,True,0.26272404445817,0.3240173872598422,0.24229293019094592,0.5080462475168817,0.8730574438634011,0.46946800582489906,0.9073217242440981,0.0585860788608545,0.6121865957819694,12.248419650295347,0.0026049124625368695,0.0012883076373085502,0.001989720173048574,True,True,False,0.03607751888384684,0.0,1,True,0.0004717620031442493
383,True,0.26261886787096167,0.3232339250084544,0.24241384882513084,0.5087321641847441,0.872228868355301,0.4693948276656311,0.8905794639286787,0.061427612344100206,0.6481475611435781,12.038332204803677,0.0028107093275389758,0.0011927438315086963,0.002538138280951939,True,True,False,0.036193454430320335,0.0,1,True,0.00046323498827405274
384,True,0.2624235961806537,0.322441245099737,0.24241771320762595,0.5082503045110385,0.8701215713687778,0.46931972199065763,0.872077726844757,0.0635873472281894,0.5805558828690811,9.113673525140273,0.0030239139981933813,0.0011074337540603711,0.002732465786059468,True,True,False,0.036291573301587325,0.0,1,True,0.00047140201786533
385,True,0.2621067706760883,0.3214783052913601,0.24231625913766427,0.505333944638615,0.8679653117375642,0.469241928849274,0.8507282926689792,0.07686824175406089,0.8654168679453597,11.732358851710941,0.0033831197940513845,0.0013440764411616006,0.0039462172608975415,True,True,False,0.03638320670804381,0.0,1,True,0.00045735499588772655
386,True,0.26180370504965533,0.32050813640277054,0.24223556126528356,0.5014438806042174,0.867872659301794,0.46916642438160255,0.8279226517077203,0.08488304048648343,0.5897563182295404,13.068900493754976,0.0036671842695160345,0.0018166652639147532,0.004737695945566303,True,True,False,0.036455864373363,0.0,1,True,0.00048632899415679276
387,True,0.2615965535582054,0.31968761272639323,0.2422328671688094,0.4980546372491528,0.868243018793261,0.46910028169511025,0.8043238169148843,0.07938803476814825,0.551226298940534,16.716973856225444,0.0037706361008144965,0.0021621424724446447,0.005203169993112278,True,True,False,0.03651602744071667,0.0,2,True,0.00046846599434502423
388,True,0.26151588348285376,0.31892329850526835,0.24238007847538223,0.4953024272848629,0.868608213843195,0.46904759527627027,0.7791301122518806,0.07912893081836317,0.8203642960650295,13.553603646056862,0.003942319823429514,0.0026726722927246905,0.005486174556877437,True,True,False,0.03657488878829352,0.0,2,True,0.0004761809832416475
389,True,0.2615468686024422,0.3181256927222573,0.24268726056250386,0.4930362209140282,0.8693423440188635,0.46900647799284906,0.7536755144335747,0.09010979283520379,0.8626739970304954,6.722973526705945,0.004295602589187552,0.0034394244318710107,0.0056874641877413,True,True,False,0.03663340690862069,0.0,2,True,0.0004593490157276392
390,True,0.2617540371617662,0.31752406949464806,0.24316402638413892,0.49269275948806956,0.8707223390705072,0.4689722175647618,0.729748719005735,0.08730923289741564,0.6736277466989516,19.375144147376247,0.00450183391490718,0.004455082018495533,0.006010445672135492,True,True,False,0.03668472605858328,0.0,2,True,0.00046993899741210043
391,True,0.26202972422578424,0.3170262792446002,0.24369753921951223,0.49249887963281075,0.8729555362537296,0.46894549868629376,0.7055573672215307,0.08464942543210531,0.24261279713981718,15.099559183313453,0.004693231778260824,0.00532675666274062,0.006515875117048529,True,True,False,0.03669847417562643,0.0,2,True,0.00047864500083960593
392,True,0.26237468381540924,0.3166714549840121,0.2442757600925416,0.49297481961648376,0.8774763664101853,0.4689192427195976,0.681239215553443,0.0714607348206083,0.5592400534453958,13.417644689287123,0.0048562075178546875,0.006379830204952221,0.007204342830800314,True,True,False,0.03666399067357007,0.0,2,True,0.00046069102245382965
393,True,0.26285925521361697,0.3167402764433621,0.24489891480370193,0.49363726364607086,0.8816993706189745,0.4688905630276047,0.6575037492844162,0.06616230295544322,0.4168731224304504,10.89933121024667,0.00511543466544717,0.0073857175005821035,0.007880587207857904,True,True,False,0.036592934320715184,0.0,2,True,0.00048386500566266477
394,True,0.26346346178962493,0.31721344832117654,0.24554679961244105,0.4947464289539809,0.8866317982228864,0.4688617708123605,0.6332111971029489,0.05390564468900011,0.5927832742744633,10.5559130219582,0.005287584359667527,0.009109756180118844,0.0087592460845111,True,True,False,0.03647343860496301,0.0,2,True,0.00046350600314326584
395,True,0.264205337429313,0.3180720203187296,0.2462497764661741,0.496742975705443,0.8937397917784281,0.468827256976465,0.6081273393216358,0.04462665334425922,0.686516973220083,5.84466317848085,0.005488127324304317,0.011178199520515382,0.009761011714607387,True,True,True,0.03630652736825689,0.0,2,True,0.0004946750123053789
396,True,0.26507526945452775,0.3193828185598929,0.2469727530860727,0.4992901001474632,0.9029118829556756,0.468811664906605,0.5808917497003097,0.048933163048197656,0.7187427583134883,8.803189429293626,0.005722630438882102,0.013027913685664645,0.010646463657589283,True,True,True,0.036089267706922584,0.0,2,True,0.0009116629953496158
397,True,0.2661512206860557,0.32128452725715095,0.247773451829024,0.5028146430600768,0.9070068014547549,0.4687750916950653,0.5515171400443013,0.05657689313366552,0.5929367540508892,11.181336075001122,0.005999872827970382,0.01369843527149488,0.010866360102150183,True,True,True,0.03584082141010849,0.0,2,True,0.0013664430007338524
398,True,0.2675570318114175,0.32386999378313236,0.2487860444875126,0.5080672477091112,0.900402832522684,0.46872712446969866,0.5210848324031647,0.05863493473236318,0.38427017736785896,15.316699837725059,0.006372808368380841,0.014669955902966807,0.01090587099239292,True,True,True,0.035602240071631805,0.0,2,True,0.0013646100123878568
399,True,0.26944319219647406,0.3271748069028165,0.2501993206276932,0.5162037375852448,0.8956175380668326,0.46864494695465636,0.49155299027558375,0.05620880078172213,0.6954310425125483,18.090217261070464,0.0069454046202530526,0.015210033936066071,0.01084432028406415,True,True,True,0.035400333837034365,0.0,2,True,0.00046923800255171955
400,True,0.2717045251764375,0.33122144502314455,0.2518655518942018,0.526146083124565,0.8927362689405021,0.46858122170522765,0.46139441078482135,0.06423767371077763,0.3230498168244032,21.192855229944055,0.007390145729100146,0.016443227108470147,0.010718543998911843,True,True,True,0.035318906887565046,0.0,2,True,0.00048701101331971586
401,True,0.27429171281501785,0.3359520577381123,0.2537382645073197,0.5371279946827393,0.8917744161671554,0.468507936579156,0.4277106891067233,0.06659591900718818,0.24524022748117252,10.532948469619624,0.007819212480720568,0.017004810561161685,0.009266031534552781,True,True,True,0.03526113127280465,0.0,2,True,0.0004734060203190893
402,True,0.2774144865332875,0.3416556624798628,0.25600076121776233,0.549804989978487,0.892880067999991,0.46842712202539816,0.3943454069756919,0.07354619674899754,0.45507668949861224,8.227355238871512,0.008416223270628373,0.017247874396914633,0.009216088516549295,True,False,True,0.035154908058489545,0.0,2,True,0.00046561998897232115
403,True,0.28113701005931657,0.3484251011641969,0.2587076463576898,0.5642217944879351,0.8950930823152923,0.46836898599592186,0.36038500543469976,0.08849954698890126,0.5727393060789505,7.592857226021042,0.00913988921526167,0.01809814755361851,0.009044721473468709,True,False,True,0.034947403111611604,0.0,2,True,0.0004693669907283038
404,True,0.28580600272818774,0.3570389115699326,0.26206169978093946,0.58094133652513,0.89826267706922,0.4683176455725973,0.329431304496588,0.11734936572621722,1.0522367747194714,15.426863087312778,0.010011840958570118,0.01923395117804237,0.00858915330603551,True,False,True,0.03456488841518496,0.0,2,True,0.0004768409999087453
405,True,0.2910322664082599,0.36772354616746744,0.2654685064885241,0.5962156385133976,0.9000675402726714,0.4682305289135929,0.2963194543791432,0.2209083313433487,3.7481969184654553,91.42200323718764,0.010201160729428158,0.025293115484850352,0.01352380141248311,True,False,True,0.033901012757876194,0.0,2,True,0.00181131498538889
406,True,0.29776002797832113,0.38092592967491085,0.2700380607461245,0.6164468500231752,0.908209426725624,0.46814034656744025,0.26950205354206824,0.2232800898062217,1.4991761739500773,134.93919610464872,0.01145991758994934,0.023553252324379544,0.01716220363931688,True,False,True,0.03301299878485852,0.0,2,True,0.0017897739890031517
407,True,0.30613440147279036,0.3971007537443117,0.2758122840489499,0.641420780693411,0.9176541160152102,0.4681246873610537,0.2441959477975273,0.2709920576384449,1.6029917085359844,47.51261551615904,0.013103001229774779,0.02091949231222028,0.024835458130968907,True,False,True,0.03178469609363595,0.0,2,True,0.001779635000275448
408,True,0.31616056015397004,0.4162118449955331,0.2828101318734491,0.6721831965312668,0.929871491494637,0.4683328746587412,0.21159068736039388,0.3294345319795084,2.1131485619978245,29.249039421851652,0.015242368730528739,0.02801577934154566,0.039958961337663246,True,False,True,0.03015403691045261,0.0,2,True,0.0017764389922376722
409,True,0.3269834995153529,0.4366553486485577,0.2904262164709513,0.7088264302441059,0.9470412160545316,0.4687563406527955,0.15490567390187981,0.4427961779454044,6.198034030733799,149.13948781660594,0.017713302665837614,0.008723080695887305,0.05589943332907368,False,False,False,0.02836870755029061,0.0,2,True,0.0017609999922569841
410,True,0.3345932042664888,0.4518561299455947,0.29550556237345343,0.7510730612135131,0.9757230408751671,0.4696344936644915,0.017064712579028418,0.8542818533953536,15.789980826044953,295.52288639189993,0.021242054358897186,0.04692262410358409,0.10057764090402663,False,False,False,0.027189736381528253,0.0,2,True,0.0009108720114454627
411,True,0.3397881486406033,0.46029123692053475,0.29962045254729286,0.7976934830887009,1.042902055132541,0.4706447897799895,0.12404418659348358,0.9575669380039782,11.35411238981115,542.1416936627372,0.02412547591864951,0.44003034973206556,0.13518314447354673,False,False,False,0.024436214256149925,0.0,2,True,0.000457204005215317
412,True,0.3477128352577681,0.467296382119589,0.3078516529704945,0.8687040188016406,1.1237456866349191,0.47159303167306593,0.20283709261365246,1.4772850939782385,17.520211864738258,403.31312807970824,0.03141004945289016,1.3831177377395163,0.15399179795942342,False,False,False,0.02944245747976606,0.0,2,True,0.0004666919994633645
413,True,0.359491683579235,0.47901651540982804,0.3196500729690373,0.9579542969785353,1.164706516072572,0.4721795101705853,0.214003319458413,1.6752971675854458,12.166171073563333,439.8290426779568,0.03885631144381008,2.2303293513158184,0.056854705905513246,False,False,False,0.02629560903213895,0.0,2,True,0.0004908980045001954
414,True,0.3730665256755632,0.49881170311550566,0.3311514665289157,1.0653473001231715,1.2345217412277836,0.47253258623157457,0.13191884627795192,1.761721891422486,15.392628826465161,320.3056574290848,0.04692965465030363,3.110470415774129,0.07298862952835272,False,False,False,0.01949933298485134,0.0,2,True,0.0004964190011378378
415,True,0.3996584801879973,0.5367910902167521,0.3539476101784123,1.1968053324003012,1.267819054052596,0.4725271256975971,0.02774752226538402,1.7781246718866488,13.485655994298684,434.9788416826058,0.055780322101751836,3.9974409689819264,0.11684344011011175,False,False,False,0.009814829730375068,0.0,1,False,0.00048116999096237123
416,True,0.448318092650848,0.6096802730118163,0.3945306991971918,1.3387867137567846,1.2559877856463717,0.472370325023462,0.1791180943840004,1.678303159285902,17.374102175427062,317.0570009006133,0.06030088335908591,4.1812591962465,0.062415052755212176,False,False,False,0.0,0.0,1,False,0.0004790560051333159
417,True,0.5075971103845879,0.7414723607581966,0.4296386935933849,1.5013344376906845,1.1598484014164716,0.47485443020402435,0.24606470608835126,5.8570768170869085,159.16842296094734,4623.802982646653,0.14872474931610632,4.6703351422990655,0.5484144064745138,False,False,False,0.0,0.0,1,False,0.0027122290048282593
418,True,0.5437437253361421,0.808136714532769,0.4556127289372664,1.586018866474459,1.0779390065713321,0.47574512410157643,0.13585661040307817,3.211846612827281,156.1765667443595,8882.843140443774,0.07527383896637341,4.199898267222281,0.17322520051806567,False,False,False,0.03905067740804511,0.0,1,True,0.003125790011836216
419,True,0.5562728469459667,0.8358229159392729,0.46308949061486465,1.6440746455238178,0.8650276137189186,0.4769667514642253,0.015443381523089328,3.1746866321465173,41.87812142407699,4736.836117577004,0.058310597836810966,3.085961352395175,0.365239801970844,False,False,False,0.05881706985984068,0.0,1,True,0.004768626007717103
420,True,0.5319298030499474,0.7895920294245168,0.4460423942584242,1.6077414180587573,0.7667606492526229,0.47864384127804305,0.22759432249083644,0.9612649199550043,103.63854780696055,3471.256930865528,0.04113773529963341,0.14345535170626675,0.7147737490888388,False,False,False,0.06337802313640102,0.0,1,True,0.0004759299918077886
421,True,0.5145637297425781,0.7507662067156842,0.43582957075154277,1.578780028908852,0.9221604076474967,0.4800324302996676,0.3180583738547834,1.035152647973544,8.790943523651915,3187.30932238174,0.0411695838253126,0.05320173348012955,1.1969115559627859,False,False,False,0.06242036067374547,0.0,1,True,0.0004652499919757247
422,True,0.4813176794986771,0.6883859558614729,0.4122949207110785,1.477888039902328,1.0596936303466211,0.48161267152969656,0.48315721137349377,0.9956955842849307,8.952573305758373,244.08922521262713,0.03950116288136856,0.0898398746789447,1.1869383333165566,False,False,False,0.06261161616467997,0.0,1,True,0.0004657300014514476
423,True,0.43531951604639174,0.6063032694322215,0.3783249315844485,1.336528868453703,1.1092100150369997,0.4836069144387635,0.6939903903757602,0.9582257024957418,12.320295704720285,203.216881109434,0.03983159031405485,0.09151799759119184,1.4470135631601877,False,False,False,0.06302352195053465,0.0,1,True,0.0004537479835562408
424,True,0.3905759057423958,0.5258295759684715,0.3454913490003706,1.2083857078874578,1.134259773170963,0.4856961004122529,0.8827904945372119,0.9858920846789864,11.222178662113832,180.14886382539677,0.04105701470954968,0.09649433637241785,1.752874247032711,True,False,True,0.06347658326434553,0.0,1,True,0.0004895250021945685
425,True,0.345570094948325,0.42901619840015137,0.31775472713104963,1.0976735880153459,1.205759969695051,0.4877607625539434,1.096895410927507,2.935017037337723,69.79035330433325,1917.754313813538,0.059640323741245324,0.39263134835421565,2.545205731074772,True,False,True,0.06363830277248712,0.0,1,True,0.0009498359868302941
426,True,0.31331632038823265,0.35119740494360085,0.30068929220310997,1.0602197721862998,1.0860783232607967,0.48748823797880064,1.2341881867439763,3.575701324075199,41.058782351334266,1914.4337240940167,0.06472007254611342,0.11401349244141103,3.512672084011317,True,False,True,0.062085153097225794,0.0,1,True,0.0009589830006007105
427,True,0.30629484583699296,0.3174332222745698,0.30258205369113406,1.0944791903012958,0.9661927117349898,0.4886189222215506,1.212806374127228,2.292464013418235,75.2673624903901,2946.2485465574073,0.05998628125300381,0.1639155333838849,3.108890474221976,True,False,True,0.06200529961528768,0.0,1,True,0.0009560079779475927
428,True,0.29601931763745204,0.2870489245383285,0.2990094486704932,1.116224919688868,0.8949864974516042,0.49024545529765623,1.1997571550333634,1.7311208410633898,27.05159508958768,2139.6280353938487,0.056212446002782836,0.019016050414718346,3.36636121656368,True,False,True,0.06272874505861378,0.0,1,True,0.0009297080105170608
429,True,0.28736521610944454,0.2616767138854725,0.2959280501841019,1.1430329879118002,0.897641968027332,0.4920467849354935,1.180451485664161,1.723722539570382,13.549197148300895,589.0589856834484,0.0589824588081014,0.02757781341429781,3.528292538132099,True,False,True,0.06254902443943157,0.0,1,True,0.001368506986182183
430,True,0.2751373611630356,0.24084678964730497,0.28656755166827913,1.1420849542874525,0.9170340140716863,0.4942405969883544,1.1639850553197006,1.4720405039715432,19.357389919573777,574.9908981565901,0.05684365295952133,0.040876698983767015,3.58154812084104,True,False,True,0.06048704489121951,0.0,1,True,0.0014000579831190407
431,True,0.26374042889615135,0.22991705050712946,0.2750148883591586,1.113792620110659,0.894679494688656,0.4967776051541511,1.1547311635064008,1.4206823057547175,13.313388281721208,269.0138506388359,0.056713103344834814,0.05758248331878259,3.450688093751389,True,False,True,0.05624350555028337,0.0,1,True,0.0014322779898066074
432,True,0.2632031512975929,0.2338687547698018,0.2729812834735233,1.0639025541442637,0.8512225891407561,0.4994728119250883,1.1495167340066375,1.3230304499369652,12.475963027381281,286.67773745854885,0.05572467446181889,0.07814425565283101,3.2010505892587626,False,False,False,0.04983949300146109,0.0,2,True,0.0014161970175337046
433,True,0.26639634512244054,0.2511356270576947,0.27148325114402255,1.0058145969847305,0.794901987075757,0.5022157314165452,1.1342795453592873,1.2609854720297753,11.37233533067766,293.2929487966427,0.0535857608501639,0.09349373828703676,2.9044785288884887,False,False,False,0.04073761839371083,0.0,1,True,0.0013533789897337556
434,True,0.2693205070584022,0.2782680855778567,0.2663379808852507,0.9266316922519048,0.7173523703460118,0.505164989936657,1.098108589000495,1.4111053542915117,20.262974486670604,382.97066714993036,0.053644206024531085,0.12313712240364726,2.528484613581666,False,False,False,0.027742950688838794,0.0,1,True,0.0035346730146557093
435,True,0.28280281589050604,0.3248318677310563,0.268793131943656,0.8805828646316086,0.6769538704918028,0.5080024460662039,0.9658356344531983,1.5370138803564661,12.197958234527963,573.2956954616288,0.05141295807394147,0.1681267878036245,2.155002264983818,False,False,False,0.009870400176946207,0.0,1,False,0.0034944170038215816
436,True,0.3071291758965094,0.3898381766170225,0.2795595089896717,0.8819747957475595,0.6437346792509557,0.511018086148616,0.73009595372278,1.442968440480148,14.932477876478012,589.7857127711213,0.046938081824747006,0.40839577344886696,1.7259757484197669,False,False,False,0.0,0.0,1,False,0.0030760559893678874
437,True,0.34809930487658874,0.4772470062951484,0.3050500710704022,1.0273117751978753,0.8305636705185071,0.5138772306055845,0.24576720268912525,1.114512339585592,33.402737806816276,807.8480567677282,0.038129969370738134,1.1096188000413978,1.023249000271787,False,False,False,0.009260784495426574,0.0,1,False,0.0009035080147441477
438,True,0.3634189889014785,0.5103143225784876,0.3144538776758088,1.1085936981617428,1.020583615301374,0.5166418048459429,0.023480216608680715,1.3085424179757148,26.526759956334825,548.010029842301,0.03436850075425794,1.6451696975423413,0.4201692899917819,False,False,False,0.024478473582531003,0.0,1,True,0.0009103609772864729
439,True,0.364013340297685,0.5098837482998251,0.31538987096363835,1.1270045740413346,1.141573286076314,0.5194234900909719,0.10531049655997882,1.2433436204225756,16.73704428501295,647.1134891787453,0.03477480470104627,1.9508153161407495,0.12627601784944764,False,False,False,0.029328237659335517,0.0,1,True,0.0009091690008062869
440,True,0.36136626644846676,0.5002293876316575,0.3150785593874031,1.134778325477296,1.1322131839745164,0.5221542997267322,0.15974476914458957,0.9381585679064791,20.466059084080452,543.051596801011,0.03730145439667478,2.0783196749788164,0.05597185149761825,False,False,False,0.028050881145216908,0.0,1,True,0.0009129160025622696
441,True,0.35693082413197624,0.48425173646487935,0.3144905200210085,1.1168610318238532,1.0886878982951456,0.5244713336763883,0.15438697577153626,0.9881853693474519,25.08136047879953,277.2112371648095,0.04012669580921296,2.1764685332870157,0.052692455768897355,False,False,False,0.02483177210262831,0.0,1,True,0.0008910950273275375
442,True,0.3552253281565683,0.47185415451414486,0.3163490527040428,1.095395899233713,1.0704193842003593,0.5264563646615925,0.1869036766193567,1.2203462608657576,15.07140172950535,384.31669358529854,0.04064782983426052,2.2317433010488514,0.05265161590611427,False,False,False,0.019617853293001676,0.0,1,True,0.0008970260096248239
443,True,0.3555264207677052,0.46679372917038103,0.3184373179668131,1.0707980569951898,1.034232042676775,0.5282726993456748,0.29865320325547084,1.3002986621556043,13.159589094686064,370.46988195600267,0.04026398034560209,2.2480842068448403,0.061107482958164094,False,False,False,0.012882947751246153,0.0,1,True,0.0009248389978893101
444,True,0.35456971789736685,0.46300225881006074,0.3184255375931355,1.0331352926896407,0.9708394444814645,0.5298624662218998,0.4762019548408714,1.3296605399046253,5.54418656167782,288.88180128548606,0.039985807162766875,2.213235000771978,0.06737753385724135,False,False,False,0.0055585263356864156,0.0,1,False,0.0009225049871020019
445,True,0.3509669868852497,0.45668382199378743,0.3157280418490703,0.9841051548614411,0.889114424597453,0.5314824708777992,0.7107329992060992,1.1936810446860326,6.704051011282351,240.43810898684433,0.037484253554215384,2.1022623328280403,0.07202044366747896,False,False,False,0.0,0.0,1,False,0.0009250589937437326
446,True,0.3467829052791066,0.44829671387721626,0.31294496907973673,0.9410668612793539,0.8539090506950219,0.5333993759750969,0.9260180975075417,0.9885391840837388,14.617266629619417,294.55429108785927,0.035330194066875785,2.1312828801565007,0.08684566036438411,False,False,False,0.006767848077755953,0.0,1,False,0.0009200490021612495
447,True,0.34529541134519415,0.44560066801252174,0.3118603257894183,0.9208199512590698,0.8913731678403103,0.5354980124673202,1.0762643794088618,0.6504161351674205,19.271480628295652,482.3773453497407,0.03329736754741072,2.1521933864936558,0.09342807877112316,False,False,False,0.0132652851584071,0.0,1,True,0.0004510819853749126
448,True,0.3518566365426422,0.45374485493997474,0.3178938970768648,0.9368837853975835,0.9073014094639664,0.5378704080016987,1.0595061399288523,0.9098898665731852,10.463239210899314,580.9404513551574,0.03513328861244367,2.1618497725012342,0.11563192248908334,False,False,False,0.025069791632339578,0.0,1,True,0.0004702600126620382
449,True,0.35508324954708426,0.4544359391450715,0.32196568634775513,0.9535071396194872,0.9327696952978435,0.5403166719005763,1.1959953114703916,1.2421691159931145,14.36058260306242,268.5749727923485,0.02856458161713715,1.2342588529756278,0.1657175763922887,False,False,False,0.043597566015267465,0.0,1,True,0.000495617015985772
450,True,0.3483766429853976,0.43264272434058876,0.32028794920033377,0.9597039727003703,0.9630798624826558,0.5425077501880762,1.5133723067537268,1.261451138246745,16.14406319420331,599.6310730267202,0.02212594906364054,0.25854322641155947,0.2647268151957681,False,False,False,0.060196489121760975,0.0,1,True,0.0004856979940086603
451,True,0.352033922831729,0.42649149961373334,0.32721473057106104,1.004413084036303,0.9654438646631144,0.5450041867355735,1.586301230095955,1.0673033299442358,18.71102175106817,554.0231132543437,0.023764529487457647,0.05792142072242304,0.39721202591426696,False,False,False,0.06316510434748981,0.0,1,True,0.0004916290054097772
452,True,0.3670609396831005,0.44566700119611735,0.3408589191787616,1.0546385603366881,0.8502778377063906,0.5463968527007412,1.3466943701866065,0.6196969949407392,16.959109091071948,767.5034513333899,0.016051289897040504,0.0007804487536629268,0.49016426431602533,False,False,False,0.063772704592566,0.0,1,True,0.0004773820110131055
453,True,0.3700420487879525,0.45086854458118586,0.3430998835235414,1.0354403187622288,0.8026541457323597,0.5472740977750524,1.2772887989724708,0.45610272252622464,18.873259972585824,289.30059371962426,0.011760741349849075,0.025168503948309454,0.4944164657086871,True,False,True,0.06406318869597538,0.0,1,True,0.0004975010233465582
454,True,0.3686590507698189,0.45151006467609106,0.34104204613439487,0.9887527553311455,0.7780754960308888,0.5478990037087661,1.2742105149998988,0.6222532037861616,11.407658973404583,282.352647485029,0.012995383607091906,0.025366767596712046,0.4330640195452338,True,False,True,0.06312843860676552,0.0,1,True,0.0004581369867082685
455,True,0.36710522571258825,0.45379342309392173,0.3382091599188104,0.9301056879369085,0.7560809351841233,0.5481980114425364,1.2576378065891514,0.7720916153284498,7.536129320856949,177.15771821393452,0.015238225128790932,0.04635234460720261,0.3901430820457047,True,False,True,0.06103804634341947,0.0,1,True,0.00046514900168403983
456,True,0.3656900162485018,0.4584109608829669,0.33478303470368004,0.869967585554829,0.7450935463815233,0.5482245728430212,1.2542856641312983,0.8279133725920835,3.770169324052613,162.58448813789622,0.016321406317977686,0.04727571953036082,0.46243673543654706,True,False,True,0.05858189127576303,0.0,1,True,0.00045364798279479146
457,True,0.36195662513577764,0.459908577217605,0.3293059744418352,0.8123221155352333,0.7166234898058277,0.5479065335580563,1.3341662999754833,0.7986978023914146,4.084243405587107,145.52990365236928,0.016048833578710196,0.03479787973107655,0.5529162769144961,True,False,True,0.05683080997662457,0.0,1,True,0.000460340001154691
458,True,0.3567514160863607,0.4586725248261,0.3227777131731143,0.7678616570850979,0.6772262008172164,0.5474331297131878,1.4213316007599324,0.7282046173100539,4.768866933891999,88.67645766193525,0.015286658212597937,0.023221654385967145,0.4885840338469662,True,False,True,0.056034288407177016,0.0,1,True,0.00047412700951099396
459,True,0.352001072186348,0.45628168080598797,0.3172408693131346,0.7405687297197528,0.6480305771577488,0.5468592370913864,1.4771946330542156,0.5388297035415907,6.814171197663798,154.27078199960891,0.013205266258096858,0.01618371042064829,0.46388622664993073,True,False,True,0.05618677650576588,0.0,1,True,0.0004614019999280572
460,True,0.34825817232070744,0.4533129458905235,0.31323991446410215,0.7267509207062997,0.6251230450902576,0.546156286852,1.505885959995143,0.36735058861836,7.581493107227728,80.37831139213677,0.012234735829253737,0.020185430703311313,0.5614998714405753,False,False,False,0.05744662281439648,0.0,1,True,0.000467814999865368
461,True,0.3452702869069533,0.4503238535701323,0.31025243135256036,0.7157052039786801,0.6106811049423518,0.5453005572969366,1.5119262279274395,0.3133386322904739,4.156949247066451,158.58400117772686,0.012967189037427454,0.022345427578983026,0.581052728184562,False,False,False,0.05863455950375999,0.0,1,True,0.0004678750119637698
462,True,0.34609413436288755,0.4515695105959379,0.3109356756185374,0.6899185310828815,0.6141846849257331,0.5445107023681135,1.4132915001861601,0.4682143382033206,8.690282019840241,242.38446189600856,0.012233926022299974,0.022541914263022142,0.42887670895397606,False,False,False,0.05696062839090079,0.0,1,True,0.00048520800191909075
463,True,0.3510828007912203,0.456086189666934,0.31608167116598235,0.6717389239713543,0.6531649204717878,0.5439243760174116,1.2675342156557612,0.5593610199476657,13.874121428555517,472.4186925625991,0.009424251178886416,0.059855765748793206,0.04811663062928986,False,False,False,0.05491703368703878,0.0,1,True,0.002646523993462324
464,True,0.35483613344688825,0.45853932332848635,0.3202684034863556,0.6758204133657782,0.7180834521709948,0.5432491879733313,1.0941461117348268,0.2942034304193025,17.724331440026535,768.5223428622452,0.010053841335340034,0.09216126248489107,0.030721089699086473,False,False,False,0.0521119507436288,0.0,1,True,0.00046414800453931093
465,True,0.3555393107500143,0.4565085845445065,0.32188288615185034,0.6785576016761747,0.7610099851029606,0.5429951340209266,0.874545085890357,0.3026014150676758,9.189227680286841,611.0914068712669,0.010447324256265114,0.18404416524856837,0.014778846122477334,False,False,False,0.04424190657577562,0.0,1,True,0.00047265400644391775
466,True,0.35273606510118116,0.4477128216524541,0.32107714625075695,0.6906233733400948,0.8345393240266508,0.5429650334197701,0.6168793336579901,0.6008837636969632,10.151157928901544,173.1304882612233,0.012179554400431728,0.3450639997444962,0.02477529182085384,False,False,False,0.03241727564399831,0.0,1,True,0.00045515099191106856
467,True,0.34713009432320163,0.43295690966167183,0.3185211558770449,0.7082116332373307,0.9377807030946234,0.542716750929291,0.3996652931188054,0.7978363790270995,6.370177073113629,144.87327587125634,0.015219014735898283,0.5283299093788636,0.028559516422885057,False,False,False,0.01615139565979224,0.0,2,True,0.0004750580119434744
468,True,0.3438137222368513,0.4205657705803464,0.3182297061223529,0.7365812993738394,0.9684556217962177,0.5421736647444728,0.33674803309599843,0.8357975671399144,2.9385098527754336,168.04803882258724,0.017563588099865766,0.7716340254424205,0.02270384310292503,False,False,False,0.0,0.0,2,False,0.0004582060209941119
469,True,0.34120174304297024,0.4096993343256282,0.31836921261541756,0.7679268825377403,0.9717226480130036,0.5416794481266418,0.3165931186986626,0.7586730104347784,7.0761150701788385,211.67743439718438,0.01835570148185233,1.0060510278995571,0.02566203040228158,False,False,False,0.0,0.0,2,False,0.0026570140034891665
470,True,0.3385963736621753,0.4014655917107339,0.3176399676459892,0.7879366035752602,0.9707907208294704,0.5408814674113211,0.3231113102050698,0.6351506755295233,14.241825242000647,309.94234058297246,0.018821819499658648,1.183286548252866,0.012903221048757997,False,False,False,0.0,0.0,2,False,0.0030599260062444955
471,True,0.33685859820943725,0.3972961302501124,0.3167127541958789,0.7913089527595426,0.9484847372832756,0.5399618508641835,0.36568172410427446,0.6644641609084049,10.73423858560221,243.34834012140627,0.020371758252556712,1.4296475463363738,0.004962941196160472,False,True,False,0.0,0.0,2,False,0.0035348930105101317
472,True,0.33468768534185966,0.39612989719702263,0.3142069480568053,0.7674025704022726,0.9386777098884127,0.5388712873878013,0.35250386806194745,0.6726967093317526,11.28422532851549,232.92526406878616,0.021465763548233617,1.5989737168670008,0.0019911787720535016,False,True,False,0.0,0.0,2,False,0.0034956400049850345
473,True,0.33467732230480424,0.40015258698748624,0.31285223407724355,0.7275425247224244,0.9333896392262354,0.5376217777304875,0.31212173585130004,0.7616255059531659,12.74420302160582,175.21989264562416,0.022557906088233458,1.764550846964067,0.005812539657400904,False,True,False,0.0,0.0,2,False,0.002646714012371376
474,True,0.3400353340784762,0.4131458694772467,0.3156651556122195,0.6858082742436102,0.9176435262567779,0.5361972609527311,0.34952475062760846,0.9953927354273981,9.987285019930075,138.90948951729973,0.02315349670498104,1.8512622418416524,0.009855263600131267,False,False,False,0.0,0.0,2,False,0.0013646000006701797
475,True,0.3516716169250851,0.4351816016366556,0.3238349553545615,0.6609843567450688,0.8461789668756977,0.5345345742569856,0.5311971947087564,1.2155252649971788,8.519836131111305,84.27648063940477,0.02375911869350343,1.9228590666759229,0.010236415116761436,False,False,False,0.0,0.0,1,False,0.0013433400017675012
476,True,0.25894903450665574,0.27056499891393515,0.25507704637089595,0.5308188180158737,1.0904182706591778,0.5323507989626054,2.679724587783367,0.6464486075377207,19.864441143962352,804.9099112290296,0.022009605767998514,1.717013623309123,0.01477092970739956,False,True,True,0.0,0.0,1,True,0.00046909699449315667
477,True,0.2355681985075678,0.26579188207111093,0.22549363731972014,0.4741021336005448,0.8325661378183693,0.5300295903880007,1.235835316469385,0.5987074651696355,3.10534999287994,581.075361421572,0.021041873960654135,1.5314252116140001,0.015339383300782642,False,True,True,0.0,0.0,1,True,0.00045970900100655854
478,True,0.31445866577189263,0.39815326779187177,0.2865604650985663,0.5831392032628906,0.9443584902551401,0.5275574015735113,0.4431521709286897,0.4961934302982087,6.276906568880223,126.10940904985014,0.018753828144420632,1.1824940199338765,0.011789072648499427,False,True,True,0.0,0.0,1,True,0.0004621440020855516
479,True,0.34427968550158367,0.44781414941939446,0.30976819752898005,0.6355397069835154,0.9304928725891048,0.5247398104818144,0.002292041762771891,0.3780982944528531,7.9464929002881854,136.95331610249252,0.017933066389102633,0.6927634542205011,0.02289245137854737,False,True,True,0.0,0.0,1,True,0.00045068300096318126
480,True,0.35015087688593866,0.4596574881925082,0.3136486731170821,0.6426549870958694,0.940571173833833,0.5217411092848872,0.17328469244235453,0.3285687510331776,7.331506269531262,124.71927821339474,0.018556805752501022,0.4866011721009057,0.018858998715255555,False,False,False,0.0,0.0,1,False,0.0004551610036287457
481,True,0.3569248031112436,0.47215410345528985,0.31851503632989486,0.6530574251361334,0.9433134061359909,0.5187222743312372,0.4231731480216269,0.3129300225865266,3.5520142257529166,151.5445552096164,0.01804564502072126,0.35458864508067317,0.003403244855397223,False,False,False,0.0,0.0,1,False,0.000482011993881315
482,True,0.3605118739686039,0.47994669068688856,0.3207002683958424,0.6578586003889397,0.8823565262845402,0.5154361671635553,0.6061749866267616,0.24013107256319327,3.78850728156993,120.5452830618428,0.01926589320817383,0.35895704335626466,0.027555825289665742,False,False,False,0.0,0.0,1,False,0.00045764498645439744
483,True,0.36115190603940395,0.48133912401798823,0.3210895000465425,0.6522529691991457,0.7830370207767174,0.5122191037442492,0.8412424323621026,0.28989856997663754,4.575514928810095,126.33822976091571,0.01907550535757614,0.11575195603719132,0.08628462632637207,False,False,False,0.0,0.0,1,False,0.00047458699555136263
484,True,0.3582513508057008,0.4761446102695012,0.3189535976511006,0.6400968051051474,0.7549616822988903,0.5087618623166968,0.972342126351905,0.4196143606209804,5.526780242535399,101.63477897883595,0.02028504500864907,0.0505320103759306,0.16072830089836782,False,False,False,0.0005425481296600556,0.0,1,False,0.00045746497926302254
485,True,0.35480114255368206,0.4685731032355217,0.31687715565973557,0.6339672716555573,0.7285369324413318,0.5052896487961511,1.0581311485919487,0.5584465761694185,6.304991158444156,106.56082077194408,0.020549267730654394,0.0876093780301212,0.2452453115107979,False,False,False,0.009710339366980248,0.0,1,False,0.00045742501970380545
486,True,0.351072252845814,0.45767404918683496,0.31553832073214044,0.6484418615803602,0.6715672689113302,0.5022194164155845,1.1176921628368832,0.7086883593481158,8.834474325673938,153.23812153854445,0.020046053888537838,0.08035886051525638,0.3677425871997634,False,False,False,0.018228774032124494,0.0,1,True,0.00046396697871387005
487,True,0.34889739359033545,0.4460206016137338,0.3165229909158694,0.6885525409317171,0.6516739526117249,0.4993704896622671,1.1347911506859931,0.9001267448250755,8.734500475178601,66.9176396666225,0.021451916396382484,0.06340744032451212,0.4900014709344977,False,False,False,0.02641906413612706,0.0,2,True,0.00046407798072323203
488,True,0.34647491909049466,0.4320985990548142,0.3179336924357214,0.7389494538578162,0.6449280828088202,0.4966948330513,1.1442608272015506,0.9527058747210018,4.556383174661563,178.14947506904068,0.02227052394572795,0.05135111679323056,0.6445912520989571,True,False,True,0.033297861965448046,0.0,2,True,0.0004530260048341006
489,True,0.34174568569991753,0.4158919544937151,0.3170302627686516,0.7831116899975644,0.6303552336042575,0.49415100786600397,1.1615630692346952,0.7511373388569802,7.585891054311469,267.75673809698156,0.021279844609491495,0.04296496909189099,0.8279480973635801,True,False,True,0.03891796257159776,0.0,2,True,0.0004615130019374192
490,True,0.33568021187269964,0.40009035905688983,0.31421016281130293,0.8152636094026424,0.6384968564456258,0.49161777904087606,1.134835671573115,0.5025524640750055,10.56746606291141,112.86893631965525,0.020787938939781415,0.02977621568867812,1.0183983550950737,True,False,True,0.04274555847727804,0.0,2,True,0.00046039000153541565
491,True,0.3276063940969146,0.38561049458589713,0.30827169393392045,0.8250142958276386,0.7088906700032215,0.48961326511616887,1.102566516163711,2.3857028335664037,67.81194590393734,1962.9725096017776,0.02759766459597141,0.01679113911305793,1.195342376741613,True,False,True,0.045110822456831214,0.0,2,True,0.00478336401283741
492,True,0.31625480148282514,0.3722762457905304,0.29758098671359007,0.8083490538704119,0.7492393630998653,0.4874028446345908,1.062393196815998,1.2305804762343,44.53506323051812,3252.5658989344784,0.02893207659338093,0.01275082852348153,1.3359575040835985,True,False,True,0.04580232842399676,0.0,1,True,0.0039055039815139025
493,True,0.30586296730652435,0.36194935638550896,0.28716750428019616,0.7757084079973695,0.8055161248580969,0.48523431588826926,1.0033566261193838,1.1203911291052,18.31446603914686,876.9533403596733,0.031424371374579,0.017860515390597922,1.4819269758973026,True,False,True,0.044982817309440266,0.0,1,True,0.002649870002642274
494,True,0.29862010392344346,0.35499576284744705,0.2798282176154423,0.7373223331920258,0.8391603858714344,0.4831471817061464,0.9746603749021767,1.1991224976629737,13.318795770906485,286.90155815745993,0.030521876797086803,0.025511920274326784,1.6303099817583826,True,False,True,0.043084073212226334,0.0,1,True,0.0021837289968971163
495,True,0.2949516481929064,0.35264596199744325,0.27572021025806076,0.6946255896245431,0.8311176673200777,0.48114109185994863,0.9811862941678695,1.3409995260991503,10.479245818237588,177.10536404463866,0.029657468390880154,0.037611130991247306,1.783911653318627,True,False,True,0.03954908798294101,0.0,1,True,0.0017611200164537877
496,True,0.29435208389786566,0.35575942983100284,0.27388296858682,0.6748023095225912,0.876963816442517,0.4792846403236423,0.8592469607044471,0.885886372090601,17.505427998393312,681.0810211964726,0.021069769056886213,0.03813070933113514,1.1567502061557033,True,False,True,0.034170683381146386,0.0,1,True,0.001335896027740091
497,True,0.2922530259433172,0.3550902675721872,0.2713072787336939,0.7039965642564074,0.8646634989374189,0.4775285194288612,0.9190487561590854,0.31397597621409107,30.85335856270896,712.1942314745029,0.011685088496504108,0.025755006804764197,0.08528194624135561,True,False,True,0.03682478991030048,0.0,1,True,0.0004638969840016216
498,True,0.2903493751625954,0.35655520487209635,0.2682807652594284,0.7115013019019475,0.8538660824545341,0.47597772947083317,0.9035349446329978,0.30908371336336554,7.110911471625758,1105.5864050520493,0.013008171434112427,0.007655604122341195,0.023525596491039608,True,False,False,0.036548267442057844,0.0,1,True,0.0013184529962018132
499,True,0.28924778839894477,0.35768481889855963,0.26643544489907317,0.717269505099961,0.8385175060991237,0.47441913854253115,0.8805630272230293,0.22161524172599167,5.597427078084858,266.5283773323686,0.01020774965517754,0.010957111593187439,0.018916329278415703,True,False,True,0.03622830782575844,0.0,1,True,0.0013405549980234355
500,True,0.2882372839797369,0.35826543445850473,0.264894567153481,0.720202128302803,0.8275851540168708,0.47286457933937326,0.8620032276185607,0.24132510667136084,2.8951164759023755,87.29284945341838,0.00931953521128359,0.012740166645951992,0.014693359398797672,True,True,True,0.035949305303686556,0.0,1,True,0.000902145984582603
501,True,0.28744208735810256,0.3582545973083005,0.26383791737470336,0.7170590560738384,0.8208270929284021,0.47132783935228106,0.8468712021406579,0.2907777533643473,3.2610537485119715,25.651654488184533,0.008215033615745842,0.011900298656196113,0.017064916645761014,True,True,True,0.03552991735305941,0.0,1,True,0.0008952130156103522
502,True,0.2870899602647657,0.35821935676051625,0.26338016143284887,0.7106486729187673,0.8284161512219834,0.4698689495862938,0.8378597044567005,0.2933812227017652,1.6722536213351116,70.36077099720184,0.007374510083093724,0.010691748245310889,0.019292433562063907,True,True,True,0.03524721377478399,0.0,1,True,0.0009024059982039034
503,True,0.2871038446141663,0.35808918182670535,0.26344206554332,0.7038639162542246,0.867421614507732,0.4685705949219879,0.8394718269091237,0.24704920169710032,2.4493979007647195,59.22583757338173,0.006458155401954551,0.011291503761869128,0.01705198600521119,True,True,True,0.035018743451137195,0.0,1,True,0.0009073060064110905
504,True,0.2870974350518429,0.3573335608168191,0.2636853931301841,0.6966453714966488,0.9173396631912527,0.4674588095638969,0.8447310677782676,0.20875598114881988,2.773726281570646,22.834104076271238,0.0057225457999761425,0.00982052364949092,0.014392953737588721,True,True,True,0.03502877139789275,0.0,1,True,0.0009208609990309924
505,True,0.2866728155676144,0.35596939984803594,0.26357395414080725,0.6847653604906278,0.9366084345859175,0.46648001379063964,0.864683739454376,0.20686809820269011,2.5477826634531873,33.80633972236421,0.005872041751198575,0.006983404715822633,0.009973718335442071,True,True,False,0.03522499892646875,0.0,1,True,0.0009177349857054651
506,True,0.2856984604441579,0.35356783573711387,0.26307533534650596,0.6657379219311327,0.9305491284483937,0.465662566668373,0.8886084155416307,0.24813120443083816,2.5209033656426625,35.525467603066005,0.006208749502019196,0.0008362298962012218,0.0013284754059574276,False,True,False,0.03548305556333613,0.0,1,True,0.0009271129965782166
507,True,0.28462140387263885,0.3510897696243056,0.26246528195541663,0.6424076565711682,0.9200513303724457,0.4649106761837946,0.9022566420488152,0.27337538268059064,1.236034996267881,42.15289961138665,0.006516760754703482,0.003823951811550576,0.003167672454176501,False,False,False,0.035822188595210504,0.0,1,True,0.0004732040106318891
508,True,0.283546732904354,0.34837226719392933,0.2619382214744955,0.6161247984259179,0.9142710605359852,0.4642035107029085,0.9148435465389209,0.3124372222076872,1.3091396634595205,38.56850839236157,0.006886637522629236,0.0009278139934037724,0.0013652267617789372,True,True,False,0.03621356167260636,0.0,1,True,0.0004598500090651214
509,True,0.2826303212130296,0.3460418190329595,0.261493155273053,0.5880229216057766,0.9112365165384733,0.46356626967322523,0.9262805610978703,0.33273678235592286,0.9023100619783314,24.495658359954753,0.007166059811643991,0.002581839940969535,0.0032626365984446326,True,True,False,0.036632893074926995,0.0,1,True,0.00046659199870191514
510,True,0.2822678253234401,0.34474346483131935,0.26144261215414694,0.5625003154256247,0.9123322538717892,0.46300948580428636,0.9346015836219201,0.3318900333758608,1.1170394948410167,35.10583185864528,0.006588553753861796,0.004914379619883627,0.004043214627620974,True,True,False,0.037058950547406024,0.0,2,True,0.00045862700790166855
511,True,0.2827221244897793,0.3445351003157149,0.2621177992144674,0.5421875092169042,0.9205268898483907,0.46250556978557683,0.9379219541410675,0.3364470175370801,1.9456782435856708,35.66298637610858,0.005882030010756681,0.005999370744071936,0.00588731161956751,True,True,False,0.037537409614108494,0.0,2,True,0.00047807401278987527
512,True,0.28406777397287186,0.3451872647868617,0.26369461036820857,0.5280850975793233,0.9305900241494173,0.4620350617832775,0.9325782511894045,0.3695655067831633,2.9062466347596683,35.24738783476491,0.005658975658917932,0.005983412062958239,0.007248524555365347,True,True,False,0.03803509781469215,0.0,2,True,0.00045426900032907724
513,True,0.28567217315613147,0.34613607020435794,0.2655175408067227,0.5158822018190902,0.9357086937201516,0.46162236486968383,0.9276296814276408,0.40663969088013235,2.5171262682635795,49.12357635360808,0.005547117142224264,0.005010041370368846,0.006606125691450121,True,True,False,0.03846988394880438,0.0,2,True,0.00046630098950117826
514,True,0.28721667580876964,0.34785101045824607,0.2670052309256109,0.5047758497218049,0.9253028926006154,0.46124456321828167,0.921523338701357,0.4277569192675047,2.8432651842222967,47.7756952011051,0.00491167577945643,0.004349778844155332,0.0061142032977983575,True,True,False,0.038831394783671994,0.0,2,True,0.0004694269737228751
515,True,0.28843128778131416,0.35026700662396293,0.2678193815004312,0.49316268799365737,0.9137641811042817,0.46087837727413516,0.9115152466158312,0.4345476714023039,2.8965202060873736,43.51871993610991,0.004457107599699284,0.004434456604595092,0.005300445106631105,True,True,False,0.03914753580065235,0.0,2,True,0.00045183399925008416
516,True,0.28912416879081354,0.3526661420685648,0.26794351103156305,0.4817088784873861,0.907048579973717,0.46052732721793443,0.899594815520423,0.3950987753484379,2.6304564021351142,62.71938720085244,0.004287028824569846,0.0047565849184006675,0.003932930731193192,True,True,False,0.039471058304533686,0.0,2,True,0.00046865700278431177
517,True,0.28928274991651637,0.3542010971094361,0.26764330085220983,0.4718092607777793,0.9053554855192343,0.46020178697938113,0.8898853221535636,0.29043324099433016,3.6282148421103186,80.83872544473479,0.0037757750455931684,0.006107386988935503,0.0030617779605870334,True,True,False,0.039798551694939906,0.0,2,True,0.000455000001238659
518,True,0.28917277380588685,0.35496398396161366,0.2672423704206445,0.46382716868259105,0.9062363680397036,0.4599011130234522,0.8806319085387632,0.17822819901024997,3.63942881589272,40.85252760642561,0.0032992351321982348,0.007452013525505305,0.002755608784071312,True,True,False,0.0401419621536492,0.0,2,True,0.0004586680151987821
519,True,0.2889622464775064,0.35526238763432505,0.2668621994252335,0.45789535666610637,0.907379612290419,0.45963147960872663,0.8717664498565634,0.09857642784941664,2.8054933579291284,29.649051752204397,0.002996546427332525,0.007275713534260381,0.0024830344063357292,True,True,False,0.04044075214418712,0.0,2,True,0.00045059199328534305
520,True,0.2887321377213639,0.3552953466841681,0.2665444014004293,0.4545732565562932,0.9071534609680868,0.4593760979707073,0.8629300129389053,0.06669270551355025,2.1495651309027295,22.913276246173677,0.0030420542661893637,0.0072443330313632,0.0020885291055388077,True,True,False,0.04069105865025615,0.0,2,True,0.0004658210091292858
521,True,0.2884535800807529,0.35492580310475846,0.2662961724060844,0.4551123091557428,0.9062505174790401,0.4591340803522394,0.8552062403410685,0.09141386298519058,1.660038061049439,28.35103193030987,0.003407081195012997,0.007613635799915192,0.0022519478137404247,True,True,False,0.040887996862446895,0.0,2,True,0.00045520099229179323
522,True,0.2882927550967461,0.3547551628615264,0.2661386191751527,0.4598624341974244,0.9032854401377715,0.4588955772265098,0.8474670751426936,0.10925322503481516,0.9886250867132592,33.671308710484595,0.0038225746825039904,0.007214398065110764,0.0031844214391796356,True,True,False,0.041075260068900325,0.0,2,True,0.00046662200475111604
523,True,0.28836133477224984,0.3554730508462367,0.2659907627475875,0.4687230220017121,0.8925600585499234,0.4586506607986997,0.8343319903885538,0.13400019566562837,1.5056159295852747,35.24312863873346,0.0043538912867611655,0.006583100383765949,0.003918037691851186,True,True,False,0.04131347232399558,0.0,2,True,0.0017757979803718626
524,True,0.28879566426965153,0.3581979872439647,0.2656615566115471,0.48089117049962987,0.8620588103307812,0.45839133661821824,0.8161105930576882,0.1413844360681277,1.7723285263366435,45.839933850676886,0.004915286427185976,0.005670061443345463,0.004753319252849451,True,True,False,0.04160312104729575,0.0,2,True,0.0018007650214713067
525,True,0.2893457377495501,0.3619186172146089,0.2651547779278638,0.4920462135832468,0.8317448371418674,0.4581210294724855,0.8003322521530494,0.24769035023703373,4.6693040858255275,131.18592132998933,0.0057068559371941,0.0051526432648068545,0.006271151442227912,True,True,False,0.04191209346689186,0.0,2,True,0.0026967589801643044
526,True,0.2900913531544812,0.36637642783039126,0.26466299492917794,0.5025150458747332,0.824182976859698,0.457823704645268,0.7874082115103043,0.3981717350562244,4.938986595511129,42.96871972553432,0.007081805756996714,0.004748191009866201,0.007773237100772543,True,True,False,0.042231043808653446,0.0,2,True,0.0035406239912845194
527,True,0.29123561095997336,0.37199103325848054,0.2643171368604709,0.5160704186716616,0.8211986713841488,0.4574836795993395,0.7724880161099691,0.3883454016115926,2.2217610310569165,175.29453478754607,0.008029187032831158,0.004316679344697167,0.007013197522367542,True,True,False,0.042577423288016565,0.0,2,True,0.0030945310136303306
528,True,0.2931100014346246,0.37887043363416195,0.26452319070144553,0.5346327649017921,0.8206198517257035,0.45708892241042415,0.7485040595569746,0.31926812794042786,3.5822096472835594,80.0131231221462,0.00821866431614182,0.0034687522016833418,0.005640139347047519,True,True,False,0.04293698638920819,0.0,2,True,0.0026829229900613427
529,True,0.295528133261821,0.38625156886715223,0.2652869880600438,0.5575191939199778,0.8204407140724495,0.45664432131790783,0.7102899166331632,0.2545077880761471,3.1576144231110614,45.79705893427725,0.007868515209302577,0.0017249278372326645,0.004896230263892259,True,True,False,0.043284182571438734,0.0,2,True,0.002231238002423197
530,True,0.29805211558065303,0.3932835673599865,0.26630829832087516,0.5831832819639532,0.8181096077429042,0.45613683067876687,0.6521379499345784,0.21624183302395905,2.228013839599377,40.12432007615333,0.007627930919191567,0.0013728667755324043,0.006832274474678494,True,True,False,0.04361874792760324,0.0,1,True,0.0013643400161527097
531,True,0.3001148590862257,0.3991202874284734,0.2671130496388098,0.6085120083025791,0.8131462943852887,0.45557242300788225,0.5675939633264464,0.19032544619437597,1.3940492503058703,34.357398111071404,0.0076066392521310505,0.0021573079041649675,0.008995848953193263,True,False,False,0.04396057010670364,0.0,1,True,0.0013558639911934733
532,True,0.3013109307353531,0.4029393209862269,0.2674348006517285,0.6306075862707812,0.8103156763699023,0.45497129156925686,0.46087960736148825,0.14846152269979748,1.709674264581447,26.590098906742057,0.007346218762410054,0.004310720120833787,0.00783025409761565,True,False,False,0.04423984571166689,0.0,1,True,0.00046244400436989963
533,True,0.30111383642338047,0.4044441252932486,0.2666704068000911,0.6473420211354901,0.8133729803134462,0.4542946150831157,0.33729296109721196,0.1323523186561164,0.7215617780602273,43.78828051112538,0.007654439255340429,0.0021383234632137834,0.01172623299912785,True,False,False,0.04441474955213055,0.0,1,True,0.0004725940234493464
534,True,0.2993544728903737,0.40332197856059254,0.2646986376669674,0.6565427307275247,0.829419508842863,0.45357614494310045,0.20252480805011408,0.1077615503361141,1.0970358331406,16.333706107009,0.008075704688619859,0.004309814961578586,0.016231007583741172,False,False,False,0.04436246613375546,0.0,1,True,0.0004646689922083169
535,True,0.2958057208574632,0.39911738978686634,0.2613684978809955,0.6575482301171257,0.8545455046356042,0.4528174211059318,0.05937180088587699,0.09203325332003015,1.2147566785238277,8.602361807057287,0.008557805348596582,0.008059405355296043,0.022576135050018462,False,False,False,0.04403466139384912,0.0,1,True,0.00047328401706181467
536,True,0.29080584921050584,0.3923561795577622,0.25695573909475367,0.6514169410509344,0.8837755969100455,0.45202617315125865,0.08017602034019002,0.09886509123246498,1.24861404811925,6.947748818198779,0.009081406547025023,0.013498311357407526,0.027429204538338896,False,False,False,0.04337125481570556,0.0,1,True,0.00047821400221437216
537,True,0.28330189832956065,0.38147183538093016,0.25057858597910415,0.6362962152885259,0.9228735043736231,0.451235067163791,0.23500481237722531,0.11694365392633213,1.100622091750998,7.889828464438603,0.009512038234191486,0.02156201043653228,0.03626318150309219,False,False,False,0.04233028723317914,0.0,1,True,0.0004732240049634129
538,True,0.27174727861481374,0.3640965573550103,0.24096418570141484,0.6101306650141878,0.9233281550391856,0.4504623818782094,0.42317268681824083,0.13724002895705226,1.1751146855995906,22.3961959981805,0.009695860673915565,0.030450587827053236,0.050660175150356694,False,False,False,0.04102498804164257,0.0,1,True,0.0004700279969256371
539,True,0.2576014001643734,0.3425051379197779,0.2293001542459052,0.5788563758542574,0.9547239348338603,0.4497243802131654,0.6147923914733975,0.2057313829036986,2.629749532205515,48.364792826566294,0.009525221326032413,0.041728199056113725,0.05882856990754186,False,False,False,0.039460737435475485,0.0,1,True,0.0004757590068038553
540,True,0.24366614989030913,0.320807041455458,0.21795251936859286,0.5501072197392268,0.9673564121575429,0.44901507980956235,0.780162070503222,0.35418306653745874,4.74178996325519,73.84147937776709,0.009913713591293321,0.09099665175358312,0.058593483763441485,False,False,False,0.03693700999705379,0.0,1,True,0.0004685460007749498
541,True,0.23523049653997524,0.3072910561298841,0.21121031001000568,0.5362211658992339,0.945477532569374,0.44827130538014126,0.8735301017278589,0.5896526793790555,7.355346053342064,82.32583440911746,0.01160524971047473,0.17320957025423692,0.0429554479016864,False,False,False,0.03241408363385422,0.0,1,True,0.00046082097105681896
542,True,0.2342672859086339,0.30435669204533355,0.21090415052973407,0.5414300798483238,0.9286117346638398,0.4474644260301649,0.8873376047121602,0.969170407561847,11.752153925355307,139.54010975634424,0.015617507282329768,0.39304627415220933,0.03956012057639024,False,False,False,0.024274134021026787,0.0,1,True,0.00047493798774667084
543,True,0.23574554216970245,0.3029589019351253,0.2133410889145615,0.5549625716861323,0.9115917967364024,0.4465261570460959,0.8828287353951032,1.3141988364845596,10.803251623678955,92.8798968529814,0.02095132139465959,0.7599971929980209,0.11234027004695134,False,False,False,0.008503699160574035,0.0,1,False,0.00046501000178977847
544,True,0.23849182890821083,0.30200262786348886,0.21732156258978483,0.5673596705405995,0.9057492466062478,0.4452709519970476,0.8810911545185206,1.3674143447755807,5.783502960270151,300.781875874533,0.026279988600024173,1.395982061713879,0.13919399907324168,False,False,False,0.0,0.0,2,False,0.00047399598406627774
545,True,0.2456490984595964,0.30618629320779905,0.2254700335435288,0.5824148249776238,0.9122067280525232,0.4440587246035678,0.8721818543848807,1.0810128366263905,12.06803441747766,374.24995421281847,0.031276324916417034,1.9913454875661833,0.08995784002769651,False,False,False,0.0,0.0,2,False,0.00048259299364872277
546,True,0.2530474525269349,0.31416155979352567,0.2326760834380713,0.5594506075473541,0.8716095249932027,0.4432176410935988,0.8963449656389921,1.6232283526032119,36.60217128879721,1051.8012059238351,0.04771215437852571,2.6858896204523948,0.03735409410415496,False,False,False,0.0,0.0,1,False,0.003118627006188035
547,True,0.27436363772877337,0.3418950176622803,0.25185317775093774,0.5656772682332036,0.8418195618107511,0.44179431134698177,0.890659275143648,1.0571026844458051,41.84342664602857,1930.997973289596,0.04606477323011708,3.0977668790452486,0.008225809859552742,False,False,False,0.0,0.0,1,False,0.0022299260017462075
548,True,0.29567939884362193,0.37211605338862785,0.27020051399528655,0.5703500281058552,0.7562426303034252,0.4404804012579968,0.9176617389466311,1.5457270265446144,24.84437179228746,696.8128447054177,0.050327930527443124,3.4647530257542885,0.041720038165107366,False,False,False,0.008896271136285749,0.0,1,False,0.001813417999073863
549,True,0.31181570074921816,0.39545757191877406,0.2839350770260328,0.5808331212394408,0.9228668506412663,0.43923938877227015,0.9858554147490806,2.081401526206963,21.3077361995975,174.05697952902136,0.053331446925645815,3.717499517301349,0.08419172397316195,False,False,False,0.027562791054876114,0.0,1,True,0.0017828309792093933
550,True,0.2962747157526984,0.3721342615300852,0.2709882004935695,0.5549403804229041,0.8710355929622322,0.4381610008726918,1.2007978445384755,1.9595959722076148,8.911819270488415,706.8416148635811,0.04512389110842414,2.9727555145673406,0.13109053335478923,False,False,False,0.032319530847105656,0.0,1,True,0.0018082089954987168
551,True,0.27187940985392345,0.33371773139290234,0.2512666360075972,0.5213887763590399,0.8264163591393249,0.43749902945003755,1.3683799402098347,0.7691954525192936,78.57287557576494,2288.711485686649,0.02559961391945676,0.25106644040325377,0.21160315292937443,False,False,False,0.042806447634978095,0.0,1,True,0.0004616130026988685
552,True,0.2697358036696772,0.32981581755936884,0.2497091323731133,0.532297440179696,0.7989776612399069,0.43674614875922124,1.391866229218752,1.119550799192493,11.726586097712154,2057.828417331876,0.026097980215831647,0.07005924282019992,0.31565983938326114,False,False,False,0.04658353339001217,0.0,1,True,0.0004727329942397773
553,True,0.2885899121701601,0.3564668019675858,0.2659642822376848,0.5851050253129829,0.7881005906641569,0.43554009251425896,1.2908819076906302,0.8654041908255942,13.587910616000677,642.6870891589876,0.022936600595249646,0.09633259594152459,0.5521256195316007,False,False,False,0.04796593759735397,0.0,1,True,0.0004647790046874434
554,True,0.26916034831739916,0.3208155022258408,0.2519419636812519,0.5745107568593595,0.807163003882556,0.43496143668449305,1.403190888142101,0.8140947481803178,16.958294053075686,161.8499892146738,0.01893539474368662,0.0668675146344663,0.8460957994966263,False,False,False,0.04848633083662612,0.0,1,True,0.00047547899885103106
555,True,0.25313619798973475,0.291682305876142,0.2402874953609324,0.5658243596023258,0.827573272416219,0.4344837543132286,1.4871582566437989,0.6732886909785226,10.822315283688273,407.14740115990185,0.01708107512809249,0.018867727695544942,1.0120103773763056,True,False,True,0.04827795655817107,0.0,1,True,0.0004643680003937334
556,True,0.2509778447870584,0.28605881880966105,0.23928418677952426,0.577171143843262,0.8393508668501454,0.43411675502600094,1.487847763135335,0.6390047937209106,7.436148992405891,136.05136877724087,0.01590152876286663,0.009457522918055792,0.9394924856724415,True,False,False,0.047453729350138786,0.0,1,True,0.0004574850026983768
557,True,0.24522454537697289,0.2854998346732194,0.2317994489448907,0.5579804327994395,0.8642726861604507,0.43392485834689476,1.4735097054683222,1.140277573212787,22.2374470116068,619.3318983240401,0.027661283331569683,0.049153862947820565,0.9812640686904838,True,False,True,0.04715091624367995,0.0,1,True,0.0009034590038936585
558,True,0.2409402109834643,0.2819945918016884,0.2272554173773896,0.5449115380183653,0.8787320907435767,0.4333665747130491,1.4725534063266734,0.5965641382684226,19.889341707068038,1210.0028945178685,0.017425828999863998,0.03424303712859356,0.8648617501799396,True,False,True,0.046031503963945314,0.0,1,True,0.0009070450032595545
559,True,0.24031754672416392,0.2820067995181656,0.22642112912616338,0.5393837161720328,0.8869831502330976,0.43267381920213144,1.4623773540657645,0.4156598958048142,9.308446296797124,344.6786061548546,0.012822451207440091,0.028851430221072834,0.6427253485428287,True,False,True,0.04504816703839721,0.0,1,True,0.0009030369983520359
560,True,0.2449405442079542,0.29006263962034773,0.22989984573715636,0.5443494109588765,0.8920380546146887,0.43184254967270425,1.4241072287130392,0.38852600324170866,5.621222681200276,127.0469088963862,0.011200186967451755,0.024857480353077367,0.5407399236897306,True,False,True,0.044066800889003915,0.0,1,True,0.001313162996666506
561,True,0.25058353708149744,0.3003914668913799,0.23398089381153664,0.5476413077581674,0.8907254082179666,0.43092013673297347,1.3778315703470183,0.40756332501449,4.517928115310433,82.30091695506843,0.010953809150184238,0.021088493141965616,0.5316243570312494,True,False,True,0.043187109207543116,0.0,1,True,0.0013632780173793435
562,True,0.2550523070110929,0.3092903543160207,0.2369729579094503,0.5465917962883476,0.8798722699510886,0.42997787823905737,1.3356966460131672,0.4448197924443802,2.676634132616117,62.406153910000526,0.011113058966289625,0.019236911935296943,0.5278987425088623,True,False,True,0.042420777641208794,0.0,1,True,0.0013426289951894432
563,True,0.2646818002691869,0.32589002285818974,0.24427905940618602,0.5571325174832928,0.8645728019278569,0.42901480664271296,1.2610610027985578,0.4514973067461227,2.8917420003426146,61.39253067662253,0.01103471804511861,0.011871069079634847,0.5000620924696745,True,False,True,0.04193765923601545,0.0,1,True,0.0013508539996109903
564,True,0.2771912723178269,0.34677256756625285,0.2539975072350183,0.5773939027878028,0.8578885584642553,0.428132905576171,1.1645759915723934,0.46862419404181876,3.1182307843810326,43.422629635575085,0.012089850944336261,0.004042657911850686,0.4914672032532944,True,False,False,0.04181120692320576,0.0,1,True,0.0013600109959952533
565,True,0.2981649132994548,0.38099264869793814,0.2705556681666271,0.621097348547063,0.8713608270431138,0.4273414833582564,0.9988353818454601,0.4864328711766477,2.3599004892065434,53.31226662985226,0.013709990378320418,0.0034369862130538506,0.4754114263216435,True,False,False,0.041953422281483126,0.0,1,True,0.0013804500049445778
566,True,0.3315459623476997,0.4361113776618613,0.2966908239096458,0.7013769431550352,0.9143433715440195,0.42673524640240257,0.7139061244347646,0.41158026161610956,7.257263456011612,205.07150418656022,0.014629388708198241,0.009966060354829179,0.226911044802543,True,False,False,0.042413179053668745,0.0,1,True,0.0009150510013569146
567,True,0.3814025229621832,0.5170846708626846,0.3361751403286828,0.8261720002512232,0.9858370309981292,0.4264099211153998,0.19884255906347925,0.3550781816906186,7.768150471788445,129.81239663312374,0.01540618397326157,0.011673159428700368,0.13423209394110905,True,False,True,0.04240756067570946,0.0,1,True,0.00047058999189175665
568,True,0.4119927994644124,0.5641539941631898,0.3612724012314867,0.9071135040965006,1.0311369802942414,0.4262079023002224,0.32335450598613996,0.5661685637238608,8.591704915165376,419.2795298315579,0.020531885609781506,0.01135810255776809,0.08572409407592806,True,False,True,0.04188274545722874,0.0,1,True,0.000906525005120784
569,True,0.41537775780484876,0.5702128147318514,0.3637660721625146,0.915141503856627,0.9798391079421995,0.4263152138447621,0.5187605348540225,0.4945188480955426,9.825353464679152,466.24713681344514,0.01951474678415141,0.02680992725367519,0.05271066004321945,False,False,False,0.03934224346379722,0.0,1,True,0.0009166740055661649
570,True,0.4116636347208099,0.5644597618080519,0.36073159235839597,0.9001513592027529,0.9499343384932786,0.42653690435441804,0.48622625113431334,0.5898680847369151,5.264479002738066,182.20040314951302,0.01938861842336021,0.060923890719559476,0.012883657144310293,False,False,False,0.03547435235523012,0.0,1,True,0.0009301989921368659
571,True,0.40668956411291096,0.5562983997419171,0.35681995223657564,0.8757372511160185,1.1438156838752664,0.42690101702147243,0.43370973699020227,0.5298288749172272,4.54438709888301,197.4515574348872,0.017168883909370467,0.15892138822369622,0.023564265021515447,False,False,False,0.030842891458789205,0.0,1,True,0.0009229560091625899
572,True,0.40061133346232936,0.5455946752610759,0.3522835528627471,0.8422992853153821,1.09491617632357,0.4274565980800776,0.4396904011578664,0.3026822201302462,11.642959008595177,290.3255011334777,0.017464409485234075,0.5066873797006131,0.014130528063485033,False,False,False,0.026014409461408608,0.0,1,True,0.000918025994906202
573,True,0.3939145119903076,0.532871370071557,0.34759555929655783,0.807958078543162,1.0319359678766755,0.42811008778475124,0.6101990092930226,0.4074545771213594,12.977822219130106,175.04212843783483,0.01854297436531883,0.9910017871587093,0.02341600295563996,False,True,True,0.02723488061845053,0.0,1,True,0.0004756900016218424
574,True,0.3804720981719447,0.5089058319173432,0.3376608535901453,0.758250557840315,1.0016515694225638,0.42861668640566236,0.7330216631715688,0.6892302803058441,9.37939420438175,145.1791091866745,0.022196924368551148,1.5346744257853664,0.0262043600521393,False,True,True,0.03552198059411928,0.0,1,True,0.0004733849782496691
575,True,0.36311526025397656,0.4790294002201682,0.32447721359857934,0.7114442356441234,0.9909393299124489,0.4290430650801136,0.9453766308896581,0.9202738644949678,7.701635923632636,87.45314771683815,0.0242392363038603,1.7939907299131446,0.028697669690454772,False,True,True,0.042065832391861686,0.0,1,True,0.0004733449895866215
576,True,0.34164646939080023,0.4437807654938376,0.30760170402312115,0.6737560322647771,0.9077999876039472,0.429350654415721,1.1570342927428763,0.9843370855236478,2.9720409588179324,174.14629129350968,0.02516300476896364,1.915655545758357,0.021765356323776974,False,True,True,0.043523027410577904,0.0,1,True,0.0004790560051333159
577,True,0.3190081928870734,0.4076433776519948,0.2894631312987663,0.6454671835419354,0.7974805480862832,0.42957789462404244,1.3400116918524423,0.8843420166275409,4.225918743166351,173.27590029654996,0.02496302720148369,1.9285796704944478,0.014760182402109166,False,True,True,0.040714948730666674,0.0,1,True,0.0004649789771065116
578,True,0.28504236890388496,0.35536000608344687,0.2616031565106977,0.5954628055080504,0.7529067030464618,0.4297431001052298,1.734991948648897,0.7040006752894775,7.960726287559558,129.46788413941613,0.024242730921268434,1.8849778080407198,0.014671203056285026,False,True,True,0.036534427817453294,0.0,1,True,0.0004767010104842484
579,True,0.2681463554229066,0.33223784511026994,0.2467825255271189,0.5709680336694188,0.753509936917845,0.42968357613428104,1.8076667203057502,0.5106028898485612,11.315083122432869,124.015891116226,0.02216837972598719,1.7174170569586809,0.010605268411364072,False,True,True,0.034751192390312165,0.0,1,True,0.00045982899609953165
580,True,0.2860181006484286,0.36641016631525186,0.2592207454261542,0.6026555679960888,0.9063599562671212,0.42928979832150377,0.807356073736013,0.5796132351733775,13.884054455250398,94.46413925982537,0.020028170280480328,1.4456191211388656,0.015224714308073187,False,True,True,0.03752184648725085,0.0,1,True,0.00047547899885103106
581,True,0.26514594523649515,0.3419298993369462,0.23955129386967813,0.5146368398217622,0.9574239094721011,0.4284716801410051,0.01965082986457365,0.9609512326931031,16.81504387908436,266.9426426613659,0.013778825082587464,0.44059345074238065,0.0328510153492589,False,True,True,0.042522270924625245,0.0,1,True,0.0004686060128733516
582,True,0.27300445427695935,0.3558794119481149,0.24537946838657423,0.5013605642693943,0.8979626601263136,0.4274910874562294,0.3251360628822561,0.8808684490931054,7.674453727543635,578.8165926586514,0.009468795889536474,0.06089923348042069,0.027705674014730175,False,True,True,0.0439458667182706,0.0,1,True,0.0004640270199161023
583,True,0.2768979186564631,0.36125561073149026,0.2487786879647875,0.4758582875066088,0.8995003187505627,0.4264155072411575,0.8554962254133948,0.6701978129500046,9.370113610243548,215.35366487887455,0.006005987785697851,0.030566197484351604,0.023598191108168295,False,False,False,0.0422671988759737,0.0,2,True,0.0004710099892690778
584,True,0.2739555374853258,0.355328572283697,0.24683119255253538,0.44717695287222853,0.9350060753921827,0.42544848534310475,1.0359367638448382,0.5248862483964819,8.002394952483481,102.71877952339882,0.004774750531950554,0.020819444736519914,0.015179310132942828,True,False,True,0.04105426320067525,0.0,2,True,0.0004635570221580565
585,True,0.27175145899755176,0.349674450975215,0.24577712833833074,0.43269424317103705,0.9260880973623404,0.42472810160772967,1.0805272272578594,0.4855566759551879,5.684980417720871,107.5874323827753,0.005704432033036668,0.010423562556967882,0.008259899955600735,True,True,True,0.04072210584169941,0.0,2,True,0.0004735049733426422
586,True,0.26948517062527566,0.34329061672699956,0.24488335525803437,0.4256646469963528,0.9052673327108818,0.4241907390312853,1.155004001682151,0.4316813662112666,3.3828129300009095,110.19774710209158,0.00598939061738928,0.00769163058999456,0.006605087272021964,True,True,False,0.04094122951605954,0.0,2,True,0.0004610220203176141
587,True,0.26853567864940225,0.3396854933758915,0.24481907374057255,0.4253900673699483,0.9077856651416628,0.4235861578052575,1.1820144207466041,0.31536988961874257,3.8559039035211424,108.00897673089325,0.00564226998646717,0.003256469091523251,0.012496414592170275,True,True,True,0.04137022986357435,0.0,2,True,0.00048095901729539037
588,True,0.2688118091624197,0.339184997113161,0.24535407984550592,0.43156959257167776,0.9007650969964698,0.4229191776177873,1.1586013999265103,0.21313915521802057,3.871643629340838,40.10355083992882,0.005437048590737196,0.004240871159889559,0.009054535287468114,True,True,False,0.04187053096120958,0.0,2,True,0.000469717982923612
589,True,0.26967803176476246,0.3402466508598173,0.2461551587330775,0.44104590675034167,0.8982127810739813,0.4221919546753908,1.0991802992790738,0.17622818954932534,3.343681648043847,28.41710896768972,0.005987804141155683,0.008133572095931645,0.008443543028060585,False,True,False,0.042574008565274137,0.0,2,True,0.0004669030022341758
590,True,0.2699671242489972,0.34023369111834517,0.24654493529254784,0.44944836823674245,0.8886880088904522,0.42148031361840027,1.0624228665449011,0.18925623818457737,2.1461043342860826,56.46939992116656,0.006644554871771298,0.002558903817884178,0.009541046232273823,True,True,False,0.04318309197107687,0.0,2,True,0.0004907879920210689
591,True,0.2701536314413302,0.340414224966205,0.24673343359970534,0.46004119011003614,0.889127411188247,0.42081486697452175,1.0555227294551555,0.19481209870878477,1.8498297847502443,57.012142984929675,0.006655563219093596,0.004306805232457458,0.010513624375435496,True,True,True,0.04374539720042697,0.0,2,True,0.0004612829943653196
592,True,0.27036892335503593,0.34126320858325615,0.24673749494562922,0.4717817004553835,0.9095401190479321,0.42023177482817076,1.0864665598883734,0.18852704886009863,1.4462251078024506,43.7855381822491,0.006196801278584555,0.005196937462173456,0.008572167190606123,True,True,False,0.044098327945273505,0.0,2,True,0.00047249399358406663
593,True,0.2711977392419429,0.34323439205232287,0.24718552163848295,0.4863194489489251,0.9064217791434415,0.4195798022099947,1.1065958033912808,0.16986599587954065,1.2514896963072597,42.672067045338295,0.006013166203635768,0.005769537083666299,0.006573003689405519,True,True,False,0.04441628343997118,0.0,2,True,0.0004643279826268554
594,True,0.2724733254890141,0.3458871766368948,0.24800204177305385,0.5029541810674087,0.9036471432929692,0.4188597670139445,1.1303661429310237,0.16452763164416065,1.1537800143567707,12.182688845235242,0.005911174263258532,0.005130492290796205,0.0074650570923576265,True,True,False,0.04469423838815065,0.0,2,True,0.00047826499212533236
595,True,0.27386015273344316,0.3487123276600625,0.24890942775790334,0.5184717907974125,0.8995844293827622,0.41808497416975676,1.1642204044061104,0.15376986575018453,0.8002199335959607,18.044155616155496,0.005797927655402633,0.003448807231778611,0.007770676130269802,True,True,False,0.04490289975741343,0.0,2,True,0.00046469797962345183
596,True,0.275251005252084,0.35169793373876795,0.24976869575652275,0.5308726739421696,0.898934646888484,0.41727920317957895,1.2009886006999568,0.12975899295988616,0.9105007015096568,21.703224041569484,0.0056005201552477655,0.005659304856676103,0.006572158713622683,True,True,False,0.045073292323288244,0.0,2,True,0.0004842350026592612
597,True,0.27638397165014095,0.3544849589085597,0.2503503092306681,0.5390717779452677,0.9014581949983926,0.41645551374005774,1.243771763264309,0.10476494378167002,0.9680151827591291,17.638338728165653,0.0055692532308646465,0.0070404083281271936,0.005824700811923717,True,True,False,0.045218986126745915,0.0,2,True,0.0004714620008599013
598,True,0.2772446084488787,0.35693320558161196,0.25068174273796756,0.5427132865011863,0.9085868959134581,0.41561296270622927,1.2917558582421937,0.08149654245955884,0.9479896900218374,7.7173740461079365,0.0056093947308741106,0.00981628591722703,0.005335200105436557,False,True,False,0.04537626150775198,0.0,2,True,0.0009267420100513846
599,True,0.277684721796392,0.358501812061896,0.25074569170789063,0.5416450986245521,0.9119651134980983,0.41473763520565426,1.3480362178833933,0.052249494139149914,1.46244329518812,26.900537765057337,0.0054256301922659305,0.00923253327288878,0.005303444064263751,False,True,False,0.045527743360883034,0.0,2,True,0.0009163719951175153
