label,frame,root_position_residual_m,four_ee_position_residual_m,dense_added_position_residual_m,all_declared_position_residual_m,left_wrist_position_residual_m,right_wrist_position_residual_m,left_ankle_position_residual_m,right_ankle_position_residual_m,torso_position_residual_m,head_position_residual_m,left_shoulder_position_residual_m,right_shoulder_position_residual_m,left_elbow_position_residual_m,right_elbow_position_residual_m,left_hip_position_residual_m,right_hip_position_residual_m,left_knee_position_residual_m,right_knee_position_residual_m,left_toe_position_residual_m,right_toe_position_residual_m
sparse-neutral,0,7.40242979699335e-05,0.013849729484841729,0.0,0.01109458844746737,0.0354058595490162,0.01996987608501236,1.7852710221379315e-05,5.329595116977264e-06,,,,,,,,,,,,
sparse-neutral,1,6.846985652406146e-05,0.013707222888368087,0.0,0.010979472281999282,0.033958987017442266,0.020851495682507295,1.4174848469456528e-05,4.2340050533296365e-06,,,,,,,,,,,,
sparse-neutral,2,6.96603259123893e-05,0.013711460178691291,0.0,0.01098310020813551,0.033925832770970304,0.020895208611142663,1.5717331874803388e-05,9.08200077739212e-06,,,,,,,,,,,,
sparse-neutral,3,7.036923071722303e-05,0.013732121164802087,0.0,0.010999770777985115,0.033907805581128596,0.020994905663654913,1.607978656914359e-05,9.693627855696914e-06,,,,,,,,,,,,
sparse-neutral,4,7.112035516853444e-05,0.013768795443571591,0.0,0.01102926042589098,0.03392069556545732,0.021127872090202504,1.6355911160752288e-05,1.0258207465783723e-05,,,,,,,,,,,,
sparse-neutral,5,7.201955146358525e-05,0.01382060516893224,0.0,0.011070888045438508,0.03396038931468361,0.021295274953495327,1.6402302362837103e-05,1.0354105187183738e-05,,,,,,,,,,,,
sparse-neutral,6,7.296467030074526e-05,0.01389200477048728,0.0,0.011128196750449971,0.03403398294989653,0.021507759299878634,1.6138265957674914e-05,1.0138566216277652e-05,,,,,,,,,,,,
sparse-neutral,7,7.381282819937978e-05,0.01396182789048031,0.0,0.011184224878024123,0.03411033709344167,0.02171134567551079,1.5864988457696322e-05,9.76380451109549e-06,,,,,,,,,,,,
sparse-neutral,8,7.449924137130282e-05,0.01402681673076044,0.0,0.011236353232882612,0.03418647330410843,0.021895815705967794,1.5620618679400783e-05,9.357294286129554e-06,,,,,,,,,,,,
sparse-neutral,9,7.508766072889316e-05,0.014095932892693041,0.0,0.01129176384630021,0.03427008522062959,0.022088946007133816,1.5507581743344607e-05,9.192761265408675e-06,,,,,,,,,,,,
sparse-neutral,10,7.551466914996036e-05,0.014169712477625376,0.0,0.011350872915930291,0.03434852083229401,0.022307678847459118,1.4859880236095874e-05,7.79035051227586e-06,,,,,,,,,,,,
sparse-neutral,11,7.573645956419053e-05,0.0142606126589306,0.0,0.011423637419057319,0.034445271869027246,0.022576264519966575,1.415296991039794e-05,6.761276818182584e-06,,,,,,,,,,,,
sparse-neutral,12,7.600693899037084e-05,0.014349767060939513,0.0,0.011495015036549682,0.034537182526914754,0.022841992423400948,1.3710041608362457e-05,6.183251833984645e-06,,,,,,,,,,,,
sparse-neutral,13,7.625816696442155e-05,0.014425305948142645,0.0,0.011555496391907002,0.03459653895201312,0.023085576673610508,1.3408650141526716e-05,5.699516805426593e-06,,,,,,,,,,,,
sparse-neutral,14,7.651785283030614e-05,0.014485627031111933,0.0,0.011603805195455608,0.0346263962943257,0.023297726716299216,1.3185157767734495e-05,5.199956055083919e-06,,,,,,,,,,,,
sparse-neutral,15,7.671748911993847e-05,0.014527342506520139,0.0,0.0116372175030401,0.03461543286561619,0.023476209265826515,1.2946496507631165e-05,4.781398130217054e-06,,,,,,,,,,,,
sparse-neutral,16,7.669965448385596e-05,0.014569323751235473,0.0,0.01167079893188515,0.03460094694194811,0.02365921425295444,1.2637952576333098e-05,4.495857463009798e-06,,,,,,,,,,,,
sparse-neutral,17,7.649689711713735e-05,0.014605676424937923,0.0,0.011699840519373766,0.034572844142308934,0.023833407858453035,1.2289235967254942e-05,4.164463022470641e-06,,,,,,,,,,,,
sparse-neutral,18,7.639157693664702e-05,0.014638815999708905,0.0,0.011726331115154453,0.03455679473490307,0.02398245222374304,1.208976263302637e-05,3.927277556488199e-06,,,,,,,,,,,,
sparse-neutral,19,7.611125393156073e-05,0.014656001330501675,0.0,0.011740023315187652,0.03450774098724179,0.024100754663312133,1.1786494192817442e-05,3.723177259952234e-06,,,,,,,,,,,,
sparse-neutral,20,7.560073711113113e-05,0.014664303595426415,0.0,0.011746563023763357,0.03444009859945537,0.024202105228306032,1.1552039479685882e-05,3.458514464564023e-06,,,,,,,,,,,,
sparse-neutral,21,7.509875532266325e-05,0.014671895666122271,0.0,0.01175253628396235,0.034378449789680306,0.02429452521800446,1.1316447173545973e-05,3.291209630771224e-06,,,,,,,,,,,,
sparse-neutral,22,7.456406447108755e-05,0.0146820003801968,0.0,0.011760513117051657,0.03431488070390753,0.024398758550531644,1.1070698332532343e-05,3.2915680154904e-06,,,,,,,,,,,,
sparse-neutral,23,7.409874904943329e-05,0.014701915102521126,0.0,0.011776351831826787,0.03427384403744851,0.024519616076457546,1.0860736291577198e-05,3.339559886874045e-06,,,,,,,,,,,,
sparse-neutral,24,7.379897554421252e-05,0.014731263944186114,0.0,0.011799770950457734,0.03426183219591025,0.024649146318171753,1.0697471821685223e-05,3.379790840775693e-06,,,,,,,,,,,,
sparse-neutral,25,7.36089549263451e-05,0.014768870621751935,0.0,0.011829818288386817,0.03427041828035409,0.02479104881932917,1.0600698004507231e-05,3.4146893199716946e-06,,,,,,,,,,,,
sparse-neutral,26,7.3454773131927e-05,0.014812207835657454,0.0,0.01186445722315235,0.03429061976460888,0.024944406372265485,1.046700731522543e-05,3.338198440225856e-06,,,,,,,,,,,,
sparse-neutral,27,7.332285934357393e-05,0.014857594880822458,0.0,0.011900740476526681,0.03431296732060573,0.025103868288735665,1.03116901992336e-05,3.2322237491991546e-06,,,,,,,,,,,,
sparse-neutral,28,7.321423423846382e-05,0.014902198814891179,0.0,0.011936401898760636,0.0343316932171634,0.025263751666389507,1.0177577279645911e-05,3.1727987321628056e-06,,,,,,,,,,,,
sparse-neutral,29,7.311608881321081e-05,0.0149478887562653,0.0,0.011972934222774883,0.034355645285802545,0.025422697265321863,1.004486604163215e-05,3.167607895156689e-06,,,,,,,,,,,,
sparse-neutral,30,7.300948443690569e-05,0.014991614080309749,0.0,0.01200789316113518,0.03437581236638868,0.02557756934831532,9.90669690291514e-06,3.167909632075048e-06,,,,,,,,,,,,
sparse-neutral,31,7.287077302200933e-05,0.015032251229710712,0.0,0.012040375138372972,0.03438487538256028,0.025731312842564785,9.75867255785519e-06,3.0580211599322237e-06,,,,,,,,,,,,
sparse-neutral,32,7.265117767102879e-05,0.015061992469014978,0.0,0.012064124210746189,0.034362607943461465,0.02587275033886899,9.595666773544334e-06,3.015926955909053e-06,,,,,,,,,,,,
sparse-neutral,33,7.226078164874084e-05,0.015081449438671752,0.0,0.01207961170726715,0.03431705044122485,0.02599635472954781,9.422356047828962e-06,2.970227866517085e-06,,,,,,,,,,,,
sparse-neutral,34,7.169397178569086e-05,0.015094336046869224,0.0,0.012089807631852518,0.03425547468345297,0.026109637478480635,9.315794723734954e-06,2.9162308195577113e-06,,,,,,,,,,,,
sparse-neutral,35,7.090629365443027e-05,0.01508889411264597,0.0,0.01208529654884766,0.03414975505343609,0.026193775748094318,9.181440741965184e-06,2.864208311501535e-06,,,,,,,,,,,,
sparse-neutral,36,7.000901176677561e-05,0.015062021611510141,0.0,0.012063619091561468,0.03400154467389942,0.0262346640857986,9.037748469567803e-06,2.8399378729841696e-06,,,,,,,,,,,,
sparse-neutral,37,6.90716744146807e-05,0.01501619520885586,0.0,0.012026770501967623,0.03383158754297926,0.026221445646202064,8.872354187013934e-06,2.875292055093781e-06,,,,,,,,,,,,
sparse-neutral,38,6.818149079235392e-05,0.014961181865098079,0.0,0.011982581790236934,0.0336706424412355,0.026162491647843084,8.695425844492973e-06,2.8979454692293167e-06,,,,,,,,,,,,
sparse-neutral,39,6.755296221918484e-05,0.01491482333248221,0.0,0.011945369258429605,0.033556601380474615,0.02609134373223082,8.503077868055208e-06,2.845139355356922e-06,,,,,,,,,,,,
sparse-neutral,40,6.711199632725943e-05,0.014884031776026624,0.0,0.011920647820086751,0.03348769734925418,0.026037310003348753,8.327053199385308e-06,2.7926983041791332e-06,,,,,,,,,,,,
sparse-neutral,41,6.677850803586865e-05,0.014872308587508818,0.0,0.011911202571614227,0.033461501413289726,0.02601690065010911,8.116271113444211e-06,2.7160155229840512e-06,,,,,,,,,,,,
sparse-neutral,42,6.649936135411733e-05,0.014876413824949697,0.0,0.01191443093223058,0.03347002284403453,0.026025122515812824,7.899489308808835e-06,2.610450642619292e-06,,,,,,,,,,,,
sparse-neutral,43,6.630047610420737e-05,0.014886791729341795,0.0,0.01192269347869428,0.03349593178850803,0.0260408896325529,7.742933107800078e-06,2.6025631984590783e-06,,,,,,,,,,,,
sparse-neutral,44,6.617605388588539e-05,0.014888875327231562,0.0,0.011924335472562426,0.03350749805355807,0.026037649390436284,7.726346104158339e-06,2.6275188277340058e-06,,,,,,,,,,,,
sparse-neutral,45,6.601620543417621e-05,0.014886362336870332,0.0,0.011922293110583102,0.033514367134021804,0.026020743352695934,7.663542942206818e-06,2.675317821380563e-06,,,,,,,,,,,,
sparse-neutral,46,6.581204277364931e-05,0.014876876573061483,0.0,0.011914663667003915,0.03350249172480363,0.025994664134907666,7.671440068684459e-06,2.678992465946259e-06,,,,,,,,,,,,
sparse-neutral,47,6.555745007033325e-05,0.014863483812496145,0.0,0.011903898540010983,0.03347441867965952,0.02596918210221156,7.664412815574364e-06,2.67005529792663e-06,,,,,,,,,,,,
sparse-neutral,48,6.52385111581339e-05,0.014846629528131587,0.0,0.011890351324736897,0.03343508881470728,0.025941159541376903,7.627859549189712e-06,2.6418968929769867e-06,,,,,,,,,,,,
sparse-neutral,49,6.491612273912485e-05,0.014821572851852129,0.0,0.011870241506029527,0.03337306823619377,0.025903088427407586,7.555920958622403e-06,2.578822848537657e-06,,,,,,,,,,,,
sparse-neutral,50,6.459115398205049e-05,0.014778383391496988,0.0,0.011835624943994,0.03326640145585777,0.02583705459892958,7.5289777414714635e-06,2.5485334591276654e-06,,,,,,,,,,,,
sparse-neutral,51,6.42430385566967e-05,0.014739758386147165,0.0,0.011804655316629071,0.03316465954511259,0.025784587545043237,7.359473999713138e-06,2.426980433114186e-06,,,,,,,,,,,,
sparse-neutral,52,6.39995843117136e-05,0.014709527515583694,0.0,0.011780421929329299,0.03308105411045131,0.025747601546440572,7.140644564601025e-06,2.313760878295642e-06,,,,,,,,,,,,
sparse-neutral,53,6.385080090649201e-05,0.01468304148274928,0.0,0.011759203346380722,0.03300831558765481,0.02571467005494268,6.927254550740194e-06,2.2530338488879686e-06,,,,,,,,,,,,
sparse-neutral,54,6.366173562963835e-05,0.014654894965552627,0.0,0.01173664831956803,0.032934442390824534,0.02567615038736114,6.762830491393667e-06,2.224253533444996e-06,,,,,,,,,,,,
sparse-neutral,55,6.345473001130823e-05,0.014627793625788404,0.0,0.011714925846632984,0.032868142167977385,0.02563418206436692,6.66673520024006e-06,2.183535609067416e-06,,,,,,,,,,,,
sparse-neutral,56,6.322008542558812e-05,0.014604516258981105,0.0,0.01169625702427,0.03281234681331145,0.025597020378926454,6.583471804837134e-06,2.1143718816751255e-06,,,,,,,,,,,,
sparse-neutral,57,6.301961674456083e-05,0.014587640740250997,0.0,0.01168271651554971,0.032773451300435935,0.025568525303869605,6.524644242935108e-06,2.0617124555058647e-06,,,,,,,,,,,,
sparse-neutral,58,6.283921954847826e-05,0.014576243365126784,0.0,0.011673562536011123,0.03274633190288092,0.025550126511096803,6.4370975437691235e-06,2.0779489856441823e-06,,,,,,,,,,,,
sparse-neutral,59,6.269380074210223e-05,0.014570284402960126,0.0,0.011668766282516521,0.03272847200481168,0.025544223201201987,6.360712316560031e-06,2.081693510282941e-06,,,,,,,,,,,,
sparse-neutral,60,6.260094947613621e-05,0.014565802373412418,0.0,0.011665162088625163,0.03271376564513965,0.02554105406918205,6.3582201516420996e-06,2.031559176330476e-06,,,,,,,,,,,,
sparse-neutral,61,6.256503860251247e-05,0.014562400267628709,0.0,0.01166243322182347,0.032700828207798106,0.025540466421481042,6.336378939458239e-06,1.970062296226473e-06,,,,,,,,,,,,
sparse-neutral,62,6.251906515968828e-05,0.014558736442381476,0.0,0.011659492966937118,0.03268524201432135,0.02554150604559918,6.2709174090288875e-06,1.9267921963395827e-06,,,,,,,,,,,,
sparse-neutral,63,6.24322452899357e-05,0.014554035280942599,0.0,0.011655714673812068,0.03266416522609492,0.02554389022584098,6.200561255515886e-06,1.8851105789752077e-06,,,,,,,,,,,,
sparse-neutral,64,6.230079811369508e-05,0.014546785631136719,0.0,0.011649888664532114,0.03263305751816386,0.02554613925697867,6.098464691988968e-06,1.847284712357079e-06,,,,,,,,,,,,
sparse-neutral,65,6.21315141830063e-05,0.014533660699164796,0.0,0.011639354862168438,0.032583924099166967,0.025542859891987253,6.01252704715419e-06,1.8462784578090076e-06,,,,,,,,,,,,
sparse-neutral,66,6.184635393191022e-05,0.014511663024752734,0.0,0.011621699690588568,0.03250981274080462,0.025529099019312954,5.9185412618415186e-06,1.8217976315234482e-06,,,,,,,,,,,,
sparse-neutral,67,6.173021409159435e-05,0.014485053921106503,0.0,0.011600389179703522,0.03243672392957282,0.02549579374573825,5.852523094920491e-06,1.8454860200138143e-06,,,,,,,,,,,,
sparse-neutral,68,6.166772045435056e-05,0.014456790945798232,0.0,0.011577766300729455,0.03236081091551981,0.025458678400720042,5.812402835604961e-06,1.8620641174670367e-06,,,,,,,,,,,,
sparse-neutral,69,6.169653347343527e-05,0.014432175453742436,0.0,0.011558079669688635,0.03229523432736409,0.025425787151889055,5.794944093877182e-06,1.8853916227221863e-06,,,,,,,,,,,,
sparse-neutral,70,6.18253191717706e-05,0.014412216140632733,0.0,0.01154213797634054,0.0322407399003913,0.025400416063021312,5.799737605365708e-06,1.908861512952372e-06,,,,,,,,,,,,
sparse-neutral,71,6.206723487002924e-05,0.014397621951648596,0.0,0.011530511008292884,0.03219940664398728,0.025383381870745646,5.801756044909913e-06,1.8975358165521562e-06,,,,,,,,,,,,
sparse-neutral,72,6.241369392697396e-05,0.014387425538056567,0.0,0.01152242316923065,0.032170571225676875,0.025371501170703168,5.7522064298421186e-06,1.8775494163875154e-06,,,,,,,,,,,,
sparse-neutral,73,6.28449882812348e-05,0.014385350171608755,0.0,0.01152084913494325,0.03216162652349525,0.025372219415967158,5.69800210230182e-06,1.856744870302408e-06,,,,,,,,,,,,
sparse-neutral,74,6.33163127758289e-05,0.014390062729146275,0.0,0.011524713445872185,0.03216910911933534,0.025383693672035506,5.620062229663339e-06,1.828062984591876e-06,,,,,,,,,,,,
sparse-neutral,75,6.375659338624862e-05,0.014395053064875542,0.0,0.011528793770577684,0.032170364406327506,0.025402482158089185,5.5517285838676605e-06,1.813966501613003e-06,,,,,,,,,,,,
sparse-neutral,76,6.417882529048394e-05,0.014401738341443293,0.0,0.011534226438212732,0.032175185557380956,0.025424503262645785,5.461013014695234e-06,1.8035327317341946e-06,,,,,,,,,,,,
sparse-neutral,77,6.459007622217925e-05,0.01440700105751013,0.0,0.011538518861252539,0.03217746909974473,0.025443285826266225,5.4555347849988395e-06,1.7937692445718113e-06,,,,,,,,,,,,
sparse-neutral,78,6.487572222334118e-05,0.014410822179861744,0.0,0.011541632888334064,0.0321771418253813,0.02545893441935041,5.449390785217319e-06,1.763083930049833e-06,,,,,,,,,,,,
sparse-neutral,79,6.500918422571925e-05,0.01441139685219275,0.0,0.011542119318599341,0.032172346661453875,0.025466039993738202,5.465043396017825e-06,1.7357101829027413e-06,,,,,,,,,,,,
sparse-neutral,80,6.497420779607686e-05,0.01440851897845937,0.0,0.011539810024326708,0.03215777451960046,0.025469280779453634,5.324505946611855e-06,1.696108836770369e-06,,,,,,,,,,,,
sparse-neutral,81,6.47943878232755e-05,0.014401386761841413,0.0,0.011534068287037787,0.03213223057684017,0.0254664529189176,5.201372126565434e-06,1.6621794813246459e-06,,,,,,,,,,,,
sparse-neutral,82,6.443736655351785e-05,0.014383654904929254,0.0,0.011519811397254106,0.03207841479581235,0.025449491555104904,5.12502741321812e-06,1.5882413865387255e-06,,,,,,,,,,,,
sparse-neutral,83,6.392543640139356e-05,0.0143561520356285,0.0,0.011497706715783079,0.0319964030775866,0.025421707245368054,4.973700119107958e-06,1.524119440238705e-06,,,,,,,,,,,,
sparse-neutral,84,6.335148490485516e-05,0.014330198711163417,0.0,0.011476829265911705,0.03192052745770751,0.025393959394482905,4.855495145989362e-06,1.4524973172657223e-06,,,,,,,,,,,,
sparse-neutral,85,6.275926486335552e-05,0.014306483118732253,0.0,0.011457738347958473,0.0318565266262895,0.025363253624292793,4.708544170352648e-06,1.4436801763623763e-06,,,,,,,,,,,,
sparse-neutral,86,6.218938266558096e-05,0.014289891589217217,0.0,0.01144435114790689,0.03180924635110415,0.0253443343779173,4.588821694086817e-06,1.396806153331003e-06,,,,,,,,,,,,
sparse-neutral,87,6.17449325068714e-05,0.014278420112429567,0.0,0.011435085076445028,0.031777756534353135,0.025330071992150573,4.505996852530622e-06,1.345926362025545e-06,,,,,,,,,,,,
sparse-neutral,88,6.14418365089333e-05,0.014270112224395368,0.0,0.011428378146818081,0.031755882991311685,0.025318809856225123,4.41578175839998e-06,1.3402682862625398e-06,,,,,,,,,,,,
sparse-neutral,89,6.120975052079746e-05,0.014267683410332297,0.0,0.011426388678369998,0.03174850194925449,0.02531656456639999,4.346183225956391e-06,1.3209424487510005e-06,,,,,,,,,,,,
sparse-neutral,90,6.101820111214133e-05,0.01427020748506696,0.0,0.011428369628275998,0.031751171891670114,0.025324083277269066,4.283552819051936e-06,1.2912185096041998e-06,,,,,,,,,,,,
sparse-neutral,91,6.0845552270694384e-05,0.014276917928035942,0.0,0.01143370345288289,0.03176453157810601,0.02533765506852994,4.23524853322176e-06,1.2498169745943912e-06,,,,,,,,,,,,
sparse-neutral,92,6.067576868922007e-05,0.014290504019810192,0.0,0.011444538369585998,0.031797106406887286,0.025359406664502267,4.232087719046359e-06,1.2709201321718174e-06,,,,,,,,,,,,
sparse-neutral,93,6.044829546334075e-05,0.014302040067554124,0.0,0.011453721713135967,0.031824987523625045,0.025377616346883913,4.238553162717378e-06,1.3178465448118207e-06,,,,,,,,,,,,
sparse-neutral,94,6.001416608929078e-05,0.014304395908020236,0.0,0.011455519559634048,0.03182589939143337,0.025386168811015054,4.178967585987402e-06,1.33646204653574e-06,,,,,,,,,,,,
sparse-neutral,95,5.9300648700180796e-05,0.0142975712919465,0.0,0.011449917163297236,0.03179350357602454,0.02539144666172777,4.071135694518654e-06,1.2637943391678817e-06,,,,,,,,,,,,
sparse-neutral,96,5.8575414088224214e-05,0.014281828436899392,0.0,0.011437177832337159,0.03173699970964954,0.025385207990084317,3.932303004684752e-06,1.1737448590184305e-06,,,,,,,,,,,,
sparse-neutral,97,5.797480756560955e-05,0.014262473349663136,0.0,0.01142157364124363,0.03167650497086033,0.025368479999536057,3.7963597636949664e-06,1.1120684924610595e-06,,,,,,,,,,,,
sparse-neutral,98,5.750964364756737e-05,0.014245768239449213,0.0,0.011408116520288884,0.031621568460287505,0.02535672954999426,3.6768730406547725e-06,1.0980744744282921e-06,,,,,,,,,,,,
sparse-neutral,99,5.7266727073122436e-05,0.014243730842737404,0.0,0.011406438019604549,0.03160300841533421,0.02536732147776639,3.58697582264856e-06,1.0065020263559005e-06,,,,,,,,,,,,
sparse-neutral,100,5.724118680139703e-05,0.014255149375110254,0.0,0.011415567737448482,0.031619898621743775,0.02539617307482508,3.574491947327615e-06,9.5131192482729e-07,,,,,,,,,,,,
sparse-neutral,101,5.746226259624759e-05,0.014270294370883264,0.0,0.01142772794922586,0.031649016738343985,0.0254276250711506,3.574216976664319e-06,9.614570618066348e-07,,,,,,,,,,,,
sparse-neutral,102,5.788272236761011e-05,0.014227410605617271,0.0,0.011393505028967339,0.03156016013605821,0.025344681219225604,3.761093765584647e-06,1.039973419689759e-06,,,,,,,,,,,,
sparse-neutral,103,5.751210988121894e-05,0.014118701972948351,0.0,0.011306464000334925,0.031351141037370696,0.025118263825053687,4.14880398718901e-06,1.2542253818288002e-06,,,,,,,,,,,,
sparse-neutral,104,5.553628095396706e-05,0.013865907840974431,0.0,0.011103833528970337,0.030786324755705752,0.02467160863534254,4.23710043349754e-06,1.4608724159331873e-06,,,,,,,,,,,,
sparse-neutral,105,5.0657153152208634e-05,0.01337228298893169,0.0,0.010707957821775794,0.02966251820021779,0.0238191385479049,4.882787895241264e-06,2.5924197088292942e-06,,,,,,,,,,,,
sparse-neutral,106,4.194391423362529e-05,0.012442940440452101,0.0,0.009962741135208406,0.027631360939920656,0.022128409889897734,6.799203109606234e-06,5.191728880410949e-06,,,,,,,,,,,,
sparse-neutral,107,2.8040837007783693e-05,0.010762755490538244,0.0,0.008615812559832153,0.02394469742416699,0.01910334515069794,2.2309012672183216e-06,7.484860208301107e-07,,,,,,,,,,,,
sparse-neutral,108,1.1640786386947366e-05,0.00813329427511501,0.0,0.0065089635773693975,0.01807384929987158,0.0144577032050751,1.2015676008953804e-06,4.2302791246034557e-07,,,,,,,,,,,,
sparse-neutral,109,2.548263898266444e-06,0.004359598581386281,0.0,0.0034881885178886783,0.00963643980072563,0.007801523502675348,2.113466887015361e-07,2.196754554451505e-07,,,,,,,,,,,,
sparse-neutral,110,1.8654295215249278e-05,0.0006963286505949399,0.0,0.0005607937795190017,0.001592780626378499,0.0011386418115749643,2.477018108085515e-05,2.9121983345441273e-05,,,,,,,,,,,,
sparse-neutral,111,2.3964790662342652e-05,0.005762328076942657,0.0,0.004614655419686594,0.012965241482003037,0.010027225420670452,2.6341596392758482e-05,3.0503808704383955e-05,,,,,,,,,,,,
sparse-neutral,112,7.167189143803844e-05,0.011511733293994861,0.0,0.009223721013483496,0.02547281579286651,0.020532596864363546,2.037641208385057e-05,2.1144106665539685e-05,,,,,,,,,,,,
sparse-neutral,113,0.00016424655557894968,0.017388105951912838,0.0,0.013943334072646061,0.03776299142766285,0.03176460839696763,1.699213672506373e-05,7.831846295800752e-06,,,,,,,,,,,,
sparse-neutral,114,0.00027017019676304485,0.021903118435635544,0.0,0.017576528787861045,0.04681605143601482,0.040779175534173845,1.0984755132567196e-05,6.262017220944172e-06,,,,,,,,,,,,
sparse-neutral,115,0.0003067729289247401,0.021624502029288235,0.0,0.017360956209215538,0.045666341512268456,0.040580202394818,0.00010666407519953565,0.000144800134866958,,,,,,,,,,,,
sparse-neutral,116,0.00024052426041234643,0.014644480534492873,0.0,0.011763689279676767,0.029666321740170074,0.028252280389069996,0.0002910982380276157,0.0003682217707038089,,,,,,,,,,,,
sparse-neutral,117,0.00019411356501228036,0.00801298690576381,0.0,0.006449212237613504,0.01513355674371201,0.01634339906751059,0.0002453801028538283,0.0003296117089788111,,,,,,,,,,,,
sparse-neutral,118,0.00013446088414933465,0.004521993980594804,0.0,0.0036444873613057103,0.00834096181879636,0.009402105943456644,0.0001422977809130217,0.00020261037921319217,,,,,,,,,,,,
sparse-neutral,119,0.00011355362522091904,0.003358760294343169,0.0,0.002709718960518719,0.006431823841538572,0.006779031961317106,9.07470048322885e-05,0.0001334383696847089,,,,,,,,,,,,
sparse-neutral,120,0.00013667125717657295,0.00361538913439656,0.0,0.0029196455589525624,0.007151172977809545,0.007094690702744608,8.865544542122582e-05,0.0001270374116108624,,,,,,,,,,,,
sparse-neutral,121,0.00020164838023563068,0.004838773861521803,0.0,0.003911348765264569,0.00963781366737412,0.009466824520019046,0.00010564733867467194,0.00014480992001937742,,,,,,,,,,,,
sparse-neutral,122,0.00029790080636100247,0.0065168294364762805,0.0,0.005273043710453225,0.012853445865408503,0.012926646241448776,0.00012094360944821514,0.00016628202959962862,,,,,,,,,,,,
sparse-neutral,123,0.00040871645089099874,0.008054462762768331,0.0,0.006525313500392866,0.015744423923639592,0.01625783634031852,8.820964222482543e-05,0.00012738114489038472,,,,,,,,,,,,
sparse-neutral,124,0.000481962116851195,0.008721379944508136,0.0,0.007073496378976749,0.01711382996456179,0.017702741456760974,1.8514296740700398e-05,5.043405996908764e-05,,,,,,,,,,,,
sparse-neutral,125,0.0004819227869147477,0.008221667490807731,0.0,0.006673718550029134,0.016027865479945634,0.016727222826539337,5.418201806602692e-05,7.73996386799247e-05,,,,,,,,,,,,
sparse-neutral,126,0.00043388044615949936,0.006751070969794239,0.0,0.0054876328650672905,0.01301965072052107,0.013767550350276702,7.463114983714813e-05,0.00014245165854203642,,,,,,,,,,,,
sparse-neutral,127,0.00037732586416121326,0.005124422422360011,0.0,0.004175003110720251,0.009766477283394191,0.010439574007592897,7.320071870337197e-05,0.00021843767974958183,,,,,,,,,,,,
sparse-neutral,128,0.00028956413676525767,0.0036923790035650727,0.0,0.0030118160302051097,0.006940245537032663,0.00754522278685161,5.7877586880249254e-05,0.00022617010349576885,,,,,,,,,,,,
sparse-neutral,129,0.00020194894137524758,0.002503660151479263,0.0,0.00204331790945846,0.004603614109469119,0.005199689515568209,4.7109293473754066e-05,0.0001642276874059699,,,,,,,,,,,,
sparse-neutral,130,0.00013749170456077027,0.0017220786621801605,0.0,0.0014051612706562826,0.0030667180091701702,0.0036743708550269075,6.047725196594268e-05,8.674853255762172e-05,,,,,,,,,,,,
sparse-neutral,131,0.00010118533660291205,0.0012998872662449768,0.0,0.0010601468803165639,0.002151797141814975,0.002871581213900519,0.00011097290267585977,6.519780658855406e-05,,,,,,,,,,,,
sparse-neutral,132,3.776089341605852e-05,0.0005809668214675194,0.0,0.0004723256358572272,0.0010451923658014225,0.0012710874883286683,4.169616819496908e-06,3.4178149204901094e-06,,,,,,,,,,,,
sparse-neutral,133,2.788543044407233e-05,0.00042958199413744257,0.0,0.0003492426813987685,0.0007570138945100903,0.0009550370282323292,3.3872831503755755e-06,2.8897706569750515e-06,,,,,,,,,,,,
sparse-neutral,134,2.5235816417870406e-05,0.00039131741254938237,0.0,0.00031810109332307995,0.0006783853100908381,0.0008796875289143128,3.646848168790794e-06,3.549963023587858e-06,,,,,,,,,,,,
sparse-neutral,135,2.77492091613559e-05,0.00043383282530564613,0.0,0.0003526161020767881,0.0007586475987936958,0.0009692107199444107,3.116356037739344e-06,4.3566264467387825e-06,,,,,,,,,,,,
sparse-neutral,136,3.4802581421160054e-05,0.0005504981381790602,0.0,0.0004473590268274801,0.0009708413922509372,0.0012232132923874694,1.5837398998184549e-06,6.3541281780157245e-06,,,,,,,,,,,,
sparse-neutral,137,3.9061778771385715e-05,0.0006271861077984076,0.0,0.0005095612419930033,0.0011214190141687727,0.0013769778008842993,2.3597881938657067e-06,7.987827946693101e-06,,,,,,,,,,,,
sparse-neutral,138,3.226974891563084e-05,0.000528655547353442,0.0,0.00042937838766587977,0.0009554503967579991,0.0011448023797217617,5.182255244632733e-06,9.187157689374677e-06,,,,,,,,,,,,
sparse-neutral,139,1.827245598838603e-05,0.00030844893909621573,0.0,0.0002504136424746498,0.0005665467647083965,0.0006553793301734849,4.612365006645064e-06,7.257296496336414e-06,,,,,,,,,,,,
sparse-neutral,140,6.921305338937585e-06,0.00012712362059096778,0.0,0.00010308315754056175,0.0002504298435557624,0.00024963410470823263,3.6446134719630206e-06,4.785920627913105e-06,,,,,,,,,,,,
sparse-neutral,141,3.3818096184686345e-07,6.068877922427796e-06,0.0,4.922738530311609e-06,1.216053608190624e-05,1.1893825538612606e-05,1.0539290136434146e-07,1.157571678279978e-07,,,,,,,,,,,,
sparse-neutral,142,1.327652869640223e-06,2.2800405616540456e-05,0.0,1.8505855067160408e-05,4.2071622564886285e-05,4.8662341522974915e-05,1.5329479208211117e-07,3.143635862185068e-07,,,,,,,,,,,,
sparse-neutral,143,4.2153778040689424e-07,7.416947292562939e-06,0.0,6.01786539013173e-06,1.3947525240715559e-05,1.5521120383553704e-05,7.069212489148375e-08,1.284514210910089e-07,,,,,,,,,,,,
sparse-neutral,144,5.203569312738539e-07,9.30288994484286e-06,0.0,7.5463833421290575e-06,1.7654733760063093e-05,1.9281831420768076e-05,9.860334554580752e-08,1.7639125299446403e-07,,,,,,,,,,,,
sparse-neutral,145,5.506103416003106e-07,1.001612221867294e-05,0.0,8.123019843258415e-06,1.9149085518350565e-05,2.0596212573283853e-05,1.1644484892686728e-07,2.027459341304711e-07,,,,,,,,,,,,
sparse-neutral,146,4.6957194409736675e-07,8.689138096553008e-06,0.0,7.04522486606188e-06,1.664890105907048e-05,1.7815101661122406e-05,1.0990270316390005e-07,1.826469628552447e-07,,,,,,,,,,,,
sparse-neutral,147,4.099557015280009e-07,7.710365457790704e-06,0.0,6.2502835065381634e-06,1.4768818497881746e-05,1.5805090855094565e-05,1.0520641176988505e-07,1.6234606641662477e-07,,,,,,,,,,,,
sparse-neutral,148,3.571516476395506e-07,6.804277788595377e-06,0.0,5.514852560404211e-06,1.305443010175077e-05,1.39253646713331e-05,9.982215804833712e-08,1.37494223249299e-07,,,,,,,,,,,,
sparse-neutral,149,1.9600991128121583e-06,3.733854949517476e-05,0.0,3.026285941870224e-05,6.936854540697446e-05,7.879013522635364e-05,4.904412222924184e-07,7.050761250785365e-07,,,,,,,,,,,,
sparse-neutral,150,1.5719671982605829e-06,3.0188844011413117e-05,0.0,2.4465468648782606e-05,5.7836719106182925e-05,6.192412350736819e-05,4.950059861773106e-07,4.995274459240395e-07,,,,,,,,,,,,
sparse-neutral,151,5.946309073635679e-06,0.00012796638532261602,0.0,0.00010356237007281995,0.0002948175580060248,0.00020866885396609715,5.262244780576803e-06,3.1168845377653124e-06,,,,,,,,,,,,
sparse-neutral,152,0.00011543558231426633,0.0028538299821593968,0.0,0.0023061511021903705,0.007621113649646355,0.002971446179461002,0.0005132176269323508,0.00030954247259787815,,,,,,,,,,,,
sparse-neutral,153,0.00026902582164770717,0.00497206060551757,0.0,0.004031453648743597,0.011447724786339005,0.006810637636346183,0.0013025301075282607,0.0003273498918568295,,,,,,,,,,,,
sparse-neutral,154,0.0005016273225346998,0.006876712765566106,0.0,0.005601695676959824,0.013352846397268536,0.011533996376022971,0.0020867113280893935,0.0005332969608835261,,,,,,,,,,,,
sparse-neutral,155,0.0006567394990096519,0.008192371850966326,0.0,0.006685245380574992,0.014221051863395326,0.015453986678824975,0.002392490472965871,0.000701958388679133,,,,,,,,,,,,
sparse-neutral,156,0.0006882561864561327,0.008701313315424085,0.0,0.007098701889630495,0.014380935108278155,0.017294247581926422,0.00229471945306857,0.0008353511184231929,,,,,,,,,,,,
sparse-neutral,157,0.0005821261924494657,0.008038972345363677,0.0,0.006547603114780834,0.013238333510404888,0.016243549330671153,0.001800787041275675,0.0008732194991029863,,,,,,,,,,,,
sparse-neutral,158,0.0004389477382003697,0.006552211628765924,0.0,0.005329558850652814,0.010973928104635195,0.013132477723553204,0.0011998856501084468,0.0009025550367668532,,,,,,,,,,,,
sparse-neutral,159,0.00031795826224255945,0.004540545016466207,0.0,0.003696027665621478,0.006975624404875001,0.009569498442480286,0.0007179343874193536,0.000899122831090187,,,,,,,,,,,,
sparse-neutral,160,0.0002732177347108726,0.0032662669861303964,0.0,0.0026676571358464915,0.004786975411872127,0.006982942340382213,0.0004558031689440542,0.0008393470233231907,,,,,,,,,,,,
sparse-neutral,161,0.0002760986532299764,0.0034208623224243574,0.0,0.002791909588585481,0.005944161453224258,0.006466085003434873,0.0005021192334164162,0.000771083599621882,,,,,,,,,,,,
sparse-neutral,162,0.00028266625446984113,0.004204571319036735,0.0,0.003420190306123356,0.008441124757591503,0.007048532766887616,0.0006450698104142583,0.0006835579412535622,,,,,,,,,,,,
sparse-neutral,163,1.5162300703995734e-06,2.3869680459956344e-05,0.0,1.939899038204499e-05,4.539524748498126e-05,5.006331875886863e-05,7.513734710441708e-09,1.2641861265053099e-08,,,,,,,,,,,,
sparse-neutral,164,8.690046348729573e-07,1.4522860801943596e-05,0.0,1.1792089568529468e-05,3.304907752837368e-05,2.488682516524859e-05,8.530732120557718e-08,7.023319294653208e-08,,,,,,,,,,,,
sparse-neutral,165,1.122867071601897e-06,1.8794598289856757e-05,0.0,1.5260252046205785e-05,3.6603902469024744e-05,3.836763575529524e-05,1.0521993053022466e-07,1.0163500457682568e-07,,,,,,,,,,,,
sparse-neutral,166,1.0355250004183258e-06,1.8077072740735754e-05,0.0,1.466876319267227e-05,3.542558529171665e-05,3.6582236902056155e-05,1.4877880443703553e-07,1.5168996473318347e-07,,,,,,,,,,,,
sparse-neutral,167,7.648072404592377e-07,1.3903815204541503e-05,0.0,1.1276013611725049e-05,2.7317145363283757e-05,2.7999001689868593e-05,1.4262964348324673e-07,1.5648412153040963e-07,,,,,,,,,,,,
sparse-neutral,168,2.075628279597735e-06,3.936494685562833e-05,0.0,3.190708314042222e-05,8.20653906754467e-05,7.442704916725945e-05,5.065231662943143e-07,4.608244135128944e-07,,,,,,,,,,,,
sparse-neutral,169,0.00026202269218237174,0.003645708050741315,0.0,0.0029689709790295263,0.011188525223431127,0.002109773067815463,0.0004498286557346934,0.0008347052559839774,,,,,,,,,,,,
sparse-neutral,170,0.0004400660446162258,0.006006223171460928,0.0,0.004892991746091988,0.01679072968778435,0.004137358902270111,0.0004592195043868779,0.002637584591402373,,,,,,,,,,,,
sparse-neutral,171,0.0007166601846323225,0.007472586313582865,0.0,0.006121401087792757,0.01928547117118505,0.0062106352706532576,0.00048111079235446175,0.003913128020138692,,,,,,,,,,,,
sparse-neutral,172,0.0008174892498741569,0.008224917123605803,0.0,0.006743431548859473,0.01987872749089392,0.008363111323873657,0.0005113279382238104,0.004146501741431822,,,,,,,,,,,,
sparse-neutral,173,0.0007472791872490994,0.008159661424739385,0.0,0.006677184977241328,0.018325448488200398,0.010272470370402327,0.0005427640780038415,0.003497962762350972,,,,,,,,,,,,
sparse-neutral,174,0.0005849912797374468,0.007419383014104884,0.0,0.006052504667231397,0.015357067334035558,0.01116868085558554,0.0006133615565813196,0.002538422310217119,,,,,,,,,,,,
sparse-neutral,175,0.00042333363454802233,0.006447577687049906,0.0,0.0052427288765495295,0.012386876265695488,0.011087388108783205,0.0006993764490928855,0.0016166699246280439,,,,,,,,,,,,
sparse-neutral,176,0.0002892661744485516,0.005639282219103225,0.0,0.00456927901017229,0.01030333934563771,0.010596723677603986,0.0006779206317772718,0.0009791452213939325,,,,,,,,,,,,
sparse-neutral,177,0.00029895234883813596,0.005549530663452644,0.0,0.004499415000529743,0.009756387377878218,0.010477051370214294,0.0007305023191110054,0.0012341815866070604,,,,,,,,,,,,
sparse-neutral,178,1.0595910224999891e-05,0.00027515371110151197,0.0,0.00022224215092620956,0.0007530069980613092,0.00031122930335389864,1.592192283300384e-05,2.0456620157835945e-05,,,,,,,,,,,,
sparse-neutral,179,5.000053413451378e-07,9.2995860623846e-06,0.0,7.539669918176707e-06,5.661052720241723e-06,3.105442310639635e-05,1.518942964918219e-07,3.3097412640850243e-07,,,,,,,,,,,,
sparse-neutral,180,9.967730330427498e-07,1.792938748350307e-05,0.0,1.4542864593411004e-05,1.9353985207589632e-05,5.1623101448892185e-05,1.6293186876007402e-07,5.775314087703912e-07,,,,,,,,,,,,
sparse-neutral,181,1.260169083362435e-06,2.3423683926369344e-05,0.0,1.8990980957767963e-05,3.243767258215304e-05,6.038574800172673e-05,1.9989224019689995e-07,6.714228814006957e-07,,,,,,,,,,,,
sparse-neutral,182,1.6017331025472913e-06,3.082965357263108e-05,0.0,2.4984069478614326e-05,4.936442559828665e-05,7.279134627089226e-05,2.71392155709242e-07,8.914502656361773e-07,,,,,,,,,,,,
sparse-neutral,183,2.4362282271766496e-05,0.00041696109003847763,0.0,0.0003384413284851354,0.0005957130578639026,0.001006483377885677,2.9702564768203932e-05,3.594535963612709e-05,,,,,,,,,,,,
sparse-neutral,184,1.9541364947341073e-05,0.00033446468709264225,0.0,0.000271480022663582,0.0004459133370317393,0.0008305553974801148,2.60986138625622e-05,3.529139999615275e-05,,,,,,,,,,,,
sparse-neutral,185,8.846492795399142e-06,0.00017368617440471698,0.0,0.0001407182380828534,0.0002458769480030462,0.0004125300434998858,1.5393956217444137e-05,2.0943749898491783e-05,,,,,,,,,,,,
sparse-neutral,186,3.0344387613065544e-06,8.518190871870308e-05,0.0,6.875241472722378e-05,0.00027254224415471296,5.558783902033649e-05,6.572479304944652e-06,6.0250723948182285e-06,,,,,,,,,,,,
sparse-neutral,187,0.0002656612429409746,0.005189152372990937,0.0,0.004204454146980944,0.010884090932713844,0.0072110722832753995,0.001980510235197733,0.0006809360407767674,,,,,,,,,,,,
sparse-neutral,188,0.0006231213962196818,0.009801618742721797,0.0,0.007965919273421374,0.01758961231965922,0.01709712140903922,0.0036014313198434508,0.0009183099223452935,,,,,,,,,,,,
sparse-neutral,189,0.0009091220092445876,0.014004491023266246,0.0,0.011385417220461911,0.02365982858055765,0.027140703541865884,0.0040619495281092426,0.0011554824425321953,,,,,,,,,,,,
sparse-neutral,190,0.0010355321936360118,0.01758673874493722,0.0,0.014276497434676978,0.029711163619500724,0.035792922132568336,0.0035131818606296016,0.0013296873670502248,,,,,,,,,,,,
sparse-neutral,191,0.001025491875425884,0.019531102151065162,0.0,0.015829980095937304,0.03353373276589788,0.04081207368233449,0.002403297204754547,0.001375304951273715,,,,,,,,,,,,
sparse-neutral,192,0.0009426332751651893,0.019501631500137222,0.0,0.015789831855142815,0.03398235825971262,0.0413261332449685,0.0013805822823264552,0.0013174522135413135,,,,,,,,,,,,
sparse-neutral,193,0.0008031059436226091,0.017405945619281018,0.0,0.014085377684149336,0.03022794687246408,0.03738405500810936,0.0009018552434019734,0.0011099253531486543,,,,,,,,,,,,
sparse-neutral,194,0.0006211996628443301,0.013895197348949253,0.0,0.011240397811728267,0.023053798914498047,0.030793337261081157,0.0009167076780393022,0.0008169455421785006,,,,,,,,,,,,
sparse-neutral,195,0.00044150455285349883,0.009938349674198814,0.0,0.00803898064992975,0.014568072611014447,0.023513242615658278,0.0011092623635447821,0.000562821106577746,,,,,,,,,,,,
sparse-neutral,196,0.0003015178785961129,0.006664483209801979,0.0,0.005391890143560806,0.007786855071743972,0.01708561238084803,0.0013220372978508454,0.00046342808876507076,,,,,,,,,,,,
sparse-neutral,197,0.0001772117331260184,0.004699618492753511,0.0,0.003795137140828012,0.006277461026960235,0.010776302386658547,0.0012863388052283334,0.0004583717521669287,,,,,,,,,,,,
sparse-neutral,198,4.1270243223840716e-05,0.0006869059675830166,0.0,0.0005577788227111814,0.001436812577566364,0.0012765904937763082,1.3215010450768099e-05,2.1005788538625695e-05,,,,,,,,,,,,
sparse-neutral,199,1.6591596053754525e-05,0.0002832966906878251,0.0,0.00022995567176101105,0.0005951123072968496,0.0005192569709262752,6.791000818838352e-06,1.2026483709337444e-05,,,,,,,,,,,,
sparse-neutral,200,1.1883355262387762e-05,0.0002099204953115013,0.0,0.0001703130673016786,0.0004375210997824276,0.0003811309654596814,7.2769517010508245e-06,1.3752964302845422e-05,,,,,,,,,,,,
sparse-neutral,201,2.1121927594662285e-06,3.330787889878975e-05,0.0,2.7068741670925046e-05,6.538471519154181e-05,6.724272758195744e-05,2.190748937749998e-07,3.849979278847437e-07,,,,,,,,,,,,
sparse-neutral,202,3.9850322568450805e-07,6.461378706961851e-06,0.0,5.248803610706382e-06,1.1787405695153333e-05,1.3887358866372922e-05,5.8506019921606645e-08,1.1224424639953876e-07,,,,,,,,,,,,
sparse-neutral,203,2.599507482544525e-07,4.806895743925637e-06,0.0,3.897506744791401e-06,1.1133834570904235e-05,7.983861307480143e-06,7.81487826546973e-08,3.173831466347424e-08,,,,,,,,,,,,
sparse-neutral,204,9.741257697560566e-08,2.2939362465719054e-06,0.0,1.8546315126526452e-06,3.355790241441347e-06,5.74389626625436e-06,2.7489595849233175e-08,4.856888274268132e-08,,,,,,,,,,,,
sparse-neutral,205,4.547875047086751e-06,7.657584768744233e-05,0.0,6.217025315937122e-05,0.00010392283132336536,0.00019123036261438524,6.998807647237602e-06,4.1513891647811124e-06,,,,,,,,,,,,
sparse-neutral,206,0.00046395230876184043,0.003237949005620338,0.0,0.002683149666248639,0.0029448596257868006,0.007436146077125587,0.00037037619308500724,0.0022004141264839574,,,,,,,,,,,,
sparse-neutral,207,0.0007669606037198792,0.004781206061047075,0.0,0.003978356969581636,0.0038979788767713533,0.011387847108327456,0.0004929436725889022,0.003346054586500588,,,,,,,,,,,,
sparse-neutral,208,0.0008610691281121301,0.005335722230452062,0.0,0.004440791609984076,0.0036780047030972587,0.013439625385597337,0.0005493062938174918,0.003675952539296164,,,,,,,,,,,,
sparse-neutral,209,0.0008094097826886725,0.005560529492026773,0.0,0.004610305550159153,0.0030382705228016223,0.015016923856090858,0.0005990063667342542,0.00358791722248036,,,,,,,,,,,,
sparse-neutral,210,0.0006402861947085244,0.005386058390537566,0.0,0.004436903951371757,0.002525606637015617,0.015364816717082626,0.0006217113686343689,0.00303209883941765,,,,,,,,,,,,
sparse-neutral,211,0.00038196403544639337,0.005211352139544536,0.0,0.004245474518724908,0.0027562889100079236,0.015330912784766528,0.0006119842701179996,0.0021462225932856946,,,,,,,,,,,,
sparse-neutral,212,0.0002105286611302849,0.00477253094581618,0.0,0.003860130488879001,0.002929059132383592,0.01432621468983141,0.0005903369859574624,0.0012445129750922553,,,,,,,,,,,,
sparse-neutral,213,0.0002517944649115368,0.004194975944607417,0.0,0.0034063396486682406,0.0023883040948447652,0.013096004647460004,0.0005480457962896297,0.0007475492398352689,,,,,,,,,,,,
sparse-neutral,214,3.587267936797041e-06,0.00012089123085451497,0.0,9.743043827097137e-05,0.0001782873979803587,0.0002848514657834913,4.245139429429272e-06,1.618092022478062e-05,,,,,,,,,,,,
sparse-neutral,215,2.512706816985037e-07,4.708653176573462e-06,0.0,3.817176677598471e-06,6.4767721960748175e-06,1.2020295505492218e-05,1.0627109274031114e-07,2.3127391198650082e-07,,,,,,,,,,,,
sparse-neutral,216,2.1283034375893576e-07,4.311619045843551e-06,0.0,3.4918613054266273e-06,6.965620036566531e-06,9.851198749282529e-06,1.7109689245629428e-07,2.585605050688483e-07,,,,,,,,,,,,
sparse-neutral,217,8.997581908543414e-08,8.125141808565495e-07,0.0,6.680065085023264e-07,1.5316968456240883e-06,1.3465781899711583e-06,1.8942307519711452e-07,1.8235861263383684e-07,,,,,,,,,,,,
sparse-neutral,218,5.858906951888272e-07,1.0278421498430812e-05,0.0,8.339915337782417e-06,1.4144440601999691e-05,2.660858974889401e-05,1.7021737986284466e-07,1.9043826296670885e-07,,,,,,,,,,,,
sparse-neutral,219,1.0877825679011335e-06,1.9813831595683897e-05,0.0,1.6068621790127344e-05,2.610523574016533e-05,5.242813130770025e-05,2.334516138638949e-07,4.885077210061243e-07,,,,,,,,,,,,
sparse-neutral,220,1.6252940221278827e-05,0.00026268368788313125,0.0,0.00021339753835076077,0.0002617501597938965,0.00073297413677917,3.366533434554074e-05,2.2345120613917647e-05,,,,,,,,,,,,
sparse-neutral,221,1.4123629074818548e-05,0.00023546816372370123,0.0,0.0001911992567939247,0.00022329325606890664,0.0006750223735671883,2.414729526274483e-05,1.9409729995965162e-05,,,,,,,,,,,,
sparse-neutral,222,6.616914578778115e-06,0.00012386562375841018,0.0,0.00010041588192248377,0.00010334414355817325,0.0003758833580542947,7.662497918661508e-06,8.572495502511265e-06,,,,,,,,,,,,
sparse-neutral,223,4.25324556317938e-06,0.00010094598385764527,0.0,8.160743619875209e-05,0.0002349471334141496,0.00016394232915525558,2.2300488192568826e-06,2.664424041919043e-06,,,,,,,,,,,,
sparse-neutral,224,1.0287083424918905e-05,0.00020656686542337623,0.0,0.00016731090902368477,0.0003949208090917155,0.00042241488848961134,3.7288660235623046e-06,5.20289808861578e-06,,,,,,,,,,,,
sparse-neutral,225,1.6223042066100668e-05,0.0003033660097266595,0.0,0.00024593741619454774,0.0005159181435963662,0.0006804491131956964,8.842344275854113e-06,8.254437838721165e-06,,,,,,,,,,,,
sparse-neutral,226,2.086370892053903e-05,0.00037104865405697163,0.0,0.0003010116650296851,0.0006215434251141718,0.0008326848727036016,1.6836005714398236e-05,1.3130312695714595e-05,,,,,,,,,,,,
sparse-neutral,227,0.0003611611003713623,0.006357330068942873,0.0,0.005158096275228571,0.009811532141688896,0.012499067014481441,0.0023471851004527523,0.0007715360191484007,,,,,,,,,,,,
sparse-neutral,228,0.0005344041941925542,0.009268559368355899,0.0,0.00752172833352323,0.015064358217510992,0.018621537785602757,0.0025115651187918157,0.0008767763515180259,,,,,,,,,,,,
sparse-neutral,229,0.0005468493082264469,0.010079492084969256,0.0,0.008172963529620695,0.016823111054435944,0.020586870410974727,0.001991201869160319,0.0009167850053060359,,,,,,,,,,,,
sparse-neutral,230,0.00048251148141733853,0.009357596760282643,0.0,0.007582579704509583,0.015428846079220035,0.01979656533008298,0.0013162711006175993,0.0008887045312099636,,,,,,,,,,,,
sparse-neutral,231,0.0004062064647250791,0.007708298836796167,0.0,0.00624788036238195,0.011603771022303224,0.01771509278609889,0.0006590353070251559,0.000855296231757396,,,,,,,,,,,,
sparse-neutral,232,0.0003809252297027975,0.005796202059543776,0.0,0.0047131466935755794,0.007308776577646728,0.01436857447693124,0.000619058307140229,0.000888398876456906,,,,,,,,,,,,
sparse-neutral,233,0.0004211947395599129,0.003876403895047435,0.0,0.0031853620639499306,0.004110507464485996,0.009431723595040846,0.0009409831787447739,0.001022401341918124,,,,,,,,,,,,
sparse-neutral,234,3.053085639980674e-05,0.0005795737960569235,0.0,0.0004697652081255002,0.0011861186127134857,0.0010866138265872008,3.4856932178221223e-05,1.0705812748786618e-05,,,,,,,,,,,,
sparse-neutral,235,1.205674678644697e-06,1.964681365932478e-05,0.0,1.5958585863188765e-05,3.6113113951366306e-05,4.2270591770354514e-05,1.053394635286375e-07,9.82094520496553e-08,,,,,,,,,,,,
sparse-neutral,236,1.4900632271126783e-06,2.5364092949474855e-05,0.0,2.058928700500242e-05,4.925390619489106e-05,5.176823776945902e-05,2.5970351100346247e-07,1.745243225458739e-07,,,,,,,,,,,,
sparse-neutral,237,0.00026978216943525385,0.002353280238951036,0.0,0.0019365806250478796,0.0066404890990157854,0.001997472385286369,0.0003615451892619966,0.00041361428223999405,,,,,,,,,,,,
sparse-neutral,238,0.00012735597248107126,0.0029501676802572096,0.0,0.0023856053387019817,0.008251943698773953,0.0031412384825750157,0.0002914501228747561,0.00011603841680511321,,,,,,,,,,,,
sparse-neutral,239,8.550045788079279e-05,0.003054525426017366,0.0,0.0024607204323900513,0.008351829918311432,0.003284616056414391,0.00025792058639166377,0.0003237351429519768,,,,,,,,,,,,
sparse-neutral,240,7.721224588819688e-05,0.002977182616366347,0.0,0.002397188542270717,0.008114476560386589,0.002986973514568732,0.00021397263343115545,0.0005933077570789113,,,,,,,,,,,,
sparse-neutral,241,9.518023656462811e-05,0.0027676319947911253,0.0,0.0022331416431458258,0.0074654273555205776,0.002640243817373082,0.00018472840884314448,0.0007801283974276979,,,,,,,,,,,,
sparse-neutral,242,0.0001216634259380308,0.002436071047842485,0.0,0.001973189523461594,0.006448926074650925,0.0022958875670274887,0.0001711775843825974,0.0008282929653089274,,,,,,,,,,,,
sparse-neutral,243,0.0001347519721448793,0.0021814899805156934,0.0,0.0017721423788415306,0.005762993150154582,0.0020841699480866884,0.00016840129102394048,0.0007103955327975646,,,,,,,,,,,,
sparse-neutral,244,0.0001057020702377283,0.0020065755201583223,0.0,0.0016264008301742033,0.00493145164801566,0.002523385610730659,0.00012195340862605845,0.0004495114132609109,,,,,,,,,,,,
sparse-neutral,245,7.143513622990982e-05,0.0019228643202349404,0.0,0.0015525784834339346,0.004320705227197918,0.0031120676321776818,7.001201163846277e-05,0.00018867240992569893,,,,,,,,,,,,
sparse-neutral,246,9.57927973161533e-06,0.00019405840912643858,0.0,0.00015716258324747392,0.0003409892513550187,0.0004180995127030238,5.926499916361194e-06,1.121837253135061e-05,,,,,,,,,,,,
sparse-neutral,247,4.733899664948241e-06,0.00010279947094713154,0.0,8.318635669069488e-05,0.00019833801951601868,0.00020441375902380794,2.2312986912273675e-06,6.2148065574722185e-06,,,,,,,,,,,,
sparse-neutral,248,2.5731264371148954e-06,5.500465547002186e-05,0.0,4.451834966344047e-05,0.00011036972084565205,0.00010552662073688391,1.1925201667479395e-06,2.9297601308035487e-06,,,,,,,,,,,,
sparse-neutral,249,1.022895624287312e-05,0.0002648150511555978,0.0,0.00021389783217305285,0.0006768470012571662,0.00029696505049382163,2.9629875333339378e-05,5.581827753806392e-05,,,,,,,,,,,,
sparse-neutral,250,1.1416088737783826e-05,0.00022221999262678397,0.0,0.00018005921184898393,0.0007184177704018923,9.77229481141575e-05,4.6065214103665705e-05,2.667403788742047e-05,,,,,,,,,,,,
sparse-neutral,251,2.7454929635668702e-05,0.0002456896664111367,0.0,0.0002020427190560431,0.0007845869172473644,0.0001019908939074961,5.438528922981519e-05,4.1795565259871166e-05,,,,,,,,,,,,
sparse-neutral,252,2.5212994680290223e-05,0.00025751538757635945,0.0,0.00021105490899714558,0.0007718106912759841,0.00018120386118799947,3.3767384405914323e-05,4.327961343553972e-05,,,,,,,,,,,,
sparse-neutral,253,8.538716697674515e-06,0.0002466292745919357,0.0,0.00019901116301308347,0.0007164890458364124,0.00018662345856550294,3.971328427589869e-05,4.369130968992882e-05,,,,,,,,,,,,
sparse-neutral,254,1.2244804319916302e-05,0.0002225519450650957,0.0,0.00018049051691605982,0.0006464690747284243,0.00016245411660522686,3.8490795933005335e-05,4.2793792993726336e-05,,,,,,,,,,,,
sparse-neutral,255,1.4256398221613385e-05,0.0002048470776265483,0.0,0.00016672894174556133,0.0005976969458844097,0.00016320570716442156,2.6343393697546753e-05,3.214226375981514e-05,,,,,,,,,,,,
sparse-neutral,256,1.250108103778142e-05,0.0001747582742905456,0.0,0.0001423068356399928,0.0005533818905514458,0.00011516147719807258,1.3393027155797419e-05,1.7096702256866645e-05,,,,,,,,,,,,
sparse-neutral,257,9.607225498734536e-06,0.0001544442340882931,0.0,0.00012547683237038138,0.0005205502272030219,7.937719192963666e-05,8.626692357067862e-06,9.22282486344597e-06,,,,,,,,,,,,
sparse-neutral,258,5.7850825749872554e-06,0.00013104978480297152,0.0,0.00010599684435737469,0.0004196376357018835,9.498039750552928e-05,7.491452666155375e-06,2.0896533383179194e-06,,,,,,,,,,,,
sparse-neutral,259,4.176584277492612e-06,0.00012688726452003175,0.0,0.00010234512847152393,0.0003913637896017447,0.00010546659023493528,6.7408222575730555e-06,3.977855985873904e-06,,,,,,,,,,,,
sparse-neutral,260,1.9617455322753257e-06,0.00014461349450963306,0.0,0.00011608314471416153,0.00038003097071159217,0.0001893324179505141,2.837647980955847e-06,6.252941395470097e-06,,,,,,,,,,,,
sparse-neutral,261,2.3925966705162803e-06,3.865904131802091e-05,0.0,3.1405752388519985e-05,7.194910647542037e-05,8.179293211004218e-05,3.932402692634005e-07,5.008864173576943e-07,,,,,,,,,,,,
sparse-neutral,262,1.3615445230823232e-06,2.1679244460741753e-05,0.0,1.7615704473209866e-05,4.153585668901153e-05,4.478432411431335e-05,2.0275702924233466e-07,1.9404001039980513e-07,,,,,,,,,,,,
sparse-neutral,263,1.357374561345706e-06,2.145334577049478e-05,0.0,1.7434151528664964e-05,4.1364742906686546e-05,4.409810188070009e-05,1.8169191979747734e-07,1.6884637479501968e-07,,,,,,,,,,,,
sparse-neutral,264,9.328868521632984e-07,1.4635880358790678e-05,0.0,1.1895281657465202e-05,2.8333612690058232e-05,2.9989429737500864e-05,1.1481597566694506e-07,1.056630319366737e-07,,,,,,,,,,,,
sparse-neutral,265,9.51162483772102e-07,1.4658102819588453e-05,0.0,1.1916714752425183e-05,2.7770489248893243e-05,3.065871897241983e-05,1.2240884828958383e-07,8.079420875115525e-08,,,,,,,,,,,,
sparse-neutral,266,9.908607493064612e-06,6.43243472959402e-05,0.0,5.344119933536508e-05,0.00011610360512635484,0.00011342721149903521,1.1248070279911386e-05,1.651850227845937e-05,,,,,,,,,,,,
sparse-neutral,267,9.807747449789812e-06,8.175363458438378e-05,0.0,6.736445715746499e-05,0.00020454652119488028,8.828704256471485e-05,1.2628332227435085e-05,2.1552642350504872e-05,,,,,,,,,,,,
sparse-neutral,268,9.167333481091556e-06,9.064686933905144e-05,0.0,7.435096216745947e-05,0.00024864018894374504,7.763582621156027e-05,1.3605355906114436e-05,2.270610629478603e-05,,,,,,,,,,,,
sparse-neutral,269,9.118428548822846e-06,0.00010457965266761984,0.0,8.548740784386044e-05,0.0002835528562673022,9.728623072690459e-05,1.3163871900602906e-05,2.431565177566967e-05,,,,,,,,,,,,
sparse-neutral,270,8.91128125093237e-06,0.00011680354648875853,0.0,9.52250934411933e-05,0.00029370959320483255,0.00013696832238234075,1.3555538411753713e-05,2.2980731956107067e-05,,,,,,,,,,,,
sparse-neutral,271,8.185621473835785e-06,0.00013108686712061854,0.0,0.00010650661799126199,0.00029181784909773834,0.00019975788857460835,1.3212587613338203e-05,1.955914319678928e-05,,,,,,,,,,,,
sparse-neutral,272,7.594295988565984e-06,0.0001430740547141706,0.0,0.00011597810296904968,0.000290785654615664,0.00025337020891389296,1.2122267876671166e-05,1.6018087450454252e-05,,,,,,,,,,,,
sparse-neutral,273,7.751956441501639e-06,0.00014954773497340956,0.0,0.00012118857926702797,0.0002878398603137175,0.00028702064259343807,1.021363022178494e-05,1.3116806764697732e-05,,,,,,,,,,,,
sparse-neutral,274,8.044174273628529e-06,0.00015323096334516676,0.0,0.0001241936055308591,0.0002782724131148604,0.00031333966756356155,9.384445314477903e-06,1.1927327387767301e-05,,,,,,,,,,,,
sparse-neutral,275,7.378013553492013e-06,0.00014154032421195197,0.0,0.00011470786208025999,0.00024169712036986861,0.0003037917229872666,9.251013100695996e-06,1.1421440389976591e-05,,,,,,,,,,,,
sparse-neutral,276,6.402164921876332e-06,0.00012569796927588888,0.0,0.00010183880840508637,0.00019810628427006853,0.0002847994773690013,8.916366089891788e-06,1.096974937459398e-05,,,,,,,,,,,,
sparse-neutral,277,5.580821706490934e-06,0.00010682058470952592,0.0,8.657263210891893e-05,0.00015480911033267326,0.0002537628024495289,8.51013484654594e-06,1.0200291209355587e-05,,,,,,,,,,,,
sparse-neutral,278,5.8268110869301926e-06,9.678540754584554e-05,0.0,7.859368825406248e-05,0.00012669960368061768,0.00024058492754383247,9.319625180905378e-06,1.0537473778026677e-05,,,,,,,,,,,,
sparse-neutral,279,7.3130672834942915e-06,9.84977269776074e-05,0.0,8.026079503878479e-05,0.00012688028031581332,0.0002441215975051692,1.1182612811671973e-05,1.1806417277775137e-05,,,,,,,,,,,,
sparse-neutral,280,8.501499048396561e-06,9.430789684052439e-05,0.0,7.714661728209883e-05,0.00010767332332266211,0.00024284918752330833,1.3315187952603106e-05,1.3393888563524024e-05,,,,,,,,,,,,
sparse-neutral,281,8.752151255242144e-06,9.141421807306727e-05,0.0,7.488180470950224e-05,0.00010965654899282674,0.00022782670463277347,1.4126945793680698e-05,1.4046672872988152e-05,,,,,,,,,,,,
sparse-neutral,282,7.426582422259256e-06,9.134468494508871e-05,0.0,7.456106444052282e-05,0.00013897421501708193,0.00019772618451159273,1.4249369032327446e-05,1.4428971219352686e-05,,,,,,,,,,,,
sparse-neutral,283,1.746214854359235e-07,3.455450105821206e-06,0.0,2.79928438174415e-06,7.865126235775083e-06,5.793912758553377e-06,5.839835616228767e-08,1.0436307279407571e-07,,,,,,,,,,,,
sparse-neutral,284,2.5198417306265805e-07,4.321395527571648e-06,0.0,3.5075132566698503e-06,4.591020233931835e-06,1.2428026080164699e-05,6.283938885902454e-08,2.0369640733103445e-07,,,,,,,,,,,,
sparse-neutral,285,4.107178166338599e-07,7.108290211757539e-06,0.0,5.768775732732803e-06,9.523408175946066e-06,1.8555564203529614e-05,8.998977810333424e-08,2.6419868945114246e-07,,,,,,,,,,,,
sparse-neutral,286,3.7746426449546843e-07,6.660672860629609e-06,0.0,5.40403114140278e-06,8.523829788104939e-06,1.780483294425079e-05,6.98449170226181e-08,2.4418379314008766e-07,,,,,,,,,,,,
sparse-neutral,287,2.3740929835715213e-07,4.605051078822014e-06,0.0,3.7315227227290415e-06,4.95698012932184e-06,1.321885221966115e-05,4.4613474768699244e-08,1.9975849153637016e-07,,,,,,,,,,,,
sparse-neutral,288,1.6743752505187507e-07,3.845989347894016e-06,0.0,3.1102789833255874e-06,4.605904861221944e-06,1.0560868276292678e-05,4.8520082662396e-08,1.686641713990474e-07,,,,,,,,,,,,
sparse-neutral,289,1.3153525608825e-07,3.6112948024899057e-06,0.0,2.915342893209575e-06,5.501900538904124e-06,8.74510323641156e-06,5.777892305324775e-08,1.403965115906915e-07,,,,,,,,,,,,
sparse-neutral,290,2.69608148935118e-07,4.541084333831274e-06,0.0,3.686789096852043e-06,1.1563757224556356e-05,6.402465755568788e-06,1.0789017060244503e-07,9.022418459750548e-08,,,,,,,,,,,,
sparse-neutral,291,4.370664703378784e-07,6.7214705539826736e-06,0.0,5.464589737253715e-06,1.721941669039748e-05,9.429001767484333e-06,1.4468684618785327e-07,9.277691186102991e-08,,,,,,,,,,,,
sparse-neutral,292,6.129051687054034e-07,9.279718578233424e-06,0.0,7.546355896327822e-06,2.268928661526813e-05,1.4156623350797322e-05,1.7020649446892313e-07,1.0275785239932434e-07,,,,,,,,,,,,
sparse-neutral,293,6.153845764489226e-07,9.213418681427128e-06,0.0,7.493811860431488e-06,2.2866929627454098e-05,1.3718317848564278e-05,1.580859664563546e-07,1.103412832337854e-07,,,,,,,,,,,,
sparse-neutral,294,1.05470924931967e-06,1.6017319444175247e-05,0.0,1.302479740520413e-05,3.739542753774144e-05,2.6279677665942923e-05,2.37489141721987e-07,1.5668343129462797e-07,,,,,,,,,,,,
sparse-neutral,295,1.9166535388855454e-06,2.9792422959175285e-05,0.0,2.421726907511734e-05,6.575936403461637e-05,5.273835607288752e-05,3.8151996516879786e-07,2.90451764028444e-07,,,,,,,,,,,,
sparse-neutral,296,6.406629165902827e-07,1.0394207159082285e-05,0.0,8.443498310583884e-06,1.9762144181194302e-05,2.154457844121937e-05,1.2546848970988936e-07,1.4463752420556904e-07,,,,,,,,,,,,
sparse-neutral,297,9.381471796213673e-07,1.5357133398188985e-05,0.0,1.2473336154475462e-05,2.8892559269608757e-05,3.2138791524819486e-05,1.824514342401387e-07,2.1473136408756234e-07,,,,,,,,,,,,
sparse-neutral,298,0.0002173608020815363,0.0010569139282170146,0.0,0.0008890033029899189,0.002307896171903656,0.001210490999094757,0.000254890662990106,0.0004543778788795391,,,,,,,,,,,,
sparse-neutral,299,0.00030217749603420724,0.0018770376810814788,0.0,0.0015620656440720243,0.0034968647817312233,0.0027019145433258437,0.00032576478342240787,0.0009836066158464402,,,,,,,,,,,,
sparse-neutral,300,0.0003725886819813337,0.0025717041940091527,0.0,0.002131881091603589,0.0036740791360965904,0.004558239497063379,0.00039484678159473194,0.001659651361281908,,,,,,,,,,,,
sparse-neutral,301,0.00044007264954558785,0.0035612090086380053,0.0,0.002936981736819522,0.0034521931358557118,0.007964570513898196,0.0004905683775594361,0.0023375040072386795,,,,,,,,,,,,
sparse-neutral,302,8.543078508177384e-07,1.5278228238431235e-05,0.0,1.239344416090854e-05,2.8361897445259585e-05,3.2276356616767604e-05,2.3188577990817502e-07,2.427731117895795e-07,,,,,,,,,,,,
sparse-neutral,303,0.00027473538738532447,0.004064258400754858,0.0,0.0033063537980809513,0.005825833479398219,0.006294065466598709,0.0011769497999728044,0.0029601848570497,,,,,,,,,,,,
sparse-neutral,304,1.8465050684371001e-06,3.477893143226969e-05,0.0,2.819244615950317e-05,7.551240256157132e-05,6.219598015314529e-05,4.558329192210746e-07,9.515100951410886e-07,,,,,,,,,,,,
sparse-neutral,305,0.0005741006380847463,0.006350810426170389,0.0,0.00519546846855326,0.014882949624492993,0.005692824082790619,0.002221664119019143,0.0026058038783788023,,,,,,,,,,,,
sparse-neutral,306,1.639530281393862e-06,3.2295426388153086e-05,0.0,2.6164247166801236e-05,6.136170330268821e-05,6.666047348875805e-05,4.736711198148181e-07,6.858576413512499e-07,,,,,,,,,,,,
sparse-neutral,307,2.9348000085749527e-06,6.121073223940292e-05,0.0,4.955554579323733e-05,0.00011020773904349167,0.00012979080280592134,1.0765063539328775e-06,3.7678807542658115e-06,,,,,,,,,,,,
sparse-neutral,308,1.8029187736394022e-06,3.684746984884898e-05,0.0,2.9838559633807057e-05,6.722600296775046e-05,7.892565041179854e-05,6.161146911945989e-07,6.221113246523002e-07,,,,,,,,,,,,
sparse-neutral,309,0.001078436326310749,0.00725253010935959,0.0,0.006017711352749822,0.0011974615044956993,0.023520854123396395,0.0029756181754575935,0.0013161866340886748,,,,,,,,,,,,
sparse-neutral,310,0.0010740995634908083,0.013072762764087358,0.0,0.010673030123968048,0.00582634796475581,0.04015462820771118,0.005422712557718229,0.000887362326164206,,,,,,,,,,,,
sparse-neutral,311,0.0011793493224667379,0.016854017504727193,0.0,0.013719083868275101,0.010568507837870778,0.04928726123697643,0.006381601878619334,0.0011786990654422274,,,,,,,,,,,,
sparse-neutral,312,0.001393984098221339,0.01791159143301739,0.0,0.01460806996605818,0.013336611814104858,0.051085126449301854,0.0050714549797461605,0.0021531724889166754,,,,,,,,,,,,
sparse-neutral,313,0.0019426926119814503,0.015992576560703527,0.0,0.01318259977095911,0.011504901475088125,0.046550487732890354,0.002396274689972871,0.003518642344862747,,,,,,,,,,,,
sparse-neutral,314,0.00011191441676036688,0.0030766497429402526,0.0,0.0024837026777042755,0.0037467013214902965,0.006546298090071722,0.0005654903535785617,0.0014481092066204301,,,,,,,,,,,,
sparse-neutral,315,1.3166938872356075e-05,0.00021503860426806633,0.0,0.00017466427118892428,0.0005591736673362244,0.00014476479777434924,7.925160704496095e-05,7.696434491673075e-05,,,,,,,,,,,,
sparse-neutral,316,1.688404462957041e-05,0.0005094222027224366,0.0,0.0004109145711038634,0.0010015336481596353,0.0009323363427063842,7.331217551315444e-05,3.0506644510572447e-05,,,,,,,,,,,,
sparse-neutral,317,1.9344445088079697e-05,0.0005120069723460261,0.0,0.0004134744668944368,0.0009271334256462524,0.0010552909018999095,4.1781656163419394e-05,2.382190567452313e-05,,,,,,,,,,,,
sparse-neutral,318,0.0001670428015264814,0.0039726021025389665,0.0,0.00321149024233647,0.005329628864572229,0.00899586905532205,0.0008061401260479816,0.0007587703642136049,,,,,,,,,,,,
sparse-neutral,319,0.0006960188333034758,0.0055742165750862025,0.0,0.004598577026729658,0.005525923846567877,0.014696815163026462,0.00045557487979231483,0.001618552410958154,,,,,,,,,,,,
sparse-neutral,320,0.0006062440246910951,0.006747655287268032,0.0,0.0055193730347526445,0.006970675911096195,0.017856867764968802,0.0005200321787820638,0.001643045294225069,,,,,,,,,,,,
sparse-neutral,321,0.000411622941382553,0.005960467795531391,0.0,0.004850698824701624,0.005426686909846886,0.016891002512492287,0.0006727752423231601,0.0008514065174632352,,,,,,,,,,,,
sparse-neutral,322,0.00045445799983400976,0.00566975139951347,0.0,0.004626692719577578,0.00450235981223276,0.017245527760438258,0.000743018947618461,0.000188099077764401,,,,,,,,,,,,
sparse-neutral,323,0.0006334035069685698,0.008342566277010943,0.0,0.006800733723002469,0.012354822341618466,0.018984944029315623,0.000746542019469746,0.0012839567176399355,,,,,,,,,,,,
sparse-neutral,324,0.00013820732919134088,0.003666503307060736,0.0,0.0029608441114868573,0.00632385184813196,0.00774673873981,0.00021994432054889203,0.00037547831975209156,,,,,,,,,,,,
sparse-neutral,325,0.00013136184612197525,0.0029318567410451346,0.0,0.0023717577620605028,0.005201873116166826,0.006204414604801752,0.00011292396757830734,0.00020821527563365377,,,,,,,,,,,,
sparse-neutral,326,0.000493123134042732,0.00713156114206708,0.0,0.00580387354046221,0.013482634405506073,0.012982007610489048,0.0005023178027136789,0.0015592847495595188,,,,,,,,,,,,
sparse-neutral,327,0.0006181713166877631,0.008353493695230625,0.0,0.006806429219522052,0.01611489015941231,0.015952733316454245,0.00045065203460514927,0.0008956992704507909,,,,,,,,,,,,
sparse-neutral,328,0.000556809629977305,0.007743700565839126,0.0,0.0063063223786667625,0.015491541652645121,0.01466777888178234,0.0003765260375813957,0.0004389556913476481,,,,,,,,,,,,
sparse-neutral,329,0.0003566701895891521,0.005193642268776119,0.0,0.004226247852938725,0.010670554097305577,0.0096033671743551,0.00028492257747499275,0.00021572522596880592,,,,,,,,,,,,
sparse-neutral,330,0.0001181103099358292,0.0021456961717468115,0.0,0.0017401789993846152,0.004335401627769966,0.0038737564546515325,0.00023325101675565927,0.00014037558781008897,,,,,,,,,,,,
sparse-neutral,331,8.558297416676696e-07,1.3412060804434263e-05,0.0,1.0900814591880944e-05,2.7003501103695646e-05,2.66017359795904e-05,1.6280167328812414e-08,2.672596712219458e-08,,,,,,,,,,,,
sparse-neutral,332,8.861008284640262e-07,1.4282520133005663e-05,0.0,1.1603236272097335e-05,2.8614983154380177e-05,2.846696494274145e-05,1.7272251183547214e-08,3.086018371747067e-08,,,,,,,,,,,,
sparse-neutral,333,1.5097136527310918e-06,2.5342622156414717e-05,0.0,2.057604045567799e-05,5.0626982442058884e-05,5.063616662932107e-05,4.0290361360080063e-08,6.704919291883757e-08,,,,,,,,,,,,
sparse-neutral,334,1.9226579364726924e-06,3.339938264846467e-05,0.0,2.7104037706066276e-05,6.66988814535581e-05,6.671845564179061e-05,7.224571471380215e-08,1.0794778379620376e-07,,,,,,,,,,,,
sparse-neutral,335,4.12060321248013e-05,0.001127902177402744,0.0,0.0009105629483471555,0.002031102764881705,0.0023680318688371893,6.227296675756776e-05,5.020110913451474e-05,,,,,,,,,,,,
sparse-neutral,336,4.26696048770664e-05,0.0008865461870683055,0.0,0.0007177708706300577,0.0010777880681052483,0.0022343066932493743,0.0002029758142376211,3.111417268097837e-05,,,,,,,,,,,,
sparse-neutral,337,7.051494694896917e-05,0.0005562377948057405,0.0,0.00045909322523438625,0.00046374156496241755,0.0014877896054862592,0.0002545938877937647,1.8826120980520648e-05,,,,,,,,,,,,
sparse-neutral,338,6.330663961205402e-05,0.0005035895807422484,0.0,0.00041553299251620955,0.0006902050542251817,0.0011228282508774481,0.000176886733584402,2.44382842819617e-05,,,,,,,,,,,,
sparse-neutral,339,2.038992435359013e-06,3.734634878624177e-05,0.0,3.0284877516065224e-05,7.190023349333568e-05,7.69520369300727e-05,2.6100992837608716e-07,2.7211479318261934e-07,,,,,,,,,,,,
sparse-neutral,340,2.382750149847723e-06,4.461818844091248e-05,0.0,3.6171100782699524e-05,8.539857672844443e-05,9.22956138200939e-05,4.018181778636476e-07,3.767450372479533e-07,,,,,,,,,,,,
sparse-neutral,341,1.3269156320028965e-06,2.533278491018161e-05,0.0,2.0531611054545868e-05,4.8181627238610327e-05,5.263383462106435e-05,2.701891614607432e-07,2.454886195910357e-07,,,,,,,,,,,,
sparse-neutral,342,2.604957912788048e-06,5.0284969529636304e-05,0.0,4.074896720626665e-05,9.537628827353649e-05,0.00010467489647510759,5.731610694071702e-07,5.155323004939814e-07,,,,,,,,,,,,
sparse-neutral,343,2.569512955916524e-06,5.005043026179544e-05,0.0,4.055424680061966e-05,9.559846434636202e-05,0.00010343998078425448,6.165301961424061e-07,5.467457204228488e-07,,,,,,,,,,,,
sparse-neutral,344,2.672761799807464e-06,5.240956127146402e-05,0.0,4.246220137713271e-05,0.00010093237942842638,0.00010744274089922258,6.657254022083226e-07,5.973993559987807e-07,,,,,,,,,,,,
sparse-neutral,345,1.223198710626609e-06,2.4201873309346352e-05,0.0,1.9606138389602402e-05,4.693323355598156e-05,4.926291204034203e-05,3.196035706321329e-07,2.9174407042967825e-07,,,,,,,,,,,,
sparse-neutral,346,2.463442770337985e-07,4.916106184038677e-06,0.0,3.982153802637701e-06,9.732417869510994e-06,9.805960631090997e-06,6.779114627126817e-08,5.825508928145014e-08,,,,,,,,,,,,
sparse-neutral,347,4.625433269749592e-07,9.263574062148525e-06,0.0,7.503367915113811e-06,1.7960953042386722e-05,1.885684263840066e-05,1.1749379279339175e-07,1.1900677501332908e-07,,,,,,,,,,,,
sparse-neutral,348,7.409254532175003e-06,0.00020692874483187589,0.0,0.0001670248467719357,0.00033379244911442324,0.00045401011159544434,2.606999293004558e-05,1.3842425687590311e-05,,,,,,,,,,,,
sparse-neutral,349,6.113138619168183e-06,0.00020832042385836817,0.0,0.0001678789668105282,0.00032034826331127185,0.0004510027707273235,1.6167024037540048e-05,4.5763637357337374e-05,,,,,,,,,,,,
sparse-neutral,350,2.6544062304551687e-05,0.0004021882010186217,0.0,0.0003270593732758077,0.0004171910383900103,0.0010241941365950096,2.1728518217627897e-05,0.00014563911087183917,,,,,,,,,,,,
sparse-neutral,351,4.717328080265544e-05,0.0006453073709504382,0.0,0.0005256805529208818,0.0006568097612336772,0.0016773397531874923,2.7870831704962082e-05,0.00021920913767562128,,,,,,,,,,,,
sparse-neutral,352,6.805078753036083e-05,0.0010357454518748806,0.0,0.0008422065190059767,0.0013122466996757067,0.00255940986376094,3.344193880191968e-05,0.00023788330526095642,,,,,,,,,,,,
sparse-neutral,353,8.216861598975564e-05,0.0015196519882242061,0.0,0.001232155313777316,0.0023598907454321525,0.0034744883957441956,4.375946606832974e-05,0.00020046934565214644,,,,,,,,,,,,
sparse-neutral,354,9.339719164154226e-05,0.0019901684842959216,0.0,0.0016108142257650459,0.003464884254810055,0.004249919316214783,5.645672035564265e-05,0.0001894136458032057,,,,,,,,,,,,
sparse-neutral,355,0.00010109457457414836,0.0023665149593812833,0.0,0.0019134308824198562,0.004328920695011794,0.004844689971140008,6.44697742593374e-05,0.0002279793971139926,,,,,,,,,,,,
sparse-neutral,356,0.00010533260955598778,0.0027401404204301753,0.0,0.002213178858255338,0.0051009886848680675,0.00547178613185653,8.485588551166924e-05,0.0003029309794844339,,,,,,,,,,,,
sparse-neutral,357,0.00011471502331606475,0.0025268044306056723,0.0,0.002044386549147751,0.004919012017295285,0.004948164352504643,5.2242968878951826e-05,0.00018779838374380917,,,,,,,,,,,,
sparse-neutral,358,8.888231505229044e-05,0.0018171536635159715,0.0,0.0014714993938232353,0.0036975020830400224,0.0034710406798538532,2.3261327381546114e-05,7.681056378846416e-05,,,,,,,,,,,,
sparse-neutral,359,5.4505148593960955e-05,0.001064001250576098,0.0,0.0008621020301796706,0.0023401133634021877,0.0018837320010849077,1.4128974569637726e-05,1.8030663247658473e-05,,,,,,,,,,,,
sparse-neutral,360,4.1326384621035085e-05,0.0007979341115787144,0.0,0.0006466125661871785,0.0018755294400629335,0.001282597583125848,1.792358720285677e-05,1.568583592321927e-05,,,,,,,,,,,,
sparse-neutral,361,3.723870708642121e-05,0.0007285448108277104,0.0,0.0005902835900794526,0.001707043023072562,0.0011745094266165908,1.6573094312993672e-05,1.6053699308695136e-05,,,,,,,,,,,,
sparse-neutral,362,3.7230566963766884e-05,0.0006890631242163663,0.0,0.0005586966127658464,0.001555848096500934,0.0011635743012145942,1.7948620300664923e-05,1.8881478849272603e-05,,,,,,,,,,,,
sparse-neutral,363,3.514866644133421e-05,0.0006195566765413571,0.0,0.0005026750745213525,0.0013465154393721777,0.0010969299586107604,1.781607850749252e-05,1.6965229674997744e-05,,,,,,,,,,,,
sparse-neutral,364,2.1987229758587398e-05,0.0003866960912351165,0.0,0.00031375431893981067,0.0008157311989828663,0.0007101034327526398,1.1099873190042277e-05,9.849860014917547e-06,,,,,,,,,,,,
sparse-neutral,365,7.714425703741104e-06,0.0001574001560779593,0.0,0.00012746301000311565,0.0002644693293041602,0.0003494928933522686,8.483744022105864e-06,7.154657633302509e-06,,,,,,,,,,,,
sparse-neutral,366,1.6060994441114897e-06,0.00011327696135637206,0.0,9.094278897391994e-05,8.706086658948729e-05,0.0003528913502196716,7.059813613039786e-06,6.095815003289551e-06,,,,,,,,,,,,
sparse-neutral,367,5.446136129097258e-06,0.0001545769119665146,0.0,0.00012475075679903113,0.0001965098254246426,0.000413690101246681,4.5034416357423756e-06,3.604279558992477e-06,,,,,,,,,,,,
sparse-neutral,368,9.458199431888334e-07,1.641492127930853e-05,0.0,1.3321101012084588e-05,3.2278586185634034e-05,3.312086613482008e-05,1.2498008643356881e-07,1.3525271034642656e-07,,,,,,,,,,,,
sparse-neutral,369,9.998810643338886e-07,1.753209130271065e-05,0.0,1.4225649255035297e-05,3.4333720934894355e-05,3.5487756422090554e-05,1.494194196073489e-07,1.5746843425034499e-07,,,,,,,,,,,,
sparse-neutral,370,9.440301006111893e-07,1.6719292637106205e-05,0.0,1.35642401298072e-05,3.2580728640177196e-05,3.397640188704376e-05,1.564721502014972e-07,1.6356787100237136e-07,,,,,,,,,,,,
sparse-neutral,371,8.478794104609273e-07,1.51398784912142e-05,0.0,1.2281478675063543e-05,2.9346645984934476e-05,3.090186087935642e-05,1.514381376394086e-07,1.5956896292649031e-07,,,,,,,,,,,,
sparse-neutral,372,2.0543701217903085e-06,3.688580044324043e-05,0.0,2.9919514378950406e-05,7.139827677562275e-05,7.536333581042239e-05,3.7802731096506364e-07,4.035618759515215e-07,,,,,,,,,,,,
sparse-neutral,373,1.762998246529484e-06,3.1816027201838385e-05,0.0,2.5805421410776603e-05,6.14353696288915e-05,6.511956052564007e-05,3.374630323241335e-07,3.7171562049782e-07,,,,,,,,,,,,
sparse-neutral,374,1.304004189324159e-06,2.3649874680224256e-05,0.0,1.9180700582044237e-05,4.563879410573264e-05,4.840618514942688e-05,2.592486205297513e-07,2.952708452077653e-07,,,,,,,,,,,,
sparse-neutral,375,8.992180485476765e-07,1.6374012257787744e-05,0.0,1.3279053415939731e-05,3.1631981111267684e-05,3.3464385183315524e-05,1.833177879245524e-07,2.1636494864321892e-07,,,,,,,,,,,,
sparse-neutral,376,1.7189244522260785e-06,3.158631681016983e-05,0.0,2.5612838338581082e-05,6.447670836566488e-05,6.110829161169157e-05,3.616055175239953e-07,3.9866174579888995e-07,,,,,,,,,,,,
sparse-neutral,377,3.7266675868717928e-06,8.285419160880565e-05,0.0,6.702868680441887e-05,0.0002282982714521739,9.747847923731908e-05,2.9045501847569326e-06,2.735465560972649e-06,,,,,,,,,,,,
sparse-neutral,378,1.8147366090702225e-06,6.153846410148503e-05,0.0,4.959371860300207e-05,0.00015388700465785373,8.839588162152352e-05,2.203776898734642e-06,1.6671932278282083e-06,,,,,,,,,,,,
sparse-neutral,379,3.5906583857411783e-06,5.071304756521808e-05,0.0,4.128856972932271e-05,9.585968203070312e-05,9.953127939814552e-05,3.863140783104287e-06,3.5980880489194167e-06,,,,,,,,,,,,
sparse-neutral,380,6.3724749667159804e-06,5.636845998752908e-05,0.0,4.636926298336645e-05,0.00011087803075212207,0.00010178065591492602,6.493856059212436e-06,6.321297223855778e-06,,,,,,,,,,,,
sparse-neutral,381,9.24896193110762e-06,6.795094580043775e-05,0.0,5.6210549026571716e-05,0.00014501802507303706,0.00010950549461333379,8.65693681341594e-06,8.623326701964149e-06,,,,,,,,,,,,
sparse-neutral,382,1.078399352907171e-05,6.0974386627440156e-05,0.0,5.0936308007766476e-05,0.0001418395741116026,8.0693371091332e-05,1.055243168064812e-05,1.0812169626177932e-05,,,,,,,,,,,,
sparse-neutral,383,1.0974681255568629e-05,4.523161293499161e-05,0.0,3.8380226599107013e-05,0.00011463107146772423,4.0315213945362595e-05,1.2520492802915588e-05,1.3459673523964038e-05,,,,,,,,,,,,
sparse-neutral,384,1.043402820104739e-05,6.588899254520702e-05,0.0,5.4797999676375104e-05,0.00012417422793809684,0.00010952674139470054,1.4142639904642891e-05,1.5712360943387864e-05,,,,,,,,,,,,
sparse-neutral,385,9.499589756358304e-06,0.00010947682284915263,0.0,8.948137623059378e-05,0.00020974704186995776,0.0001959668505530874,1.5026363081897045e-05,1.716703589166832e-05,,,,,,,,,,,,
sparse-neutral,386,9.330173388069993e-06,0.0001315045726610608,0.0,0.00010706969280646263,0.0002579026397374812,0.00023422700189222994,1.5797239592120823e-05,1.8091409422411216e-05,,,,,,,,,,,,
sparse-neutral,387,9.443136829521879e-06,0.0001196044718115443,0.0,9.75722048151398e-05,0.0002387278505739071,0.00020626956792043897,1.5725012539870858e-05,1.769545621196027e-05,,,,,,,,,,,,
sparse-neutral,388,1.0880386163581981e-05,8.59779764597607e-05,0.0,7.095845840052496e-05,0.00021734290950576425,9.649588638999313e-05,1.4396812131648336e-05,1.567629781163705e-05,,,,,,,,,,,,
sparse-neutral,389,1.4296962437175086e-05,0.00010256240999895536,0.0,8.49093204865993e-05,0.0002988756447746361,8.320813340187227e-05,1.3701908551641485e-05,1.4463953267671533e-05,,,,,,,,,,,,
sparse-neutral,390,1.707443525821804e-05,0.00015072565028054235,0.0,0.00012399540727607748,0.00036397528732196743,0.00021208149831564464,1.3219701318428243e-05,1.3626114166129083e-05,,,,,,,,,,,,
sparse-neutral,391,1.7342996318716623e-05,0.0001638715039838069,0.0,0.00013456580245078882,0.0003791462048500113,0.0002497030225625414,1.3117467960107267e-05,1.3519320562567599e-05,,,,,,,,,,,,
sparse-neutral,392,1.65098257372858e-05,0.00014592866036855894,0.0,0.0001200448934423043,0.00032865580571658743,0.00022518265358635955,1.4817218485400982e-05,1.5058963685887814e-05,,,,,,,,,,,,
sparse-neutral,393,1.6089367754408135e-05,0.0001269227242795423,0.0,0.00010475605297451548,0.00028386960492368733,0.00018877013107129658,1.7359856463053958e-05,1.7691304660131382e-05,,,,,,,,,,,,
sparse-neutral,394,1.5784766669865424e-05,8.135696593222083e-05,0.0,6.824252607974975e-05,0.00017865273356392486,0.00010434930234298336,2.1084928769801908e-05,2.13408990521732e-05,,,,,,,,,,,,
sparse-neutral,395,1.7816737499063447e-05,4.716670059679545e-05,0.0,4.129670797724905e-05,7.08669632598915e-05,6.487743843013562e-05,2.6522857962488846e-05,2.6399542734665823e-05,,,,,,,,,,,,
sparse-neutral,396,2.0870826388896734e-05,6.502644518453124e-05,0.0,5.619532142540436e-05,6.0461781260433736e-05,0.0001353493498267118,3.249108816599895e-05,3.1803561484980527e-05,,,,,,,,,,,,
sparse-neutral,397,2.2678327208555334e-05,0.00010731949609779321,0.0,9.039126231994563e-05,0.00013120916703004843,0.0002259026523747693,3.672102177035582e-05,3.544514321599928e-05,,,,,,,,,,,,
sparse-neutral,398,2.4617566848800288e-05,0.00013686787399849021,0.0,0.00011441781256855224,0.00017169113591842844,0.0002947118831092653,4.149340318778565e-05,3.957507377848145e-05,,,,,,,,,,,,
sparse-neutral,399,2.870633397296203e-05,0.00014472469770113015,0.0,0.00012152102495549652,0.00017920074765427174,0.00030555958049930033,4.827011609623181e-05,4.586834655471667e-05,,,,,,,,,,,,
sparse-neutral,400,3.2815797757974714e-05,0.00013802887002203407,0.0,0.0001169862555692222,0.00017978340486236652,0.00026601401719156996,5.4679939159673176e-05,5.1638118874526626e-05,,,,,,,,,,,,
sparse-neutral,401,3.596684692374869e-05,0.00013155486727564806,0.0,0.00011243726320526819,0.00016920031631694192,0.00024066422391494306,6.0550022116628205e-05,5.580490675407903e-05,,,,,,,,,,,,
sparse-neutral,402,4.025711767023771e-05,0.00015682068890908522,0.0,0.00013350797466131573,0.00019708499957845358,0.00029661714012049094,7.001367291958604e-05,6.356694301781032e-05,,,,,,,,,,,,
sparse-neutral,403,4.4398755847775236e-05,0.00022679940619485926,0.0,0.00019031927612544244,0.0002463945202992859,0.0005011217763281643,8.41966401900565e-05,7.548468796193037e-05,,,,,,,,,,,,
sparse-neutral,404,4.692074221328158e-05,0.0003744066494279746,0.0,0.00030890946798503604,0.00032429564454761466,0.0009710308400552627,0.00010716156696463596,9.513854614438527e-05,,,,,,,,,,,,
sparse-neutral,405,8.637306769069307e-07,1.4937163479390642e-05,0.0,1.21224769188939e-05,2.964322954941042e-05,2.979466945475018e-05,1.4431527304715776e-07,1.6643964035481145e-07,,,,,,,,,,,,
sparse-neutral,406,1.8337517872909758e-06,3.181233975155661e-05,0.0,2.581662215870348e-05,6.187659420689463e-05,6.471361798448211e-05,2.751532884543808e-07,3.839935263953138e-07,,,,,,,,,,,,
sparse-neutral,407,1.971077489235526e-06,3.446168005502648e-05,0.0,2.7963559541868293e-05,6.720465069556159e-05,6.99034396459239e-05,3.017823379224584e-07,4.3684754069796645e-07,,,,,,,,,,,,
sparse-neutral,408,2.2557737543934057e-06,3.988430265247332e-05,0.0,3.2358596872857336e-05,7.837181209953107e-05,8.027590469210134e-05,3.6208172095607755e-07,5.274120973048091e-07,,,,,,,,,,,,
sparse-neutral,409,2.27345515014518e-06,4.079709906169406e-05,0.0,3.309237027938428e-05,8.028936580570756e-05,8.194589831115253e-05,3.8691585433755557e-07,5.662162755785728e-07,,,,,,,,,,,,
sparse-neutral,410,0.00035583317673943055,0.0021910767174149626,0.0,0.001824028009279856,0.002426865623319281,0.0054680196434562294,0.00046149906001267076,0.00040792254287166945,,,,,,,,,,,,
sparse-neutral,411,0.0005115020792279749,0.0045467315489623366,0.0,0.0037396856550154637,0.007573711633133771,0.008689499756633013,0.0013065414681251364,0.0006171733379574261,,,,,,,,,,,,
sparse-neutral,412,0.0010995294941460593,0.009792587274201,0.0,0.008053975718190012,0.02304319198559217,0.011702668701174583,0.0032611402877674588,0.0011633481222697853,,,,,,,,,,,,
sparse-neutral,413,0.0019411826743110361,0.017525092132336134,0.0,0.014408310240731113,0.04671175623060766,0.015234380184535974,0.006297363646010165,0.0018568684681907327,,,,,,,,,,,,
sparse-neutral,414,0.0027639253430046086,0.027213944615767056,0.0,0.022323940761214568,0.07227325501924468,0.024002867151230258,0.009715250018240905,0.002864406274352379,,,,,,,,,,,,
sparse-neutral,415,0.0030529500714010466,0.04084752194591902,0.0,0.03328860757101543,0.10089138527806804,0.046211649894160094,0.011670768372304368,0.004616284239143553,,,,,,,,,,,,
sparse-neutral,416,0.0029273464616339593,0.059101469562752904,0.0,0.04786664494252911,0.13352800263475276,0.08100129729411469,0.015281576267886688,0.006595002054257499,,,,,,,,,,,,
sparse-neutral,417,0.00025296697017063906,0.006160702085835843,0.0,0.004979155062702802,0.020595120037182692,0.0037998797647032416,0.00013391887534041093,0.00011388966611702832,,,,,,,,,,,,
sparse-neutral,418,2.6134972789851094e-05,0.0006764078832660678,0.0,0.0005463533011708245,0.002500008663307811,0.00017517442274624364,2.0029651709078275e-05,1.0418795301138057e-05,,,,,,,,,,,,
sparse-neutral,419,5.3200109479964434e-05,0.0023593277248454988,0.0,0.001898102201772392,0.007319932501366633,0.0018033228311420864,0.00019836776502502455,0.00011568780184825302,,,,,,,,,,,,
sparse-neutral,420,0.0018125081001151733,0.014408987116610117,0.0,0.01188969131331113,0.029816299286120364,0.024754381363155754,0.0025694083130610563,0.000495859504103296,,,,,,,,,,,,
sparse-neutral,421,0.001698450286165958,0.01656008837344349,0.0,0.013587760755987981,0.03509004321573836,0.02771217187244765,0.0027956714980978997,0.000642466907490049,,,,,,,,,,,,
sparse-neutral,422,0.0014319280770322522,0.012411957797284247,0.0,0.010215951853233847,0.024056082402921182,0.021762226244885417,0.002390655508700823,0.0014388670326295628,,,,,,,,,,,,
sparse-neutral,423,0.0010978216470412408,0.010818036158399486,0.0,0.008873993256127836,0.007589358421493394,0.03171606184829496,0.00205609144537041,0.0019106329184391808,,,,,,,,,,,,
sparse-neutral,424,0.0008388788427378569,0.022020850027540912,0.0,0.017784455790580304,0.032311310186769054,0.051824338161887695,0.001606703863117287,0.002341047898389609,,,,,,,,,,,,
sparse-neutral,425,0.001151626588111581,0.03612933082618019,0.0,0.029133789978566464,0.06668328875583526,0.07318193423236447,0.0012586429807710203,0.003393457335750001,,,,,,,,,,,,
sparse-neutral,426,0.0006970860357391075,0.02086264005281413,0.0,0.01682952924939913,0.029839442625441557,0.04716423812446896,0.002889438145715439,0.003557441315630575,,,,,,,,,,,,
sparse-neutral,427,0.0002979190864707908,0.009283242670490606,0.0,0.007486177953686643,0.013007722632707608,0.02160121719175343,0.0013445028745100287,0.0011795279829913553,,,,,,,,,,,,
sparse-neutral,428,0.0001626473147624139,0.004893384912566892,0.0,0.003947237393005997,0.008877303582188335,0.00982518773336419,0.0005088664495926892,0.00036218188512235344,,,,,,,,,,,,
sparse-neutral,429,0.00015048730836149442,0.004218677475309606,0.0,0.003405039441919983,0.009030279542434938,0.007374019801513058,0.00023120322328191106,0.00023920733400851818,,,,,,,,,,,,
sparse-neutral,430,0.00012472063766376967,0.0034682724224296495,0.0,0.002799562065476473,0.007841031166095174,0.0058164610066734615,0.00011257813929456277,0.00010301937765539902,,,,,,,,,,,,
sparse-neutral,431,5.3251968008945864e-05,0.001173826255319172,0.0,0.0009497113978571269,0.0022143644219307624,0.002398716526805708,3.4241289495650515e-05,4.798278304456818e-05,,,,,,,,,,,,
sparse-neutral,432,6.0442247964890805e-06,0.00013330054903087064,0.0,0.00010784928418399433,0.0003026693886000349,0.00022777391024552846,1.3773489735747813e-06,1.381548304344458e-06,,,,,,,,,,,,
sparse-neutral,433,1.3953315671121155e-06,3.264760420977816e-05,0.0,2.6397149681244953e-05,5.965341921547931e-05,7.032760318295543e-05,2.0278538317714655e-07,4.0660905750074405e-07,,,,,,,,,,,,
sparse-neutral,434,3.7173302859781643e-06,9.062879040153367e-05,0.0,7.324649837842255e-05,0.00016506130694567592,0.00019598327669380374,4.7378762783158437e-07,9.967903388234488e-07,,,,,,,,,,,,
sparse-neutral,435,4.4063141807946785e-06,0.00011284907656233605,0.0,9.116052408602778e-05,0.000205640101696687,0.00024413668300816223,5.194596313417879e-07,1.100061913153212e-06,,,,,,,,,,,,
sparse-neutral,436,6.674072841606342e-06,0.0001802421029498045,0.0,0.00014552849692816487,0.0003301725521040453,0.0003885012909322442,7.575078288772006e-07,1.537060934051277e-06,,,,,,,,,,,,
sparse-neutral,437,1.8770690831080832e-05,0.0004291008542271276,0.0,0.00034703482154791826,0.00027253320432928,0.0012543971981197688,8.82354607593254e-05,0.00010123755370013612,,,,,,,,,,,,
sparse-neutral,438,0.0009542074525379123,0.0077566506341620765,0.0,0.006396161997837245,0.012961346651206879,0.014054663094210012,0.0027920439888741958,0.0012185488023572235,,,,,,,,,,,,
sparse-neutral,439,0.0013535165929843143,0.010134663402628644,0.0,0.008378434040699777,0.01903083086281683,0.016182695561259074,0.002701532287425364,0.002623594899013307,,,,,,,,,,,,
sparse-neutral,440,0.00011737420901578362,0.0032422989721633926,0.0,0.002617314019533871,0.0064529493745883165,0.00576668516360407,0.00033622279059902354,0.0004133385598621601,,,,,,,,,,,,
sparse-neutral,441,8.886719632180805e-05,0.002866769879974238,0.0,0.002311189343243752,0.0043346677652573344,0.006949997751344372,0.00010296160935406213,7.945239394118162e-05,,,,,,,,,,,,
sparse-neutral,442,7.895755146886002e-05,0.0026964047287521948,0.0,0.0021729152932955277,0.0036174589445286368,0.006979635717204336,8.816006481448513e-05,0.00010036418846131927,,,,,,,,,,,,
sparse-neutral,443,6.915950650826683e-05,0.002328086305346917,0.0,0.001876300945579187,0.003059216103071315,0.00607077140609251,7.93834511532382e-05,0.00010297426107060529,,,,,,,,,,,,
sparse-neutral,444,8.397221928771514e-05,0.002531796528284367,0.0,0.0020422316664850367,0.003726427663183108,0.0061892735282883735,8.844243240797061e-05,0.00012304248925801563,,,,,,,,,,,,
sparse-neutral,445,9.106401350260524e-05,0.0024615661278675066,0.0,0.001987465704994526,0.003930356834168791,0.005751522690418611,6.797371097624653e-05,9.641127590637652e-05,,,,,,,,,,,,
sparse-neutral,446,0.0002787098632697597,0.005850705002029457,0.0,0.004736305974277518,0.006776201953548157,0.014043063898317701,0.0017376721068851175,0.0008458820493668506,,,,,,,,,,,,
sparse-neutral,447,0.0001968898164604154,0.0073105871065337,0.0,0.005887847648519043,0.010735809336009528,0.015021840845362292,0.0016661899798695594,0.0018185082648934205,,,,,,,,,,,,
sparse-neutral,448,0.0007808515048286317,0.009036073535440683,0.0,0.007385029129318274,0.016646414933531743,0.014450381870187877,0.002012701348130596,0.003034795989912518,,,,,,,,,,,,
sparse-neutral,449,0.0007654764339011293,0.008962995125659848,0.0,0.007323491387308104,0.02151592795248563,0.011094123720231282,0.0015248872046478093,0.0017170416252746741,,,,,,,,,,,,
sparse-neutral,450,0.0008778611460623126,0.008301253464073616,0.0,0.006816575000471356,0.02186276284416966,0.009636648187056746,0.0006503774920864935,0.0010552253329815739,,,,,,,,,,,,
sparse-neutral,451,0.0009980975650465713,0.006447930952364593,0.0,0.005357964274900988,0.0163393732626991,0.007992238035137067,0.0003564245492725191,0.0011036879623496855,,,,,,,,,,,,
sparse-neutral,452,0.00044684551198169713,0.00497830644563402,0.0,0.004072014258903555,0.010109901856781928,0.009155054343379695,0.0001795977722680445,0.00046867181010641363,,,,,,,,,,,,
sparse-neutral,453,0.00033458920427358475,0.0050624356059833075,0.0,0.004116866325641363,0.010489373352669796,0.009221904888184026,0.00017088918031857154,0.00036757500276083434,,,,,,,,,,,,
sparse-neutral,454,0.0003260794590564074,0.005440613203123286,0.0,0.00441770645430991,0.011355361615015363,0.009485369226076325,0.0002455093556753637,0.000676212615726093,,,,,,,,,,,,
sparse-neutral,455,0.00032709030861574346,0.00606995152957849,0.0,0.004921379285385941,0.012477880401324607,0.010665946450324494,0.00032438848685528926,0.0008115907798095677,,,,,,,,,,,,
sparse-neutral,456,0.0003376439871058931,0.006349203202455751,0.0,0.00514689135938578,0.013120542594812707,0.011090329713712615,0.0003113731215173996,0.000874567379780284,,,,,,,,,,,,
sparse-neutral,457,0.00029341335068247033,0.005428522956375041,0.0,0.004401501035236527,0.011640428414689711,0.00910061180099917,0.00021091909934155452,0.0007621325104697286,,,,,,,,,,,,
sparse-neutral,458,0.00021876968752041184,0.0038364216010121437,0.0,0.0031128912183137976,0.008414908006247905,0.0062767372675394595,0.00013713733345296873,0.0005169037968082423,,,,,,,,,,,,
sparse-neutral,459,0.000118548033705407,0.0021059558260359892,0.0,0.0017084742675698727,0.0047191045978413285,0.0033594192238604933,8.414566758838743e-05,0.0002611538148537478,,,,,,,,,,,,
sparse-neutral,460,6.017153179945248e-05,0.0010309534030140436,0.0,0.0008367970287711253,0.0023355059193659205,0.0015590639282720543,5.2351013391052536e-05,0.0001768927510271469,,,,,,,,,,,,
sparse-neutral,461,6.519422822297925e-05,0.0005930421478306847,0.0,0.0004874725639091436,0.0008103003968142699,0.001287852174428783,4.583299986049071e-05,0.00022818302021919507,,,,,,,,,,,,
sparse-neutral,462,4.839826059106817e-07,7.573763549379485e-06,0.0,6.155807360685725e-06,1.632684015861068e-05,1.3909631121954785e-05,3.0653017249420225e-08,2.792989970305402e-08,,,,,,,,,,,,
sparse-neutral,463,9.883936842797306e-07,1.5596340179574354e-05,0.0,1.267475088051543e-05,3.3672035757796726e-05,2.860453006210339e-05,5.579930909447102e-08,5.299558930282855e-08,,,,,,,,,,,,
sparse-neutral,464,3.943023560416614e-05,0.0005594202986578636,0.0,0.00045542228604712406,0.0007825192357349557,0.0013702636388856673,5.287460351593705e-05,3.202371649489434e-05,,,,,,,,,,,,
sparse-neutral,465,6.562467638752563e-05,0.00035712755492414705,0.0,0.0002988269792168228,0.00035622598344673523,0.0008891538419374758,0.00011409048116761957,6.903991314475771e-05,,,,,,,,,,,,
sparse-neutral,466,9.793255981119875e-05,0.0005593370669930146,0.0,0.00046705616555665143,0.0006443285700185317,0.0011710314823598813,0.00032603083303883046,9.595738255481486e-05,,,,,,,,,,,,
sparse-neutral,467,0.00013289791183996905,0.0007107297071671382,0.0,0.0005951633481017045,0.0009032643222066279,0.0012364830199467942,0.0005628011530556008,0.00014037033345953027,,,,,,,,,,,,
sparse-neutral,468,0.00014862973628270291,0.0007751202609843627,0.0,0.0006498221560440308,0.0013169207312311657,0.0008506464262975279,0.000702176319944136,0.00023073756646462126,,,,,,,,,,,,
sparse-neutral,469,8.458512125350041e-07,1.4023022620063928e-05,0.0,1.1387588338558142e-05,3.079210127984108e-05,2.5261879877707976e-05,2.631745067785652e-08,1.1791872028792653e-08,,,,,,,,,,,,
sparse-neutral,470,1.0436113860588498e-06,1.803136305312304e-05,0.0,1.4633812719710204e-05,3.971053868570662e-05,3.232734991228385e-05,5.4319643810110584e-08,3.324397069157863e-08,,,,,,,,,,,,
sparse-neutral,471,9.910377893874823e-07,1.7820813062173773e-05,0.0,1.4454858007616515e-05,3.935063798656032e-05,3.1813275476448526e-05,7.129183290395965e-08,4.8046952782284403e-08,,,,,,,,,,,,
sparse-neutral,472,9.899610278027463e-07,1.8283536640024692e-05,0.0,1.4824821517580304e-05,4.03732259813362e-05,3.261585689979664e-05,8.534935459785554e-08,5.971432436806797e-08,,,,,,,,,,,,
sparse-neutral,473,1.252384633681522e-06,2.343534370263342e-05,0.0,1.899875188884304e-05,5.147667744202732e-05,4.2066760978178183e-05,1.1434617420097856e-07,8.359021612720479e-08,,,,,,,,,,,,
sparse-neutral,474,3.513545266867264e-07,6.9217641293361266e-06,0.0,5.607682208806246e-06,1.0816815559921877e-05,1.6651770172910436e-05,2.0966624418398748e-08,1.9750416009379232e-07,,,,,,,,,,,,
sparse-neutral,475,1.2160963460150328e-05,0.0002654875313875093,0.0,0.00021482221780203748,0.0004801481588188293,0.0005599255593093015,1.0047706013596055e-05,1.1828701408310415e-05,,,,,,,,,,,,
sparse-neutral,476,2.761352005127094e-05,0.0005435256398719757,0.0,0.00044034321590783485,0.001073812670228388,0.0010813794513863922,7.087965145097798e-06,1.1822472728024819e-05,,,,,,,,,,,,
sparse-neutral,477,0.00014728461541294827,0.002206336891327813,0.0,0.0017945264361448401,0.0035182981885118246,0.004745318453316193,0.00020107323458220174,0.0003606576889010321,,,,,,,,,,,,
sparse-neutral,478,0.00015547348957275708,0.0031508105212093196,0.0,0.002551743114882007,0.005094866389035897,0.006821263493914167,0.00031369949616079075,0.00037341270572642277,,,,,,,,,,,,
sparse-neutral,479,0.0002887928766463077,0.0038059595481166257,0.0,0.003102526213822562,0.006454331343619232,0.008240387211254639,0.0002373950043796261,0.00029172463321300405,,,,,,,,,,,,
sparse-neutral,480,0.0003613812166106281,0.0038483943720228307,0.0,0.00315099174094039,0.0064964435696662475,0.00844133916264842,0.00020996048068075112,0.0002458342750959045,,,,,,,,,,,,
sparse-neutral,481,0.0003383279235954961,0.0033262236696726378,0.0,0.00272864452045721,0.0056794658694546965,0.007255010168711435,0.00013230277167435316,0.00023811586885006671,,,,,,,,,,,,
sparse-neutral,482,0.00031593782232463896,0.0028533688316364015,0.0,0.0023458826297740485,0.004885145575655426,0.006154871655723721,0.00011666991653747634,0.0002567881786289814,,,,,,,,,,,,
sparse-neutral,483,0.0003011027666044854,0.0020778032812060533,0.0,0.0017224631782857397,0.0037167243368951544,0.0041456524660306165,0.00021806380297186524,0.00023077251892657607,,,,,,,,,,,,
sparse-neutral,484,0.00029714604017497335,0.001378001944030303,0.0,0.0011618307632592368,0.0024842442898172284,0.002486920676017475,0.00031484182267906404,0.00022600098760744357,,,,,,,,,,,,
sparse-neutral,485,0.00023865450013326042,0.0010461503043547413,0.0,0.000884651143510445,0.001968990596763795,0.0015981661230154089,0.0003613157221558035,0.00025612877548395813,,,,,,,,,,,,
sparse-neutral,486,0.00016014409692103186,0.000997277304358322,0.0,0.0008298506628708638,0.002211083299955923,0.0010614249748245447,0.0003999899853453794,0.00031661095730744007,,,,,,,,,,,,
sparse-neutral,487,0.00015757401939542424,0.0014913390855045888,0.0,0.001224586072282756,0.003254326678471069,0.001771771954609025,0.00046188993010851234,0.00047736777882974893,,,,,,,,,,,,
sparse-neutral,488,0.0001546740970873357,0.002295197459529182,0.0,0.001867092787040813,0.004899717812349641,0.0031898331604407327,0.0005180835340493343,0.0005731553312770197,,,,,,,,,,,,
sparse-neutral,489,0.00017333266709752487,0.0034786482179377386,0.0,0.002817585107769696,0.007735398650031559,0.005222944513322838,0.0005286873997300437,0.0004275623086665129,,,,,,,,,,,,
sparse-neutral,490,0.0002998675010806701,0.005453123994729441,0.0,0.004422472695999687,0.01277158357232469,0.008150850995427353,0.0004819731741297807,0.00040808823703594033,,,,,,,,,,,,
sparse-neutral,491,1.8537026024124261e-06,3.295227580424711e-05,0.0,2.673256116388017e-05,6.934280641953312e-05,6.218373344807438e-05,1.3304280055133343e-07,1.4952054882959024e-07,,,,,,,,,,,,
sparse-neutral,492,1.980500903640092e-06,3.6058118946479056e-05,0.0,2.924259533791126e-05,7.559128690813964e-05,6.813913054009022e-05,2.2443549685986773e-07,2.776228408264927e-07,,,,,,,,,,,,
sparse-neutral,493,4.1509983871768e-06,7.661208986786691e-05,0.0,6.21198715717289e-05,0.0001602222451215543,0.00014480796569136075,5.906306530530445e-07,8.275180054995672e-07,,,,,,,,,,,,
sparse-neutral,494,3.873256594038308e-06,7.241329557214682e-05,0.0,5.8705287776525125e-05,0.00015199245387891938,0.00013598639051516767,6.685246687021784e-07,1.005813225798077e-06,,,,,,,,,,,,
sparse-neutral,495,1.6237609095894187e-06,3.090175394014139e-05,0.0,2.5046155334030995e-05,6.525114473972448e-05,5.747112825523518e-05,3.5196593054618384e-07,5.327768350597171e-07,,,,,,,,,,,,
sparse-neutral,496,2.2375098926748647e-06,4.317005913514517e-05,0.0,3.498354928665111e-05,9.567362229021846e-05,7.570046620945687e-05,5.401890701666264e-07,7.659589707387228e-07,,,,,,,,,,,,
sparse-neutral,497,9.590329754683986e-07,1.8601830149817666e-05,0.0,1.5073270714947813e-05,3.93888815776397e-05,3.436735922310561e-05,2.4499741047690407e-07,4.0608238804844687e-07,,,,,,,,,,,,
sparse-neutral,498,2.0367261928735667e-06,3.9487949197054354e-05,0.0,3.19977045962182e-05,7.576274478422093e-05,8.112250692015252e-05,3.671544715677378e-07,6.993906122762467e-07,,,,,,,,,,,,
sparse-neutral,499,4.2056428578303636e-07,1.226828136700579e-05,0.0,9.898737950761239e-06,2.005098334289657e-05,2.8355292819685114e-05,5.045833993015775e-07,1.622659061398966e-07,,,,,,,,,,,,
sparse-neutral,500,1.6255690954734082e-06,3.214200510999417e-05,0.0,2.6038717907090014e-05,9.720426448743191e-05,2.915081891938119e-05,1.1717019832988252e-06,1.0412350498647305e-06,,,,,,,,,,,,
sparse-neutral,501,3.2140933193367764e-06,6.421466406967114e-05,0.0,5.2014549919604266e-05,0.0001738985299685048,7.916436063501026e-05,1.8986366453522126e-06,1.897129029817252e-06,,,,,,,,,,,,
sparse-neutral,502,3.7805462010133347e-06,7.556319358691043e-05,0.0,6.1206664109731e-05,0.00020096222302159076,9.704212372096214e-05,2.1282065462057426e-06,2.1202210588830517e-06,,,,,,,,,,,,
sparse-neutral,503,3.6731325954487883e-06,7.343004624749141e-05,0.0,5.9478663517082886e-05,0.0001899442181198848,9.997517453740493e-05,1.8354547566802986e-06,1.965337575995621e-06,,,,,,,,,,,,
sparse-neutral,504,3.3309267421657012e-06,6.657525140791122e-05,0.0,5.392638647476212e-05,0.000164249220934357,9.893722909743615e-05,1.4166362822552608e-06,1.697919317596455e-06,,,,,,,,,,,,
sparse-neutral,505,2.7165638354198604e-06,5.43209556361188e-05,0.0,4.400007727597902e-05,0.00013100154707919637,8.402364278998411e-05,9.926716593474422e-07,1.2659610159473032e-06,,,,,,,,,,,,
sparse-neutral,506,1.9668160471545816e-05,0.00031330054063525767,0.0,0.0002545740646025153,0.0009065509412390842,0.00029260172675076154,2.2478423712937282e-05,3.157107083824768e-05,,,,,,,,,,,,
sparse-neutral,507,1.9770113705726145e-05,0.00039836003574727835,0.0,0.0003226420513389679,0.001107670494858234,0.0004450244680732685,1.685270056481721e-05,2.3892479492793528e-05,,,,,,,,,,,,
sparse-neutral,508,2.1019570735269046e-05,0.0004353190934753447,0.0,0.00035245918892732957,0.0012059845332129694,0.0005029330073261302,1.2816528715298638e-05,1.9542304646980674e-05,,,,,,,,,,,,
sparse-neutral,509,2.2385199481356272e-05,0.000452496329889508,0.0,0.00036647410380787765,0.0012353689634954069,0.0005474684731694962,1.104733747673114e-05,1.6100545416397893e-05,,,,,,,,,,,,
sparse-neutral,510,2.5922444871637152e-05,0.0005195400941617541,0.0,0.0004208165643037307,0.0013114276754079683,0.0007376758481882036,1.402520814256575e-05,1.5031644908279271e-05,,,,,,,,,,,,
sparse-neutral,511,3.4837001320229494e-05,0.0007174827439216511,0.0,0.0005809535954013668,0.0016783110787995082,0.001156438447886817,1.9261021353624327e-05,1.592042764665536e-05,,,,,,,,,,,,
sparse-neutral,512,5.3242571810678095e-05,0.001123039165725859,0.0,0.0009090798469428228,0.0025015585410014646,0.0019466970576603375,2.5760764813789317e-05,1.8140299427844013e-05,,,,,,,,,,,,
sparse-neutral,513,7.27165209339011e-05,0.0014973501786594752,0.0,0.0012124234471143605,0.003243081665021763,0.0027032179689602835,2.589421540951717e-05,1.7206865246337578e-05,,,,,,,,,,,,
sparse-neutral,514,9.220380968311253e-05,0.001808010701839845,0.0,0.0014648493234084986,0.003803218536340534,0.0033925386960119474,2.150655233202582e-05,1.477902267487291e-05,,,,,,,,,,,,
sparse-neutral,515,0.0001049072993784667,0.0019381757420664026,0.0,0.0015715220535288152,0.003973149366495812,0.0037501239523309473,1.6207250122912036e-05,1.3222399315938906e-05,,,,,,,,,,,,
sparse-neutral,516,9.878443849602077e-05,0.0017204623618903893,0.0,0.0013961267772115156,0.0034633684070808136,0.0033961073911719327,1.1702727175434672e-05,1.0670922133375764e-05,,,,,,,,,,,,
sparse-neutral,517,7.221850707359156e-05,0.0012017102410424023,0.0,0.0009758118942486401,0.002388149227587741,0.0023984007034323533,9.599424172246299e-06,1.0691608977267807e-05,,,,,,,,,,,,
sparse-neutral,518,4.321047752004889e-05,0.0006835913669008618,0.0,0.0005555151890246992,0.0013459380394849833,0.0013708418126692004,8.031768840380839e-06,9.553846608882391e-06,,,,,,,,,,,,
sparse-neutral,519,2.048841257094793e-05,0.00029326042596820726,0.0,0.00023870602328875538,0.0005640779709178968,0.0005936888211733318,6.794321176774689e-06,8.48059060482555e-06,,,,,,,,,,,,
sparse-neutral,520,5.653416661747875e-06,5.314076758991038e-05,0.0,4.364329740427788e-05,0.00010744455099495032,9.067450648795389e-05,6.307033733114802e-06,8.136979143622533e-06,,,,,,,,,,,,
sparse-neutral,521,7.1490766745988605e-06,0.00016322707487395472,0.0,0.00013201147523408355,0.00037897821873171,0.0002588792919951457,6.6630303625602016e-06,8.387758406402993e-06,,,,,,,,,,,,
sparse-neutral,522,9.515704229474523e-07,1.5195003460678746e-05,0.0,1.2346316853132487e-05,3.1475522848155565e-05,2.92606270972824e-05,1.656424778336433e-08,2.7299649493649657e-08,,,,,,,,,,,,
sparse-neutral,523,1.0018829840057382e-06,1.6139068396405302e-05,0.0,1.3111631313925389e-05,3.351975401310495e-05,3.098749851834872e-05,2.9702359824625136e-08,1.9318694342920902e-08,,,,,,,,,,,,
sparse-neutral,524,1.5977074819889094e-06,2.612339805418323e-05,0.0,2.1218259939744367e-05,5.414908637100954e-05,5.0244569976873996e-05,7.302272643688569e-08,2.6913142412503232e-08,,,,,,,,,,,,
sparse-neutral,525,1.2672024562153204e-06,2.1187980815738874e-05,0.0,1.720382514383416e-05,4.36494752901226e-05,4.099013929249737e-05,7.851532782551137e-08,3.3793352510022615e-08,,,,,,,,,,,,
sparse-neutral,526,1.4427823119849622e-06,2.4800015349316663e-05,0.0,2.0128568741850325e-05,5.061724610993487e-05,4.840229705216889e-05,1.1663243892330665e-07,6.388579623959017e-08,,,,,,,,,,,,
sparse-neutral,527,1.964398476368469e-06,3.4647625094826055e-05,0.0,2.8110979771134538e-05,7.002094576390131e-05,6.82334034764271e-05,2.032424304457199e-07,1.3290870853007024e-07,,,,,,,,,,,,
sparse-neutral,528,2.8599330024220587e-06,5.1563570200716424e-05,0.0,4.1822842761057555e-05,0.00010320369861687814,0.00010242182788523995,3.6401485752334177e-07,2.6473944322427e-07,,,,,,,,,,,,
sparse-neutral,529,2.295684011808992e-06,4.2169192533504285e-05,0.0,3.4194490829165226e-05,8.374925592037307e-05,8.430371424939908e-05,3.5036363150462153e-07,2.7343633274039306e-07,,,,,,,,,,,,
sparse-neutral,530,2.197035196392891e-06,4.098481880453127e-05,0.0,3.3227262082903596e-05,8.10476196505156e-05,8.219021546243596e-05,3.852759954850787e-07,3.1616410968844776e-07,,,,,,,,,,,,
sparse-neutral,531,2.2151080556041254e-06,4.236943523799695e-05,0.0,3.433856980151839e-05,8.373631521940712e-05,8.513431603662688e-05,2.548280605529851e-07,3.522816354008209e-07,,,,,,,,,,,,
sparse-neutral,532,3.330023347348632e-05,0.0002639158406267224,0.0,0.00021779271919607522,0.0006098945967832534,0.0003271384043340082,6.705777382883106e-05,5.157258756079701e-05,,,,,,,,,,,,
sparse-neutral,533,3.852299233411709e-05,0.0002677100829798307,0.0,0.00022187266485068795,0.0005825470651947505,0.0003557496151975092,7.51216310852682e-05,5.7422020441794884e-05,,,,,,,,,,,,
sparse-neutral,534,4.021685928598716e-05,0.0002881212898766649,0.0,0.00023854040375852933,0.0005845542622390026,0.00043504737029541264,7.482575712059808e-05,5.805776985164626e-05,,,,,,,,,,,,
sparse-neutral,535,4.03287194488992e-05,0.000331230411971938,0.0,0.00027305007346733025,0.000645592116166658,0.000550288998669598,7.220745980271672e-05,5.6833073248779596e-05,,,,,,,,,,,,
sparse-neutral,536,3.962523765390029e-05,0.0004155655495746651,0.0,0.00034037748719051216,0.0007899006829305837,0.0007436240150934401,7.136248439072623e-05,5.737501588391052e-05,,,,,,,,,,,,
sparse-neutral,537,3.65157488150025e-05,0.0005181266431715649,0.0,0.00042180446430025245,0.0009621740377974968,0.0009832496759209124,7.034222263082278e-05,5.6740636337027635e-05,,,,,,,,,,,,
sparse-neutral,538,3.3119738764598764e-05,0.0005457338817558783,0.0,0.00044321105315762245,0.0009727619433478147,0.0010885740864124043,6.738652836772503e-05,5.42129688955693e-05,,,,,,,,,,,,
sparse-neutral,539,3.248045761229552e-05,0.0004934350193343925,0.0,0.000401244106989973,0.0007850988354042328,0.0010681557343589659,6.83466735943327e-05,5.213883398003826e-05,,,,,,,,,,,,
sparse-neutral,540,3.374755140892352e-05,0.000510155786487994,0.0,0.00041487413947217987,0.0008100197377915794,0.001112012893534115,7.180638641428025e-05,4.6784128212001005e-05,,,,,,,,,,,,
sparse-neutral,541,5.5620746115442324e-05,0.0005783980678287788,0.0,0.00047384260348611154,0.0009811382128622004,0.0011616226657900537,0.00011139327148246304,5.9438121180397886e-05,,,,,,,,,,,,
sparse-neutral,542,0.00010466738586463943,0.0009356771539557987,0.0,0.0007694752003375668,0.0018134837634671,0.001513548443299742,0.0003148496767362328,0.00010082673232012006,,,,,,,,,,,,
sparse-neutral,543,0.00024201717115892682,0.0018669518117577755,0.0,0.001541964883638006,0.003985403807881236,0.002361961885347247,0.0009238128275773867,0.00019662872622523258,,,,,,,,,,,,
sparse-neutral,544,0.0005822698169245591,0.0034155281111831483,0.0,0.0028488764523314303,0.008002900261637963,0.003410371677824078,0.0019388573404940867,0.000309983164776465,,,,,,,,,,,,
sparse-neutral,545,0.0006303392694658372,0.005598885720718138,0.0,0.004605176430467678,0.013797273708187355,0.0048178255353646384,0.003237312278097865,0.0005431313612226944,,,,,,,,,,,,
sparse-neutral,546,3.6220279995385192e-06,6.606538890278419e-05,0.0,5.357671672213504e-05,0.00012287366553787296,0.00014029474066342318,5.521421719109197e-07,5.410072379296459e-07,,,,,,,,,,,,
sparse-neutral,547,8.323655291467124e-06,0.00015469961748014872,0.0,0.0001254244250424124,0.00028568323184479744,0.00033070831819959843,1.1316440919495316e-06,1.2752757842494674e-06,,,,,,,,,,,,
sparse-neutral,548,6.264830336244956e-06,0.00011969124542791724,0.0,9.700596240958278e-05,0.0002198677254121994,0.00025700562137142386,7.85906653705542e-07,1.1057282743401245e-06,,,,,,,,,,,,
sparse-neutral,549,2.455543439859005e-06,4.851196015226082e-05,0.0,3.930067680978047e-05,9.012499461451414e-05,0.0001031255045789467,3.06456327066233e-07,4.908850885162179e-07,,,,,,,,,,,,
sparse-neutral,550,7.20566258141591e-06,0.0001448311295228794,0.0,0.00011730603613458669,0.0002875287943015398,0.0002901054313086695,5.182259141206746e-07,1.1720665671875792e-06,,,,,,,,,,,,
sparse-neutral,551,0.000421268932313873,0.0028506953927520803,0.0,0.0023648101006644383,0.005686944498154641,0.004411283740694843,0.0008135869570562176,0.0004909663751026189,,,,,,,,,,,,
sparse-neutral,552,0.000403423777160969,0.003996268986882388,0.0,0.0032776999449381046,0.009792591947259736,0.004908062684214416,0.0009038341195389885,0.0003805871965164137,,,,,,,,,,,,
sparse-neutral,553,0.0002796916097234338,0.004536647133997751,0.0,0.0036852560291428874,0.011652123533144147,0.005608976174776282,0.0005024404448490431,0.0003830483832215301,,,,,,,,,,,,
sparse-neutral,554,8.011865161227927e-05,0.0016764008561125,0.0,0.0013571444152124562,0.0033348862625800493,0.003221965214459828,7.567298350681594e-05,7.307896390330752e-05,,,,,,,,,,,,
sparse-neutral,555,2.8984803339873622e-05,0.0006275565917699456,0.0,0.0005078422340839312,0.0013158524788946914,0.0011656981022463906,1.2952486719265637e-05,1.5723299219434286e-05,,,,,,,,,,,,
sparse-neutral,556,1.3057706777329427e-05,0.0002824420376029916,0.0,0.0002285651714378592,0.0006555205990384994,0.0004663445941370442,3.610644463404285e-06,4.292312773018624e-06,,,,,,,,,,,,
sparse-neutral,557,1.1045915854426921e-05,0.00023363293957248592,0.0,0.00018911553482887412,0.0005655611000514924,0.00036339588095130173,3.2369448043821023e-06,2.3378324827675467e-06,,,,,,,,,,,,
sparse-neutral,558,6.500795664386742e-06,0.00013508954347073483,0.0,0.00010937179390946522,0.0003305210872563992,0.0002060434608972472,2.632299748194022e-06,1.1613259810988506e-06,,,,,,,,,,,,
sparse-neutral,559,1.1570431591700472e-06,1.8368886839159184e-05,0.0,1.4926518103161355e-05,4.362510500829059e-05,2.7675603972544973e-05,1.8352753102899953e-06,3.3956306551116237e-07,,,,,,,,,,,,
sparse-neutral,560,2.478397264850512e-06,6.698891731062926e-05,0.0,5.40868133014735e-05,0.000145575395308383,0.00011906265697475907,2.8168491857779187e-06,5.007677735970416e-07,,,,,,,,,,,,
sparse-neutral,561,3.9554475239669304e-06,0.00010124041953276854,0.0,8.178342513100821e-05,0.0002392799412237956,0.00016054074336901077,4.051194636036268e-06,1.0897989022315119e-06,,,,,,,,,,,,
sparse-neutral,562,5.6011906217472495e-06,0.00013983487496728577,0.0,0.0001129881380981781,0.0003264301837605015,0.00022536306279410218,5.731513618649559e-06,1.8147396958898607e-06,,,,,,,,,,,,
sparse-neutral,563,8.200940899005252e-06,0.00020022875048453172,0.0,0.00016182318856742644,0.00044070777080424273,0.0003493208687710835,7.763172637089044e-06,3.123189725711635e-06,,,,,,,,,,,,
sparse-neutral,564,2.7289829810217197e-06,6.264914525912882e-05,0.0,5.06651128035074e-05,0.00011958391308580565,0.00012916156497168712,8.504531068684598e-07,1.0006498721540673e-06,,,,,,,,,,,,
sparse-neutral,565,3.257867468730747e-06,7.414498939689083e-05,0.0,5.996756501125881e-05,0.00014122500852879456,0.00015309779387696773,1.0543382806152872e-06,1.202816901185747e-06,,,,,,,,,,,,
sparse-neutral,566,3.228823251753177e-06,7.269035743146683e-05,0.0,5.879805059552409e-05,0.00013841755911621237,0.00015012553202528077,1.0322479936048842e-06,1.1860905907692771e-06,,,,,,,,,,,,
sparse-neutral,567,0.00014016849998134954,0.001365451822678623,0.0,0.0011203951581391684,0.00413946159017431,0.001107440337674839,0.00013006329315088907,8.484206971445468e-05,,,,,,,,,,,,
sparse-neutral,568,1.8727312234512776e-05,0.0004274947628515824,0.0,0.00034574127272816844,0.0009077171093812924,0.0007769462248512332,1.63430142312219e-05,8.972702942582172e-06,,,,,,,,,,,,
sparse-neutral,569,5.849646856797063e-06,0.00013409038213598365,0.0,0.00010844223508014632,0.0003426629882295235,0.0001869073249857676,5.284850470781139e-06,1.5063648578623223e-06,,,,,,,,,,,,
sparse-neutral,570,1.3218665733609645e-06,4.08030708006217e-05,0.0,3.290682995516955e-05,0.00013182645030277332,2.612538926890463e-05,3.5465536481763197e-06,1.7138899826325448e-06,,,,,,,,,,,,
sparse-neutral,571,3.1242786398407293e-06,5.702739555996295e-05,0.0,4.6246772175938504e-05,5.8968076817177194e-05,0.0001656363300813366,1.8468991395202883e-06,1.6582762018177485e-06,,,,,,,,,,,,
sparse-neutral,572,7.22021873843347e-06,0.00014268358110708598,0.0,0.00011559090863335548,0.0002148129077881743,0.0003528918588288808,8.527066588382282e-07,2.1768511524506047e-06,,,,,,,,,,,,
sparse-neutral,573,8.786619705014939e-05,0.0012970384426224896,0.0,0.0010552039935080215,0.0021673711625605344,0.002268363458509987,0.0004265423917478714,0.00032587675767156563,,,,,,,,,,,,
sparse-neutral,574,0.00020661179817132644,0.0023670538773307654,0.0,0.0019349654614988776,0.004378350865300187,0.0033484338778253676,0.0012338795148664752,0.0005075512513310305,,,,,,,,,,,,
sparse-neutral,575,0.0002783511055243712,0.003186238298950574,0.0,0.0026046608602653333,0.005928957048873348,0.004345148376858794,0.0018219329283976982,0.0006489148416724558,,,,,,,,,,,,
sparse-neutral,576,0.0003051135653376533,0.003649628942166643,0.0,0.0029807258668008456,0.007411352198481746,0.0045447340736900965,0.0019706548919278277,0.0006717746045669031,,,,,,,,,,,,
sparse-neutral,577,0.00029572564674610935,0.003933221609149417,0.0,0.0032057224166687553,0.009557314952074658,0.003850514991907411,0.0017049772962700318,0.0006200791963455664,,,,,,,,,,,,
sparse-neutral,578,0.00028872134275975583,0.004432797018288983,0.0,0.0036039818831831378,0.012177440259993077,0.00386449224268464,0.0010972663200243312,0.0005919892504538858,,,,,,,,,,,,
sparse-neutral,579,0.00023460135008727257,0.004676526368458054,0.0,0.003788141364783898,0.01382873146865241,0.00403853929424074,0.0004524260115792936,0.0003864086993597774,,,,,,,,,,,,
sparse-neutral,580,0.00016510188906626984,0.005328085017848426,0.0,0.004295488392091994,0.014547388966343626,0.005386037431512144,0.001090296679754503,0.00028861699378342816,,,,,,,,,,,,
sparse-neutral,581,0.00017899042927171924,0.004990533444338246,0.0,0.004028224841324941,0.011305443968603932,0.007632915611360724,0.0008871759167730234,0.00013659828061530647,,,,,,,,,,,,
sparse-neutral,582,0.00020213021287373453,0.004279930464374462,0.0,0.0034643704140743165,0.009217216790054366,0.007383777890254049,0.0004092643599605441,0.00010946281722888919,,,,,,,,,,,,
sparse-neutral,583,0.00017828006702390873,0.003484665662624493,0.0,0.0028233885435043765,0.0072165676353510835,0.006464468659168909,0.00016688525043436365,9.074110554361813e-05,,,,,,,,,,,,
sparse-neutral,584,0.0001565644028124862,0.002928961405723749,0.0,0.0023744820051414964,0.005769174632031928,0.005821161470157803,7.343141896437819e-05,5.207810174088713e-05,,,,,,,,,,,,
sparse-neutral,585,0.00014398091971482832,0.002620793382825432,0.0,0.0021254308902033114,0.004946010424237019,0.00546599401517019,4.1736696159056544e-05,2.943239573546518e-05,,,,,,,,,,,,
sparse-neutral,586,0.00010954868109671406,0.0019526939943497936,0.0,0.001584064931699177,0.0035796212909496076,0.004189330583188013,2.27246350694041e-05,1.909946819214869e-05,,,,,,,,,,,,
sparse-neutral,587,6.98288664598784e-05,0.0012146999225610877,0.0,0.0009857257113408458,0.0021827258945419587,0.0026393402100947207,1.7702328039519174e-05,1.903125756815299e-05,,,,,,,,,,,,
sparse-neutral,588,3.409701155127082e-05,0.0005513846556086375,0.0,0.0004479271267971641,0.0009908382663902941,0.001178942950928101,1.8540097857178776e-05,1.7217307258976588e-05,,,,,,,,,,,,
sparse-neutral,589,1.3613888303610235e-05,0.00019027109107373584,0.0,0.00015493965051971073,0.00042659306108747624,0.0002915600978646589,2.5144611920675608e-05,1.7786593422132663e-05,,,,,,,,,,,,
sparse-neutral,590,2.003939018200294e-05,0.0004257095263991381,0.0,0.0003445754991557111,0.0008126071332941505,0.0008479174911444468,2.4812626528634602e-05,1.750085462932051e-05,,,,,,,,,,,,
sparse-neutral,591,1.9741540995098115e-05,0.0004237681117611442,0.0,0.000342962797607935,0.0008165182453319139,0.0008460314094437438,1.8455970028512087e-05,1.406682224040711e-05,,,,,,,,,,,,
sparse-neutral,592,3.004305780142995e-06,5.2304122301920984e-05,0.0,4.244415899756539e-05,0.0001006164925103944,0.00010780311219510008,4.342951791866026e-07,3.625893230028305e-07,,,,,,,,,,,,
sparse-neutral,593,1.2447474529138222e-05,0.00016840015815839814,0.0,0.00013720962143254614,0.00042424636231765583,0.0002128586441308221,2.120375853278946e-05,1.529186765232515e-05,,,,,,,,,,,,
sparse-neutral,594,1.3193716307852875e-05,0.00019656734052769714,0.0,0.00015989261568372828,0.0005186217072621393,0.00022529516360970858,2.4075168039013106e-05,1.8277323199927563e-05,,,,,,,,,,,,
sparse-neutral,595,1.4019557360893943e-05,0.00020690853845498463,0.0,0.00016833074223616647,0.0005438286397956671,0.00023881926136836194,2.4919609345108486e-05,2.006664331080091e-05,,,,,,,,,,,,
sparse-neutral,596,1.3474044874439456e-05,0.0001703447939543816,0.0,0.00013897064413839316,0.0004284319830083892,0.00020964331608417638,2.3623818450032466e-05,1.96800582749284e-05,,,,,,,,,,,,
sparse-neutral,597,1.2214747497199397e-05,0.00012375836050497775,0.0,0.00010144963790342209,0.0002451664491844174,0.0002101688119592444,2.1356645549583302e-05,1.834153532666592e-05,,,,,,,,,,,,
sparse-neutral,598,5.152005982021939e-07,8.932505165673332e-06,0.0,7.249044252179104e-06,1.3309257479004398e-05,2.2237864305283608e-05,4.421857543902905e-08,1.3868030296629207e-07,,,,,,,,,,,,
sparse-neutral,599,1.2959887838008132e-05,5.756150921080858e-05,0.0,4.8641184936248496e-05,5.705270380936139e-05,0.0001308504505384732,2.2116091356700823e-05,2.0226791138698917e-05,,,,,,,,,,,,
sparse-a,0,5.788529159448796e-05,0.013592019100651623,0.0,0.010885192338840196,0.03347208315610196,0.02088480314765767,6.988013471840288e-06,4.202085375021543e-06,,,,,,,,,,,,
sparse-a,1,5.807432711245656e-05,0.013582045584366173,0.0,0.010877251332915429,0.033384617008732916,0.02093106584882126,7.598283125587349e-06,4.901196784927349e-06,,,,,,,,,,,,
sparse-a,2,5.885045904638464e-05,0.013580571116507,0.0,0.010876226985014876,0.03333117806393592,0.020975358548572267,8.751842854502627e-06,6.996010665314286e-06,,,,,,,,,,,,
sparse-a,3,5.961532065574459e-05,0.013597145660829814,0.0,0.010889639592795,0.033304496577778286,0.021067662147601265,9.062514122182776e-06,7.361403817526674e-06,,,,,,,,,,,,
sparse-a,4,6.0488328915547956e-05,0.013630875478716158,0.0,0.010916798048756036,0.03331114058186813,0.021195270766298516,9.361266004906445e-06,7.729300693075838e-06,,,,,,,,,,,,
sparse-a,5,6.158892392646473e-05,0.013680924919070523,0.0,0.010957057720041711,0.03334666805346766,0.021359838204718203,9.429797676075743e-06,7.763620420153142e-06,,,,,,,,,,,,
sparse-a,6,6.284248663435737e-05,0.013751999999736532,0.0,0.0110141684971161,0.033418863379936846,0.021572287984033264,9.261301025464933e-06,7.58733395055873e-06,,,,,,,,,,,,
sparse-a,7,6.396688969940104e-05,0.013822192779473915,0.0,0.011070547601519013,0.03349487684127244,0.02177753016911761,9.076539948933822e-06,7.287567556679672e-06,,,,,,,,,,,,
sparse-a,8,6.48085812583442e-05,0.013887445931489049,0.0,0.011122918461442909,0.03357034846306122,0.021963595868597526,8.9284918707591e-06,6.910902426696876e-06,,,,,,,,,,,,
sparse-a,9,6.553972892374025e-05,0.013956959798913765,0.0,0.011178675784915758,0.033654067088758954,0.022158103394891656,8.911648443357528e-06,6.75706356108984e-06,,,,,,,,,,,,
sparse-a,10,6.618763572712957e-05,0.01403242927549093,0.0,0.01123918094753817,0.03373630452458079,0.02237910964392168,8.523446006307563e-06,5.779487454939224e-06,,,,,,,,,,,,
sparse-a,11,6.67696661951835e-05,0.014126882171011454,0.0,0.011314859670048201,0.03384149503845688,0.022652852325837882,8.061136964419767e-06,5.120182786632531e-06,,,,,,,,,,,,
sparse-a,12,6.738187202403753e-05,0.014220304098661906,0.0,0.011389719653334332,0.03394296797361189,0.02292566297607286,7.806803191907731e-06,4.778641770964011e-06,,,,,,,,,,,,
sparse-a,13,6.797955017579854e-05,0.014300452358637056,0.0,0.011453957796944804,0.034012362736570274,0.02317725755995604,7.660882396910771e-06,4.528255624997421e-06,,,,,,,,,,,,
sparse-a,14,6.85554174548738e-05,0.014365258008259729,0.0,0.011505917490098758,0.03405175462868332,0.02339740318175809,7.583392748201733e-06,4.290829849304272e-06,,,,,,,,,,,,
sparse-a,15,6.906682198800685e-05,0.014411249505167475,0.0,0.011542812968531579,0.03405005326858476,0.023583360470716238,7.491518536210422e-06,4.092762832685786e-06,,,,,,,,,,,,
sparse-a,16,6.939989175041523e-05,0.014457634275922535,0.0,0.011579987399088113,0.03404563041886639,0.023773611570376305,7.318179837043633e-06,3.9769346104063174e-06,,,,,,,,,,,,
sparse-a,17,6.956248275002052e-05,0.014498460637563852,0.0,0.011612681006601086,0.03402819133080685,0.02395467601114916,7.099800473288091e-06,3.875407826104958e-06,,,,,,,,,,,,
sparse-a,18,6.968529833564875e-05,0.01453519993119498,0.0,0.011642097004623113,0.0340208268618335,0.02410914538487726,7.026016932940105e-06,3.8014611362154034e-06,,,,,,,,,,,,
sparse-a,19,6.961793368781499e-05,0.014555471143030635,0.0,0.01165830050116207,0.033980263048242,0.02423102830584899,6.8821654094561765e-06,3.7110526220908818e-06,,,,,,,,,,,,
sparse-a,20,6.929424475332312e-05,0.0145666639523835,0.0,0.011667190010857465,0.03392107717725295,0.024335179365913565,6.793135733701583e-06,3.6061306337831202e-06,,,,,,,,,,,,
sparse-a,21,6.894746380745172e-05,0.014576657341235446,0.0,0.011675115365749847,0.03386684937580398,0.02442958426625608,6.7012464422041206e-06,3.49447643951562e-06,,,,,,,,,,,,
sparse-a,22,6.858495175950002e-05,0.014589206275463812,0.0,0.01168508201072295,0.033811238629799976,0.02453559166465447,6.5499989885541485e-06,3.4448084122484086e-06,,,,,,,,,,,,
sparse-a,23,6.829570927151932e-05,0.0146115659459627,0.0,0.011702911898624463,0.033777862576569624,0.02465853876916001,6.407963943041735e-06,3.4544741781178022e-06,,,,,,,,,,,,
sparse-a,24,6.814510466258533e-05,0.014643147700274582,0.0,0.011728147181152181,0.033772381960785296,0.02479034437618154,6.362803105098977e-06,3.5016610263890043e-06,,,,,,,,,,,,
sparse-a,25,6.807615707407383e-05,0.014682827621254509,0.0,0.011759877328418423,0.033786859567702825,0.024934562801008656,6.349591097050988e-06,3.5385252095071495e-06,,,,,,,,,,,,
sparse-a,26,6.804535138155467e-05,0.014728168887941248,0.0,0.011796144180629308,0.03381260718065962,0.025090303035089155,6.295292008011811e-06,3.4700440082051575e-06,,,,,,,,,,,,
sparse-a,27,6.805346174280378e-05,0.014775594338234867,0.0,0.011834086162936453,0.03384043928975587,0.025252305861895457,6.2256528678839235e-06,3.406548420251537e-06,,,,,,,,,,,,
sparse-a,28,6.80947820981071e-05,0.014822279136918347,0.0,0.011871442265954298,0.03386474433526222,0.025414811326514835,6.180329860624267e-06,3.3805560357036906e-06,,,,,,,,,,,,
sparse-a,29,6.812661704007247e-05,0.014869996274847417,0.0,0.011909622343285948,0.033894276580005676,0.02557627876221268,6.109887825615412e-06,3.3198693456939697e-06,,,,,,,,,,,,
sparse-a,30,6.814942049142883e-05,0.014915703651587136,0.0,0.011946192805367994,0.03392003624825635,0.025733482959076258,6.040112332557707e-06,3.255286683379807e-06,,,,,,,,,,,,
sparse-a,31,6.81588929577729e-05,0.014958488132942474,0.0,0.011980422284945533,0.03393525733530422,0.025889577960525368,5.9708331570444815e-06,3.1464027832579614e-06,,,,,,,,,,,,
sparse-a,32,6.811115057586506e-05,0.014990725227474291,0.0,0.012006202412094606,0.03392020897104233,0.026033593741513573,5.896167790005049e-06,3.202029551256867e-06,,,,,,,,,,,,
sparse-a,33,6.78889285278055e-05,0.015012877958028897,0.0,0.012023880152128677,0.033882774543902316,0.026159678401596675,5.812197381216656e-06,3.2466892353756525e-06,,,,,,,,,,,,
sparse-a,34,6.74877854522145e-05,0.015028589323605963,0.0,0.012036369015975214,0.03382997806810278,0.026275322501201327,5.791662895313537e-06,3.2650622244390786e-06,,,,,,,,,,,,
sparse-a,35,6.688161303207776e-05,0.0150261703696465,0.0,0.012034312618323616,0.03373393936994155,0.026361724904363712,5.73939894511105e-06,3.2778053356273598e-06,,,,,,,,,,,,
sparse-a,36,6.615227315694967e-05,0.0150023032727977,0.0,0.012015073072869548,0.03359580823521384,0.026404420254684556,5.6833059484697935e-06,3.3012953439325767e-06,,,,,,,,,,,,
sparse-a,37,6.53283000986104e-05,0.014959254781668959,0.0,0.011980469485354889,0.03342439170416666,0.02640373597134757,5.580973369096547e-06,3.3104777925035092e-06,,,,,,,,,,,,
sparse-a,38,6.453666813137236e-05,0.014906892184280828,0.0,0.011938421081050938,0.0332394267240301,0.026379290911097884,5.513759423800016e-06,3.337342571527964e-06,,,,,,,,,,,,
sparse-a,39,6.396060487528891e-05,0.014862827465801353,0.0,0.01190305409361614,0.03308666893060986,0.02635591413940078,5.457229219455837e-06,3.2695639753142605e-06,,,,,,,,,,,,
sparse-a,40,6.351204115647876e-05,0.014833834986411318,0.0,0.01187977039736035,0.03297594960020855,0.026350832216739572,5.379974916888813e-06,3.1781537802645296e-06,,,,,,,,,,,,
sparse-a,41,6.320211966584986e-05,0.014823628743058459,0.0,0.011871543418379937,0.03291814757702266,0.02636799559300665,5.268550915325461e-06,3.1032512892019054e-06,,,,,,,,,,,,
sparse-a,42,6.297036749229627e-05,0.01482913101625425,0.0,0.011875898886501859,0.032919165767998235,0.026389280537591535,5.0948182225728706e-06,2.982941204659566e-06,,,,,,,,,,,,
sparse-a,43,6.280362547627004e-05,0.014840641315573845,0.0,0.01188507377755433,0.032951923436901065,0.026402795983621163,4.950033145870332e-06,2.8958086272780355e-06,,,,,,,,,,,,
sparse-a,44,6.271993203850595e-05,0.014843651475006017,0.0,0.011887465166412514,0.032971780023975876,0.026394938008181705,4.971276404945378e-06,2.91659146153927e-06,,,,,,,,,,,,
sparse-a,45,6.258804879442791e-05,0.014841865771124617,0.0,0.01188601022665858,0.03298699720577519,0.026372568076848076,4.964816721761866e-06,2.9329851534368487e-06,,,,,,,,,,,,
sparse-a,46,6.241895848185797e-05,0.014833057704554188,0.0,0.011878929955339722,0.03298346603068226,0.026340807984747392,5.020856832976127e-06,2.9359459541247804e-06,,,,,,,,,,,,
sparse-a,47,6.222110277636594e-05,0.014820462278650203,0.0,0.011868814043475435,0.03296396570410985,0.026309867194899438,5.060219588699463e-06,2.9559960028232625e-06,,,,,,,,,,,,
sparse-a,48,6.196410514043805e-05,0.014804554985818504,0.0,0.01185603680968289,0.0329335455044144,0.026276628080725555,5.086375238793784e-06,2.9599828952658823e-06,,,,,,,,,,,,
sparse-a,49,6.172025293493638e-05,0.014780581363530164,0.0,0.01183680914141112,0.03288069908512488,0.02623361525467894,5.068357516680438e-06,2.9427568001548266e-06,,,,,,,,,,,,
sparse-a,50,6.149400296914714e-05,0.014738615017307924,0.0,0.01180319081444017,0.032783817312813976,0.026162562569007154,5.092491487492049e-06,2.9876959230688806e-06,,,,,,,,,,,,
sparse-a,51,6.124828977387375e-05,0.014701322992964274,0.0,0.011773308052326193,0.03269150861354366,0.026105931093701493,4.978574188694424e-06,2.8736904232434756e-06,,,,,,,,,,,,
sparse-a,52,6.111349642425187e-05,0.014672511067646669,0.0,0.011750231553402185,0.032617395500143025,0.02606508589670802,4.819633725755599e-06,2.743240009869759e-06,,,,,,,,,,,,
sparse-a,53,6.107730994725452e-05,0.014647470942690961,0.0,0.011730192216142219,0.03255409078286257,0.026028465363006195,4.662296474195184e-06,2.6653284208855584e-06,,,,,,,,,,,,
sparse-a,54,6.0997819556828935e-05,0.014620715634280074,0.0,0.011708772071335426,0.03248934656918907,0.02598629352079051,4.542859889842285e-06,2.679587250871294e-06,,,,,,,,,,,,
sparse-a,55,6.086666400716508e-05,0.014594841069314019,0.0,0.011688046188252648,0.032431818110942305,0.025940448888951674,4.488049542314961e-06,2.609227819781529e-06,,,,,,,,,,,,
sparse-a,56,6.069000331081262e-05,0.014572642161990237,0.0,0.011670251730254353,0.032384277118853784,0.025899373015560702,4.45079217497314e-06,2.467721371489352e-06,,,,,,,,,,,,
sparse-a,57,6.054071911227125e-05,0.014556717727416216,0.0,0.01165748232575543,0.03235326116461581,0.025866758764509414,4.442457770320584e-06,2.4085227693202143e-06,,,,,,,,,,,,
sparse-a,58,6.041073808806915e-05,0.014546179516607154,0.0,0.011649025760903337,0.032333688711362475,0.025844204939983614,4.396454735579218e-06,2.4279603469479055e-06,,,,,,,,,,,,
sparse-a,59,6.03179270840625e-05,0.014541073238021469,0.0,0.011644922175833987,0.032323256711405936,0.025834235856145513,4.361057636980864e-06,2.439326897443925e-06,,,,,,,,,,,,
sparse-a,60,6.027556454328726e-05,0.014537404723897883,0.0,0.011641978892026963,0.03231563509972809,0.025827191113510225,4.383000786601217e-06,2.4096815666198047e-06,,,,,,,,,,,,
sparse-a,61,6.029074344085423e-05,0.014534795344185189,0.0,0.011639894424036321,0.03230954292860564,0.025822884615552544,4.388002607179516e-06,2.365829975394632e-06,,,,,,,,,,,,
sparse-a,62,6.0301428368938355e-05,0.014531944787710957,0.0,0.011637616115842552,0.03230072750613477,0.025820365932231186,4.355963887395256e-06,2.329748590475618e-06,,,,,,,,,,,,
sparse-a,63,6.0279294426277355e-05,0.014528126600176843,0.0,0.01163455713902673,0.032286478067224095,0.025819411569846226,4.320593014462904e-06,2.2961706225832937e-06,,,,,,,,,,,,
sparse-a,64,6.022365684466749e-05,0.014521864524409888,0.0,0.011629536350896844,0.032262474502038556,0.025818460324589627,4.265612775104206e-06,2.257658236264143e-06,,,,,,,,,,,,
sparse-a,65,6.0134577247959716e-05,0.014509847877418975,0.0,0.011619905217384773,0.032220763994239204,0.0258121392722248,4.214054477471728e-06,2.274188734423979e-06,,,,,,,,,,,,
sparse-a,66,5.994856826014056e-05,0.01448907760465278,0.0,0.011603251797374252,0.03215452716267492,0.025795342088853427,4.159974864075072e-06,2.2811922187065633e-06,,,,,,,,,,,,
sparse-a,67,5.9899802026271876e-05,0.014463572015442313,0.0,0.011582837572759106,0.03208888154077656,0.025758963197171185,4.121406909921539e-06,2.3219169115910687e-06,,,,,,,,,,,,
sparse-a,68,5.990193722645285e-05,0.014436305656424836,0.0,0.01156102491258516,0.032020080474675965,0.025718663161738275,4.110024578384191e-06,2.368964706730024e-06,,,,,,,,,,,,
sparse-a,69,5.9988092727779464e-05,0.014412576308543019,0.0,0.01154205866537997,0.031961151121252515,0.025682610322060696,4.120823878903946e-06,2.422966979962895e-06,,,,,,,,,,,,
sparse-a,70,6.0169311492419694e-05,0.014393409675157228,0.0,0.011526761602424268,0.03191286577417563,0.025654144225799074,4.15037304124347e-06,2.4783276129614093e-06,,,,,,,,,,,,
sparse-a,71,6.046231851312312e-05,0.014379517913449066,0.0,0.011515706794461877,0.03187730313352133,0.02563410177884886,4.173828793095266e-06,2.4929126329819932e-06,,,,,,,,,,,,
sparse-a,72,6.0852599892569884e-05,0.014369935142189363,0.0,0.011508118633730005,0.03185384998235382,0.025619280496833353,4.143911789788355e-06,2.4661777804945568e-06,,,,,,,,,,,,
sparse-a,73,6.132280744554926e-05,0.014368376539962051,0.0,0.011506965793458751,0.031849848365668905,0.025617134611118773,4.106299416472144e-06,2.4168836440546193e-06,,,,,,,,,,,,
sparse-a,74,6.183125329318227e-05,0.014373514556723204,0.0,0.0115111778960372,0.03186191527711223,0.02562578989223404,4.0442697347759644e-06,2.3087878117756227e-06,,,,,,,,,,,,
sparse-a,75,6.232150723166452e-05,0.014378968073116175,0.0,0.011515638759939273,0.031867858227622683,0.025641796835367717,3.994591131896357e-06,2.2226383424116958e-06,,,,,,,,,,,,
sparse-a,76,6.279269270533212e-05,0.014386161097335062,0.0,0.011521487416409116,0.03187746454453985,0.02566109508295995,3.9345402319895066e-06,2.1502216084506044e-06,,,,,,,,,,,,
sparse-a,77,6.324565035422289e-05,0.014391988215016534,0.0,0.011526239702084074,0.03188469544895955,0.02567711870172774,3.955336186303467e-06,2.1833731925466284e-06,,,,,,,,,,,,
sparse-a,78,6.35672127103225e-05,0.01439638399502604,0.0,0.011529820638562897,0.031889441937510296,0.025689928216536206,3.974580127234965e-06,2.1912459304180534e-06,,,,,,,,,,,,
sparse-a,79,6.373032722305992e-05,0.01439747190211414,0.0,0.011530723587135926,0.03188981051798805,0.025693892213179522,4.006604435340446e-06,2.1782728536473437e-06,,,,,,,,,,,,
sparse-a,80,6.373657481706005e-05,0.014395066347405028,0.0,0.011528800392887433,0.03188048741939359,0.025693792554502028,3.908045085150683e-06,2.0773706393468555e-06,,,,,,,,,,,,
sparse-a,81,6.359529564263696e-05,0.014388418727019014,0.0,0.011523454040743739,0.031860315761900314,0.025687562477870463,3.825116007601693e-06,1.971552297684794e-06,,,,,,,,,,,,
sparse-a,82,6.327635556573767e-05,0.014371240279189682,0.0,0.011509647494464894,0.03181225915268941,0.025667067608672857,3.7795518674359295e-06,1.8548035290213776e-06,,,,,,,,,,,,
sparse-a,83,6.28158886963256e-05,0.014344423901246087,0.0,0.011488102298736133,0.031736385276178905,0.02563583981777026,3.6774861682794435e-06,1.7930248669009862e-06,,,,,,,,,,,,
sparse-a,84,6.229268361370889e-05,0.014319187976381906,0.0,0.011467808917828264,0.03166659411297076,0.025604806035288117,3.593626820528938e-06,1.758130448219577e-06,,,,,,,,,,,,
sparse-a,85,6.17400541913124e-05,0.014296127789787068,0.0,0.011449250242667916,0.031608398145083746,0.02557088997827518,3.470383803305461e-06,1.7526519860329537e-06,,,,,,,,,,,,
sparse-a,86,6.120352177098536e-05,0.014280125302404594,0.0,0.011436340946277872,0.03156654334531804,0.02554890375872271,3.3949278794374035e-06,1.6591776981891187e-06,,,,,,,,,,,,
sparse-a,87,6.0783645813715735e-05,0.014269162368184556,0.0,0.011427486623710388,0.031540229961093874,0.02553148060640804,3.3465646116079858e-06,1.5923406246991888e-06,,,,,,,,,,,,
sparse-a,88,6.050032469175194e-05,0.0142612989867775,0.0,0.01142113925436035,0.03152322189755721,0.025517096898153502,3.2762047401670365e-06,1.6009466591222459e-06,,,,,,,,,,,,
sparse-a,89,6.0284582252689545e-05,0.014259250009148398,0.0,0.011419456923769257,0.03152023262719176,0.02551197273593387,3.2317224016697106e-06,1.5629510662939218e-06,,,,,,,,,,,,
sparse-a,90,6.010942832018985e-05,0.014262127024956519,0.0,0.011421723505629252,0.03152705382811552,0.02551674076227762,3.1939857931285223e-06,1.5195236398077307e-06,,,,,,,,,,,,
sparse-a,91,5.994781974643948e-05,0.014269157263275552,0.0,0.01142731537456973,0.03154435340969567,0.02552763928143926,3.1714205282839286e-06,1.4649414389990765e-06,,,,,,,,,,,,
sparse-a,92,5.9785353404887844e-05,0.01428299720815896,0.0,0.011438354837208144,0.031580721595792206,0.025546618014538853,3.1916655468934254e-06,1.457556757876993e-06,,,,,,,,,,,,
sparse-a,93,5.956247029676427e-05,0.014294757601398485,0.0,0.01144771857517814,0.03161239382397834,0.02556193263395049,3.2255817788833036e-06,1.478365886223018e-06,,,,,,,,,,,,
sparse-a,94,5.914097044836462e-05,0.01429740757247842,0.0,0.01144975425207241,0.031617274363217235,0.02556767315319048,3.201027472250459e-06,1.4817460337213133e-06,,,,,,,,,,,,
sparse-a,95,5.84606687347749e-05,0.014291045767640944,0.0,0.01144452874785971,0.03158919476783033,0.025570437380924176,3.1207113927215237e-06,1.4302104165522184e-06,,,,,,,,,,,,
sparse-a,96,5.7778783460927354e-05,0.014275898976319997,0.0,0.011432274937748184,0.03153738022960858,0.025561815041738982,3.0048136765421045e-06,1.3958202558852576e-06,,,,,,,,,,,,
sparse-a,97,5.7216423963286166e-05,0.01425715124297633,0.0,0.011417164279173721,0.031481522481632634,0.025542858370615533,2.892190291892444e-06,1.3319293652575656e-06,,,,,,,,,,,,
sparse-a,98,5.679253161847677e-05,0.014241066850754191,0.0,0.011404211986927048,0.03143130694490649,0.025528846934098633,2.7994319792769763e-06,1.3140920323641083e-06,,,,,,,,,,,,
sparse-a,99,5.658592878934607e-05,0.01423962069351526,0.0,0.011403013740570078,0.031416893308750284,0.025537605493458206,2.7296807423793193e-06,1.254291110173985e-06,,,,,,,,,,,,
sparse-a,100,5.659051624101824e-05,0.014251557660584493,0.0,0.011412564231715798,0.03143746848594035,0.0255647814655389,2.734077428438333e-06,1.2466134302906747e-06,,,,,,,,,,,,
sparse-a,101,5.68361233135489e-05,0.01426714030696198,0.0,0.011425079470232294,0.031469991652899196,0.025594542642763167,2.7469513727842605e-06,1.2799808127738422e-06,,,,,,,,,,,,
sparse-a,102,5.726752463364494e-05,0.014224532438942417,0.0,0.011391079456080661,0.031384699066960516,0.025509076156091135,2.9340363300249816e-06,1.4204963879916807e-06,,,,,,,,,,,,
sparse-a,103,5.6877575933007575e-05,0.01411580068558211,0.0,0.011304016063652288,0.03117952820970909,0.02527860570387586,3.3282256219231484e-06,1.7406031215681799e-06,,,,,,,,,,,,
sparse-a,104,5.4923411310753254e-05,0.013863103312179832,0.0,0.011101467332006015,0.030620310414207454,0.024826665813559703,3.4518555048634767e-06,1.985165447302307e-06,,,,,,,,,,,,
sparse-a,105,5.008801337784882e-05,0.01336979374087515,0.0,0.01070585259537569,0.029506155032844365,0.02396577469189529,4.1630978276865175e-06,3.082140933262379e-06,,,,,,,,,,,,
sparse-a,106,4.1333930141591e-05,0.012440214598946828,0.0,0.00996043846518578,0.02748855250859866,0.02226059807223805,6.160814458713681e-06,5.547000491889958e-06,,,,,,,,,,,,
sparse-a,107,2.7531119222706632e-05,0.010762956396755554,0.0,0.008615871341248985,0.023858391475531534,0.01917487153946321,9.287833871585505e-06,9.274738155888423e-06,,,,,,,,,,,,
sparse-a,108,1.0940909833107243e-05,0.008130252645529601,0.0,0.006506390298390302,0.017988388396753218,0.014531328331103318,8.645433805099359e-07,4.2931088135977914e-07,,,,,,,,,,,,
sparse-a,109,1.2644243991068646e-05,0.0043836828685743425,0.0,0.003509475143657688,0.00945497149902624,0.008037440985928974,1.9594613686079238e-05,2.2724375656077467e-05,,,,,,,,,,,,
sparse-a,110,2.0926355399482778e-05,0.0007446548300130293,0.0,0.00059990913509032,0.0017398301592576463,0.0011791073686291194,2.768636058417157e-05,3.199543158117999e-05,,,,,,,,,,,,
sparse-a,111,2.540366769771876e-05,0.005795252228562968,0.0,0.004641282516389918,0.013074476593171274,0.010048578749018624,2.7240460487451542e-05,3.071311157452122e-05,,,,,,,,,,,,
sparse-a,112,7.22334270011046e-05,0.011645137910703396,0.0,0.009330557013962938,0.025858506407329025,0.020678741605695987,2.1125414675736032e-05,2.2178215112832203e-05,,,,,,,,,,,,
sparse-a,113,0.00016771475622158835,0.01787420681950515,0.0,0.01433290840684844,0.03911332496930988,0.03235547855500349,1.7055870237980478e-05,1.0967883469251312e-05,,,,,,,,,,,,
sparse-a,114,0.00029229659075099716,0.023169133489276034,0.0,0.018593766109571024,0.049881355437883405,0.042766316281335974,2.0017974451099142e-05,8.844263433655187e-06,,,,,,,,,,,,
sparse-a,115,0.0003573570139938459,0.024441578003975218,0.0,0.019624733805978945,0.05239090056239483,0.045208825425467114,6.872866308957252e-05,9.785736494936071e-05,,,,,,,,,,,,
sparse-a,116,0.00029064847195309603,0.018090513375727705,0.0,0.014530540394972785,0.03714156900955487,0.03459053700857624,0.0002814859637180956,0.00034846152106162516,,,,,,,,,,,,
sparse-a,117,0.0002377188533585248,0.010203257466550025,0.0,0.008210149743911726,0.019369753102240116,0.020770702376797193,0.00029414729994364455,0.0003784270872191396,,,,,,,,,,,,
sparse-a,118,0.00016143367770765264,0.005409378303478123,0.0,0.004359789378324029,0.009985722170572283,0.011246288242558583,0.00017166223529762955,0.00023384056548399982,,,,,,,,,,,,
sparse-a,119,0.00012420057423324265,0.0036399555344855663,0.0,0.0029368045424351015,0.006950368511319059,0.007368078095922255,0.00010044850320675613,0.00014092702749419543,,,,,,,,,,,,
sparse-a,120,0.00013934200947929472,0.003665824197932065,0.0,0.002960527760241511,0.00725150295609367,0.0072016814593397005,8.835921506097283e-05,0.00012175316123391767,,,,,,,,,,,,
sparse-a,121,0.00019865172901481216,0.004752562893699543,0.0,0.003841780660762596,0.009500505910679018,0.009277341488018112,0.00010013314870492457,0.00013227102739611556,,,,,,,,,,,,
sparse-a,122,0.0002880372229967919,0.006289348158916642,0.0,0.005089085971732672,0.012466330052197463,0.012428754809646768,0.00011319098420864215,0.00014911678961369341,,,,,,,,,,,,
sparse-a,123,0.00039165220009909087,0.007700108656888871,0.0,0.006238417365530915,0.015097174242822505,0.015504905487770648,8.456756127095752e-05,0.00011378733569137539,,,,,,,,,,,,
sparse-a,124,0.00046088244165541485,0.008292471982687602,0.0,0.006726154074481165,0.016260009009580592,0.016848307936960714,1.7075580856498854e-05,4.4495403352610034e-05,,,,,,,,,,,,
sparse-a,125,0.0004591613928440042,0.007769137127300653,0.0,0.006307141980409323,0.01508648491375231,0.015873871522055376,4.8131281993381436e-05,6.806079140154618e-05,,,,,,,,,,,,
sparse-a,126,0.0004111937293043842,0.006315625690078629,0.0,0.00513473929792378,0.012102759049075646,0.01295576859591261,6.879295548040564e-05,0.00013518215984585684,,,,,,,,,,,,
sparse-a,127,0.00035677369464835637,0.004733741511030801,0.0,0.003858347947754312,0.008945495444006078,0.009700265108194607,6.810272069261455e-05,0.00022110277122990395,,,,,,,,,,,,
sparse-a,128,0.00027212733935298115,0.0033557572712811044,0.0,0.00273903128489548,0.006247538799368616,0.006886454131318757,5.29320015289544e-05,0.0002361041529080894,,,,,,,,,,,,
sparse-a,129,0.0001878600023856617,0.002221754900732862,0.0,0.001814975921063422,0.00404649522914633,0.00462993387443652,4.195515077457553e-05,0.00016863534857402293,,,,,,,,,,,,
sparse-a,130,0.0001272739968544858,0.001493645614937223,0.0,0.0012203712913206755,0.0026347692777068566,0.0032036778168978357,5.625279724121177e-05,7.988256790298777e-05,,,,,,,,,,,,
sparse-a,131,9.46351176891455e-05,0.0011173279981088104,0.0,0.0009127894220248775,0.0018187527819256183,0.002485699001548726,0.00010592414982373005,5.893605913716718e-05,,,,,,,,,,,,
sparse-a,132,3.071098725329711e-05,0.0004751512468749143,0.0,0.00038626319495059085,0.0008482497690351971,0.0010459652930602573,3.289253225082969e-06,3.1006721791196254e-06,,,,,,,,,,,,
sparse-a,133,2.2750216444818263e-05,0.0003526617991468179,0.0,0.000286679482606418,0.0006143388842561998,0.0007911382295355394,2.6351923310331656e-06,2.5348904644991872e-06,,,,,,,,,,,,
sparse-a,134,2.0149563572698542e-05,0.00031455205039599,0.0,0.00025567155303133173,0.000539017385469684,0.0007133492343472759,2.6859190036182443e-06,3.155662763381778e-06,,,,,,,,,,,,
sparse-a,135,2.111346001413817e-05,0.00033276962094941034,0.0,0.0002704383887623559,0.0005782247511946128,0.0007467595727924274,2.1423805828068146e-06,3.951779227794177e-06,,,,,,,,,,,,
sparse-a,136,2.583103108510263e-05,0.00041324352439706216,0.0,0.00033576102573467027,0.0007297271932506762,0.0009166193595143066,1.1632831987971484e-06,5.46426162446878e-06,,,,,,,,,,,,
sparse-a,137,2.827314444461549e-05,0.00046096106424481224,0.0,0.0003744234802847728,0.0008370301886415744,0.0009987644033088716,2.025236728212185e-06,6.024428300590586e-06,,,,,,,,,,,,
sparse-a,138,2.218506057028419e-05,0.00036984042869849865,0.0,0.0003003093550728558,0.0006889969272593346,0.0007802780922887469,3.7482727931783174e-06,6.338422452734882e-06,,,,,,,,,,,,
sparse-a,139,1.08890416136495e-05,0.00018914788155556007,0.0,0.000153496113567178,0.00036965325022663125,0.000378877038055442,3.4262890821016792e-06,4.6349488580654836e-06,,,,,,,,,,,,
sparse-a,140,1.1974704245172687e-06,2.080076043829762e-05,0.0,1.6880102435541546e-05,4.0072726553573834e-05,4.270158893927009e-05,1.8521231487581897e-07,2.4351394547073205e-07,,,,,,,,,,,,
sparse-a,141,5.159828787009362e-07,8.911996113788532e-06,0.0,7.232793466771012e-06,1.5857096490284544e-05,1.964089006499149e-05,6.011828473485412e-08,8.987961514323968e-08,,,,,,,,,,,,
sparse-a,142,1.5511024579944512e-06,2.7170073144249852e-05,0.0,2.204627900699877e-05,4.937310193863572e-05,5.873191667673912e-05,1.8207686540194904e-07,3.9319709622263017e-07,,,,,,,,,,,,
sparse-a,143,4.4969491951320774e-07,8.052826083401198e-06,0.0,6.532199850623599e-06,1.508747141466754e-05,1.690547900062354e-05,7.602597820343268e-08,1.4232794011028472e-07,,,,,,,,,,,,
sparse-a,144,5.292935581541361e-07,9.620648116997126e-06,0.0,7.802377205228526e-06,1.8179244749082976e-05,2.0016020864345183e-05,1.0000256016056538e-07,1.8732429439977305e-07,,,,,,,,,,,,
sparse-a,145,5.419163963874576e-07,1.0015655334203842e-05,0.0,8.120907546640566e-06,1.90485559335211e-05,2.0691376906677576e-05,1.1298962058086087e-07,2.0969887603583567e-07,,,,,,,,,,,,
sparse-a,146,4.5710565538444545e-07,8.589110221195395e-06,0.0,6.962709308033204e-06,1.6360750261279612e-05,1.770348470191222e-05,1.0431857621988309e-07,1.8788734536986398e-07,,,,,,,,,,,,
sparse-a,147,3.975473950526379e-07,7.588805390853527e-06,0.0,6.150553791693349e-06,1.4454612461642487e-05,1.5634990827498332e-05,9.849031918832963e-08,1.6712795508495582e-07,,,,,,,,,,,,
sparse-a,148,3.4764966217836726e-07,6.719371589009753e-06,0.0,5.445027203643477e-06,1.284542278407859e-05,1.3795915209015433e-05,9.329661691416365e-08,1.4285174603082942e-07,,,,,,,,,,,,
sparse-a,149,1.946536265100389e-06,3.7626791012393805e-05,0.0,3.0490740062935123e-05,6.996588128363022e-05,7.932623002546384e-05,4.684789971699668e-07,7.465737433111959e-07,,,,,,,,,,,,
sparse-a,150,1.5982264925259136e-06,3.107794361401338e-05,0.0,2.5182000189715885e-05,6.015002140924092e-05,6.313520004069055e-05,4.872820072235524e-07,5.392709988984914e-07,,,,,,,,,,,,
sparse-a,151,6.487226837896465e-05,0.0018963930534583123,0.0,0.0015300888964424428,0.005557932946287433,0.0015832384936256827,0.00010354012586499226,0.0003408606480551415,,,,,,,,,,,,
sparse-a,152,0.00016214039120910218,0.00343305887904162,0.0,0.0027788751814751163,0.009501163541482456,0.003351858733714432,0.0005407601444260335,0.0003384530965435579,,,,,,,,,,,,
sparse-a,153,0.00027448840431476556,0.005247064465990358,0.0,0.00425254925365524,0.01240973310549306,0.006970297536638108,0.0012954132002158108,0.00031281402161445574,,,,,,,,,,,,
sparse-a,154,0.0004787120703296958,0.007052849603640406,0.0,0.005738022096978264,0.013970356487173657,0.01171022557488253,0.002061458128978641,0.00046935822352679296,,,,,,,,,,,,
sparse-a,155,0.0006210604372104367,0.0083615460281055,0.0,0.006813448909926488,0.014742844542641327,0.015726962558961527,0.0023648750206904405,0.0006115019901287091,,,,,,,,,,,,
sparse-a,156,0.0006509991952504816,0.008938048192941543,0.0,0.0072806383934033315,0.01504931569364503,0.01769896968511839,0.002272954326554771,0.0007309530664479835,,,,,,,,,,,,
sparse-a,157,0.0005549814802774064,0.008368681803695996,0.0,0.006805941739012278,0.014115833729673916,0.016794338228490156,0.0017868341094737458,0.0007777211471461667,,,,,,,,,,,,
sparse-a,158,0.0004294350229518808,0.006978959348832066,0.0,0.00566905448365603,0.01209296641816881,0.013802266377096424,0.0011909443957532127,0.0008296602043098188,,,,,,,,,,,,
sparse-a,159,0.0003290100665258708,0.0050265117932600835,0.0,0.004087011447913241,0.008262948616281138,0.010274795604114335,0.0007129343628718452,0.0008553685897730136,,,,,,,,,,,,
sparse-a,160,0.00029691084348120475,0.0036750514196418325,0.0,0.002999423304409707,0.005862147600177523,0.0075561303249494114,0.0004573979421888614,0.0008245298112515342,,,,,,,,,,,,
sparse-a,161,0.00029792306548562226,0.0035085443701515363,0.0,0.0028664201092183537,0.006101697005577703,0.006648581177392312,0.0005101497695106206,0.0007737495281255113,,,,,,,,,,,,
sparse-a,162,1.440861593866243e-06,2.2635579421837336e-05,0.0,1.8396635856243118e-05,4.2311231349560706e-05,4.816819240764172e-05,3.8845956852115835e-08,2.404797329480583e-08,,,,,,,,,,,,
sparse-a,163,3.9209262353634677e-07,6.832140182463316e-06,0.0,5.544130670677921e-06,1.9166536978965714e-05,8.04047596402823e-06,7.01990223508349e-08,5.134876450848437e-08,,,,,,,,,,,,
sparse-a,164,2.474126337489342e-06,4.079413609975216e-05,0.0,3.3130134147299595e-05,8.439186683804016e-05,7.849897115733636e-05,1.4632636020248444e-07,1.3938004342963956e-07,,,,,,,,,,,,
sparse-a,165,8.369027903871005e-07,1.4125329835688479e-05,0.0,1.1467644426628204e-05,2.7522923483855215e-05,2.883096004765777e-05,7.799878032553457e-08,6.943703091539197e-08,,,,,,,,,,,,
sparse-a,166,1.072192488058562e-06,1.8864067424992223e-05,0.0,1.530569243760549e-05,3.701991244577761e-05,3.813853879117662e-05,1.5332443944151895e-07,1.4449402357313479e-07,,,,,,,,,,,,
sparse-a,167,8.529158141522652e-07,1.5603352744052846e-05,0.0,1.265326535807273e-05,3.0657558295374844e-05,3.1438030977063945e-05,1.5836505426854236e-07,1.59456649504056e-07,,,,,,,,,,,,
sparse-a,168,2.275835182556028e-06,4.3259677882080886e-05,0.0,3.506290934217591e-05,8.879280540903051e-05,8.324179585424005e-05,5.371675679016915e-07,4.669426971512837e-07,,,,,,,,,,,,
sparse-a,169,2.096951426531121e-06,4.139996143243387e-05,0.0,3.353935943125332e-05,8.724849523573917e-05,7.723998868111935e-05,5.63247543504897e-07,5.481142693720467e-07,,,,,,,,,,,,
sparse-a,170,0.0004439747711708759,0.004122715401164999,0.0,0.0033869672751661744,0.010973137698791683,0.002576131274278687,0.0004281032512539211,0.0025134893803357033,,,,,,,,,,,,
sparse-a,171,0.0007703555689931494,0.006225060257654016,0.0,0.005134119319921843,0.015436970317274243,0.00512511457031127,0.0004339742939147454,0.0039041818491158055,,,,,,,,,,,,
sparse-a,172,0.0008768476968718407,0.0072734447072793675,0.0,0.005994125305197861,0.017021963626842808,0.007469584246543133,0.0004526014120550791,0.0041496295436764495,,,,,,,,,,,,
sparse-a,173,0.0007907887926238883,0.007356542995441556,0.0,0.0060433921548780235,0.016174009549319118,0.009308773288085158,0.00047232650406646263,0.0034710626402954885,,,,,,,,,,,,
sparse-a,174,0.0006067818025260729,0.006736378829122073,0.0,0.005510459423802873,0.013922573801310505,0.009991502999337678,0.0005500209570436727,0.0024814175587964398,,,,,,,,,,,,
sparse-a,175,0.000433161522875524,0.005935529094682736,0.0,0.004835055580321293,0.011763376192164858,0.009750805953966185,0.0006590687999013834,0.0015688654326985146,,,,,,,,,,,,
sparse-a,176,0.00030496873756917633,0.005395261220679714,0.0,0.004377202724057607,0.010529944805918349,0.00943019978951744,0.0006623562130359582,0.0009585440742471089,,,,,,,,,,,,
sparse-a,177,0.0003296699148439466,0.005567108782580644,0.0,0.004519621009033304,0.010455225548178333,0.0098669371480114,0.0007282779603730324,0.0012179944737598092,,,,,,,,,,,,
sparse-a,178,1.1196607942180226e-05,0.00031895072510020506,0.0,0.0002573999016686001,0.0008078026852922914,0.00041715992229595056,2.1182859201514953e-05,2.9657433611063546e-05,,,,,,,,,,,,
sparse-a,179,5.735802663327235e-07,1.0847344818949728e-05,0.0,8.792591908426329e-06,6.356488801035746e-06,3.6518405978720454e-05,1.7032389592340461e-07,3.441606001193124e-07,,,,,,,,,,,,
sparse-a,180,1.0526937172516582e-06,1.9311893103302032e-05,0.0,1.566005322609196e-05,2.022734539910601e-05,5.627102150051835e-05,1.816984005783316e-07,5.675071130054493e-07,,,,,,,,,,,,
sparse-a,181,1.3060450433987866e-06,2.4600750688680988e-05,0.0,1.9941809559624545e-05,3.32153886076009e-05,6.430912654746403e-05,2.150680080176395e-07,6.634195916413748e-07,,,,,,,,,,,,
sparse-a,182,2.0277549083862297e-05,0.00036913604812619617,0.0,0.00029936434831772936,0.0005274054683140285,0.0009042636316923014,2.42902791046255e-05,2.058481339382927e-05,,,,,,,,,,,,
sparse-a,183,2.5864789214140625e-05,0.00044873071147803013,0.0,0.00036415752702525226,0.0006493656841726773,0.0010795598924383668,3.124625913469446e-05,3.475101016638176e-05,,,,,,,,,,,,
sparse-a,184,1.9791873240615042e-05,0.0003409149192320801,0.0,0.0002766903100337871,0.0004672197201662814,0.0008395068080905908,2.4891564115949343e-05,3.204158455549918e-05,,,,,,,,,,,,
sparse-a,185,9.017197415036968e-06,0.00017630566576674891,0.0,0.00014284797209640655,0.00026452319118572986,0.0004073816743604779,1.4072717671574361e-05,1.9245079849213616e-05,,,,,,,,,,,,
sparse-a,186,3.0463792463763016e-06,8.506220179137551e-05,0.0,6.865903728237567e-05,0.0002614166142716223,6.753402000849206e-05,6.254555387880042e-06,5.043617497507712e-06,,,,,,,,,,,,
sparse-a,187,0.00026321950889269375,0.005170012009225086,0.0,0.004188653509158607,0.010731087171050544,0.007353902505125961,0.0019308134985492724,0.0006642448621745664,,,,,,,,,,,,
sparse-a,188,0.0006096502200319797,0.00980376894679372,0.0,0.007964945201441372,0.017234295296841732,0.017577010784359057,0.0035218453878259524,0.0008819243181481386,,,,,,,,,,,,
sparse-a,189,0.0008902262662591831,0.014068335419262811,0.0,0.011432713588662087,0.023175138372177218,0.028027021459262214,0.003977084088780161,0.0010940977568316523,,,,,,,,,,,,
sparse-a,190,0.001021137261418566,0.01775389173411594,0.0,0.014407340839576465,0.02919369741361475,0.037122136242127346,0.003442910348362561,0.0012568229323591117,,,,,,,,,,,,
sparse-a,191,0.0010238330571462582,0.019815826697359967,0.0,0.016057427969317226,0.033028677402988364,0.04256577408849456,0.0023555358392702537,0.0013133194586866976,,,,,,,,,,,,
sparse-a,192,0.0009539550520476478,0.019888512374498724,0.0,0.01610160091000851,0.03351634188588453,0.04339532366454045,0.0013620900008446846,0.001280293946725241,,,,,,,,,,,,
sparse-a,193,0.0008206603140342817,0.01783842061934523,0.0,0.01443486855828304,0.02978085008338366,0.039557959961272045,0.0009177740353052529,0.0010970983974199562,,,,,,,,,,,,
sparse-a,194,0.0006383732127674649,0.014293435153634095,0.0,0.01156242276546077,0.022612186349395363,0.0327955684222628,0.0009448756386694392,0.0008211102042087819,,,,,,,,,,,,
sparse-a,195,0.0004529428776750557,0.010230794775462595,0.0,0.008275224395905088,0.014143369909944263,0.025082889769418394,0.0011298650348491386,0.0005670543876385829,,,,,,,,,,,,
sparse-a,196,0.00030785110705833474,0.006869598388596176,0.0,0.005557248932288608,0.007526690406909788,0.018165091451844084,0.0013322661291176687,0.0004543455665131634,,,,,,,,,,,,
sparse-a,197,0.00017896539340870327,0.004935338113102022,0.0,0.003984063569163358,0.006581419263196241,0.011417648615177946,0.0012845366533957038,0.00045774792063819523,,,,,,,,,,,,
sparse-a,198,5.6084533461504646e-05,0.0009318023718604054,0.0,0.0007566588041806252,0.0019265155470307323,0.0017588125981065114,1.6400131613079934e-05,2.5481210691297968e-05,,,,,,,,,,,,
sparse-a,199,2.3900795983839695e-05,0.0003994188547281945,0.0,0.00032431524297932355,0.0008273091649799361,0.0007469291357480724,8.156090521447867e-06,1.5281027663321817e-05,,,,,,,,,,,,
sparse-a,200,1.4930912361665166e-05,0.00025983890494307233,0.0,0.0002108573064267909,0.000535999733180453,0.00047838758127545955,8.51918320474195e-06,1.6449122111634733e-05,,,,,,,,,,,,
sparse-a,201,2.493081338660525e-06,3.9749176022579815e-05,0.0,3.229795708579596e-05,7.882578271662593e-05,7.947944415071746e-05,2.7255765275394244e-07,4.189195702219142e-07,,,,,,,,,,,,
sparse-a,202,3.2545293163303784e-07,5.410389176348117e-06,0.0,4.3934019274051e-06,1.030227410493559e-05,1.1187660380766252e-05,5.708878620496784e-08,9.453343348565713e-08,,,,,,,,,,,,
sparse-a,203,4.2956971957973237e-07,7.633525579600098e-06,0.0,6.192734407596023e-06,1.6209635263374558e-05,1.4155259140536006e-05,1.0370456733003367e-07,6.55033471597929e-08,,,,,,,,,,,,
sparse-a,204,1.7151521694224186e-07,3.513912115616158e-06,0.0,2.845432735881375e-06,7.071738853216222e-06,6.936338543593614e-06,9.719254581231483e-09,3.7851811073563716e-08,,,,,,,,,,,,
sparse-a,205,3.6594287250555797e-06,7.479941856483325e-05,0.0,6.057142059687772e-05,9.576348285782744e-05,0.0001911109324634516,6.322390855065033e-06,6.000868082988966e-06,,,,,,,,,,,,
sparse-a,206,0.0004876309183001336,0.003182868091872829,0.0,0.00264382065715829,0.0028100813438675302,0.0073650295827737515,0.0003465044339383399,0.002209857006911695,,,,,,,,,,,,
sparse-a,207,0.0007950848663296587,0.004664219802855777,0.0,0.0038903928155505536,0.003652155459008954,0.011217471937660019,0.00043952222075592284,0.003347729593998216,,,,,,,,,,,,
sparse-a,208,0.0008857546449446543,0.005156961659682069,0.0,0.004302720256734586,0.003362373746203078,0.013123562800579462,0.00047803725330486743,0.003663872838640872,,,,,,,,,,,,
sparse-a,209,0.0008297372019528187,0.005352348272437354,0.0,0.004447826058340447,0.0028260963683273852,0.01449608622759963,0.0005212725270940916,0.003565937966728311,,,,,,,,,,,,
sparse-a,210,0.0006537986022304434,0.005264753089222186,0.0,0.0043425621918238375,0.0028004713654620535,0.014703800419254377,0.0005504540288108327,0.0030042865433614788,,,,,,,,,,,,
sparse-a,211,0.0003852621054952978,0.00512694959930702,0.0,0.004178612100544677,0.0032983148360549233,0.014532086524144965,0.0005617569732144488,0.0021156400638137453,,,,,,,,,,,,
sparse-a,212,0.00019806363560626568,0.004685660755115577,0.0,0.0037881413312137154,0.003434980407308205,0.013529995298740147,0.0005636040679266275,0.0012140632464873293,,,,,,,,,,,,
sparse-a,213,0.00023754158580257585,0.004065904314393792,0.0,0.003300231768675549,0.0026771087042097596,0.012354258805405917,0.0005372999972306864,0.000694949750728804,,,,,,,,,,,,
sparse-a,214,5.101840692733337e-06,0.0001374804232558968,0.0,0.00011100470674326411,0.0002104625385066369,0.0003239796083420089,4.154543671675554e-06,1.132500250326592e-05,,,,,,,,,,,,
sparse-a,215,2.165123597594916e-07,4.129882629945963e-06,0.0,3.3472085759086683e-06,7.241627586807659e-06,8.985081932389848e-06,1.0234045278359984e-07,1.904805478027435e-07,,,,,,,,,,,,
sparse-a,216,2.3373348323055922e-07,4.696693612874106e-06,0.0,3.804101586945396e-06,9.061586237712244e-06,9.302471961969023e-06,1.7366310928748214e-07,2.4905314252767404e-07,,,,,,,,,,,,
sparse-a,217,7.391412299827932e-08,1.0671940799095452e-06,0.0,8.685380885272919e-07,2.8301480324556592e-06,1.063666437246273e-06,1.8799090834000299e-07,1.869709415962455e-07,,,,,,,,,,,,
sparse-a,218,5.795838595565874e-07,1.0355110793688097e-05,0.0,8.400005406861795e-06,1.384609011000547e-05,2.7202837489821038e-05,1.6770025508100732e-07,2.0381531984487552e-07,,,,,,,,,,,,
sparse-a,219,1.1023267339503471e-06,2.0378212745533945e-05,0.0,1.6523035543217228e-05,2.6679227590226057e-05,5.406693534002902e-05,2.3535213975058231e-07,5.313359121301213e-07,,,,,,,,,,,,
sparse-a,220,1.6171168035785815e-05,0.00026713732733571114,0.0,0.00021694409547572607,0.0002753495462284487,0.0007372928383154716,3.290665831106918e-05,2.300026648785507e-05,,,,,,,,,,,,
sparse-a,221,1.4048071061469597e-05,0.00023779860122469126,0.0,0.00019304849519204695,0.00023630491683317763,0.0006712638796673187,2.442987483617863e-05,1.9195733562090166e-05,,,,,,,,,,,,
sparse-a,222,0.00030660139387351354,0.0029864932348374115,0.0,0.002450514866644632,0.004026537488878219,0.007010826991895147,0.00042400904703620944,0.00048459941154007014,,,,,,,,,,,,
sparse-a,223,9.336675023427526e-05,0.0037384816358773517,0.0,0.0030094586587487366,0.0070582746155614,0.0072065973510835055,0.00015488684328394752,0.0005341677335805538,,,,,,,,,,,,
sparse-a,224,1.0629519699710772e-05,0.00022179657968277817,0.0,0.0001795631676861647,0.00045064255009739506,0.0004251922340929508,4.245507662960986e-06,7.1060268778057284e-06,,,,,,,,,,,,
sparse-a,225,1.6413295732958233e-05,0.00031733785069717395,0.0,0.0002571529397043308,0.0005259141976497027,0.0007278157201537107,7.391812546027776e-06,8.229672439254666e-06,,,,,,,,,,,,
sparse-a,226,2.1188511954476873e-05,0.00039042605311891056,0.0,0.0003165785448860238,0.0006412935054041322,0.0008928015551067888,1.470786688200458e-05,1.2901285082716703e-05,,,,,,,,,,,,
sparse-a,227,0.00033705027148931273,0.006425996211019012,0.0,0.005208207023113072,0.010015350612553948,0.012683209464915305,0.002310921821342082,0.0006945029452647145,,,,,,,,,,,,
sparse-a,228,0.0005067294687638157,0.009429935089646738,0.0,0.007645293965470154,0.015442819933240396,0.019031397408755164,0.002469570464281325,0.000775952552310069,,,,,,,,,,,,
sparse-a,229,0.0005266031929963694,0.010327148485738747,0.0,0.008367039427190272,0.017319155542229573,0.021199297790115725,0.0019570812559623722,0.0008330593546473189,,,,,,,,,,,,
sparse-a,230,0.00047083005229125633,0.009653283701983022,0.0,0.007816792972044668,0.015963570094985353,0.020505802902246382,0.0012932959250049096,0.0008504658856954408,,,,,,,,,,,,
sparse-a,231,0.0004000734267985193,0.007990485335245451,0.0,0.006472402953556065,0.012067304304798972,0.018375418920737983,0.0006546717126309574,0.0008645464028138967,,,,,,,,,,,,
sparse-a,232,0.0003734174693270194,0.006016683424227279,0.0,0.004888030233247227,0.007610300105581434,0.014900325971500438,0.000640799116204473,0.000915308503622771,,,,,,,,,,,,
sparse-a,233,4.7717935882942335e-05,0.0008701649037685907,0.0,0.000705675510191461,0.0016784098645438842,0.0016850495597624973,8.073855057708998e-05,3.646164019089087e-05,,,,,,,,,,,,
sparse-a,234,1.0086576377184507e-05,0.0002170816380626851,0.0,0.00017568262572558498,0.0004770291152427365,0.00037189601098402953,1.3140736259839077e-05,6.260689764135398e-06,,,,,,,,,,,,
sparse-a,235,1.0398199399440576e-06,1.7449896983102715e-05,0.0,1.4167881574470982e-05,3.378393522896743e-05,3.578358954513585e-05,1.3799940235869349e-07,9.406375594889363e-08,,,,,,,,,,,,
sparse-a,236,1.5096744713363864e-06,2.587228217445391e-05,0.0,2.0999760633830406e-05,5.035158878460269e-05,5.2699515713488866e-05,2.598784045249755e-07,1.7814579519911114e-07,,,,,,,,,,,,
sparse-a,237,8.394846543614719e-07,1.4674995371261389e-05,0.0,1.1907893227881405e-05,2.8531125037044647e-05,2.9860824113999504e-05,1.8004826089358425e-07,1.2798407310781863e-07,,,,,,,,,,,,
sparse-a,238,0.0001506109970383601,0.0020539193559925835,0.0,0.001673257684201739,0.005906648184248368,0.0019181511907764807,0.0002759458344232927,0.00011493221452219279,,,,,,,,,,,,
sparse-a,239,8.452522346003412e-05,0.0025393190913100814,0.0,0.002048360317740072,0.006960823738369729,0.0026049722115966344,0.0002539130495257563,0.0003375673657482072,,,,,,,,,,,,
sparse-a,240,8.72431538966392e-05,0.0026320015024239364,0.0,0.0021230498327184768,0.0071060728126756696,0.0026269464296089303,0.00020590342390059224,0.0005890833435105548,,,,,,,,,,,,
sparse-a,241,0.00011437618516908194,0.0025367792978764504,0.0,0.002052298675334977,0.00669201402819633,0.0025278307964913546,0.00017314592244928624,0.0007541264443688302,,,,,,,,,,,,
sparse-a,242,0.0001366798507169571,0.0022844034680827314,0.0,0.0018548587446095763,0.0058923434661086035,0.0023014203622326247,0.00015885345072558037,0.0007849965932641171,,,,,,,,,,,,
sparse-a,243,0.0001437881356119599,0.002098301878409342,0.0,0.001707399129849866,0.005415886011596592,0.0021568136388106455,0.00015788223976951918,0.0006626256234606127,,,,,,,,,,,,
sparse-a,244,0.00011053170318414042,0.0019665989623094743,0.0,0.0015953855104844077,0.004794697975296018,0.002552395311885399,0.00011597240839594069,0.0004033301536605394,,,,,,,,,,,,
sparse-a,245,7.468990485873476e-05,0.0019032874056800122,0.0,0.0015375679055157567,0.004341431562039363,0.0030746311779236072,6.672882234220827e-05,0.00013035806041486984,,,,,,,,,,,,
sparse-a,246,1.0084566118889885e-05,0.00020726187505873492,0.0,0.0001678264132707659,0.0003748262602894073,0.00043645209785935955,6.191932256822991e-06,1.1577209829349921e-05,,,,,,,,,,,,
sparse-a,247,5.039552742030802e-06,0.00010989788702771665,0.0,8.892622017057948e-05,0.0002146826857602244,0.0002161204448900875,2.330519738496576e-06,6.4578977220581425e-06,,,,,,,,,,,,
sparse-a,248,2.8169424575968828e-06,6.038207151799767e-05,0.0,4.886904570591751e-05,0.00012130919087245524,0.00011578777267719596,1.2611541833964718e-06,3.1701683389430004e-06,,,,,,,,,,,,
sparse-a,249,1.0580773711838393e-05,0.0002766985018604895,0.0,0.00022347495623075932,0.0007020448832019984,0.0003162179675179873,2.7912062009423112e-05,6.061909471254935e-05,,,,,,,,,,,,
sparse-a,250,1.1623858413630314e-05,0.00022766190893807705,0.0,0.0001844542988331877,0.0007264956238140067,0.00011007375522539741,4.640100889500646e-05,2.7677247817897597e-05,,,,,,,,,,,,
sparse-a,251,2.7432717249559924e-05,0.00024489161453124545,0.0,0.00020139983507490834,0.0007725150654761938,0.00010760458484826985,5.654886198505065e-05,4.289794581546753e-05,,,,,,,,,,,,
sparse-a,252,2.506851122848873e-05,0.00025213472541179524,0.0,0.00020672148257513392,0.000738171865322116,0.00018971142377089602,3.637364384149941e-05,4.428196871266955e-05,,,,,,,,,,,,
sparse-a,253,8.704654180328313e-06,0.0002364866471337443,0.0,0.00019093024854306112,0.0006700730503962069,0.00019372437864426567,3.932580738491979e-05,4.2823352109584856e-05,,,,,,,,,,,,
sparse-a,254,1.2575398913634016e-05,0.00021209405839714594,0.0,0.00017219032650044356,0.0006096908106832201,0.00016039942439028394,3.80022657019936e-05,4.0283732813086194e-05,,,,,,,,,,,,
sparse-a,255,1.4423449225066373e-05,0.00019811223648684046,0.0,0.00016137447903448565,0.0005802099888341277,0.00015510468971568264,2.6600288579487857e-05,3.053397881806366e-05,,,,,,,,,,,,
sparse-a,256,1.2648450159759258e-05,0.00017330396659242714,0.0,0.00014117286330589358,0.0005513368790263677,0.00011179276407123437,1.378312526289778e-05,1.6303098009208794e-05,,,,,,,,,,,,
sparse-a,257,9.817677631805914e-06,0.00015412140416373835,0.0,0.00012526065885735184,0.0005201322583104045,7.846267345756975e-05,9.03853071620186e-06,8.852154170777352e-06,,,,,,,,,,,,
sparse-a,258,5.981575507380788e-06,0.00013163201200131776,0.0,0.00010650192470253038,0.0004129043780151376,0.00010345657453580875,7.906258938241027e-06,2.260836516083794e-06,,,,,,,,,,,,
sparse-a,259,4.4557614879561125e-06,0.00012557050139410116,0.0,0.00010134755341287215,0.0003850810476402873,0.000106359548966626,7.121046503087348e-06,3.7203624664040665e-06,,,,,,,,,,,,
sparse-a,260,2.07229271630605e-06,0.00013901333508956865,0.0,0.00011162512661491613,0.0003733201871329702,0.0001736793357481725,3.103426583440198e-06,5.950390893691643e-06,,,,,,,,,,,,
sparse-a,261,6.1658856004032165e-06,0.0002054878746000219,0.0,0.00016562347680009818,0.0004630782761018782,0.0003511056805474097,2.120924128962428e-06,5.646617621837274e-06,,,,,,,,,,,,
sparse-a,262,1.6195732154091e-06,2.6099926917492555e-05,0.0,2.1203856177075865e-05,5.019259875377872e-05,5.373588337370935e-05,2.350739967094401e-07,2.361515457727138e-07,,,,,,,,,,,,
sparse-a,263,1.4021998880004529e-06,2.2422063540379802e-05,0.0,1.8218090809903933e-05,4.337245438640575e-05,4.595387758995305e-05,1.828821556236758e-07,1.7904002953672814e-07,,,,,,,,,,,,
sparse-a,264,9.05245404447426e-07,1.4363838843755218e-05,0.0,1.167212015589366e-05,2.7894439355478036e-05,2.9347665388049464e-05,1.0847145100692996e-07,1.0477918048644637e-07,,,,,,,,,,,,
sparse-a,265,8.492302649111538e-06,4.8267209073164716e-05,0.0,4.031222778835408e-05,4.377264217913831e-05,0.0001299453249119575,8.922626314570284e-06,1.0428242886992753e-05,,,,,,,,,,,,
sparse-a,266,1.0175267018973159e-05,6.280878594449239e-05,0.0,5.228208215938855e-05,0.00011453083414365111,0.00010718574630417078,1.1994735393668303e-05,1.752382793647937e-05,,,,,,,,,,,,
sparse-a,267,9.900342265030879e-06,8.2230279896136e-05,0.0,6.776429236991498e-05,0.00020694317227723348,8.670189929185726e-05,1.3072813765251884e-05,2.2203234250201356e-05,,,,,,,,,,,,
sparse-a,268,9.328391230123445e-06,9.283331625932039e-05,0.0,7.613233125348101e-05,0.00025307914656181853,8.087763296043282e-05,1.4131992897842892e-05,2.3244492617187276e-05,,,,,,,,,,,,
sparse-a,269,9.341370838540932e-06,0.00010759882638583774,0.0,8.794733527637837e-05,0.0002913878536968152,0.00010069252992387014,1.3804548358883017e-05,2.45103735637826e-05,,,,,,,,,,,,
sparse-a,270,8.995938083617326e-06,0.00011690760688690896,0.0,9.532527312625063e-05,0.00030270483902256843,0.00012826941025208193,1.392355275489608e-05,2.273262551808935e-05,,,,,,,,,,,,
sparse-a,271,8.010382420648098e-06,0.00012903135394139802,0.0,0.00010482715963724805,0.00029974128818564436,0.00018422361616953162,1.319315938316053e-05,1.8967352027255622e-05,,,,,,,,,,,,
sparse-a,272,7.114460371654618e-06,0.00013912746466770995,0.0,0.00011272486380849889,0.0002962860778980586,0.00023301804128303053,1.1931010594204338e-05,1.5274728895546357e-05,,,,,,,,,,,,
sparse-a,273,7.124115175132768e-06,0.0001444321690755884,0.0,0.0001169705582954973,0.00029147068795934536,0.00026397089997692364,9.982874802550923e-06,1.2304213563533782e-05,,,,,,,,,,,,
sparse-a,274,7.409894154184115e-06,0.000147859173604034,0.0,0.00011976931771406401,0.000280826597797138,0.00029035022074785287,9.175833185143845e-06,1.1084042686001277e-05,,,,,,,,,,,,
sparse-a,275,6.817177620137742e-06,0.00013749566018722751,0.0,0.00011135996367380955,0.0002455146187124959,0.00028473802952884024,9.114096678515987e-06,1.0615895829057906e-05,,,,,,,,,,,,
sparse-a,276,5.94062544960119e-06,0.00012240911364494553,0.0,9.911541600587665e-05,0.00020267955645901517,0.00026787882219852333,8.866276794697571e-06,1.0211799127546069e-05,,,,,,,,,,,,
sparse-a,277,5.320979548341233e-06,0.00010659245720157548,0.0,8.633816167092864e-05,0.00016329088789964358,0.00024502635942409413,8.532600132959536e-06,9.519981349604633e-06,,,,,,,,,,,,
sparse-a,278,5.777192612455902e-06,0.00010065581106591779,0.0,8.168008737522541e-05,0.00014213513383852655,0.00024135052896783528,9.374314108370877e-06,9.763267348938502e-06,,,,,,,,,,,,
sparse-a,279,7.338566817477024e-06,0.00010349652042414235,0.0,8.426492970280929e-05,0.00014430220200492208,0.00024763740123661445,1.1163936210826074e-05,1.0882542244206793e-05,,,,,,,,,,,,
sparse-a,280,8.542116745886432e-06,9.97957296541463e-05,0.0,8.154500707249433e-05,0.00012850997754883275,0.00024507013149266366,1.3291872965721793e-05,1.231093660936698e-05,,,,,,,,,,,,
sparse-a,281,8.780147268892655e-06,9.569940067900952e-05,0.0,7.831554999698616e-05,0.00012816439811474432,0.00022754646235821182,1.4216869280352149e-05,1.286987296272981e-05,,,,,,,,,,,,
sparse-a,282,7.455885594206783e-06,9.591210439214503e-05,0.0,7.822086063255739e-05,0.0001579893789311291,0.00019799145679988224,1.4387649052081533e-05,1.3279932785487229e-05,,,,,,,,,,,,
sparse-a,283,2.519385082484583e-07,4.428059089794187e-06,0.0,3.5928349734850414e-06,1.074005933739689e-05,6.831743688138063e-06,7.251006759230185e-08,6.792326604949277e-08,,,,,,,,,,,,
sparse-a,284,2.2049916425776013e-07,3.873314279333484e-06,0.0,3.1427512563183395e-06,4.1127290796254175e-06,1.1147121049953778e-05,5.877496933431924e-08,1.7463201842042158e-07,,,,,,,,,,,,
sparse-a,285,4.0534868705904065e-07,7.141013374611471e-06,0.0,5.793880437100985e-06,9.62604771667573e-06,1.8600166806811532e-05,9.002006038830393e-08,2.4781891457031664e-07,,,,,,,,,,,,
sparse-a,286,4.0382718270015455e-07,7.247121618718441e-06,0.0,5.8784627315147836e-06,9.390027623765229e-06,1.9281232484524925e-05,7.554336968353654e-08,2.41682996900076e-07,,,,,,,,,,,,
sparse-a,287,2.7448156895543895e-07,5.363005574988094e-06,0.0,4.345300773781563e-06,5.950224539236194e-06,1.5248997754701798e-05,5.2722837161838475e-08,2.0007716885254303e-07,,,,,,,,,,,,
sparse-a,288,2.1051531367242507e-07,4.6586049371034805e-06,0.0,3.768987012417269e-06,5.371745200426273e-06,1.3033902252859221e-05,5.514283947919012e-08,1.7362945564923988e-07,,,,,,,,,,,,
sparse-a,289,1.6938268360382784e-07,4.402788426181397e-06,0.0,3.5561072776658833e-06,5.843900525716281e-06,1.1554637693299043e-05,6.190006024575651e-08,1.5071542546450725e-07,,,,,,,,,,,,
sparse-a,290,2.2161680815219367e-07,4.5001934782475835e-06,0.0,3.6444781442285057e-06,1.1026197759106326e-05,6.763771794610408e-06,1.0897458034530878e-07,1.0182977892829064e-07,,,,,,,,,,,,
sparse-a,291,3.7871064591790646e-07,6.165825400833726e-06,0.0,5.008402449850563e-06,1.681152028554438e-05,7.601037951572921e-06,1.4701167916843774e-07,1.037316870491626e-07,,,,,,,,,,,,
sparse-a,292,5.56078723018116e-07,8.616040579643738e-06,0.0,7.004048208318613e-06,2.2626578942509154e-05,1.1547726490472892e-05,1.7398243807520787e-07,1.1587444751769647e-07,,,,,,,,,,,,
sparse-a,293,5.719740154678813e-07,8.760123732285137e-06,0.0,7.122493788921686e-06,2.3184428848579173e-05,1.1570796635619165e-05,1.6396810534626237e-07,1.2130133959595287e-07,,,,,,,,,,,,
sparse-a,294,1.0711065090794494e-06,1.666145632035571e-05,0.0,1.3543386358100458e-05,3.9963608158889076e-05,2.6233475450511434e-05,2.5282982115636345e-07,1.959118508659617e-07,,,,,,,,,,,,
sparse-a,295,2.0766896116542246e-06,3.316571363179731e-05,0.0,2.694790882776869e-05,7.329744852316109e-05,5.853289110191504e-05,4.161542039238596e-07,4.163606981892416e-07,,,,,,,,,,,,
sparse-a,296,7.698524246896386e-07,1.2693528297922629e-05,0.0,1.0308793123276031e-05,2.4120546730995515e-05,2.631678679981311e-05,1.4827773298872886e-07,1.8850192789316927e-07,,,,,,,,,,,,
sparse-a,297,1.169969091257326e-06,1.9471516869536297e-05,0.0,1.5811207313880504e-05,3.6609468186623186e-05,4.076092309279603e-05,2.228163813570321e-07,2.9285981736894316e-07,,,,,,,,,,,,
sparse-a,298,0.00023401162194963966,0.0011814265776023407,0.0,0.0009919435864718005,0.002542840202114658,0.0013104329865677648,0.000262880041412452,0.0006095530803144879,,,,,,,,,,,,
sparse-a,299,0.00033198277661309114,0.002146450221876314,0.0,0.0017835567328236695,0.003992581055762188,0.0029544552099331906,0.0003378553266559012,0.0013009092951539775,,,,,,,,,,,,
sparse-a,300,0.00040999356422458035,0.002921928586801189,0.0,0.002419541582285867,0.004430114445584253,0.004838773136683326,0.0004114518227120251,0.002007374942225151,,,,,,,,,,,,
sparse-a,301,0.0004651996690850829,0.0038560059689921266,0.0,0.003177844709010718,0.004378737809517003,0.008059422721007587,0.00047171198099569455,0.002514151364448223,,,,,,,,,,,,
sparse-a,302,0.00035460132249335056,0.004807809847849062,0.0,0.003917168142777921,0.004393223303924134,0.011174962691414934,0.0007132077433495891,0.0029498456527075933,,,,,,,,,,,,
sparse-a,303,0.0002446066228261516,0.0056538061004564755,0.0,0.004571966204930411,0.00480782425756361,0.01357176823528926,0.0011567540222334,0.003078877886739635,,,,,,,,,,,,
sparse-a,304,0.0004309242940822981,0.008048979136571023,0.0,0.0065253681680732785,0.011864325525221781,0.015800632426606592,0.0019282876443543768,0.002602670950101345,,,,,,,,,,,,
sparse-a,305,4.956798543839771e-07,9.542315135118214e-06,0.0,7.732988078971368e-06,1.918983971019203e-05,1.8665940102621372e-05,1.1778640578015326e-07,1.9569432187930528e-07,,,,,,,,,,,,
sparse-a,306,0.0012146137253002086,0.009175954805604167,0.0,0.007583686589543374,0.01994716979657338,0.008039166980439142,0.0028934956046959,0.005823986840708241,,,,,,,,,,,,
sparse-a,307,1.764575812797038e-06,3.559525592516409e-05,0.0,2.882911990269068e-05,6.751694371182456e-05,7.35708153864396e-05,4.743036963635244e-07,8.189609060286933e-07,,,,,,,,,,,,
sparse-a,308,1.8485438980570491e-06,3.782204062460332e-05,0.0,3.062734127929407e-05,6.89164859248967e-05,8.115548772800352e-05,6.342507751280225e-07,5.819380703850566e-07,,,,,,,,,,,,
sparse-a,309,0.0010901601708664568,0.007346594992123854,0.0,0.006095308027872374,0.0013981635805575502,0.023546207954444436,0.0029640103150649485,0.0014779981184284811,,,,,,,,,,,,
sparse-a,310,0.001065663271638836,0.013193704336541979,0.0,0.01076809612356135,0.006071409539692874,0.04027593391815846,0.005418598058330021,0.0010088758299865615,,,,,,,,,,,,
sparse-a,311,0.0011646179889082545,0.0170260470203507,0.0,0.01385376121406221,0.010989179117379316,0.049527885926017826,0.0063669807222713395,0.0012201423157343206,,,,,,,,,,,,
sparse-a,312,0.001368959130419969,0.01810503435680376,0.0,0.014757819311527,0.01385381286695651,0.05153676622453762,0.005047674219587111,0.001981884116133784,,,,,,,,,,,,
sparse-a,313,0.00015660826249733875,0.004186626610664873,0.0,0.0033806229410313663,0.005463948451133961,0.009015693458810472,0.0005920341234826623,0.0016748304092324,,,,,,,,,,,,
sparse-a,314,2.0135419603291254e-05,0.000289856303174102,0.0,0.00023591212645993984,9.298529710825092e-05,0.00075713922127371,9.956725841278786e-05,0.00020973343590165926,,,,,,,,,,,,
sparse-a,315,1.7561333685131277e-05,0.00044380371624341467,0.0,0.000358555239731758,0.0010636315274096856,0.0005752774770054999,0.00010417919616343427,3.212666439503899e-05,,,,,,,,,,,,
sparse-a,316,1.7756525426022346e-05,0.0005232592555775496,0.0,0.00042215870954724415,0.0010354558088296602,0.0009484366828634055,7.555235047062013e-05,3.359218014651276e-05,,,,,,,,,,,,
sparse-a,317,1.9300232208580362e-05,0.0005039816364896664,0.0,0.0004070453556334493,0.0009104672160944421,0.0010388282088815827,4.171842422384174e-05,2.4912696758799414e-05,,,,,,,,,,,,
sparse-a,318,0.00019039146984307708,0.003988150758528755,0.0,0.003228598900791619,0.005146798421051701,0.009086301852233705,0.0008066557523455668,0.0009128470084840449,,,,,,,,,,,,
sparse-a,319,0.0007028558327378606,0.005640316106680665,0.0,0.004652824051892104,0.005531117803567665,0.014948135905449522,0.00043823962345898603,0.0016437710942464891,,,,,,,,,,,,
sparse-a,320,0.0006010544999044568,0.006863121466044518,0.0,0.005610708072816505,0.007084612413129294,0.018255642203504494,0.0005157792820868007,0.0015964519654574844,,,,,,,,,,,,
sparse-a,321,0.0004040652956647435,0.006045037751434256,0.0,0.004916843260280353,0.00541822044876251,0.01731010536402486,0.0006909473717506744,0.0007608778211989729,,,,,,,,,,,,
sparse-a,322,0.00045724579122936204,0.005966529716661875,0.0,0.004864672931575372,0.005052421907323483,0.017702357217042136,0.0007935470897376742,0.0003177926525442086,,,,,,,,,,,,
sparse-a,323,0.0006466860627754972,0.008714272283339656,0.0,0.0071007550392268234,0.012998404727841771,0.019513453333371473,0.0008064649929495018,0.001538766079195879,,,,,,,,,,,,
sparse-a,324,0.00014801493799301786,0.003973568649139764,0.0,0.003208457906910414,0.007065906315294269,0.008218381057987317,0.00022500594728974975,0.00038498127598771825,,,,,,,,,,,,
sparse-a,325,0.00014512097101680295,0.003285865408093093,0.0,0.002657716520677835,0.0059928023459200576,0.0068096078980478345,0.00011933657941316175,0.00022171480899132044,,,,,,,,,,,,
sparse-a,326,0.0005067386932459752,0.0076825187220102495,0.0,0.006247362716257395,0.014450463107717748,0.014125279370709218,0.0004995314791763697,0.0016548009304376626,,,,,,,,,,,,
sparse-a,327,0.0006455145279165321,0.009245895981635052,0.0,0.007525819690891347,0.017799782284847684,0.01781156366497319,0.00044652183904593355,0.0009257161376733916,,,,,,,,,,,,
sparse-a,328,0.0006079670764633536,0.008916032345230336,0.0,0.00725441929147694,0.01774403041618913,0.017102911757566383,0.0003761015587048991,0.00044108564846093374,,,,,,,,,,,,
sparse-a,329,0.0004224101407939908,0.006392789938867699,0.0,0.005198713979252957,0.013078275428467706,0.011991080630986464,0.0002877676776575258,0.00021403601835910002,,,,,,,,,,,,
sparse-a,330,0.00018019432734963313,0.0030988293155708923,0.0,0.0025151023179266403,0.0063488637334995915,0.005670801518596539,0.00023816139726711902,0.0001374906129203199,,,,,,,,,,,,
sparse-a,331,6.205419317327512e-05,0.0011310660559931472,0.0,0.0009172636834291727,0.002182982298027104,0.001989771265381876,0.00022191800577697245,0.0001295926547866362,,,,,,,,,,,,
sparse-a,332,1.2241896203787104e-06,1.9910873665579712e-05,0.0,1.6173536856539512e-05,3.965170640077518e-05,3.99392022163581e-05,2.2521361637844767e-08,3.0064683547724405e-08,,,,,,,,,,,,
sparse-a,333,1.088564200622346e-06,1.8509572187910637e-05,0.0,1.5025370590452978e-05,3.681138796025649e-05,3.7169297480357794e-05,2.4776309883915073e-08,3.2827001144351815e-08,,,,,,,,,,,,
sparse-a,334,1.872477641031622e-06,3.312690630316741e-05,0.0,2.6876020570740256e-05,6.593159241314988e-05,6.645384951842301e-05,5.396716335635439e-08,6.821611774042487e-08,,,,,,,,,,,,
sparse-a,335,4.572548906444295e-05,0.0012270565228546765,0.0,0.0009907903160966298,0.002132783600079203,0.0026680258835804615,5.967551521845592e-05,4.774109254058599e-05,,,,,,,,,,,,
sparse-a,336,4.539899843221204e-05,0.0011011344576166856,0.0,0.0008899873657797909,0.0013849315424701398,0.002790474462960136,0.0001996103155280615,2.952150950840531e-05,,,,,,,,,,,,
sparse-a,337,5.472664589320347e-05,0.0007267197626885418,0.0,0.0005923211393294742,0.0005025317797583942,0.0021303678903541283,0.0002532126138221642,2.076676681948033e-05,,,,,,,,,,,,
sparse-a,338,2.1247716601843144e-06,3.8778128046709676e-05,0.0,3.144745676940461e-05,7.631829825583053e-05,7.841813376457402e-05,1.9001938801866896e-07,1.8606077841548578e-07,,,,,,,,,,,,
sparse-a,339,1.5012023861241448e-06,2.8131066072384504e-05,0.0,2.280509333513243e-05,5.489315705671895e-05,5.726388708354981e-05,1.891492502824951e-07,1.7807089898675395e-07,,,,,,,,,,,,
sparse-a,340,2.3054431414014594e-06,4.42228464370841e-05,0.0,3.583936577794757e-05,8.556965157407893e-05,9.060406580379238e-05,3.75403513706598e-07,3.422648567584895e-07,,,,,,,,,,,,
sparse-a,341,2.4944185673117267e-06,4.868092689216369e-05,0.0,3.9443625227193296e-05,9.368431978676744e-05,0.0001001231685043336,4.854297026509763e-07,4.307895749027522e-07,,,,,,,,,,,,
sparse-a,342,1.5105763066279153e-06,2.987332461705849e-05,0.0,2.4200774954972374e-05,5.7459285600067176e-05,6.139576741544982e-05,3.4066960876224797e-07,2.9757584395471027e-07,,,,,,,,,,,,
sparse-a,343,3.5370481087277637e-06,7.029980800071047e-05,0.0,5.694725602231393e-05,0.00013595856029452477,0.00014370977147310654,8.214542334686769e-07,7.094460017419071e-07,,,,,,,,,,,,
sparse-a,344,3.5746637482018717e-06,7.145705258589209e-05,0.0,5.7880574818354057e-05,0.00013925482852666387,0.00014496110686652752,8.61455897896322e-07,7.508190524806644e-07,,,,,,,,,,,,
sparse-a,345,1.6161065414494911e-06,3.259454104119063e-05,0.0,2.6398854141242405e-05,6.389567109656787e-05,6.570181591392593e-05,4.1324917882303143e-07,3.674279754456929e-07,,,,,,,,,,,,
sparse-a,346,1.1296717097431396e-06,2.2182418469286365e-05,0.0,1.797186911737772e-05,4.879701174806642e-05,3.957987126290469e-05,2.3409891086460362e-07,1.1869195530974765e-07,,,,,,,,,,,,
sparse-a,347,5.854867201782183e-07,1.1946200027558872e-05,0.0,9.674057366082742e-06,2.3465219188792415e-05,2.4029568012641743e-05,1.4804474887805096e-07,1.4196815992328136e-07,,,,,,,,,,,,
sparse-a,348,7.40661278696245e-06,0.00020201651131501223,0.0,0.00016309453160940227,0.0003442410889639012,0.0004248841914796529,2.5888623310578343e-05,1.3052141505916554e-05,,,,,,,,,,,,
sparse-a,349,8.232573185808613e-06,0.0002030166432638244,0.0,0.00016405982924822123,0.00031227491885097835,0.00043318568351934366,1.5983658723288907e-05,5.06223119616867e-05,,,,,,,,,,,,
sparse-a,350,3.167894998799175e-05,0.0004286091725009806,0.0,0.00034922312799838285,0.0004251372051671868,0.001096502745473907,2.0127217514919636e-05,0.00017266952184790888,,,,,,,,,,,,
sparse-a,351,5.495283349713114e-05,0.000726035902899161,0.0,0.000591819289018755,0.0007652654195893775,0.001860494326946383,2.3580842409850926e-05,0.0002548030226510327,,,,,,,,,,,,
sparse-a,352,7.800342132628478e-05,0.0011996426769791855,0.0,0.0009753148258486053,0.001583810535294293,0.0029144803307931187,2.721934844382428e-05,0.0002730604933855056,,,,,,,,,,,,
sparse-a,353,9.461143213561861e-05,0.0017794834830365128,0.0,0.001442509072856334,0.0028350605702101754,0.004025966481359189,3.575439575612144e-05,0.00022115248482056554,,,,,,,,,,,,
sparse-a,354,0.00010961027200134346,0.0023548980377514394,0.0,0.00190584048460142,0.004170329465445659,0.005009928466927134,4.777326943006357e-05,0.000191560949202899,,,,,,,,,,,,
sparse-a,355,0.00012165625641148192,0.0028401961677724263,0.0,0.002296488185500237,0.005280956670181716,0.005814620583955694,5.566566605091881e-05,0.00020954175090137536,,,,,,,,,,,,
sparse-a,356,0.00013024417023992652,0.003320687051160784,0.0,0.0026825984749766123,0.006296163246316324,0.006637842073986478,7.555597581298623e-05,0.0002731869085273486,,,,,,,,,,,,
sparse-a,357,0.00014422911028662492,0.00322949092032792,0.0,0.002612438558319661,0.006341397750995678,0.006331506623597606,4.986540937123631e-05,0.00019519389734715933,,,,,,,,,,,,
sparse-a,358,0.00012099442228068958,0.0025215880806332075,0.0,0.002041469348962704,0.005121855513847575,0.004851295648432086,2.4402610607925107e-05,8.879854964524409e-05,,,,,,,,,,,,
sparse-a,359,8.421516792064056e-05,0.0016633878121507244,0.0,0.0013475532833047074,0.0035745384809920595,0.003040735795887769,1.652440602172953e-05,2.1752565701339272e-05,,,,,,,,,,,,
sparse-a,360,6.513916393656991e-05,0.0012554482229154844,0.0,0.0010173864111197015,0.0028425053162710674,0.0021397099348058907,2.105695032120399e-05,1.852069026377614e-05,,,,,,,,,,,,
sparse-a,361,5.4644040309031795e-05,0.0010543187128012,0.0,0.0008543837783027664,0.0024139032769457404,0.0017657867601131017,1.9087345113483644e-05,1.849746903247427e-05,,,,,,,,,,,,
sparse-a,362,4.892904903126915e-05,0.000906533893640893,0.0,0.0007350129247189682,0.0020402884133763678,0.0015452080305275665,1.97750831403523e-05,2.0864047519285723e-05,,,,,,,,,,,,
sparse-a,363,4.2358188931788444e-05,0.0007549311901118091,0.0,0.000612416589875805,0.0016579528610155942,0.001324388124375837,1.909643528892761e-05,1.8287339766877776e-05,,,,,,,,,,,,
sparse-a,364,2.5347722746218152e-05,0.000448707612199328,0.0,0.000364035634308706,0.0009724991512757858,0.0007998362956152912,1.1831841002032504e-05,1.0663160904202366e-05,,,,,,,,,,,,
sparse-a,365,7.733405175444078e-06,0.0001607992676470129,0.0,0.00013018609515269913,0.0002874038976688686,0.00033917760084644147,8.914689872698865e-06,7.700882200042657e-06,,,,,,,,,,,,
sparse-a,366,2.345699769253893e-06,0.00013246670908207808,0.0,0.00010644250721951324,0.00010806803632521316,0.00040833459720665614,7.167935685912193e-06,6.296267110530761e-06,,,,,,,,,,,,
sparse-a,367,1.3786925232168177e-06,2.4154347996715777e-05,0.0,1.9599216902015984e-05,4.815996709155311e-05,4.8133031872274834e-05,1.5178564790971526e-07,1.7260737512545256e-07,,,,,,,,,,,,
sparse-a,368,1.2901201298995113e-06,2.280456719111965e-05,0.0,1.850167777887562e-05,4.5376794902524386e-05,4.549841879028512e-05,1.6336841671983198e-07,1.79686654949269e-07,,,,,,,,,,,,
sparse-a,369,1.6396349793188978e-06,2.928683967099736e-05,0.0,2.375739873266167e-05,5.8077401655749425e-05,5.8581645492591365e-05,2.347426661507319e-07,2.535688694979376e-07,,,,,,,,,,,,
sparse-a,370,1.5211738153789449e-06,2.7448718587297114e-05,0.0,2.2263209632913483e-05,5.419475570764207e-05,5.5096173235691114e-05,2.4261956018578914e-07,2.613258456694872e-07,,,,,,,,,,,,
sparse-a,371,1.3150604136348677e-06,2.3928143119969938e-05,0.0,1.9405526578702925e-05,4.70109523548707e-05,4.822723386961414e-05,2.2717393790966574e-07,2.472123174852307e-07,,,,,,,,,,,,
sparse-a,372,1.0964435011611884e-06,2.0081429809299134e-05,0.0,1.6284432547671545e-05,3.928660271992695e-05,4.061528178165635e-05,2.0073360386029205e-07,2.2310113175294443e-07,,,,,,,,,,,,
sparse-a,373,2.322330874434497e-06,4.270916040831196e-05,0.0,3.463179450153646e-05,8.357615491619772e-05,8.633570938363782e-05,4.3251006821963584e-07,4.92267265192633e-07,,,,,,,,,,,,
sparse-a,374,1.7801157814211288e-06,3.2899802470477625e-05,0.0,2.6675865132666326e-05,6.432141569596486e-05,6.652576688660323e-05,3.4565045485794155e-07,4.063768444844793e-07,,,,,,,,,,,,
sparse-a,375,1.221075285229287e-06,2.2660632227246572e-05,0.0,1.8372720838843114e-05,4.433346081045686e-05,4.5767163673668305e-05,2.4470247924971675e-07,2.972019456114127e-07,,,,,,,,,,,,
sparse-a,376,2.1901411381606008e-06,4.0883265561743875e-05,0.0,3.314464067702722e-05,8.370681974047182e-05,7.884832587338649e-05,4.5759609068793896e-07,5.203205424292454e-07,,,,,,,,,,,,
sparse-a,377,4.220014848579945e-06,8.919529711876278e-05,0.0,7.22002406647262e-05,0.0002453466818037869,0.00010606406217185239,2.733413874157563e-06,2.637030625254318e-06,,,,,,,,,,,,
sparse-a,378,1.900117297144693e-06,6.30692835397213e-05,0.0,5.083545029120598e-05,0.0001618202418141194,8.681760900239136e-05,1.9481460357937824e-06,1.6911373065806646e-06,,,,,,,,,,,,
sparse-a,379,3.4162997830117847e-06,4.9215266291366645e-05,0.0,4.005547298969568e-05,9.445510594713289e-05,9.497843206184045e-05,3.731908130180665e-06,3.6956190263125844e-06,,,,,,,,,,,,
sparse-a,380,6.4142791142884105e-06,5.723557906990184e-05,0.0,4.7071319078779156e-05,0.00011442459888265708,0.00010165795722176654,6.4298380985509515e-06,6.429922076632809e-06,,,,,,,,,,,,
sparse-a,381,9.44560231564299e-06,7.205483081964574e-05,0.0,5.95329851188452e-05,0.00015533969843793176,0.00011549351533076671,8.64425631503262e-06,8.741853194851957e-06,,,,,,,,,,,,
sparse-a,382,1.1076869453569137e-05,6.66323246170069e-05,0.0,5.5521233584319346e-05,0.00015530319088204896,8.968754755829573e-05,1.0609793808407864e-05,1.0928766219275036e-05,,,,,,,,,,,,
sparse-a,383,1.1224935346694745e-05,4.568040642385434e-05,0.0,3.8789312208422415e-05,0.00012106853235742849,3.547958669701617e-05,1.26288480746344e-05,1.3544658566338322e-05,,,,,,,,,,,,
sparse-a,384,1.057106627305958e-05,6.326754421370824e-05,0.0,5.27282486255785e-05,0.00012023657372287737,0.00010276387750717914,1.4290054588713424e-05,1.5779671036063002e-05,,,,,,,,,,,,
sparse-a,385,9.572276673069105e-06,0.00010631241663364235,0.0,8.696438864152771e-05,0.0002031413330350317,0.00018975579165322857,1.5174999638807412e-05,1.7177542207501738e-05,,,,,,,,,,,,
sparse-a,386,9.402405484878722e-06,0.00012771877843800888,0.0,0.00010405550384738283,0.0002499071310356705,0.00022697256012310792,1.5926099644631938e-05,1.8069322948625052e-05,,,,,,,,,,,,
sparse-a,387,9.63548824251807e-06,0.00011410161968488149,0.0,9.32083933964088e-05,0.00022861613721403225,0.00019427418677497968,1.5834734072090682e-05,1.7681420678423312e-05,,,,,,,,,,,,
sparse-a,388,1.1541155950718075e-05,7.964736435116952e-05,0.0,6.602612267107922e-05,0.00021654510689690152,7.185105885024472e-05,1.4484257179507822e-05,1.5709034478023967e-05,,,,,,,,,,,,
sparse-a,389,1.5742504702981308e-05,0.00012266521626834074,0.0,0.00010128067395526886,0.00033387883267219776,0.00012829453450298824,1.3841363453672715e-05,1.4646134444504212e-05,,,,,,,,,,,,
sparse-a,390,1.9180477009792278e-05,0.00018612909218025325,0.0,0.00015273936914616106,0.00043189869964990854,0.00028505286634383857,1.346160254193354e-05,1.410320018533241e-05,,,,,,,,,,,,
sparse-a,391,1.98944957221679e-05,0.00020738536489525123,0.0,0.00016988719106063457,0.0004626596521935023,0.0003392364247968522,1.3430610988910482e-05,1.4214771601740006e-05,,,,,,,,,,,,
sparse-a,392,1.911239676876663e-05,0.00019195387723025154,0.0,0.00015738558113795456,0.0004166397402038486,0.000320143631755528,1.5118297550782583e-05,1.5913839410847046e-05,,,,,,,,,,,,
sparse-a,393,1.853817337412543e-05,0.00017315931240918417,0.0,0.00014223508460217243,0.0003701450568687207,0.0002862812608309307,1.7610341743042e-05,1.8600590194043327e-05,,,,,,,,,,,,
sparse-a,394,1.7536123925105847e-05,0.00012048615948131659,0.0,9.989615237007445e-05,0.00025020825444379104,0.00018834980264207415,2.1216881475504843e-05,2.2169699363896324e-05,,,,,,,,,,,,
sparse-a,395,1.871621431016218e-05,6.510382057997578e-05,0.0,5.5826299326013076e-05,0.00011755905213079927,8.920347579225121e-05,2.6521690534549737e-05,2.7131063862302956e-05,,,,,,,,,,,,
sparse-a,396,2.122379480192473e-05,4.31107491188553e-05,0.0,3.873335825546919e-05,1.8409201222332087e-05,8.915564947740696e-05,3.239063378147085e-05,3.248751199421128e-05,,,,,,,,,,,,
sparse-a,397,2.2854178509899345e-05,9.39764459884349e-05,0.0,7.975199249272779e-05,0.00011052093683706949,0.0001926225299164486,3.657492436241417e-05,3.618739283780733e-05,,,,,,,,,,,,
sparse-a,398,2.4701372222853573e-05,0.00013273873840309762,0.0,0.00011113126516704882,0.00016881691207695638,0.0002804114445773408,4.129876971543481e-05,4.042782724265844e-05,,,,,,,,,,,,
sparse-a,399,2.864917587234125e-05,0.00014692199018487176,0.0,0.00012326742732236565,0.0001872745288025688,0.00030555344405044503,4.801479909922469e-05,4.684518878724855e-05,,,,,,,,,,,,
sparse-a,400,3.253061326990094e-05,0.00014324923666504872,0.0,0.00012110551198601916,0.00018959953663495925,0.0002763119345362625,5.4329765043034675e-05,5.2755710445938426e-05,,,,,,,,,,,,
sparse-a,401,3.5462773517536956e-05,0.00013560897914719703,0.0,0.000115579738021265,0.00017254379754008816,0.0002526817844947407,6.0117134808340943e-05,5.709319974561826e-05,,,,,,,,,,,,
sparse-a,402,3.950300275889931e-05,0.00016086500797221094,0.0,0.0001365926069295486,0.00019715885190291107,0.0003115838087816944,6.949574873831169e-05,6.522162246592652e-05,,,,,,,,,,,,
sparse-a,403,4.334444024741183e-05,0.00023465677684351874,0.0,0.00019639430952429732,0.0002500333604155965,0.000527326537357943,8.358140335397621e-05,7.768580624655922e-05,,,,,,,,,,,,
sparse-a,404,4.542605647408634e-05,0.00039145617255945917,0.0,0.0003222501493423846,0.0003383647232876259,0.00102277772052031,0.00010634284496914525,9.833940146075567e-05,,,,,,,,,,,,
sparse-a,405,1.2109363934818744e-06,2.1345954414609583e-05,0.0,1.7318950810384042e-05,4.303508518692137e-05,4.192429322884805e-05,1.9875896833046885e-07,2.2568027433843305e-07,,,,,,,,,,,,
sparse-a,406,2.268747160558744e-06,4.011945818145187e-05,0.0,3.2549315977273246e-05,7.96955974292538e-05,7.999294238645418e-05,3.4181372071542505e-07,4.474791893840774e-07,,,,,,,,,,,,
sparse-a,407,2.410024877520971e-06,4.292450375305942e-05,0.0,3.4821607977951726e-05,8.567499414062545e-05,8.515209105222965e-05,3.7219392386315113e-07,4.987358955194138e-07,,,,,,,,,,,,
sparse-a,408,8.740427498325698e-07,1.5792790319109703e-05,0.0,1.2809040805254279e-05,3.338177708235922e-05,2.9424223475450223e-05,1.7779919906377446e-07,1.8736151956560777e-07,,,,,,,,,,,,
sparse-a,409,2.52712735088996e-06,4.608960645388227e-05,0.0,3.73771106332838e-05,9.264770808022055e-05,9.069737529054665e-05,4.290917007152291e-07,5.842507440466537e-07,,,,,,,,,,,,
sparse-a,410,0.00034581342748928094,0.0022200634732885524,0.0,0.001845213464128698,0.0024205506259831334,0.005589729035383133,0.00045537355701247235,0.00041460067477547166,,,,,,,,,,,,
sparse-a,411,0.0004889514377622586,0.004619670944986274,0.0,0.0037935270435414713,0.007653452272088518,0.008959331421094318,0.0012523061061013427,0.0006135939806609185,,,,,,,,,,,,
sparse-a,412,0.0010445535656940488,0.009918512848359021,0.0,0.008143720991826028,0.02330263985663972,0.012098766626309833,0.003153820600444229,0.0011188243100423002,,,,,,,,,,,,
sparse-a,413,0.0018346037354794481,0.01771076206643105,0.0,0.014535530400240729,0.047148890862484166,0.01570766024053285,0.006200250397550345,0.001786246765156828,,,,,,,,,,,,
sparse-a,414,0.0025765425900174705,0.027430869593969773,0.0,0.02246000419317931,0.07280115510310356,0.02433321232861359,0.009726948699185533,0.002862162244976411,,,,,,,,,,,,
sparse-a,415,0.002765898135127072,0.04108377052356906,0.0,0.03342019604588066,0.1014217797278571,0.04634746222977271,0.011864976137162876,0.00470086399948359,,,,,,,,,,,,
sparse-a,416,0.0026220902983669784,0.05928703854184289,0.0,0.04795404889314771,0.13392565465603415,0.08122964662884333,0.01525878038927254,0.006734072493221556,,,,,,,,,,,,
sparse-a,417,0.0002605771775146546,0.006261829988994008,0.0,0.005061579426698137,0.02085789068625727,0.003937924012115182,0.00012930790667875565,0.00012219735092482373,,,,,,,,,,,,
sparse-a,418,2.5063992467190787e-05,0.0006421562775705946,0.0,0.0005187378205499138,0.0023718746141438785,0.0001641324586205226,2.296831235286306e-05,9.6497251651144e-06,,,,,,,,,,,,
sparse-a,419,0.0013618648895194023,0.024135856999322337,0.0,0.019581058577361747,0.03765559708594768,0.048275339945959776,0.00846174836279181,0.002150742602590076,,,,,,,,,,,,
sparse-a,420,0.001892322147341833,0.022785132668447602,0.0,0.01860657056422645,0.04740785274820368,0.04130405485623954,0.0017193385918743867,0.0007092844774728084,,,,,,,,,,,,
sparse-a,421,0.0019521912730455044,0.021381549591726494,0.0,0.017495677927990297,0.04726909215705366,0.03467055070842086,0.0028310336694331553,0.000755521831998305,,,,,,,,,,,,
sparse-a,422,0.0016706176939370752,0.015046305870666661,0.0,0.012371168235320744,0.033286260717299454,0.022773253960152222,0.0025644616398287005,0.0015612471653862708,,,,,,,,,,,,
sparse-a,423,0.001323247564592477,0.010941303202114458,0.0,0.009017692074610062,0.01037918588732577,0.029034593100231296,0.002214048259489093,0.002137385561411672,,,,,,,,,,,,
sparse-a,424,0.000971594210250214,0.019115943456600486,0.0,0.015487073607330435,0.024612290718363877,0.047456934652662326,0.0017292807845002678,0.0026652676708754743,,,,,,,,,,,,
sparse-a,425,0.001128725877624151,0.03250041685018341,0.0,0.02622607865567156,0.05778751639175267,0.06699019825343484,0.0013830257615241252,0.0038409269940220007,,,,,,,,,,,,
sparse-a,426,0.0006185598707357692,0.018060628621348034,0.0,0.014572214871225581,0.023801826002602666,0.04190604135145194,0.0028384666700339953,0.0036961804613035343,,,,,,,,,,,,
sparse-a,427,0.0002719460421642851,0.008077128424609925,0.0,0.006516091948120796,0.01093118817512648,0.019022465384924876,0.0011912062209904718,0.0011636539173978692,,,,,,,,,,,,
sparse-a,428,0.00013706250713391139,0.004162246406808625,0.0,0.003357209626873682,0.0075775036780149265,0.00848489137658871,0.0003312818098220066,0.0002553087628088569,,,,,,,,,,,,
sparse-a,429,0.00014812250613777426,0.004080205008539646,0.0,0.003293788508059272,0.008791704885340491,0.006972128162692495,0.00020674957104794702,0.00035023741507765225,,,,,,,,,,,,
sparse-a,430,0.00013364121767550885,0.0036688647908167627,0.0,0.0029618200761885117,0.00824460401677386,0.0061475202881749996,0.00011210507913486412,0.0001712297791833267,,,,,,,,,,,,
sparse-a,431,6.557016318060066e-05,0.0014496666366388593,0.0,0.0011728473419472076,0.0027247946702875837,0.002965165463456966,3.8527695247484874e-05,7.017871756340368e-05,,,,,,,,,,,,
sparse-a,432,1.508158753031367e-05,0.0003400351662855359,0.0,0.00027504445053449145,0.0006868404617476345,0.000664496891459361,3.7167433479725045e-06,5.086568587175459e-06,,,,,,,,,,,,
sparse-a,433,2.4740057260737615e-06,5.831550421019564e-05,0.0,4.714720451337127e-05,0.00010753984939620546,0.00012465591379378285,3.515552754642246e-07,7.146983753300592e-07,,,,,,,,,,,,
sparse-a,434,4.086889977218169e-06,0.00010032226092632935,0.0,8.107518673650711e-05,0.00018431267645443636,0.00021536996894373306,5.177824479738159e-07,1.0886158591741642e-06,,,,,,,,,,,,
sparse-a,435,4.74995006263654e-06,0.00012243850762325232,0.0,9.890079611112917e-05,0.00022501910604301757,0.000262995717342055,5.596831377333837e-07,1.1795239702033775e-06,,,,,,,,,,,,
sparse-a,436,1.1903957937818912e-05,0.00032305900898000283,0.0,0.00026082799877156604,0.000596477658808199,0.000691918700787668,1.2292161719880143e-06,2.6104601521562692e-06,,,,,,,,,,,,
sparse-a,437,1.9684113352904486e-05,0.0004206660952832126,0.0,0.00034046969889715096,5.786088416790822e-05,0.0014244129690457238,9.867877603546447e-05,0.00010171175188375409,,,,,,,,,,,,
sparse-a,438,4.401752195392118e-05,0.0010045487672367048,0.0,0.0008124425181801481,0.0020746042953186127,0.001734318574486076,2.100980531065736e-05,0.00018826239383147318,,,,,,,,,,,,
sparse-a,439,5.588330755319337e-05,0.0013553052317583076,0.0,0.001095420846917285,0.002828963975755055,0.002361406463653973,7.709433535517042e-05,0.0001537561522690319,,,,,,,,,,,,
sparse-a,440,5.776769207232446e-05,0.0016165544794134836,0.0,0.0013047971219452518,0.0028938189841053665,0.0034168679862389166,9.200582980579798e-05,6.352511750385343e-05,,,,,,,,,,,,
sparse-a,441,6.89669497017787e-05,0.0022197400704273263,0.0,0.001789585446282217,0.0031629302204790456,0.0055940166127112405,6.485602600734968e-05,5.715742251167008e-05,,,,,,,,,,,,
sparse-a,442,7.18579243936455e-05,0.002441567010944937,0.0,0.001967625193634679,0.003169712999743818,0.006424468158932183,8.034122911306032e-05,9.174565599068767e-05,,,,,,,,,,,,
sparse-a,443,6.794523667305626e-05,0.0022766628942484726,0.0,0.0018349193627333893,0.0029657044448147124,0.005959076558452281,7.909428370888401e-05,0.00010277629001801176,,,,,,,,,,,,
sparse-a,444,8.517226133526176e-05,0.0025724766759897782,0.0,0.002075015793058875,0.0038095610826247694,0.006263967499660737,9.05858960628221e-05,0.00012579222561078448,,,,,,,,,,,,
sparse-a,445,9.381165259909294e-05,0.002547169117535895,0.0,0.0020564976245485344,0.004093735143366559,0.0059248054662282175,7.032020826114484e-05,9.981565228765703e-05,,,,,,,,,,,,
sparse-a,446,0.0002749621861033652,0.005925196453916144,0.0,0.004795149600353588,0.006927378016902135,0.014224430327715464,0.001713867605247898,0.0008351098657990796,,,,,,,,,,,,
sparse-a,447,0.00019843141428558237,0.007395265949481576,0.0,0.005955899042442377,0.010935570247751901,0.015197728410833172,0.0016501011031969993,0.0017976640361442283,,,,,,,,,,,,
sparse-a,448,0.0007776730003881052,0.009125199412217693,0.0,0.007455694129851777,0.016892049677938687,0.014594630906625872,0.0020134915575368666,0.0030006255067693455,,,,,,,,,,,,
sparse-a,449,0.0007629373482795529,0.009059306531975779,0.0,0.007400032695236534,0.021844938604415963,0.011162925363566403,0.00152936396827824,0.001699998191642509,,,,,,,,,,,,
sparse-a,450,0.0008768284768489692,0.008409845948962092,0.0,0.006903242454539467,0.022286610435609304,0.009642800344480748,0.0006578227136809302,0.0010521503020773872,,,,,,,,,,,,
sparse-a,451,0.0009985360837230506,0.0065692016364881,0.0,0.00545506852593509,0.01676893827913324,0.008041763256691902,0.00035989274946783274,0.0011062122606594223,,,,,,,,,,,,
sparse-a,452,0.0004523402508388299,0.005143879037825095,0.0,0.0042055712804278415,0.010495235705247425,0.009427729460767365,0.0001832330692238735,0.0004693179160617161,,,,,,,,,,,,
sparse-a,453,0.0003423573747254183,0.005259498230055604,0.0,0.0042760700589895674,0.010934061775012783,0.00956374752078263,0.00017295645871585598,0.00036722716571114665,,,,,,,,,,,,
sparse-a,454,0.0003352139397713905,0.005667497267242975,0.0,0.004601040601748658,0.011883847032191345,0.009862518440877413,0.00024525062301800435,0.0006783729728851366,,,,,,,,,,,,
sparse-a,455,0.0003375457035995666,0.006326757608910795,0.0,0.005128915227848549,0.013091328673835447,0.01107637900732326,0.00032436941701199706,0.0008149533374724723,,,,,,,,,,,,
sparse-a,456,0.0003492962871670109,0.006631947403436821,0.0,0.0053754171801828595,0.013813425699120158,0.011523996661625372,0.0003115350990412234,0.0008788321539605322,,,,,,,,,,,,
sparse-a,457,0.0003064011246796859,0.005728157663035067,0.0,0.00464380635536399,0.012391538561224625,0.009543197475233054,0.0002114262554603995,0.0007664683602221894,,,,,,,,,,,,
sparse-a,458,0.0002323038715306518,0.004118478249616861,0.0,0.0033412433739996193,0.009135233478198316,0.006679702408740024,0.00013835416255974795,0.0005206229489693587,,,,,,,,,,,,
sparse-a,459,0.00013130545588045753,0.0023376394963996517,0.0,0.0018963726882958126,0.005303586087834532,0.0036978260688878355,8.613230378265973e-05,0.0002630135250935786,,,,,,,,,,,,
sparse-a,460,7.077629343497764e-05,0.0011963139494764897,0.0,0.0009712064182681873,0.002791112739587512,0.0017662863193653848,5.335410601019856e-05,0.00017450263294286353,,,,,,,,,,,,
sparse-a,461,6.743972001199965e-05,0.0005745908172501702,0.0,0.00047316059780253613,0.0009359040245014534,0.0010930042781693637,4.5232667952679024e-05,0.00022422229837718493,,,,,,,,,,,,
sparse-a,462,4.22304615168501e-07,6.659852656696967e-06,0.0,5.412343048391274e-06,1.4549746531765333e-05,1.2038470541144266e-05,2.6534905646176053e-08,2.465864823209519e-08,,,,,,,,,,,,
sparse-a,463,9.87792867843389e-07,1.5697105190771027e-05,0.0,1.27552427261855e-05,3.4310645893862234e-05,2.8369418500558304e-05,5.5104858211060914e-08,5.3251510452520584e-08,,,,,,,,,,,,
sparse-a,464,3.965933932455687e-05,0.00055163867958652,0.0,0.00044924281153412737,0.0007686574078540727,0.00135357412936556,5.233459629584506e-05,3.1988584830602504e-05,,,,,,,,,,,,
sparse-a,465,6.654707541202665e-05,0.00036041250671635513,0.0,0.00030163942045548947,0.0003743151805216031,0.0008847510781667076,0.00011364632767850122,6.893744049860849e-05,,,,,,,,,,,,
sparse-a,466,9.86947640922448e-05,0.0005653898487814836,0.0,0.0004720508318436358,0.0006663221786514698,0.0011747839485991556,0.0003243195773165373,9.61336905587716e-05,,,,,,,,,,,,
sparse-a,467,0.00013298832783168658,0.0007101037956222029,0.0,0.0005946807020640996,0.0009092638159364023,0.0012318418386071774,0.0005587606251347882,0.0001405489028104433,,,,,,,,,,,,
sparse-a,468,0.00014809736584675792,0.0007718890789683925,0.0,0.0006471307363440655,0.0013215651936775942,0.0008393979509607955,0.0006963694100472462,0.0002302237611879336,,,,,,,,,,,,
sparse-a,469,9.310547055329188e-07,1.5552969098921163e-05,0.0,1.2628586220243514e-05,3.451190258923451e-05,2.7655851582326904e-05,3.048898092748147e-08,1.3633243195758633e-08,,,,,,,,,,,,
sparse-a,470,1.072004430572963e-06,1.8646374387405423e-05,0.0,1.5131500396038932e-05,4.144270682264597e-05,3.304966528489025e-05,5.7732455400515525e-08,3.539298668494748e-08,,,,,,,,,,,,
sparse-a,471,1.0218330573435374e-06,1.848037965313977e-05,0.0,1.4988670333980525e-05,4.112095444795894e-05,3.2674095688079706e-05,7.545492468891525e-08,5.101355183151975e-08,,,,,,,,,,,,
sparse-a,472,1.0381906224357463e-06,1.9288438787857457e-05,0.0,1.5638389154773112e-05,4.286560998891145e-05,3.413298016184276e-05,9.111581712367e-08,6.4049183551947e-08,,,,,,,,,,,,
sparse-a,473,1.3344455615142507e-06,2.5117924043496658e-05,0.0,2.0361228347100177e-05,5.550745701957452e-05,4.474911763533088e-05,1.2405958618826532e-07,9.106193289295594e-08,,,,,,,,,,,,
sparse-a,474,8.751041999252363e-08,2.4196093546988597e-06,0.0,1.9531895677575924e-06,3.7962756226232806e-06,5.673143060333139e-06,3.330136099158769e-08,1.7571737484743165e-07,,,,,,,,,,,,
sparse-a,475,1.1468512487759391e-05,0.00025262039578122003,0.0,0.0002043900191225279,0.00045664711606920434,0.0005321982362840317,9.900659184277364e-06,1.1735571587366638e-05,,,,,,,,,,,,
sparse-a,476,2.6585261091136477e-05,0.0005267811738412013,0.0,0.00042674199129118836,0.0010460140451738985,0.001042446876679178,6.906936418633733e-06,1.1756837093095008e-05,,,,,,,,,,,,
sparse-a,477,0.00014701230578469972,0.0021843109860148497,0.0,0.0017768512499688194,0.003499145361571793,0.00467898752145972,0.00019924424904899728,0.0003598668119788879,,,,,,,,,,,,
sparse-a,478,0.00015361070325978517,0.0031143799200867776,0.0,0.002522226076721379,0.005050623813423836,0.0067231105284738515,0.00031121640704334424,0.00037256893140607774,,,,,,,,,,,,
sparse-a,479,0.0002845145546002052,0.0037517465126903917,0.0,0.0030583001210723543,0.00637726574932577,0.008104081673387931,0.0002337159874376604,0.0002919226406102054,,,,,,,,,,,,
sparse-a,480,0.00035580071538525275,0.0037796662984165255,0.0,0.0030948931818102713,0.006391808336015554,0.008271995828624522,0.00020835605430759383,0.0002465049747184342,,,,,,,,,,,,
sparse-a,481,0.0003323546648580015,0.0032512759125912912,0.0,0.0026674916630446332,0.005557751361911646,0.007076221984532308,0.00013240054788719104,0.00023872975603402076,,,,,,,,,,,,
sparse-a,482,0.00031045523453761715,0.0027842879195208014,0.0,0.0022895213825241643,0.004769330814935883,0.0059936224823613545,0.0001164049483776466,0.0002577934324083221,,,,,,,,,,,,
sparse-a,483,0.00029671397258432833,0.002030211851062276,0.0,0.0016835122753666863,0.003633366310876725,0.004036630211949689,0.00021857351423519065,0.00023227736718749853,,,,,,,,,,,,
sparse-a,484,0.00029403507329299315,0.0013567408103624232,0.0,0.001144199662948537,0.0024437617208418025,0.002439043782850992,0.00031563038300768016,0.0002285273547492179,,,,,,,,,,,,
sparse-a,485,0.0002370166935411801,0.0010465057981679212,0.0,0.0008846079772425729,0.00196821352696293,0.0015968812516768385,0.00036253689013066904,0.00025839152390124716,,,,,,,,,,,,
sparse-a,486,0.00016002069255817477,0.0010001498732947608,0.0,0.0008321240371474437,0.00223425023784765,0.001046639009507388,0.00040198883731041576,0.0003177214085135894,,,,,,,,,,,,
sparse-a,487,0.00015820803901013119,0.0014925925440372198,0.0,0.0012257156430318023,0.0032886925329369643,0.0017401392672330757,0.0004647318014598054,0.00047680657451903497,,,,,,,,,,,,
sparse-a,488,0.00015606561745844943,0.0022924892441273546,0.0,0.0018652045187935735,0.004931797223180604,0.0031452329678610374,0.0005217135721943616,0.0005712132132734162,,,,,,,,,,,,
sparse-a,489,0.0001735261068426919,0.003469729186969245,0.0,0.0028104885709439344,0.00775820118284401,0.005162312169284643,0.0005328073097308262,0.00042559608601750153,,,,,,,,,,,,
sparse-a,490,0.00029869649480887783,0.005449626947136048,0.0,0.004419440856670615,0.01282294626922406,0.008080967344699718,0.00048651511914692044,0.0004080790554734949,,,,,,,,,,,,
sparse-a,491,1.9144221549545807e-06,3.410129023822765e-05,0.0,2.7663916621573033e-05,7.202140249045577e-05,6.409094432487016e-05,1.3778036010977983e-07,1.5503377747486752e-07,,,,,,,,,,,,
sparse-a,492,3.695657812395849e-06,6.731265001485555e-05,0.0,5.4589251574363604e-05,0.0001415155595980051,0.0001268139250418527,4.0739105201687507e-07,5.137243675474806e-07,,,,,,,,,,,,
sparse-a,493,4.162989269006686e-06,7.684312312144899e-05,0.0,6.230709635096053e-05,0.00016094722172167129,0.00014499510940034103,5.955881344382141e-07,8.345732293454219e-07,,,,,,,,,,,,
sparse-a,494,3.803241511781318e-06,7.108675525532989e-05,0.0,5.7630052506620175e-05,0.00014929849356322246,0.00013339198465037874,6.616984788083476e-07,9.948443289099887e-07,,,,,,,,,,,,
sparse-a,495,6.389683298224609e-06,0.00012011493518671664,0.0,9.736988480901823e-05,0.0002625416213705527,0.00021475750999072358,1.277667347921094e-06,1.8829420376691498e-06,,,,,,,,,,,,
sparse-a,496,2.3729358541228672e-06,4.570074125703016e-05,0.0,3.7035180176448706e-05,0.0001006692263231666,8.073854372931076e-05,5.701030142850484e-07,8.250919613582325e-07,,,,,,,,,,,,
sparse-a,497,9.417934677847873e-07,1.8243579468538526e-05,0.0,1.4783222268387778e-05,3.853068976208719e-05,3.3800832335630453e-05,2.413648648968617e-07,4.0143091153958464e-07,,,,,,,,,,,,
sparse-a,498,2.001291299122476e-06,3.87360472400754e-05,0.0,3.1389096051884817e-05,7.363606423773617e-05,8.025368516324766e-05,3.643342296532378e-07,6.901053296645395e-07,,,,,,,,,,,,
sparse-a,499,4.2169294275423963e-07,1.244620895152795e-05,0.0,1.0041305749773208e-05,2.1092584428568156e-05,2.8005931180499025e-05,5.204391156156532e-07,1.6588108142895636e-07,,,,,,,,,,,,
sparse-a,500,1.6252722052809121e-06,3.206116280690373e-05,0.0,2.5973984686579166e-05,9.695640864688804e-05,2.9064450967278763e-05,1.183840242584381e-06,1.0399513708637116e-06,,,,,,,,,,,,
sparse-a,501,3.2001542335727033e-06,6.382138424498072e-05,0.0,5.169713824269912e-05,0.0001725772658665829,7.891260321084651e-05,1.9071998149261478e-06,1.8884680875673388e-06,,,,,,,,,,,,
sparse-a,502,3.7644157649882087e-06,7.511483599163174e-05,0.0,6.084475194630304e-05,0.0001993659884588003,9.684733129717303e-05,2.136038159412755e-06,2.109986051140848e-06,,,,,,,,,,,,
sparse-a,503,3.6598949420247753e-06,7.305518010833177e-05,0.0,5.917612307507037e-05,0.0001885300504326693,9.988888740644504e-05,1.8427109689511555e-06,1.95907162526162e-06,,,,,,,,,,,,
sparse-a,504,3.322017682208916e-06,6.630677089297048e-05,0.0,5.370982025081817e-05,0.00016317083980189618,9.893729810388486e-05,1.4227130192472498e-06,1.6962326468536474e-06,,,,,,,,,,,,
sparse-a,505,2.7141030712000575e-06,5.419254755124827e-05,0.0,4.389685865523862e-05,0.0001303510596487423,8.415223641316498e-05,9.993586117091447e-07,1.2675355313766207e-06,,,,,,,,,,,,
sparse-a,506,1.9654600021295387e-05,0.00031261715673796387,0.0,0.0002540246453946302,0.0009030276530092136,0.00029330083273469183,2.2471005255362906e-05,3.1669135952587314e-05,,,,,,,,,,,,
sparse-a,507,1.9782395521104348e-05,0.0003983298734236866,0.0,0.0003226203778431702,0.0011049105836947889,0.00044762304260263173,1.6825449725980478e-05,2.396041767134546e-05,,,,,,,,,,,,
sparse-a,508,2.1102019316079344e-05,0.00043656676012019774,0.0,0.00035347381195937407,0.0012052856453841567,0.0005085614136898187,1.2835279558165459e-05,1.9584701848649976e-05,,,,,,,,,,,,
sparse-a,509,2.259474747342892e-05,0.000456084717018304,0.0,0.000369386723109329,0.0012391015370212123,0.0005579558957912081,1.1152027116294539e-05,1.6129408144500904e-05,,,,,,,,,,,,
sparse-a,510,2.6288242100454748e-05,0.0005271133467462239,0.0,0.0004269483258170701,0.0013238918731363154,0.0007551586783824892,1.4279273509111615e-05,1.512356195697975e-05,,,,,,,,,,,,
sparse-a,511,3.542876996801773e-05,0.0007312725956526171,0.0,0.0005921038305156972,0.0017055768973206211,0.0011837407875369273,1.9656073131893563e-05,1.6116624621026257e-05,,,,,,,,,,,,
sparse-a,512,5.4235936425913684e-05,0.0011471338393439405,0.0,0.0009285542587603353,0.0025533070081119346,0.0019904737586765725,2.6298545418893848e-05,1.8456045168361206e-05,,,,,,,,,,,,
sparse-a,513,7.444311554849977e-05,0.0015371190026834643,0.0,0.0012445838252564713,0.0033306152322139294,0.0027735745121444774,2.6613787346525285e-05,1.7672479028925247e-05,,,,,,,,,,,,
sparse-a,514,9.497253792625718e-05,0.0018662856302418204,0.0,0.0015120230117787077,0.003931497633217961,0.0034960152475007195,2.2274797456879395e-05,1.535484279172207e-05,,,,,,,,,,,,
sparse-a,515,0.00010874187318961096,0.002011859205652611,0.0,0.0016312357391600114,0.004134338753646318,0.0038825604886759887,1.6807995777016023e-05,1.3729584511124413e-05,,,,,,,,,,,,
sparse-a,516,0.00010313084450546988,0.0017975446110414252,0.0,0.0014586618577342343,0.003630330637882843,0.00353682973624429,1.2055661473487427e-05,1.0962408565080647e-05,,,,,,,,,,,,
sparse-a,517,7.612317734162962e-05,0.0012671267492559083,0.0,0.0010289260348730527,0.0025280369522808904,0.0025198828788091953,9.776085642168315e-06,1.0811080291379799e-05,,,,,,,,,,,,
sparse-a,518,4.609418321785816e-05,0.0007305570010456453,0.0,0.0005936644374800878,0.001445443505156153,0.0014591008199742659,8.116366714303541e-06,9.567312337858376e-06,,,,,,,,,,,,
sparse-a,519,2.2285065537563377e-05,0.0003227485008029822,0.0,0.0002626558137498984,0.0006263752316671767,0.0006493361536280054,6.831038857915094e-06,8.451579058831457e-06,,,,,,,,,,,,
sparse-a,520,6.284317914372056e-06,5.894542434315483e-05,0.0,4.8413203057398274e-05,0.0001149418627816868,0.00010640545149453632,6.327777177279657e-06,8.106605919116539e-06,,,,,,,,,,,,
sparse-a,521,1.5206826514357167e-06,2.4142129478221012e-05,0.0,1.9617840112863952e-05,4.995797105750556e-05,4.65401059103378e-05,1.6064545354868056e-08,5.4376399685814534e-08,,,,,,,,,,,,
sparse-a,522,9.532168848535243e-07,1.520307610358316e-05,0.0,1.2353104259837236e-05,3.160378221584535e-05,2.9165827977935725e-05,1.6443949652060622e-08,2.625027089951646e-08,,,,,,,,,,,,
sparse-a,523,1.1366687341699946e-06,1.829419055126456e-05,0.0,1.4862686187845647e-05,3.8128952748320374e-05,3.499352027725691e-05,3.368354205694648e-08,2.0605637424013622e-08,,,,,,,,,,,,
sparse-a,524,1.8031992689130463e-06,2.9468468070622703e-05,0.0,2.3935414310280772e-05,6.128942665578049e-05,5.647215616392668e-05,8.275146613043885e-08,2.9537996653206975e-08,,,,,,,,,,,,
sparse-a,525,1.3704156743985743e-06,2.291173604926984e-05,0.0,1.8603471974295588e-05,4.734793852077283e-05,4.4176434539213394e-05,8.544881084779749e-08,3.712232624534418e-08,,,,,,,,,,,,
sparse-a,526,1.5477369889376866e-06,2.6610516125130753e-05,0.0,2.159796029789214e-05,5.445859902491675e-05,5.1787432934746013e-05,1.261165829554227e-07,6.991595790482694e-08,,,,,,,,,,,,
sparse-a,527,2.078555821847155e-06,3.6674595481636286e-05,0.0,2.975538754967846e-05,7.428642269529871e-05,7.205155156256986e-05,2.1714264697907894e-07,1.4326502169749704e-07,,,,,,,,,,,,
sparse-a,528,2.9707116162110315e-06,5.357829230775233e-05,0.0,4.345677616944407e-05,0.00010744704759247766,0.00010620397456785255,3.823044071606907e-07,2.7984266351841425e-07,,,,,,,,,,,,
sparse-a,529,2.356555837612344e-06,4.3297590529162776e-05,0.0,3.510938359085269e-05,8.61329128502161e-05,8.640807039975226e-05,3.6396952216200935e-07,2.8540934452071315e-07,,,,,,,,,,,,
sparse-a,530,2.2310343812464205e-06,4.162296351969445e-05,0.0,3.374457769200484e-05,8.240536244677285e-05,8.336391488045702e-05,3.9611036256842667e-07,3.2646638897949435e-07,,,,,,,,,,,,
sparse-a,531,2.236146595423629e-06,4.2718495844440255e-05,0.0,3.462202599463693e-05,8.418746130822457e-05,8.606001073314883e-05,2.6330702705180656e-07,3.63204309335836e-07,,,,,,,,,,,,
sparse-a,532,3.336309720051906e-05,0.00026312847898528254,0.0,0.00021717540262832985,0.0006072705019012043,0.00032687169879179863,6.69320355225631e-05,5.143967972556418e-05,,,,,,,,,,,,
sparse-a,533,3.8607421400863746e-05,0.0002668500986443331,0.0,0.0002212015631956392,0.0005796247832498509,0.00035532307042584435,7.50825371169127e-05,5.7370003784724475e-05,,,,,,,,,,,,
sparse-a,534,4.031788682029537e-05,0.00028684986516518607,0.0,0.00023754346949620791,0.0005802078816440464,0.00043418863229655367,7.48808887742983e-05,5.8122057945845866e-05,,,,,,,,,,,,
sparse-a,535,4.041861011848506e-05,0.0003295042548420822,0.0,0.0002716871258973628,0.0006402366407488736,0.0005484871606979673,7.230714698387867e-05,5.698607093760946e-05,,,,,,,,,,,,
sparse-a,536,3.9678291829336916e-05,0.0004135611790239359,0.0,0.00033878460158501603,0.0007844285756895677,0.0007407708164803742,7.146312953565822e-05,5.758219439014331e-05,,,,,,,,,,,,
sparse-a,537,3.6517565147379005e-05,0.000515873251284613,0.0,0.00042000211405716627,0.0009567698790851708,0.0009793316435356852,7.042289879115077e-05,5.69685837264455e-05,,,,,,,,,,,,
sparse-a,538,3.304799255676319e-05,0.0005435017425785932,0.0,0.0004414109925742271,0.000968067422642289,0.0010841107005942778,6.737567227301487e-05,5.4453174804791175e-05,,,,,,,,,,,,
sparse-a,539,3.226823999727271e-05,0.0004916822832765785,0.0,0.00039979947462071735,0.0007825427564010133,0.001063681677390575,6.80074008724847e-05,5.249729844224126e-05,,,,,,,,,,,,
sparse-a,540,3.324755152399673e-05,0.0005085009148325985,0.0,0.0004134502421708782,0.00080926034610552,0.001107297826871546,7.025590150264456e-05,4.7189584850683404e-05,,,,,,,,,,,,
sparse-a,541,5.4837773416060346e-05,0.0005764284990745929,0.0,0.0004721103539428864,0.000983479260991406,0.0011549398744769423,0.00010736798200963647,5.9926878820386975e-05,,,,,,,,,,,,
sparse-a,542,0.000102614936362377,0.0009350736856096052,0.0,0.0007685819357601595,0.001830697898217544,0.0014993361680118967,0.0003076712747064703,0.00010258940150250961,,,,,,,,,,,,
sparse-a,543,0.00023568461491639008,0.001868598709158593,0.0,0.0015420158903101523,0.004034446747976067,0.0023260389095033328,0.0009141258906026513,0.00019978328855232034,,,,,,,,,,,,
sparse-a,544,0.0005665967097382996,0.0034275613338333867,0.0,0.002855368409014369,0.008099933595279872,0.003354514733789143,0.0019449160800148755,0.00031088092624965405,,,,,,,,,,,,
sparse-a,545,0.0006129578329605289,0.005639855917397403,0.0,0.004634476300510028,0.013951805454122532,0.00480820924085284,0.003254823378513507,0.0005445855961007328,,,,,,,,,,,,
sparse-a,546,7.941491287716032e-06,0.00014433650694540564,0.0,0.00011705750381386771,0.00026901365502418547,0.0003060223829470396,1.1608837667757009e-06,1.1491060436217378e-06,,,,,,,,,,,,
sparse-a,547,8.565300382290109e-06,0.00015899515330416644,0.0,0.00012890918271979117,0.00029401235920615144,0.0003394708064975156,1.1742353432660074e-06,1.323212169732741e-06,,,,,,,,,,,,
sparse-a,548,6.0934507236813e-06,0.00011630243355528427,0.0,9.426063698896367e-05,0.00021403432097612338,0.0002493129401358835,7.802621798318787e-07,1.0822109292983658e-06,,,,,,,,,,,,
sparse-a,549,5.729296329896177e-06,0.00011052207765269807,0.0,8.956352138813768e-05,0.00024263618314783486,0.0001981266859861327,8.034143054041782e-07,5.220271714205673e-07,,,,,,,,,,,,
sparse-a,550,7.588927527529251e-06,0.00015255870871540712,0.0,0.00012356475247783156,0.0003024618871337105,0.0003059755308272691,5.27670885172983e-07,1.2697460154759692e-06,,,,,,,,,,,,
sparse-a,551,0.00041697743295959246,0.0028457796237128627,0.0,0.0023600191855622085,0.005709596450663451,0.004375141809163618,0.0008053272448821948,0.0004930529901421871,,,,,,,,,,,,
sparse-a,552,0.00039736262482965883,0.00399760161354471,0.0,0.0032775538158016995,0.009838462783050913,0.004878714282299464,0.0008885888479723048,0.0003846405408561574,,,,,,,,,,,,
sparse-a,553,0.0002773143596907448,0.00454872115823438,0.0,0.0036944397985256535,0.0116822718904903,0.00563224304060793,0.0004939351128386641,0.00038643458900062665,,,,,,,,,,,,
sparse-a,554,7.93011540887394e-05,0.001658103635438018,0.0,0.001342343139168162,0.003325605573169908,0.0031607862435238487,7.478127991941444e-05,7.124144513889992e-05,,,,,,,,,,,,
sparse-a,555,2.8297310960579687e-05,0.0006125557917192664,0.0,0.0004957040955675291,0.0012917108101563495,0.0011308370570705536,1.2631522052898925e-05,1.5043777597263543e-05,,,,,,,,,,,,
sparse-a,556,1.2715436824284855e-05,0.00027475829823715286,0.0,0.00022234972595457921,0.0006407845445514277,0.00045067974200301713,3.4880638245894576e-06,4.080842569576973e-06,,,,,,,,,,,,
sparse-a,557,1.0807760068432716e-05,0.00022831185459723695,0.0,0.0001848110356914761,0.0005544734555958041,0.0003533896644159913,3.153417668433686e-06,2.2308807087186405e-06,,,,,,,,,,,,
sparse-a,558,6.347224494684944e-06,0.0001316001752019267,0.0,0.00010654958506047838,0.0003227292898335955,0.00019995551808970512,2.589667717239909e-06,1.1262251671663488e-06,,,,,,,,,,,,
sparse-a,559,1.091934521426971e-06,1.7069476600180103e-05,0.0,1.3873968184429478e-05,3.948370991307783e-05,2.6628706353246e-05,1.8365117073502739e-06,3.289784270463108e-07,,,,,,,,,,,,
sparse-a,560,2.4813638212910664e-06,6.71308869059563e-05,0.0,5.420098228902325e-05,0.00014682730915928436,0.0001183508557349629,2.8486544747058408e-06,4.967282548721008e-07,,,,,,,,,,,,
sparse-a,561,3.928147456126459e-06,0.00010064406063485562,0.0,8.130087799910979e-05,0.000238730674997623,0.00015868683248990305,4.085478756197177e-06,1.0732562956992942e-06,,,,,,,,,,,,
sparse-a,562,5.545365287001979e-06,0.00013854897782921325,0.0,0.00011194825532077099,0.0003244505425622,0.0002222164975249707,5.756398502210277e-06,1.772472727472006e-06,,,,,,,,,,,,
sparse-a,563,1.9765627537317777e-06,4.574296686323898e-05,0.0,3.6989686041337536e-05,8.822412763398043e-05,9.344865448300957e-05,5.950076004087302e-07,7.04077735557157e-07,,,,,,,,,,,,
sparse-a,564,2.474797702098739e-06,5.6763340958107375e-05,0.0,4.590563230690565e-05,0.00010895597915610913,0.00011643212451154822,7.715512948179226e-07,8.937088699542397e-07,,,,,,,,,,,,
sparse-a,565,3.1778342267037596e-06,7.224345211981223e-05,0.0,5.8430328541190524e-05,0.00013786564145002773,0.00014890638109719525,1.0340175072281168e-06,1.167768424797804e-06,,,,,,,,,,,,
sparse-a,566,3.1516447810946277e-06,7.08592668880324e-05,0.0,5.731774246664486e-05,0.0001350973668899489,0.0001461735678179681,1.0123411336891772e-06,1.1537917105234478e-06,,,,,,,,,,,,
sparse-a,567,0.00014014262107490768,0.001358538270990481,0.0,0.0011148591410073663,0.0041242518892968694,0.0010956743563297151,0.00013000748403455163,8.421935430078744e-05,,,,,,,,,,,,
sparse-a,568,1.8455448609987945e-05,0.0004209571163939996,0.0,0.00034045678283719724,0.0008943734489876904,0.0007647304334307789,1.6069139715696354e-05,8.655443441832736e-06,,,,,,,,,,,,
sparse-a,569,5.736767331921607e-06,0.0001315290424175966,0.0,0.00010637058740046159,0.00033778368783746215,0.00018164002868643176,5.235333160292634e-06,1.4571199861998713e-06,,,,,,,,,,,,
sparse-a,570,1.3144500366352346e-06,4.083299045525545e-05,0.0,3.2929282371531406e-05,0.00013049745024921658,2.7565161957173487e-05,3.5567053718604253e-06,1.7126442427713166e-06,,,,,,,,,,,,
sparse-a,571,3.0975799514572432e-06,5.6343361307673354e-05,0.0,4.569420503643013e-05,5.779416143276556e-05,0.00016406624269792785,1.8585279391526602e-06,1.6545131608473308e-06,,,,,,,,,,,,
sparse-a,572,7.142332771352271e-06,0.00014071989558950876,0.0,0.00011400438302587746,0.00021119114993823412,0.00034864262413936153,8.593689926103029e-07,2.186439287828995e-06,,,,,,,,,,,,
sparse-a,573,8.756675765378259e-05,0.0012845045034209682,0.0,0.0010451169542675311,0.0021368699634926607,0.0022569001805877245,0.00042129164557817855,0.00032295622402531013,,,,,,,,,,,,
sparse-a,574,0.00020514945925641172,0.0023367632114503958,0.0,0.0019104404610115991,0.004314594278547231,0.0033150822976410507,0.0012170075237251023,0.0005003687458881986,,,,,,,,,,,,
sparse-a,575,0.00027569182871728273,0.0031430049748077953,0.0,0.002569542345589693,0.005848798171113523,0.004288025558838943,0.0017968521435926925,0.0006383440256860224,,,,,,,,,,,,
sparse-a,576,0.0003019826849869499,0.003605127419102058,0.0,0.002944498472279036,0.007352241399793998,0.004466152947749071,0.0019424341611612213,0.0006596811677039404,,,,,,,,,,,,
sparse-a,577,0.0002927618898256292,0.0038932814858514994,0.0,0.003173177566646325,0.009522310431549094,0.0037644502558293286,0.0016782946411520799,0.0006080706148754946,,,,,,,,,,,,
sparse-a,578,0.0002866209096946042,0.0044028454919434025,0.0,0.0035796005754936432,0.012169033104491927,0.003784938374258868,0.0010768972998519068,0.0005805131891709103,,,,,,,,,,,,
sparse-a,579,0.00023331404910105125,0.004666116911059872,0.0,0.003779556338668108,0.013819962348767532,0.004006155842084012,0.0004592950805272533,0.00037905437286068886,,,,,,,,,,,,
sparse-a,580,0.00016435042354569215,0.005335837068208248,0.0,0.004301539739275736,0.014538682070925839,0.005416551616513375,0.001102419616695315,0.000285694968698464,,,,,,,,,,,,
sparse-a,581,0.00018017161660165718,0.0050096269591681265,0.0,0.0040437358906548326,0.011354849054588174,0.0076585196002417295,0.0008873943497458025,0.00013774483209680064,,,,,,,,,,,,
sparse-a,582,0.0002035038019048488,0.004310197356311961,0.0,0.0034888586454305385,0.009299244737355565,0.007424278470190271,0.000408266604189278,0.00010899961351272763,,,,,,,,,,,,
sparse-a,583,0.0001802958542376837,0.00352476109463518,0.0,0.002855868046555681,0.007314057120084581,0.006527439045955034,0.0001671261034233769,9.042210907772738e-05,,,,,,,,,,,,
sparse-a,584,0.00015890446827344597,0.0029728960184638793,0.0,0.002410097708425793,0.005869039871725673,0.005896682701864665,7.37517981607469e-05,5.21097021044327e-05,,,,,,,,,,,,
sparse-a,585,0.00014614586736271228,0.0026600917334452284,0.0,0.0021573025602287252,0.0050314908647419105,0.005537276259651698,4.194137513056605e-05,2.9658434256737746e-05,,,,,,,,,,,,
sparse-a,586,0.00011114855293416913,0.001980909964896334,0.0,0.001606957682503901,0.0036397046646014703,0.004241746447875165,2.2855830710797494e-05,1.933291639790447e-05,,,,,,,,,,,,
sparse-a,587,7.068528607707036e-05,0.001229604194804342,0.0,0.0009978204130588876,0.0022161434047660096,0.002665335107272649,1.7755249695078648e-05,1.9183017483630604e-05,,,,,,,,,,,,
sparse-a,588,3.421292114873488e-05,0.0005540168601963588,0.0,0.00045005607238683394,0.001000195397106788,0.0011800377373041172,1.8540491855298452e-05,1.7293814519231537e-05,,,,,,,,,,,,
sparse-a,589,1.3388246192268973e-05,0.0001907464577366702,0.0,0.00015527481542778997,0.0004297095458465855,0.0002903741450471676,2.5094580211026113e-05,1.780755984190173e-05,,,,,,,,,,,,
sparse-a,590,2.049036950682742e-05,0.00043702374759412336,0.0,0.0003537170719766642,0.0008322639082348526,0.0008736638378513743,2.4684939088354506e-05,1.7482305201911933e-05,,,,,,,,,,,,
sparse-a,591,2.0287710160183444e-05,0.00043704476268680996,0.0,0.00035369335218148463,0.0008396935751846254,0.0008761994213334415,1.827158752177644e-05,1.4014466707396318e-05,,,,,,,,,,,,
sparse-a,592,3.1755304457909023e-06,5.521597234923119e-05,0.0,4.480788396854313e-05,0.00010641866786417561,0.00011359427383646973,4.631457290199763e-07,3.8780196725944223e-07,,,,,,,,,,,,
sparse-a,593,1.2353144431292352e-05,0.00017010185635369708,0.0,0.00013855211396921613,0.00042820139662854686,0.0002158445439858902,2.111804190471528e-05,1.5243442895636039e-05,,,,,,,,,,,,
sparse-a,594,1.3105197085859977e-05,0.00019677815523561656,0.0,0.00016004356360566524,0.0005220268002069031,0.00022288835725306274,2.3996357161491807e-05,1.8201106321008635e-05,,,,,,,,,,,,
sparse-a,595,1.397903927561532e-05,0.00020694612875398754,0.0,0.0001683527108583131,0.000547464178258608,0.00023543992390949505,2.4873936080542135e-05,2.0006476767305053e-05,,,,,,,,,,,,
sparse-a,596,1.9914149906625425e-06,3.517233693688069e-05,0.0,2.853615254763705e-05,7.924278031931399e-05,6.0438525408907604e-05,6.319506559332898e-07,3.7609136336782993e-07,,,,,,,,,,,,
sparse-a,597,3.711805570360081e-07,6.749513205197612e-06,0.0,5.473846675565292e-06,8.892326604367595e-06,1.790188518878085e-05,8.637859723557812e-08,1.1746243040642705e-07,,,,,,,,,,,,
sparse-a,598,6.469156008713001e-07,1.124707556020002e-05,0.0,9.127043568334276e-06,1.852292378858412e-05,2.6252404395849424e-05,5.181575499310822e-08,1.611583013734282e-07,,,,,,,,,,,,
sparse-a,599,1.297352135109745e-05,5.6985905228288166e-05,0.0,4.8183428452850024e-05,5.603388253288458e-05,0.00012957163875366786,2.2081280616244757e-05,2.025681901035548e-05,,,,,,,,,,,,
sparse-b,0,7.47554426091171e-05,0.013917841507038516,0.0,0.011149224294152636,0.03597550321585509,0.019670899127558924,1.9672657360804653e-05,5.2910273792443725e-06,,,,,,,,,,,,
sparse-b,1,6.999340124750478e-05,0.013746390805957855,0.0,0.011011111325015786,0.03445359242506794,0.02051185909779894,1.607604095171211e-05,4.0356600128333936e-06,,,,,,,,,,,,
sparse-b,2,7.122756156544008e-05,0.013749502057606474,0.0,0.011013847158398267,0.03441692467208442,0.02055404277654467,1.789262188549415e-05,9.148159911312085e-06,,,,,,,,,,,,
sparse-b,3,7.191712098016978e-05,0.013769345909072112,0.0,0.011029860151453724,0.03439288833837074,0.020656496824480824,1.8273394979749228e-05,9.725078457141795e-06,,,,,,,,,,,,
sparse-b,4,7.266384992222989e-05,0.013805321295446643,0.0,0.01105878980634176,0.034401009123674754,0.020791412686844906,1.859844208741636e-05,1.0264929179497669e-05,,,,,,,,,,,,
sparse-b,5,7.357596712427023e-05,0.01385652896550141,0.0,0.011099938365825983,0.034437549394926284,0.020959560974356434,1.865440732824102e-05,1.035108539468236e-05,,,,,,,,,,,,
sparse-b,6,7.454617240755464e-05,0.01392740007918557,0.0,0.011156829297829967,0.034509182558951135,0.021171890921954654,1.8397334665028888e-05,1.0129501171473104e-05,,,,,,,,,,,,
sparse-b,7,7.542675103913172e-05,0.01399673444183192,0.0,0.011212472903673361,0.03458336603292573,0.021375678401078197,1.8144735169063885e-05,9.748598154691577e-06,,,,,,,,,,,,
sparse-b,8,7.190850207763857e-05,0.013977112346170996,0.0,0.011196071577352324,0.03371309653602929,0.022177798637435398,1.3962939874760772e-05,3.5912713445416035e-06,,,,,,,,,,,,
sparse-b,9,7.242501352479921e-05,0.014048248725924053,0.0,0.011253083983444202,0.033821486531510125,0.022348292483062818,1.5424305588038245e-05,7.79158353522772e-06,,,,,,,,,,,,
sparse-b,10,7.288334962606727e-05,0.01412302188600885,0.0,0.011312994178732293,0.033906204874180244,0.022564189244037445,1.4965431669202323e-05,6.727994148512329e-06,,,,,,,,,,,,
sparse-b,11,7.313618465806904e-05,0.014214853380260762,0.0,0.011386509941140223,0.03400896914710199,0.022830362802016817,1.4269325742301802e-05,5.8122461819425585e-06,,,,,,,,,,,,
sparse-b,12,7.344436300639575e-05,0.014304938352542564,0.0,0.01145863955463533,0.03410782442222298,0.02309281909376602,1.3826439631343102e-05,5.283454549918744e-06,,,,,,,,,,,,
sparse-b,13,7.373964973548093e-05,0.014381370334242742,0.0,0.01151984419734129,0.0341749101583084,0.023332216435776446,1.3515288005959603e-05,4.8394548801644385e-06,,,,,,,,,,,,
sparse-b,14,7.404692656176736e-05,0.014442557949091649,0.0,0.011568855744585672,0.03421284572091021,0.023539730570961342,1.3286461679818673e-05,4.3690428152235235e-06,,,,,,,,,,,,
sparse-b,15,7.429849734786714e-05,0.01448510693208071,0.0,0.011602945245134142,0.03421027229401634,0.023713131589599607,1.304499108703447e-05,3.978853619860726e-06,,,,,,,,,,,,
sparse-b,16,7.434160191615106e-05,0.014527972332138242,0.0,0.011637246186093825,0.034204207293721166,0.023891218671941744,1.2745575769870174e-05,3.7177871201860466e-06,,,,,,,,,,,,
sparse-b,17,7.420642581206238e-05,0.01456525983017293,0.0,0.011667049149300755,0.034184794613007205,0.024060426155977328,1.2415183704699453e-05,3.40336800248848e-06,,,,,,,,,,,,
sparse-b,18,7.416327047814699e-05,0.014599386348393202,0.0,0.011694341732810191,0.03417734914137742,0.02420476282173483,1.2258601140629556e-05,3.174829319928553e-06,,,,,,,,,,,,
sparse-b,19,7.395115084762535e-05,0.014617584091898544,0.0,0.011708857503688361,0.034137256359029984,0.024318076709802947,1.2007152224979889e-05,2.9961465362678083e-06,,,,,,,,,,,,
sparse-b,20,7.350420092213733e-05,0.014626931495009918,0.0,0.01171624603619236,0.03407838758100554,0.024414783252566432,1.1801691358882374e-05,2.7534551088149327e-06,,,,,,,,,,,,
sparse-b,21,7.306153506875875e-05,0.014635538371629724,0.0,0.011723043004317531,0.034025311106140245,0.024502622682925836,1.1600868983148694e-05,2.61882846966059e-06,,,,,,,,,,,,
sparse-b,22,7.258940014141389e-05,0.014646615044918893,0.0,0.011731809915963395,0.03397040024186747,0.024602036031674265,1.1390821228311472e-05,2.6330849055217266e-06,,,,,,,,,,,,
sparse-b,23,7.21870306156628e-05,0.014667471615041715,0.0,0.011748414698156505,0.03393790313581362,0.024718085410016324,1.1216164347707644e-05,2.681749989206222e-06,,,,,,,,,,,,
sparse-b,24,7.19465687334014e-05,0.014697723517738494,0.0,0.011772568127937475,0.03393413062851357,0.024842918425481808,1.1127984769260825e-05,2.717032189338658e-06,,,,,,,,,,,,
sparse-b,25,7.180949338465189e-05,0.014736184849765457,0.0,0.011803309778489295,0.03395058888271258,0.02498033476868789,1.1069819974980632e-05,2.7459276863768218e-06,,,,,,,,,,,,
sparse-b,26,7.170126090187481e-05,0.014780351919546283,0.0,0.011838621787817402,0.033978342671141096,0.025129434437097045,1.0945396157816164e-05,2.6851737891822407e-06,,,,,,,,,,,,
sparse-b,27,7.161414170540896e-05,0.014826547167767318,0.0,0.011875560562554937,0.03400811521531611,0.025284683858813543,1.0791085853372274e-05,2.5985110862459563e-06,,,,,,,,,,,,
sparse-b,28,7.154993840902533e-05,0.014871933782253812,0.0,0.011911857013484855,0.034034259596227245,0.02544026461385427,1.065171014875566e-05,2.5592087849814195e-06,,,,,,,,,,,,
sparse-b,29,7.14983122843064e-05,0.014918415214645325,0.0,0.01194903183417312,0.03406557836209496,0.02559497546336634,1.0540109643636835e-05,2.566923476358487e-06,,,,,,,,,,,,
sparse-b,30,7.143842817986926e-05,0.014962923154472143,0.0,0.01198462620921369,0.034093178268273766,0.02574550882751681,1.041780054597034e-05,2.587721552033992e-06,,,,,,,,,,,,
sparse-b,31,7.135057439659836e-05,0.015004327430812349,0.0,0.012017732059529199,0.03410974036180873,0.025894781043481266,1.0291437432431066e-05,2.4968805269653847e-06,,,,,,,,,,,,
sparse-b,32,7.117583201421112e-05,0.015034821036588812,0.0,0.012042091995673892,0.034095082583180704,0.026031630425018912,1.0126239156690599e-05,2.444898998932458e-06,,,,,,,,,,,,
sparse-b,33,7.083064735164876e-05,0.015055063202196786,0.0,0.012058216691227757,0.03405712482334095,0.026150785292515216,9.95315284085974e-06,2.389540090119948e-06,,,,,,,,,,,,
sparse-b,34,7.030873675739198e-05,0.015068749414437062,0.0,0.012069061278901127,0.03400307413976703,0.02625974914816804,9.845518476535336e-06,2.328851336642841e-06,,,,,,,,,,,,
sparse-b,35,6.960924190971564e-05,0.015063853458466963,0.0,0.012065004615155512,0.033924240532339285,0.02631919818990674,9.707242376407226e-06,2.267869245420285e-06,,,,,,,,,,,,
sparse-b,36,6.876334106537485e-05,0.015037228913820902,0.0,0.012043535799269797,0.03382619623667747,0.026311035260715876,9.466823870459097e-06,2.217334019801875e-06,,,,,,,,,,,,
sparse-b,37,6.788787217666862e-05,0.014991678101050938,0.0,0.012006920055276083,0.03369978793907142,0.02625544497378323,9.244862633064754e-06,2.2346287160341335e-06,,,,,,,,,,,,
sparse-b,38,6.707018401077582e-05,0.014937068021779798,0.0,0.011963068454225992,0.033559244935858774,0.026177676725835212,9.085364482779435e-06,2.265060942424449e-06,,,,,,,,,,,,
sparse-b,39,6.650958355841456e-05,0.014891349104658573,0.0,0.011926381200438542,0.03345119503368962,0.026102988383997862,8.956876629754876e-06,2.2561243170616287e-06,,,,,,,,,,,,
sparse-b,40,6.610182430357891e-05,0.014861199248220127,0.0,0.011902179763436816,0.03338571696680808,0.026048037784710574,8.817301180301802e-06,2.2249401815466133e-06,,,,,,,,,,,,
sparse-b,41,6.579700444638972e-05,0.014850095749016223,0.0,0.011893236000102256,0.033362407634185444,0.026027170651416392,8.636079619973456e-06,2.168630843082579e-06,,,,,,,,,,,,
sparse-b,42,6.554196461885815e-05,0.014854810184210906,0.0,0.011896956540292497,0.033373574051720034,0.02603515442740328,8.423784296251874e-06,2.0884734240558133e-06,,,,,,,,,,,,
sparse-b,43,6.536665065632646e-05,0.014865790539531264,0.0,0.011905705761756275,0.033402006994441354,0.02605076806733496,8.288931979472087e-06,2.0981643692659886e-06,,,,,,,,,,,,
sparse-b,44,6.526690159725156e-05,0.014868446388618539,0.0,0.01190781049121428,0.03341603221642808,0.026047336404148524,8.296652236083844e-06,2.1202816614664794e-06,,,,,,,,,,,,
sparse-b,45,6.513157218033157e-05,0.01486650891571252,0.0,0.011906233447006084,0.03342524741668201,0.026030344027875005,8.268202334552432e-06,2.176015958517128e-06,,,,,,,,,,,,
sparse-b,46,6.49528660324225e-05,0.01485757892224646,0.0,0.011899053711003652,0.03341574101983618,0.026004093226788337,8.299828915464995e-06,2.1816134458547515e-06,,,,,,,,,,,,
sparse-b,47,6.472085780980513e-05,0.01484470634571954,0.0,0.011888709248137593,0.03338998579458419,0.025978374631135028,8.296261566063625e-06,2.1686955928773336e-06,,,,,,,,,,,,
sparse-b,48,6.44229739427999e-05,0.014828367474030527,0.0,0.01187557857401298,0.03335291082910733,0.025950149308352186,8.269239894960449e-06,2.1405187676203806e-06,,,,,,,,,,,,
sparse-b,49,6.412005352619849e-05,0.014803789869935793,0.0,0.011855855906653874,0.03329317175688741,0.025911727966365605,8.184201056370249e-06,2.075555433787662e-06,,,,,,,,,,,,
sparse-b,50,6.381642168618089e-05,0.014761021070310019,0.0,0.011821580140585252,0.03318890263357993,0.02584501551798026,8.1367311792446e-06,2.029398500640557e-06,,,,,,,,,,,,
sparse-b,51,6.348500075788663e-05,0.014722828232628216,0.0,0.011790959586254151,0.03308916367347749,0.02579227790425834,7.947575033722973e-06,1.923777743312694e-06,,,,,,,,,,,,
sparse-b,52,6.325852482081732e-05,0.014693003654954554,0.0,0.011767054628927806,0.03300762644651369,0.0257548441529138,7.706381117623343e-06,1.8376392730997077e-06,,,,,,,,,,,,
sparse-b,53,6.313133147958872e-05,0.014666912956535983,0.0,0.011746156631524705,0.03293701702752747,0.025721351934059226,7.4867765896714105e-06,1.7960879675602942e-06,,,,,,,,,,,,
sparse-b,54,6.296254647715901e-05,0.014639173054878156,0.0,0.011723930953197957,0.032865072199249,0.025682547658074713,7.311583953301288e-06,1.7607782356139941e-06,,,,,,,,,,,,
sparse-b,55,6.27749319939556e-05,0.014612494869184757,0.0,0.011702550881746597,0.032800659975802664,0.025640377260050376,7.206241261337559e-06,1.7359996246464914e-06,,,,,,,,,,,,
sparse-b,56,6.255707008935383e-05,0.014589655462793939,0.0,0.011684235784253021,0.032746686517742325,0.025603123420309803,7.114059089885674e-06,1.6978540337429426e-06,,,,,,,,,,,,
sparse-b,57,6.2375815388053e-05,0.014573220838998766,0.0,0.011671051834276623,0.032709675784277595,0.0255744896033768,7.063422980990667e-06,1.6545453596759502e-06,,,,,,,,,,,,
sparse-b,58,6.221062440979533e-05,0.014562244998810656,0.0,0.011662238123930484,0.03268443975542779,0.02555590231456102,6.9698081183275686e-06,1.6681171354860876e-06,,,,,,,,,,,,
sparse-b,59,6.20811545114987e-05,0.014556685455638846,0.0,0.011657764595413378,0.032668524838283766,0.025549652099311152,6.89288965519021e-06,1.6719953052751979e-06,,,,,,,,,,,,
sparse-b,60,6.201018450291152e-05,0.01455258984110026,0.0,0.011654473909780791,0.03265574526312428,0.025546100296667706,6.893310218228103e-06,1.6204943908283868e-06,,,,,,,,,,,,
sparse-b,61,6.199442156379042e-05,0.014549552975789776,0.0,0.011652041264944579,0.03264465654359535,0.02554512150220897,6.87141930937698e-06,1.5624380454087841e-06,,,,,,,,,,,,
sparse-b,62,6.196206088262778e-05,0.014546238807298904,0.0,0.011649383458015649,0.03263079096935778,0.025545851627642033,6.786847828823573e-06,1.525784366985422e-06,,,,,,,,,,,,
sparse-b,63,6.18899465047666e-05,0.0145418806788889,0.0,0.011645882532412073,0.03261139013131172,0.02554794657530531,6.696400457526719e-06,1.489608481036074e-06,,,,,,,,,,,,
sparse-b,64,6.177065524720944e-05,0.014534958318105964,0.0,0.011640320785534213,0.03258197683083304,0.025549822391026503,6.573138045416075e-06,1.4609125188943617e-06,,,,,,,,,,,,
sparse-b,65,6.161386204146701e-05,0.01452214224450212,0.0,0.01163003656800999,0.03253455438116885,0.025546099570459502,6.456032910765341e-06,1.4589934693636398e-06,,,,,,,,,,,,
sparse-b,66,6.134132278855937e-05,0.014500444382329987,0.0,0.011612623770421701,0.032462167655326744,0.025531843691994967,6.329216379824757e-06,1.43696561840893e-06,,,,,,,,,,,,
sparse-b,67,6.123876197777227e-05,0.014474105539519696,0.0,0.011591532184011311,0.032390694667739826,0.025498027177555085,6.243407527822715e-06,1.4569052560527466e-06,,,,,,,,,,,,
sparse-b,68,6.118926956484836e-05,0.014446096174861006,0.0,0.011569114793801774,0.03231630288925215,0.025460423969620335,6.190295160249935e-06,1.4675454112885454e-06,,,,,,,,,,,,
sparse-b,69,6.122931936566758e-05,0.014421709968586579,0.0,0.011549613838742397,0.032252128186431736,0.025427067425207724,6.160146442966157e-06,1.4841162638848044e-06,,,,,,,,,,,,
sparse-b,70,6.136804781700838e-05,0.014401954120326172,0.0,0.01153383690582434,0.03219894571494962,0.025401213226914778,6.158842385549919e-06,1.4986970547429979e-06,,,,,,,,,,,,
sparse-b,71,6.162165375267396e-05,0.01438754474330748,0.0,0.011522360125396518,0.03215886769057016,0.02538366070164467,6.166414015270743e-06,1.4841669998293704e-06,,,,,,,,,,,,
sparse-b,72,6.197935456962576e-05,0.014377519017409213,0.0,0.011514411084841296,0.03213122338342749,0.025371263065726457,6.120979206618432e-06,1.4686412762874224e-06,,,,,,,,,,,,
sparse-b,73,6.24209277246172e-05,0.014375617713411665,0.0,0.011512978356274255,0.03212341991083371,0.025371521437310297,6.075137367659951e-06,1.4543681349930644e-06,,,,,,,,,,,,
sparse-b,74,6.290279851311555e-05,0.014380515448078716,0.0,0.011516992918165596,0.03213205146376718,0.02538255690822904,6.007390727482296e-06,1.4460295911647027e-06,,,,,,,,,,,,
sparse-b,75,6.335328568373783e-05,0.01438568819349515,0.0,0.011521221211932869,0.03213455512203543,0.025400800127907564,5.943697683403849e-06,1.4538263541979879e-06,,,,,,,,,,,,
sparse-b,76,6.378156532655376e-05,0.01439255658995847,0.0,0.011526801585032085,0.032140604189798506,0.02542231354626551,5.843062182943121e-06,1.4655615869143312e-06,,,,,,,,,,,,
sparse-b,77,6.420454905414398e-05,0.014398005663218643,0.0,0.01153124544038574,0.03214414961796753,0.02544058563224297,5.83864937782895e-06,1.4487532862375273e-06,,,,,,,,,,,,
sparse-b,78,6.450340031782942e-05,0.014402041560148847,0.0,0.011534533928182643,0.032145087464019784,0.02545582450508896,5.8398131831712985e-06,1.4144583034671865e-06,,,,,,,,,,,,
sparse-b,79,6.465531403934415e-05,0.01440286940820304,0.0,0.011535226589370302,0.032141694529909726,0.025462517211092602,5.878605695499969e-06,1.3872861143250953e-06,,,,,,,,,,,,
sparse-b,80,6.462331993731524e-05,0.014400255570524406,0.0,0.011533129120406988,0.03212852504467653,0.02546539676305625,5.7335895840761796e-06,1.3668847807653737e-06,,,,,,,,,,,,
sparse-b,81,6.444871414022623e-05,0.014393394384418294,0.0,0.011527605250362682,0.032104392800213745,0.025462221860606076,5.6030907239385744e-06,1.359786129425369e-06,,,,,,,,,,,,
sparse-b,82,6.410533136343235e-05,0.01437594254906047,0.0,0.011513575105521062,0.03205209982003168,0.025444821632596745,5.537927322073223e-06,1.3108162913806961e-06,,,,,,,,,,,,
sparse-b,83,6.35970500015914e-05,0.014348702967585255,0.0,0.01149168178406852,0.03197152570069927,0.02541666453930193,5.362336350644396e-06,1.2592939891683182e-06,,,,,,,,,,,,
sparse-b,84,6.303313392234385e-05,0.01432302467772191,0.0,0.011471026368961997,0.03189699488654015,0.02538867144379635,5.243500168941127e-06,1.1888803821950746e-06,,,,,,,,,,,,
sparse-b,85,6.244998504051492e-05,0.014299587491347573,0.0,0.01145215999008616,0.031834211581520604,0.025357870298065858,5.085699334516278e-06,1.1823864693082e-06,,,,,,,,,,,,
sparse-b,86,6.188488202993397e-05,0.014283290285715287,0.0,0.011439009204978217,0.031788092883284345,0.02533895353956608,4.957760087362497e-06,1.1569599233623786e-06,,,,,,,,,,,,
sparse-b,87,6.144832431584978e-05,0.014272099394591894,0.0,0.011429969180536686,0.03175782082325299,0.025324572022592886,4.885422727705641e-06,1.1193097939936472e-06,,,,,,,,,,,,
sparse-b,88,6.115211243076034e-05,0.014264041804818592,0.0,0.011423463866341025,0.03173707901878774,0.025313177909510973,4.796631127198902e-06,1.113659848460967e-06,,,,,,,,,,,,
sparse-b,89,6.092643328215808e-05,0.014261866313485848,0.0,0.01142167833744511,0.03173070101541898,0.025310933645641964,4.725841608348969e-06,1.1047512741008853e-06,,,,,,,,,,,,
sparse-b,90,6.074124426523356e-05,0.014264637147429317,0.0,0.011423857966796501,0.0317342986126179,0.025318500462086967,4.66287559897894e-06,1.0866394134229083e-06,,,,,,,,,,,,
sparse-b,91,6.057579220777224e-05,0.014271591862847042,0.0,0.011429388648719188,0.03174849353731453,0.025332199156129317,4.6155756804799765e-06,1.0591822638385839e-06,,,,,,,,,,,,
sparse-b,92,6.041583803397114e-05,0.014285426440069448,0.0,0.011440424319662353,0.03178197934234631,0.025354006982066822,4.627887604246514e-06,1.0915482604082061e-06,,,,,,,,,,,,
sparse-b,93,6.0197259958142916e-05,0.014297204547104547,0.0,0.011449803089675265,0.031810800100486036,0.025372224024907807,4.6466274018122295e-06,1.1474356225260713e-06,,,,,,,,,,,,
sparse-b,94,5.976848336120719e-05,0.014299787791288111,0.0,0.011451783929702728,0.03181249696518319,0.02538089618081486,4.582951057292859e-06,1.1750680970996064e-06,,,,,,,,,,,,
sparse-b,95,5.905563618352006e-05,0.01429315646822959,0.0,0.011446336301820376,0.03178072699089932,0.025386358407195518,4.4368830338183384e-06,1.1035917897010914e-06,,,,,,,,,,,,
sparse-b,96,5.83266504747309e-05,0.014277550766320481,0.0,0.011433705943151334,0.031724845590979364,0.025380116034232198,4.237964190305722e-06,1.0034758800579031e-06,,,,,,,,,,,,
sparse-b,97,5.772493992411647e-05,0.014258322563902612,0.0,0.011418203039106914,0.031664928059755446,0.02536334824370755,4.06290462837085e-06,9.510475190874936e-07,,,,,,,,,,,,
sparse-b,98,5.725975492916474e-05,0.01424172042527503,0.0,0.011404828291205857,0.031610654548805996,0.025351364042485402,3.918658884595219e-06,9.444509241278228e-07,,,,,,,,,,,,
sparse-b,99,5.701572887744183e-05,0.014239774224095844,0.0,0.011403222525052163,0.03159259266821099,0.025361863184689703,3.7893331755807546e-06,8.517103071037039e-07,,,,,,,,,,,,
sparse-b,100,5.6990428052348126e-05,0.014251277326436284,0.0,0.011412419946759497,0.031609936626775186,0.02539064126874287,3.745446875305986e-06,7.859633517720593e-07,,,,,,,,,,,,
sparse-b,101,5.721370911187703e-05,0.01426649651822839,0.0,0.011424639956405089,0.03163954329444397,0.025421911134608257,3.7455462437676534e-06,7.860976175752403e-07,,,,,,,,,,,,
sparse-b,102,5.764012063160114e-05,0.014223660366095457,0.0,0.011390456317002685,0.031551408827302375,0.025338472743201525,3.92937065767464e-06,8.305232202550288e-07,,,,,,,,,,,,
sparse-b,103,5.7291988759854135e-05,0.014115075426842193,0.0,0.011303518739225724,0.03134271451935712,0.025112275049923867,4.306936175424167e-06,1.0052019123618517e-06,,,,,,,,,,,,
sparse-b,104,5.532641864733043e-05,0.013862409949033556,0.0,0.011100993242956311,0.030777971990273892,0.024666072308411585,4.38545264512946e-06,1.2100448036119462e-06,,,,,,,,,,,,
sparse-b,105,5.046820765120543e-05,0.01336899638144461,0.0,0.010705290746685928,0.029653712934264508,0.02381486565214397,5.070226539728523e-06,2.3367128302293847e-06,,,,,,,,,,,,
sparse-b,106,4.18006927858201e-05,0.012440338543765177,0.0,0.009960630973569305,0.027621523752230055,0.022127776897489963,7.124317526627289e-06,4.929207814062412e-06,,,,,,,,,,,,
sparse-b,107,2.7872488458470083e-05,0.010761134298807457,0.0,0.008614481936737658,0.02393646749381701,0.019104914057172885,2.503998550086733e-06,6.51645689849144e-07,,,,,,,,,,,,
sparse-b,108,1.1531001807361878e-05,0.008133558881594602,0.0,0.006509153305637154,0.01806949325861034,0.014463023280058081,1.3374134109758496e-06,3.815742990107339e-07,,,,,,,,,,,,
sparse-b,109,1.23069012991145e-05,0.0043902200173165885,0.0,0.003514637394113094,0.009496921044648483,0.008021663247424756,1.886849120536567e-05,2.3427285987750593e-05,,,,,,,,,,,,
sparse-b,110,2.064411717209528e-05,0.0007356889567116522,0.0,0.000592679988803741,0.0017152321551055759,0.0011676119869343017,2.6152869316209343e-05,3.375881549052176e-05,,,,,,,,,,,,
sparse-b,111,2.5156359098835697e-05,0.005761154800007717,0.0,0.004613955111825942,0.013030737121379143,0.009956010108287965,2.4717716214090772e-05,3.315425414967107e-05,,,,,,,,,,,,
sparse-b,112,7.156107635734418e-05,0.011556795647625889,0.0,0.009259748733372179,0.025688276481051486,0.02049726970935181,1.7709460712773947e-05,2.3926939387483983e-05,,,,,,,,,,,,
sparse-b,113,0.0001653200375125571,0.017633109233692323,0.0,0.01413955139445637,0.038577500093351785,0.03193360771997564,1.2068922601197012e-05,9.260198840674374e-06,,,,,,,,,,,,
sparse-b,114,0.00028276502891056235,0.022617327488868293,0.0,0.018150414996876744,0.048763949214467604,0.04168458049802643,1.538351852760949e-05,5.396724451533397e-06,,,,,,,,,,,,
sparse-b,115,0.00033844495123293766,0.02333162481695206,0.0,0.018732988843808238,0.05014230001276446,0.04298355523582762,7.712561559533212e-05,0.00012351840362083373,,,,,,,,,,,,
sparse-b,116,0.00027203740231281364,0.016710198459074413,0.0,0.013422566247722095,0.03442511440705694,0.03174976846209922,0.000275311490696827,0.0003905994764446697,,,,,,,,,,,,
sparse-b,117,0.00022105688611899024,0.009331883799787305,0.0,0.007509718417053643,0.01774393782986032,0.018923680988839276,0.0002628884833802174,0.00039702789706940584,,,,,,,,,,,,
sparse-b,118,0.00015070892223147106,0.0050673896242334395,0.0,0.0040840534838330455,0.009337463434915361,0.010537104795037536,0.00015159353125243313,0.0002433967357284249,,,,,,,,,,,,
sparse-b,119,0.00012042478981667934,0.0035512291441133696,0.0,0.0028650682732540315,0.006760922162546363,0.007201577787561356,9.071482141091555e-05,0.00015170180493484514,,,,,,,,,,,,
sparse-b,120,0.00013911018572788727,0.0036745759510426962,0.0,0.0029674827979797344,0.007231442901492788,0.0072469997265606125,8.308991913040704e-05,0.00013677125698697702,,,,,,,,,,,,
sparse-b,121,0.00020134786994432613,0.004822981987896945,0.0,0.0038986551643064213,0.009578358504284557,0.009464402302963106,9.703493036971639e-05,0.00015213221397040102,,,,,,,,,,,,
sparse-b,122,0.00029425020063329657,0.00642273626236477,0.0,0.005197039050018475,0.0126454265598131,0.012761225387290978,0.00011046950279698025,0.00017382359955802254,,,,,,,,,,,,
sparse-b,123,0.0004004608934593662,0.007870345969156558,0.0,0.00637636895401712,0.015328875681880969,0.015937545622971717,7.93955598369243e-05,0.00013556701193662078,,,,,,,,,,,,
sparse-b,124,0.0004687362617783814,0.008443461980909239,0.0,0.0068485168370830685,0.016433951539197467,0.017273607300349814,1.4661088397009656e-05,5.162799569266322e-05,,,,,,,,,,,,
sparse-b,125,0.00046391802643449285,0.007858220914937701,0.0,0.00637936033723706,0.015126481083363308,0.016185544233700645,4.682559598538173e-05,7.403274670147199e-05,,,,,,,,,,,,
sparse-b,126,0.0004124952908956181,0.006330439688830543,0.0,0.005146850809243558,0.012019096954062567,0.013091744903860543,6.723389638723957e-05,0.00014368300101182536,,,,,,,,,,,,
sparse-b,127,0.00035503327234791705,0.004686875348101506,0.0,0.0038205069329507882,0.0087867305742301,0.009670489870020973,7.248088870946486e-05,0.00021780005944548622,,,,,,,,,,,,
sparse-b,128,0.00026779385331246236,0.003267021271632059,0.0,0.00266717578796814,0.006045439492321653,0.006743848682391272,5.9350092425207135e-05,0.00021944681939010493,,,,,,,,,,,,
sparse-b,129,0.0001823853988782249,0.002120599130613809,0.0,0.0017329563842666922,0.003839530464546818,0.004439065971182729,4.567808361107716e-05,0.0001581220031146126,,,,,,,,,,,,
sparse-b,130,0.00012154059924346696,0.0014013059065647153,0.0,0.0011453528451004656,0.0024485458695497732,0.0030209195057701757,5.27694234632446e-05,8.298882747566809e-05,,,,,,,,,,,,
sparse-b,131,8.987969087519071e-05,0.001042251223415349,0.0,0.0008517769169073174,0.0016669234128566812,0.0023398908889485266,0.00010499168480622152,5.7198907049966966e-05,,,,,,,,,,,,
sparse-b,132,2.7867010585990837e-05,0.00043271126769809786,0.0,0.00035174241627567647,0.0007639231526560725,0.0009613721237626773,2.984314162503657e-06,2.5654802111379547e-06,,,,,,,,,,,,
sparse-b,133,2.089587084346676e-05,0.00032559919117964106,0.0,0.0002646585271124062,0.0005595411696678135,0.0007381697561321675,2.5571757173600718e-06,2.12866320122326e-06,,,,,,,,,,,,
sparse-b,134,1.887974827014204e-05,0.00029704748315412656,0.0,0.00024141393617732967,0.0005028340955400383,0.0006795155482040417,2.927304432569182e-06,2.9129844398570918e-06,,,,,,,,,,,,
sparse-b,135,2.0782585625601888e-05,0.00033045523071164386,0.0,0.0002685207016944355,0.0005705301000655702,0.0007446857877142297,2.6477420051680635e-06,3.95729306160755e-06,,,,,,,,,,,,
sparse-b,136,0.00010682747381265236,0.00146171803080865,0.0,0.0011907399194094506,0.002766948908018806,0.0023515037779219313,0.00030026343193767676,0.00042815600535618545,,,,,,,,,,,,
sparse-b,137,0.00012972961869773603,0.0020460925278428105,0.0,0.0016628199460137956,0.004178870413468044,0.0032455992107361027,0.0003913576350088992,0.00036854285215819527,,,,,,,,,,,,
sparse-b,138,4.702036079775548e-05,0.0007892940471640315,0.0,0.0006408393098907763,0.0014352847582206913,0.0016944112362114552,1.016871588386873e-05,1.7311478340110852e-05,,,,,,,,,,,,
sparse-b,139,2.4374898828283528e-05,0.0004210757083962501,0.0,0.00034173554648265684,0.0007814539213780881,0.0008864715910072665,6.696479265847539e-06,9.68084193379839e-06,,,,,,,,,,,,
sparse-b,140,8.105544785656743e-06,0.0001520787466672207,0.0,0.0001232841062909079,0.0003093808938696228,0.0002888666549010333,4.695764017399183e-06,5.3716738808275434e-06,,,,,,,,,,,,
sparse-b,141,2.5949953434562287e-07,4.900410765939575e-06,0.0,3.972228519620785e-06,1.0788050332645462e-05,8.585380117255087e-06,1.2982740697617244e-07,9.838520688157725e-08,,,,,,,,,,,,
sparse-b,142,1.521370447190018e-06,2.63860762139852e-05,0.0,2.1413135060626165e-05,4.7008065525534205e-05,5.800149871954133e-05,1.5825706776986628e-07,3.7648354309539823e-07,,,,,,,,,,,,
sparse-b,143,4.6075333945578153e-07,8.207035546603624e-06,0.0,6.657779105174056e-06,1.5088746312740449e-05,1.7528458259629207e-05,6.704741964084472e-08,1.4389019440400053e-07,,,,,,,,,,,,
sparse-b,144,5.455459688077081e-07,9.864665215368857e-06,0.0,8.000841366056627e-06,1.8265121090558308e-05,2.0914561848729535e-05,9.049888224783803e-08,1.8847903993974826e-07,,,,,,,,,,,,
sparse-b,145,5.588416248508437e-07,1.0275909949632216e-05,0.0,8.332496284675942e-06,1.912519049263762e-05,2.1665408530367602e-05,1.0424586407849764e-07,2.0879491144514052e-07,,,,,,,,,,,,
sparse-b,146,4.7351848001399776e-07,8.85503958854368e-06,0.0,7.1787353668377445e-06,1.6492622703465015e-05,1.8642724758126773e-05,9.880577834908306e-08,1.8600511423384975e-07,,,,,,,,,,,,
sparse-b,147,4.131067834656567e-07,7.854389757974548e-06,0.0,6.3661331630727695e-06,1.4631621126627041e-05,1.6525243645304956e-05,9.625730722200039e-08,1.644369527441959e-07,,,,,,,,,,,,
sparse-b,148,3.6252267564181095e-07,6.987920211321769e-06,0.0,5.662840704185778e-06,1.3091983904928653e-05,1.4625305527330196e-05,9.48223343116284e-08,1.3956907871660053e-07,,,,,,,,,,,,
sparse-b,149,3.345436544304608e-07,6.494584133009251e-06,0.0,5.262576037293493e-06,1.2297785037882263e-05,1.3465837452778057e-05,9.557910033087008e-08,1.1913494104581379e-07,,,,,,,,,,,,
sparse-b,150,1.7370038046495035e-06,3.3810067883164e-05,0.0,2.7395455067461098e-05,6.470612879720877e-05,6.944740581118738e-05,5.557768899321015e-07,5.309600343277606e-07,,,,,,,,,,,,
sparse-b,151,1.6793516536197827e-06,3.241131047136313e-05,0.0,2.626491870781446e-05,6.492774870064914e-05,6.368669277947733e-05,6.2925231809603e-07,4.0154808723000946e-07,,,,,,,,,,,,
sparse-b,152,0.000118752053525171,0.002887010778073734,0.0,0.002333359033164021,0.007616351800382093,0.0030577520328220484,0.0005679796212733677,0.0003059596578174262,,,,,,,,,,,,
sparse-b,153,0.0002894069886518816,0.005051649583247095,0.0,0.004099201064328052,0.011545398261759087,0.006917723213152837,0.0013834339803697098,0.0003600428777067468,,,,,,,,,,,,
sparse-b,154,0.0005328916684397535,0.006956542354983189,0.0,0.005671812217674503,0.013441287238483106,0.011600428613309661,0.002173145332884409,0.0006113082352555803,,,,,,,,,,,,
sparse-b,155,0.0006940078478307526,0.008265640875635926,0.0,0.006751314270074892,0.014342624695301646,0.015439382449974977,0.002481895992122999,0.0007986603651440836,,,,,,,,,,,,
sparse-b,156,0.0007311486336806661,0.008828979070111403,0.0,0.007209412982825257,0.01476134101476123,0.01721300380913923,0.002415686888645981,0.0009258845678991757,,,,,,,,,,,,
sparse-b,157,0.0006228231134850218,0.008243079927658877,0.0,0.006719028564824106,0.013931575851034567,0.016169335956803765,0.0019442678668719973,0.0009271400359251819,,,,,,,,,,,,
sparse-b,158,0.00047235616171517153,0.0068385924279196686,0.0,0.005565345174678769,0.011920082336909537,0.013179878079912145,0.0013532903888786919,0.0009011189059782988,,,,,,,,,,,,
sparse-b,159,0.00033718336785826535,0.004876117319324105,0.0,0.003968330529030937,0.007979686479765588,0.009823854157220396,0.0008577045980825073,0.0008432240422279262,,,,,,,,,,,,
sparse-b,160,0.0002661577811241261,0.0035094964964840257,0.0,0.002860828753412046,0.0053477470601215465,0.007440712019291334,0.0004995188693415623,0.0007500080371816598,,,,,,,,,,,,
sparse-b,161,0.00024563681315448773,0.003373786784595139,0.0,0.002748156790307009,0.005647592192676327,0.006775257747324362,0.0003981167266443185,0.0006741804717355501,,,,,,,,,,,,
sparse-b,162,1.3851589320347207e-06,2.1986792866668593e-05,0.0,1.786646607974182e-05,4.083643336709456e-05,4.7039046769179575e-05,5.225555340298596e-08,1.9435776997242092e-08,,,,,,,,,,,,
sparse-b,163,3.332664320948029e-07,6.1102205447778544e-06,0.0,4.954829722241244e-06,9.983821399721383e-06,1.4279609965841911e-05,1.0484640606931844e-07,7.260440747880741e-08,,,,,,,,,,,,
sparse-b,164,1.326063815960301e-06,2.232281228176883e-05,0.0,1.812346258860712e-05,4.870279969673587e-05,4.039371046600675e-05,1.3213241510128762e-07,6.260654923141166e-08,,,,,,,,,,,,
sparse-b,165,1.372590441825936e-06,2.3502517959023507e-05,0.0,1.9076532455583993e-05,4.552386143406574e-05,4.824433868381801e-05,1.0821753206310718e-07,1.3365418614716456e-07,,,,,,,,,,,,
sparse-b,166,1.3257844780719081e-06,2.3696882555578892e-05,0.0,1.9222662940077495e-05,4.608516960816229e-05,4.832758142167937e-05,1.624448500874668e-07,2.1233434238644565e-07,,,,,,,,,,,,
sparse-b,167,9.538770575818847e-07,1.7753376107811546e-05,0.0,1.4393476297765615e-05,3.4496523112303715e-05,3.615147493391698e-05,1.4962969030010953e-07,2.1587669472538133e-07,,,,,,,,,,,,
sparse-b,168,2.3241656170524655e-06,4.500162048349446e-05,0.0,3.646612951020606e-05,9.139897194380056e-05,8.754291369127956e-05,4.6986954250811764e-07,5.947267563896062e-07,,,,,,,,,,,,
sparse-b,169,0.0002318805338992233,0.003626824166819822,0.0,0.0029478354402357023,0.011118621970539835,0.0020647573372876396,0.00048765895229166027,0.0008362584071601545,,,,,,,,,,,,
sparse-b,170,0.000384752591205832,0.005987505701080047,0.0,0.004866955079105204,0.01670193688070727,0.004087540351694809,0.00049252286244848,0.0026680227094696266,,,,,,,,,,,,
sparse-b,171,0.0006516398822265089,0.007474776372706575,0.0,0.006110149074610561,0.01922708988860687,0.006190746829194811,0.000507293789088291,0.003973974983936326,,,,,,,,,,,,
sparse-b,172,0.0007481015519547945,0.008277671497032634,0.0,0.006771757508017067,0.019946310825835204,0.00839108781949505,0.0005460665046852753,0.004227220838115012,,,,,,,,,,,,
sparse-b,173,0.0006810833431749306,0.008291490040785832,0.0,0.0067694087012636515,0.018615536389348684,0.010398353822934709,0.0005593269609924571,0.003592742989867478,,,,,,,,,,,,
sparse-b,174,0.0005266303359394628,0.007659312823960496,0.0,0.00623277632635629,0.015959601207908874,0.011469220764195608,0.0005765293371564284,0.0026318999865810747,,,,,,,,,,,,
sparse-b,175,0.0003700468870652357,0.006799300813551932,0.0,0.005513450028254592,0.013376433641065071,0.011525721054269269,0.0006155169293764467,0.0016795316294969396,,,,,,,,,,,,
sparse-b,176,0.0002581732499039278,0.006068730392142406,0.0,0.004906618963694711,0.01166665275796207,0.011024871704859393,0.0006009435877452799,0.0009824535180028807,,,,,,,,,,,,
sparse-b,177,0.0002913141446755415,0.005963820944913491,0.0,0.004829319584865901,0.01120397040330859,0.010807482133102123,0.0006387326409650528,0.0012050986022781988,,,,,,,,,,,,
sparse-b,178,1.2053396511521228e-05,0.0003108642490162339,0.0,0.0002511020785152914,0.0008830415738283546,0.00032055771297361435,1.9421119933959085e-05,2.0436589329007434e-05,,,,,,,,,,,,
sparse-b,179,6.356637596104563e-07,1.1365000111494293e-05,0.0,9.219132841117525e-06,6.203867190112561e-06,3.861962246291122e-05,2.267041128717436e-07,4.098066800816519e-07,,,,,,,,,,,,
sparse-b,180,1.1964369786639747e-06,2.1700594213681476e-05,0.0,1.7599762766677974e-05,2.3293520816387947e-05,6.257131214844279e-05,2.3664157316866233e-07,7.009023167265049e-07,,,,,,,,,,,,
sparse-b,181,1.4558977339638916e-06,2.7130872917955065e-05,0.0,2.199587788115683e-05,3.5601549447434945e-05,7.186452866455731e-05,2.696479924060877e-07,7.877655674219125e-07,,,,,,,,,,,,
sparse-b,182,1.7850295951322684e-06,3.4481552791263065e-05,0.0,2.7942248152036908e-05,5.165721765048349e-05,8.497286162902639e-05,2.913889348427907e-07,1.0047429506995906e-06,,,,,,,,,,,,
sparse-b,183,2.568683668561603e-05,0.0004439802910832538,0.0,0.0003603216002037263,0.0006040176106017634,0.0011059751134592935,2.6991946390060187e-05,3.8936493881898256e-05,,,,,,,,,,,,
sparse-b,184,2.05597591512625e-05,0.0003584044198977896,0.0,0.0002908354877484842,0.0004603418283424241,0.0009108822333617453,2.446369914311494e-05,3.792991874387405e-05,,,,,,,,,,,,
sparse-b,185,9.30105947196116e-06,0.00019096561830089632,0.0,0.0001546327065351093,0.000269647074714636,0.00045392296560406296,1.7415385611047466e-05,2.287704727383897e-05,,,,,,,,,,,,
sparse-b,186,2.7485044013350505e-06,8.181258607123134e-05,0.0,6.599976973725208e-05,0.000262894269499104,4.7709418326620435e-05,9.354941738078824e-06,7.2917147211221146e-06,,,,,,,,,,,,
sparse-b,187,0.00029697446626891083,0.005111666381250725,0.0,0.0041487279982543625,0.010470373537022173,0.007236716617570997,0.0020633416316094095,0.0006762337388003204,,,,,,,,,,,,
sparse-b,188,0.0006677747635946758,0.009601557756102698,0.0,0.007814801157601093,0.0166598298486381,0.017194818751439314,0.0036389048510846226,0.0009126775732487543,,,,,,,,,,,,
sparse-b,189,0.0009530294342178612,0.013693967304082316,0.0,0.011145779730109424,0.02231217289424754,0.027230305992220035,0.0041086568683851524,0.0011247334614765399,,,,,,,,,,,,
sparse-b,190,0.0010672804259725208,0.017189347609919612,0.0,0.013964934173130194,0.02811131462949168,0.035773881834752316,0.003633175270531439,0.0012390187049030191,,,,,,,,,,,,
sparse-b,191,0.0010335103620620941,0.019076690165889455,0.0,0.015468054205123986,0.031828418581360395,0.040656162697539015,0.0026145716629715774,0.0012076077216868313,,,,,,,,,,,,
sparse-b,192,0.0009232480003106225,0.019022437227544084,0.0,0.015402599382097393,0.03229830678691308,0.04110008250127426,0.0015976067897343815,0.0010937528322546226,,,,,,,,,,,,
sparse-b,193,0.0007706685068863222,0.016924790485805166,0.0,0.013693966090021398,0.028672856356215748,0.037205052617880416,0.0009410926823527347,0.0008801602867717701,,,,,,,,,,,,
sparse-b,194,0.0005833457381920471,0.013455161980159742,0.0,0.010880798731766204,0.021763178545982847,0.030723733174729956,0.0007127907337258446,0.0006209454662003167,,,,,,,,,,,,
sparse-b,195,0.0004043827228382242,0.009622273649377396,0.0,0.007778695464069563,0.013694889710763674,0.02352882332855981,0.0008248149075796569,0.0004405666506064447,,,,,,,,,,,,
sparse-b,196,0.00026851125675946653,0.0065713388259436,0.0,0.005310773312106774,0.007642575542145786,0.017155372868297727,0.0010561949351184546,0.00043121195821243396,,,,,,,,,,,,
sparse-b,197,0.00015988420847122187,0.004848304081330045,0.0,0.00391062010675828,0.006897419624883487,0.010905347087916791,0.001097685824211602,0.0004927637883082981,,,,,,,,,,,,
sparse-b,198,5.717036556907022e-05,0.0009490660297589409,0.0,0.0007706868969209668,0.001958454160240234,0.0017967007245323447,1.5547895742063587e-05,2.5561338521121116e-05,,,,,,,,,,,,
sparse-b,199,2.5994779685943083e-05,0.0004294749761409068,0.0,0.00034877893684991405,0.0008763846205537956,0.0008198880865811338,7.268679763579825e-06,1.4358517665117861e-05,,,,,,,,,,,,
sparse-b,200,1.6330446460297634e-05,0.0002769171474184771,0.0,0.00022479980722684122,0.00055803315164075,0.0005268491364755953,7.617116985967411e-06,1.516918457159575e-05,,,,,,,,,,,,
sparse-b,201,9.904258133763883e-06,0.00017333674288306117,0.0,0.00014065024593320173,0.00034034460577076116,0.0003366330864688511,6.030235104125327e-06,1.03390441885071e-05,,,,,,,,,,,,
sparse-b,202,6.17373134432062e-07,1.0067108365194207e-05,0.0,8.17716131904178e-06,1.8652330412847074e-05,2.138618706783733e-05,7.23644763225942e-08,1.5755150376983802e-07,,,,,,,,,,,,
sparse-b,203,5.358623186721652e-07,9.621744946552234e-06,0.0,7.80456842097622e-06,1.983124659753366e-05,1.843290803353259e-05,1.0640283907723225e-07,1.1642231606545896e-07,,,,,,,,,,,,
sparse-b,204,2.425073700960026e-07,4.640956289600312e-06,0.0,3.761266505699451e-06,9.176800862282283e-06,9.328414140497736e-06,1.8511365105052073e-08,4.0098790516180674e-08,,,,,,,,,,,,
sparse-b,205,3.275911801527154e-06,7.680222301174946e-05,0.0,6.2096960769705e-05,9.946989991594206e-05,0.0001974821857579256,6.21083095135152e-06,4.045975421778585e-06,,,,,,,,,,,,
sparse-b,206,0.00042547769659888524,0.0033441746507729634,0.0,0.0027604352599381477,0.0030418275711576103,0.0077061964099744305,0.0003795666603341024,0.00224910796162571,,,,,,,,,,,,
sparse-b,207,0.0007229479869333598,0.004963459152832305,0.0,0.004115356919652516,0.004095997762701401,0.011837860565589354,0.0004885195351817847,0.0034314587478566803,,,,,,,,,,,,
sparse-b,208,0.0008173378465312656,0.005543665786645484,0.0,0.00459840019862264,0.003954185250287434,0.013898458926096313,0.0005362306479778984,0.003785788322220288,,,,,,,,,,,,
sparse-b,209,0.0007626865062664581,0.0057356528671357885,0.0,0.004741059594961922,0.003308562404716324,0.015363086167568565,0.0005624496358472154,0.00370851326041105,,,,,,,,,,,,
sparse-b,210,0.0005897062556580601,0.005481292080352058,0.0,0.004502974915413258,0.0026429272247321355,0.015581480274578537,0.0005534646822684225,0.0031472961398291343,,,,,,,,,,,,
sparse-b,211,0.00033315451068059514,0.005231335357058177,0.0,0.00425169918778266,0.002735601805740974,0.015421306099439541,0.0005247477408785754,0.0022436857821736154,,,,,,,,,,,,
sparse-b,212,0.00020636362182791781,0.004770872547911408,0.0,0.0038579707626947104,0.0029138983333660533,0.014351761783855128,0.0005064454347442196,0.001311384639680231,,,,,,,,,,,,
sparse-b,213,0.0003146556308929461,0.004193719354793036,0.0,0.0034179066100130176,0.002425475902756465,0.013071244235222844,0.0005424311651527359,0.0007357261160401002,,,,,,,,,,,,
sparse-b,214,3.7852349770009363e-06,0.00011838117546830486,0.0,9.546198737004407e-05,0.00018467156540513219,0.00026523988249482517,6.986240314059995e-06,1.662701365920209e-05,,,,,,,,,,,,
sparse-b,215,2.3376768045399755e-07,4.519121608853837e-06,0.0,3.662050823173869e-06,5.873776626783502e-06,1.1837055393870582e-05,1.2351767223466752e-07,2.4213674252659547e-07,,,,,,,,,,,,
sparse-b,216,1.917603511409052e-07,4.106686461859424e-06,0.0,3.32370123971572e-06,6.445649931000531e-06,9.484542745859819e-06,2.2410580701014195e-07,2.7244736356720555e-07,,,,,,,,,,,,
sparse-b,217,1.3451733997700443e-07,1.5088995383109844e-06,0.0,1.2340230986441886e-06,2.237350890429947e-06,3.3399780305271915e-06,2.7084658140409756e-07,1.8742265088270124e-07,,,,,,,,,,,,
sparse-b,218,6.489448529588022e-07,1.135860237185186e-05,0.0,9.21667086807325e-06,1.4330597170584978e-05,3.0644016462933176e-05,2.6629208572652094e-07,1.9350376816277015e-07,,,,,,,,,,,,
sparse-b,219,1.163919047580151e-06,2.124188508612267e-05,0.0,1.722629187841417e-05,2.5572996433225978e-05,5.856929213767348e-05,3.4021321769219016e-07,4.850385558990446e-07,,,,,,,,,,,,
sparse-b,220,1.717787317157187e-05,0.00027603048675560514,0.0,0.00022425996403879848,0.00026458131013997317,0.0007798344400969328,3.822881833308058e-05,2.1477378452434143e-05,,,,,,,,,,,,
sparse-b,221,1.4918203656245664e-05,0.00024691528975151754,0.0,0.00020051587253246318,0.00023633155493211355,0.0007065180801688841,2.6289984203971206e-05,1.8521539701101468e-05,,,,,,,,,,,,
sparse-b,222,7.018863840959199e-06,0.00012523635776812755,0.0,0.00010159285898269389,0.00010198664474205661,0.0003828645895909126,7.946816572279283e-06,8.147380167261707e-06,,,,,,,,,,,,
sparse-b,223,3.5838899984169567e-06,8.646008865028996e-05,0.0,6.988484891991536e-05,0.0002024382430954094,0.0001391983029793611,1.6679605597952082e-06,2.5358479665940815e-06,,,,,,,,,,,,
sparse-b,224,1.0021907571395e-05,0.00019806949286915016,0.0,0.00016045997580959914,0.0003588573295642731,0.00042448665258805284,4.000643083754639e-06,4.933346240520055e-06,,,,,,,,,,,,
sparse-b,225,1.641232928843367e-05,0.00030163275342806725,0.0,0.00024458866860014054,0.0004895315551536511,0.0006994101136243441,8.413333954730354e-06,9.176010979543416e-06,,,,,,,,,,,,
sparse-b,226,2.1254040886420836e-05,0.0003735486834628619,0.0,0.0003030897549475736,0.0006046881826823439,0.0008587752444729007,1.5848375027622406e-05,1.4882931668580452e-05,,,,,,,,,,,,
sparse-b,227,2.2986381989441224e-05,0.00040387501940442657,0.0,0.00032769729192142947,0.0006740455102920246,0.0008963004127649932,2.4853677307406487e-05,2.0300477253281774e-05,,,,,,,,,,,,
sparse-b,228,2.314544452849421e-05,0.00040678486816328696,0.0,0.00033005698343632837,0.0006776200737816703,0.0009010929477596632,3.0493922759077872e-05,1.793252835273642e-05,,,,,,,,,,,,
sparse-b,229,0.0003156365640123641,0.005140309710211436,0.0,0.004175375080971622,0.0076317136646135994,0.010450065660090732,0.001735176564834832,0.000744282951306577,,,,,,,,,,,,
sparse-b,230,0.0004024517821599195,0.006495085740832892,0.0,0.005276558949098297,0.01013805802723404,0.01361808453362804,0.0014436014097747914,0.0007805989926946941,,,,,,,,,,,,
sparse-b,231,3.0301592665314784e-05,0.000553236060651173,0.0,0.00044864916705400135,0.0009486300787262186,0.0011679056866304594,6.822355820884957e-05,2.818491903916464e-05,,,,,,,,,,,,
sparse-b,232,1.5021822106221993e-05,0.00026955882193398136,0.0,0.00021865142196842948,0.000497234457234667,0.0005430968380643128,2.2425976003458977e-05,1.547801643348671e-05,,,,,,,,,,,,
sparse-b,233,5.963629162055551e-06,0.00013710142702564896,0.0,0.00011087386745293031,0.000282325818732646,0.00023278965240052234,1.599165306467461e-05,1.7298583904752917e-05,,,,,,,,,,,,
sparse-b,234,3.935731790204747e-06,5.391180031789151e-05,0.0,4.3916586612354155e-05,9.085685366099882e-05,0.00010328025709582326,1.0820191946670267e-05,1.0689898568073692e-05,,,,,,,,,,,,
sparse-b,235,1.5562300615050679e-06,2.6475009032104007e-05,0.0,2.1491253237984217e-05,5.086405902088008e-05,5.469511954271874e-05,1.9263337988684365e-07,1.4822418493036222e-07,,,,,,,,,,,,
sparse-b,236,1.6381385657426686e-06,2.8480784253569338e-05,0.0,2.3112255116004004e-05,5.4958833503431406e-05,5.849251999346592e-05,2.6200685415586547e-07,2.0977666322416505e-07,,,,,,,,,,,,
sparse-b,237,0.00026470627743947723,0.0023097583016833947,0.0,0.0019007478968346113,0.006523655152173244,0.0019232126793263036,0.0003773813252742475,0.0004147840499597828,,,,,,,,,,,,
sparse-b,238,0.00012623728296708972,0.0028442699707741407,0.0,0.00230066343321273,0.008024278668026198,0.0029374180556192156,0.00030497976904753565,0.0001104033904036133,,,,,,,,,,,,
sparse-b,239,8.587993797064412e-05,0.0029300146401605356,0.0,0.0023611876997225575,0.008107450258859835,0.0030270742185851546,0.00026577807358721113,0.00031975600960994254,,,,,,,,,,,,
sparse-b,240,7.576439671295725e-05,0.0028799173709753195,0.0,0.002319086776122847,0.007934998236275229,0.0027548683819488,0.00022224809912245097,0.000607554766554799,,,,,,,,,,,,
sparse-b,241,9.50956356476797e-05,0.0027320816156660996,0.0,0.0022046844196624157,0.007385447675346297,0.002534671002846666,0.00019380005889097374,0.0008144077255804638,,,,,,,,,,,,
sparse-b,242,0.00012468049403215257,0.002497087589751868,0.0,0.0020226061706079246,0.00650686341883984,0.00243306139791285,0.00017437052617578323,0.0008740550160789986,,,,,,,,,,,,
sparse-b,243,0.00013989344990111396,0.0023754227686504583,0.0,0.0019283169049005896,0.006011390058239847,0.002577810436710611,0.0001574739028436497,0.0007550166768077254,,,,,,,,,,,,
sparse-b,244,0.00011398555285242676,0.002297759326682861,0.0,0.0018610045719167738,0.0053813210677792316,0.0032217822825350356,0.0001027769653519159,0.0004851569910652606,,,,,,,,,,,,
sparse-b,245,8.270217339537264e-05,0.002277239407453024,0.0,0.0018383319606414938,0.0049093529473239325,0.003911533710968119,5.963278953083805e-05,0.00022843818198920593,,,,,,,,,,,,
sparse-b,246,6.696244276044564e-05,0.0022987715561795935,0.0,0.001852409733495764,0.004504666937751637,0.004141880574865698,7.378257852824725e-05,0.0004747561335727912,,,,,,,,,,,,
sparse-b,247,1.003730096259966e-05,0.0002115611579350437,0.0,0.00017125638654055488,0.0003842260763560734,0.0004466351132414563,4.298457799362352e-06,1.1084984343282773e-05,,,,,,,,,,,,
sparse-b,248,3.227768881229013e-06,6.824656218884146e-05,0.0,5.524280352731897e-05,0.00013244068606444725,0.00013598881082665042,1.2359320168475047e-06,3.320819847420656e-06,,,,,,,,,,,,
sparse-b,249,1.0118969746842501e-05,0.00027969105827300853,0.0,0.00022577664056777532,0.0007033595072689767,0.00033070041272327,3.0160069081026597e-05,5.454424401876058e-05,,,,,,,,,,,,
sparse-b,250,1.1180969550777008e-05,0.00022207459506438324,0.0,0.000179895869961662,0.0007207244689098908,9.998886300419459e-05,4.4417090135603596e-05,2.3167958207844017e-05,,,,,,,,,,,,
sparse-b,251,2.724685893190115e-05,0.0002427379195421467,0.0,0.00019963970742009756,0.0007583998930544422,0.00012022255826128181,5.202016194051535e-05,4.030906491234735e-05,,,,,,,,,,,,
sparse-b,252,2.5117090723273847e-05,0.0002536099130814373,0.0,0.0002079113486098046,0.0007206571664885336,0.00021715320870592688,3.116296759097254e-05,4.546630954031617e-05,,,,,,,,,,,,
sparse-b,253,9.288802209234004e-06,0.00023942928685024157,0.0,0.00019340118992204006,0.0006571115115003574,0.00021806583328022963,3.6050541360662484e-05,4.648926125971668e-05,,,,,,,,,,,,
sparse-b,254,1.2719864752804748e-05,0.0002130596034411329,0.0,0.00017299165570346727,0.0006070981730291446,0.0001656437197425598,3.48568266563446e-05,4.463969433648261e-05,,,,,,,,,,,,
sparse-b,255,1.4334742684689755e-05,0.0001972314933622006,0.0,0.0001606521432266984,0.0005836479789327868,0.00014863326346989714,2.349267791256716e-05,3.315205313355117e-05,,,,,,,,,,,,
sparse-b,256,1.2588701900604757e-05,0.0001748440126269934,0.0,0.00014239295048171566,0.0005588022684101716,0.00011145100184973362,1.147670791051454e-05,1.7646072337553797e-05,,,,,,,,,,,,
sparse-b,257,9.789255319253131e-06,0.00015574210122298927,0.0,0.00012655153204224205,0.0005260586345829026,7.952448072237671e-05,7.688320376443646e-06,9.696969210234054e-06,,,,,,,,,,,,
sparse-b,258,5.891758233660867e-06,0.0001316736234545853,0.0,0.00010651725041040043,0.00041300017646173244,0.00010371783367295875,7.49604299573153e-06,2.480440687918535e-06,,,,,,,,,,,,
sparse-b,259,4.2055799614988885e-06,0.00012455981189276759,0.0,0.00010048896550651383,0.00038289303255085164,0.00010530701358886109,6.593098064812749e-06,3.446103366544901e-06,,,,,,,,,,,,
sparse-b,260,1.9896480445902373e-06,0.00013940137110067446,0.0,0.00011191902648945761,0.0003720056744275686,0.0001779441093304114,1.8985704801452043e-06,5.757130164572576e-06,,,,,,,,,,,,
sparse-b,261,2.5917969106393273e-06,4.279608134775649e-05,0.0,3.475522446033305e-05,7.981929006630088e-05,9.044628586905711e-05,3.96913299685164e-07,5.218361559827625e-07,,,,,,,,,,,,
sparse-b,262,1.5886957756485678e-06,2.5875840148228096e-05,0.0,2.101841127371219e-05,4.913661489990978e-05,5.392482802530948e-05,2.1389508320468568e-07,2.2802258448844036e-07,,,,,,,,,,,,
sparse-b,263,1.5130193117054844e-06,2.4450891178737866e-05,0.0,1.9863316805331388e-05,4.6732938513434386e-05,5.069923742442001e-05,1.8178831281755404e-07,1.8960046427952142e-07,,,,,,,,,,,,
sparse-b,264,9.284158743965965e-07,1.4885562816673909e-05,0.0,1.2094133428218445e-05,2.857497806697912e-05,3.07596959270878e-05,1.0169446037776061e-07,1.0588281225095399e-07,,,,,,,,,,,,
sparse-b,265,8.51488417228371e-06,4.250638257179888e-05,0.0,3.570808289189585e-05,3.090755388601109e-05,0.00011911011916840125,8.614260083604842e-06,1.1393597149178342e-05,,,,,,,,,,,,
sparse-b,266,1.0286011544991267e-05,6.194500804462436e-05,0.0,5.161320874469775e-05,0.00011402449998808103,0.00010387762915422973,1.1062609706082266e-05,1.881529333010446e-05,,,,,,,,,,,,
sparse-b,267,1.0149328040348727e-05,8.825485780915166e-05,0.0,7.263375185539108e-05,0.00021295867253240413,0.00010475444570352676,1.1583732061659927e-05,2.3722580939015796e-05,,,,,,,,,,,,
sparse-b,268,9.664862278514166e-06,9.942163281364638e-05,0.0,8.147027870661993e-05,0.00025836683328191634,0.00010228377874070237,1.2534577861501946e-05,2.4501341370464924e-05,,,,,,,,,,,,
sparse-b,269,9.764502724734317e-06,0.00011378702505785031,0.0,9.298252059122712e-05,0.00029697125360869994,0.00012021185932813631,1.2488914985518472e-05,2.547607230904651e-05,,,,,,,,,,,,
sparse-b,270,9.326426695387965e-06,0.00011805069589389493,0.0,9.630584205419354e-05,0.0003054723247482768,0.00013058708292880053,1.2934343848105743e-05,2.3209032050396633e-05,,,,,,,,,,,,
sparse-b,271,8.258272039948188e-06,0.00012829932201483264,0.0,0.00010429111201985576,0.0003008337754592764,0.0001808707231603767,1.2361549205161887e-05,1.9131240234515573e-05,,,,,,,,,,,,
sparse-b,272,7.289247977668455e-06,0.00013747518232404878,0.0,0.00011143799545477271,0.00029582122933463184,0.00022764889428259047,1.1081324834197463e-05,1.534928084477538e-05,,,,,,,,,,,,
sparse-b,273,7.29332735543156e-06,0.00014270123436784844,0.0,0.00011561965296536505,0.0002909752020914989,0.00025828018045967666,9.11737752852649e-06,1.2432177391691821e-05,,,,,,,,,,,,
sparse-b,274,7.612245889216327e-06,0.00014619527933917105,0.0,0.00011847867264918009,0.0002804282528005748,0.0002847905966237479,8.268003125621404e-06,1.1294264806740187e-05,,,,,,,,,,,,
sparse-b,275,7.073834265263941e-06,0.00013614675840681114,0.0,0.00011033217357850171,0.00024500521896266925,0.0002805212402770124,8.189847139329799e-06,1.0870727248233059e-05,,,,,,,,,,,,
sparse-b,276,6.28004708046997e-06,0.00012139033998925588,0.0,9.836828140749872e-05,0.00020233194955298126,0.00026479691464853495,7.91462234024105e-06,1.051787341526626e-05,,,,,,,,,,,,
sparse-b,277,5.610419711565195e-06,0.00010617964931403959,0.0,8.606580339354472e-05,0.00016270927553266093,0.0002445507881381201,7.667397002425364e-06,9.791136582952019e-06,,,,,,,,,,,,
sparse-b,278,6.0044299369506876e-06,0.00010152033756137801,0.0,8.241715603649256e-05,0.00014258038216897592,0.0002449536166226443,8.410246373415009e-06,1.0137105080476858e-05,,,,,,,,,,,,
sparse-b,279,7.565663294639281e-06,0.00010518123861582249,0.0,8.565812355158584e-05,0.00014634599109332962,0.0002529250363544519,1.0033111973606972e-05,1.1420815041901492e-05,,,,,,,,,,,,
sparse-b,280,8.799337454285738e-06,0.00010211690511764972,0.0,8.345339158497692e-05,0.00013339428158309414,0.00025005030519844007,1.1932905996789335e-05,1.3090127692275344e-05,,,,,,,,,,,,
sparse-b,281,9.07502610386356e-06,9.806324557749854e-05,0.0,8.026560168277155e-05,0.00013459705098128104,0.00023109334688913618,1.2678455573467219e-05,1.3884128866109723e-05,,,,,,,,,,,,
sparse-b,282,7.797771121659431e-06,9.862382812694257e-05,0.0,8.045861672588594e-05,0.00016566197845831182,0.00020170137992204552,1.2770297782983076e-05,1.4361656344429885e-05,,,,,,,,,,,,
sparse-b,283,2.8507896648514793e-07,5.0195265725531475e-06,0.0,4.072637051339547e-06,1.2065708131971335e-05,7.83444769004643e-06,1.1402349805652335e-07,6.392697013829828e-08,,,,,,,,,,,,
sparse-b,284,2.266562484117917e-07,3.950782201087168e-06,0.0,3.2059570105520923e-06,3.892224092146323e-06,1.1661904376666861e-05,5.193380578032081e-08,1.9706652975516734e-07,,,,,,,,,,,,
sparse-b,285,4.399113664908124e-07,7.70448493935308e-06,0.0,6.251570224780627e-06,9.894474221368797e-06,2.0575148646298455e-05,6.415292452847677e-08,2.8416396521659104e-07,,,,,,,,,,,,
sparse-b,286,4.650517711844645e-07,8.288470194581852e-06,0.0,6.723786509902374e-06,1.0350087130874058e-05,2.2452174587801313e-05,6.126947834852497e-08,2.90349581303513e-07,,,,,,,,,,,,
sparse-b,287,3.429535832815358e-07,6.490137392544367e-06,0.0,5.260700630691801e-06,6.836927473439566e-06,1.8798433197538237e-05,6.976547056530907e-08,2.5542342863435657e-07,,,,,,,,,,,,
sparse-b,288,2.860074743825515e-07,5.819322390731732e-06,0.0,4.712659407461895e-06,5.96759823500894e-06,1.699719155317482e-05,7.95061775721863e-08,2.3299359717098156e-07,,,,,,,,,,,,
sparse-b,289,2.4746744665893613e-07,5.5396687496349475e-06,0.0,4.481228489039745e-06,5.953652341800495e-06,1.5905717297964807e-05,8.42770923192373e-08,2.150282664552468e-07,,,,,,,,,,,,
sparse-b,290,1.6934483840159564e-07,4.720915845063531e-06,0.0,3.8106016437311437e-06,8.962026274853487e-06,9.636315461436455e-06,1.2658512858094232e-07,1.5873651538323798e-07,,,,,,,,,,,,
sparse-b,291,2.792158137671561e-07,5.453730492179566e-06,0.0,4.418827556497083e-06,1.4195642677800044e-05,7.306145782622605e-06,1.6756936072702933e-07,1.4556414756858621e-07,,,,,,,,,,,,
sparse-b,292,4.40825775721254e-07,7.0228065004501084e-06,0.0,5.7064103555043375e-06,1.9799995830904918e-05,7.966739098581661e-06,1.979810675229713e-07,1.2651000479088327e-07,,,,,,,,,,,,
sparse-b,293,4.469406929946444e-07,7.018372016334936e-06,0.0,5.704085751666878e-06,2.011891072873453e-05,7.617261601648868e-06,1.9308107113294846e-07,1.4423466382340072e-07,,,,,,,,,,,,
sparse-b,294,9.658749809695855e-07,1.5073686310194581e-05,0.0,1.225212404434958e-05,3.754197252947706e-05,2.23090784186488e-05,3.05118037645951e-07,1.3857625500650403e-07,,,,,,,,,,,,
sparse-b,295,2.0464612638795272e-06,3.294609138548294e-05,0.0,2.6766165361162254e-05,7.27373775803425e-05,5.826527305728454e-05,5.097680738244271e-07,2.719468304802908e-07,,,,,,,,,,,,
sparse-b,296,8.250014615827165e-07,1.3680586391868977e-05,0.0,1.1109469405811724e-05,2.5496988794042712e-05,2.8888334481446438e-05,1.47257882982105e-07,1.8976440900465702e-07,,,,,,,,,,,,
sparse-b,297,1.2960109773679302e-06,2.1675291763912023e-05,0.0,1.7599435606603203e-05,3.986980708781668e-05,4.630056340335464e-05,2.306147563843745e-07,3.001818080923941e-07,,,,,,,,,,,,
sparse-b,298,1.921792076630636e-06,3.2505659992697316e-05,0.0,2.6388886409483983e-05,5.915818135951533e-05,7.006505449733744e-05,3.555663599123637e-07,4.438377540241201e-07,,,,,,,,,,,,
sparse-b,299,0.0003211349769768614,0.0015551019609294221,0.0,0.0013083085641389098,0.002782937695896466,0.0023591987136271273,0.0002474793029897154,0.0008307921312043797,,,,,,,,,,,,
sparse-b,300,0.0003997512797916405,0.0024937971301841454,0.0,0.0020749879601056442,0.0034758266858326867,0.004692700436872151,0.00032553447880582034,0.0014811269192259243,,,,,,,,,,,,
sparse-b,301,0.0004868667703950577,0.0037065790595663126,0.0,0.003062636601732062,0.0035762197597246086,0.008514444091506642,0.0005027405535498266,0.002232911833484172,,,,,,,,,,,,
sparse-b,302,1.1556629380283146e-06,2.1140395758796307e-05,0.0,1.7143449194642706e-05,3.859966509007608e-05,4.53236498768428e-05,3.042778001533496e-07,3.339902681129987e-07,,,,,,,,,,,,
sparse-b,303,5.01927123476019e-07,8.54350783047588e-06,0.0,6.9351916890759085e-06,8.692934086003444e-06,2.515353478531424e-05,1.087319554948864e-07,2.1883049509095453e-07,,,,,,,,,,,,
sparse-b,304,9.420182905965197e-07,1.8366278188579296e-05,0.0,1.488142620898274e-05,4.0415155749034856e-05,3.225318060728541e-05,2.811246956047583e-07,5.156517023921572e-07,,,,,,,,,,,,
sparse-b,305,2.7782957079592995e-06,5.648974988419721e-05,0.0,4.574745904894963e-05,0.00010919190440858426,0.00011401338963135591,7.645484639485865e-07,1.9891570329000986e-06,,,,,,,,,,,,
sparse-b,306,3.689381089149074e-06,7.893554117913508e-05,0.0,6.388630916113788e-05,0.00014505312061858708,0.00016533487291020235,1.2775200125362106e-06,4.076651175214665e-06,,,,,,,,,,,,
sparse-b,307,2.483296701928646e-06,5.545652524507837e-05,0.0,4.486187953644842e-05,9.574896558502282e-05,0.00012089929172073079,1.364548819086833e-06,3.8132948554730137e-06,,,,,,,,,,,,
sparse-b,308,2.2257941816445123e-06,4.676317882164064e-05,0.0,3.7855701893641416e-05,8.399085504998733e-05,0.00010147092166805643,7.070193294498265e-07,8.839192390689896e-07,,,,,,,,,,,,
sparse-b,309,0.0010008796157438373,0.007281256487758638,0.0,0.006025181113355678,0.0015002165050361166,0.02371182996300792,0.0026902396050532355,0.0012227398779372839,,,,,,,,,,,,
sparse-b,310,0.0009501019840217674,0.012921739784616495,0.0,0.010527412224497549,0.005953378816590842,0.04019073019893962,0.004711026865443904,0.0008318232574916041,,,,,,,,,,,,
sparse-b,311,0.0010588600602929807,0.016417230954972217,0.0,0.013345556776036369,0.01018386617768413,0.04903451003156287,0.0052934949479253425,0.001157052662716533,,,,,,,,,,,,
sparse-b,312,0.0014255418620460231,0.01717491542523566,0.0,0.014025040712597733,0.012055342894622022,0.05060049442753658,0.003805971483490103,0.0022378528952939443,,,,,,,,,,,,
sparse-b,313,0.0021374400021136825,0.015152222199368872,0.0,0.012549265759917836,0.009651909382649468,0.04577537254763545,0.0014767866536183108,0.003704820213572258,,,,,,,,,,,,
sparse-b,314,0.000105021214007257,0.0029378049664662217,0.0,0.0023712482159744287,0.0029507626154180846,0.006691001545909727,0.0005450512112963438,0.001564404493240729,,,,,,,,,,,,
sparse-b,315,1.5679316660723105e-05,0.00029160421286282036,0.0,0.00023641923362240094,0.0008049515400128821,0.00019302611487848165,8.64645114982778e-05,8.197468506163991e-05,,,,,,,,,,,,
sparse-b,316,1.823005195620848e-05,0.0005589609926131251,0.0,0.0004508148044817417,0.001147743327372187,0.0009840075841517802,7.09553454790207e-05,3.313771344951251e-05,,,,,,,,,,,,
sparse-b,317,1.9642245521777784e-05,0.0005307543697592262,0.0,0.0004285319449117365,0.0009939721563182978,0.001066160842463486,3.9890275446103486e-05,2.2994204809017477e-05,,,,,,,,,,,,
sparse-b,318,0.00015932428965291547,0.004007814437700306,0.0,0.0032381164080908277,0.005555248962845419,0.009034308521881518,0.0007970127771432786,0.0006446874889310055,,,,,,,,,,,,
sparse-b,319,0.0007309592950949528,0.0057383907327089425,0.0,0.004736904445186144,0.005653584948722419,0.015154238065950478,0.0005071324703642343,0.0016386074457986385,,,,,,,,,,,,
sparse-b,320,0.0006548631104458873,0.007168925071896647,0.0,0.005866112679606495,0.007360765689804878,0.018906454705923725,0.0007085181151915843,0.0016999617766664005,,,,,,,,,,,,
sparse-b,321,0.0004484880785846576,0.006529958966555715,0.0,0.005313664788961503,0.005943150503753084,0.018467059734703115,0.000799668152673748,0.000909957475092908,,,,,,,,,,,,
sparse-b,322,0.000466525194308574,0.006234325171712526,0.0,0.005080765176231736,0.0046515576527489215,0.01933552060997352,0.0007788585979389449,0.00017136382618871532,,,,,,,,,,,,
sparse-b,323,8.86148930247177e-05,0.0025173512816796836,0.0,0.0020316040039486906,0.004158123027296775,0.005432892751315678,0.00016755248624136996,0.0003108368618649116,,,,,,,,,,,,
sparse-b,324,0.00010121048336284011,0.0025580163914557235,0.0,0.002066655209837147,0.004746598004722296,0.005177583736397647,0.00011328104248617678,0.0001946027822167721,,,,,,,,,,,,
sparse-b,325,0.00013608025682748412,0.0030940876930214273,0.0,0.0025024862057826383,0.005755444436954197,0.006297951277226323,0.00011154984059341009,0.0002114052173117784,,,,,,,,,,,,
sparse-b,326,0.0005218254703812692,0.007842119985087907,0.0,0.00637806108214658,0.014379130075362819,0.01497328020994279,0.0005081555956476159,0.0015079140593984024,,,,,,,,,,,,
sparse-b,327,0.0006808090312144244,0.00975480127997655,0.0,0.007940002830224124,0.01832532285684016,0.019348311303270128,0.00045287411076285324,0.0008926968490330551,,,,,,,,,,,,
sparse-b,328,0.0006515020971143812,0.009762982514897708,0.0,0.007940686431341042,0.019018719881479167,0.019203364538577915,0.0003713491599083436,0.00045849647962540143,,,,,,,,,,,,
sparse-b,329,0.0004717602078897732,0.007318601556885718,0.0,0.005949233287086529,0.014724279350662839,0.014039978973128434,0.00028082802200781766,0.00022931988174378318,,,,,,,,,,,,
sparse-b,330,0.0002276268688223783,0.0038988952951627197,0.0,0.0031646416098946523,0.00793215306858115,0.007288580847727122,0.00022619951091120633,0.00014864775343140135,,,,,,,,,,,,
sparse-b,331,2.8575595201742622e-05,0.0009515976624862327,0.0,0.0007669932490293348,0.0016800620534282338,0.0017816191884705856,0.00020457093350454965,0.0001401384745415621,,,,,,,,,,,,
sparse-b,332,1.296324860815641e-06,2.1202098665176626e-05,0.0,1.722094390430443e-05,4.143196804917513e-05,4.3334656973647734e-05,1.1700112330404557e-08,3.00695255532333e-08,,,,,,,,,,,,
sparse-b,333,1.1841848141569315e-06,2.031381973237869e-05,0.0,1.648789274873434e-05,3.970321430055646e-05,4.1507002115432694e-05,1.2442849371734285e-08,3.261966415388384e-08,,,,,,,,,,,,
sparse-b,334,1.8906947638027044e-06,3.383611287613818e-05,0.0,2.744702925367108e-05,6.617803325075149e-05,6.908656249788622e-05,2.2562718563386976e-08,5.7293037351593143e-08,,,,,,,,,,,,
sparse-b,335,4.884168374013489e-05,0.001286385418954143,0.0,0.0010388766719113414,0.0021413013731689037,0.002899651452452569,5.8422869449070436e-05,4.616598074602897e-05,,,,,,,,,,,,
sparse-b,336,4.9180546317126656e-05,0.0012514756248386738,0.0,0.0010110166091343645,0.0015836830315460692,0.0032183622897528816,0.0001773818612592035,2.647531679654066e-05,,,,,,,,,,,,
sparse-b,337,4.461941468401857e-05,0.0009939004890258869,0.0,0.0008040442741575133,0.0009635120404119552,0.002768565305720728,0.00022372327685722811,1.9801333113636104e-05,,,,,,,,,,,,
sparse-b,338,1.6382216841379869e-06,3.057081077600804e-05,0.0,2.4784292957634028e-05,5.9388203169293504e-05,6.263842247269861e-05,1.191072533531771e-07,1.375102086868726e-07,,,,,,,,,,,,
sparse-b,339,2.2011603379566553e-06,4.2243344856386545e-05,0.0,3.423490795270057e-05,8.142847305873015e-05,8.705194582997318e-05,2.397032822462449e-07,2.5325725459661366e-07,,,,,,,,,,,,
sparse-b,340,2.5286331072204096e-06,4.968584447701497e-05,0.0,4.0254402203056055e-05,9.498764584788818e-05,0.00010301257699775877,3.709451545131674e-07,3.7220990789976636e-07,,,,,,,,,,,,
sparse-b,341,2.0033929460104704e-06,4.004023713205533e-05,0.0,3.243286829484635e-05,7.613984116046126e-05,8.330914136488944e-05,3.6222673192339586e-07,3.4973927094722287e-07,,,,,,,,,,,,
sparse-b,342,2.3763052463002158e-06,4.802895583549546e-05,0.0,3.889842571765641e-05,9.123470827124022e-05,9.993040278744924e-05,4.888585895717387e-07,4.6185369372062813e-07,,,,,,,,,,,,
sparse-b,343,1.715813323923432e-06,3.497045674842252e-05,0.0,2.83195280635227e-05,6.683197056354117e-05,7.229348385667613e-05,3.8636239389048285e-07,3.700101795823114e-07,,,,,,,,,,,,
sparse-b,344,4.313960041911452e-06,8.805025884788234e-05,0.0,7.130299908668817e-05,0.00016938258452105104,0.00018097669582243703,9.199806620352104e-07,9.2177438600607e-07,,,,,,,,,,,,
sparse-b,345,1.960536537722005e-06,4.0364820369375766e-05,0.0,3.268396360304501e-05,7.806396865955302e-05,8.248727584569601e-05,4.4683899741312085e-07,4.611979748409017e-07,,,,,,,,,,,,
sparse-b,346,1.0701842271606533e-06,2.156953518686904e-05,0.0,1.746966499492736e-05,4.806006542953133e-05,3.7938258079519156e-05,1.8086689110090905e-07,9.895034732476564e-08,,,,,,,,,,,,
sparse-b,347,2.5935042613537636e-05,0.00023573682254912208,0.0,0.0001937764665620052,0.00040762118787923327,0.0004371653760311114,5.260752538823562e-05,4.5553200897908005e-05,,,,,,,,,,,,
sparse-b,348,6.0138840980836215e-06,0.0002213260614498656,0.0,0.0001782636259795092,0.00038984521778850397,0.00045555206443717594,2.6601799546610436e-05,1.330516402717204e-05,,,,,,,,,,,,
sparse-b,349,8.346126441174038e-06,0.0002008011945496879,0.0,0.00016231018092798511,0.0002820321995240649,0.00045963705591307863,1.686378812953784e-05,4.4671734632070196e-05,,,,,,,,,,,,
sparse-b,350,3.431123419138741e-05,0.0005180794712861715,0.0,0.00042132582386721475,0.0005381031818185345,0.001376212004803592,2.2168187015335308e-05,0.0001358345115072246,,,,,,,,,,,,
sparse-b,351,6.236916939540597e-05,0.0009519838611128954,0.0,0.0007740609227693976,0.0011484196059040673,0.0024243324539971324,2.835131694854704e-05,0.000206832067601835,,,,,,,,,,,,
sparse-b,352,9.192744200995995e-05,0.0015795698577401925,0.0,0.0012820413745941459,0.0022484599606903675,0.003808308125733906,3.6096291610462666e-05,0.00022541505292603375,,,,,,,,,,,,
sparse-b,353,0.00011586551691032498,0.0023134772615437116,0.0,0.0018739549126170346,0.0037799009939883292,0.005228462038262882,4.841439310792834e-05,0.00019713162081570762,,,,,,,,,,,,
sparse-b,354,0.00013759062856818634,0.0030311454701603215,0.0,0.0024524345018418947,0.0053860323387030975,0.006473588266857201,6.193462614433135e-05,0.00020302664893665667,,,,,,,,,,,,
sparse-b,355,0.0001557057199322652,0.0036359795270330935,0.0,0.002939924765612928,0.006728016154061502,0.007486026491507535,7.017224857060418e-05,0.0002597032139927333,,,,,,,,,,,,
sparse-b,356,0.00016890973459277985,0.0042091672296248744,0.0,0.003401115730618455,0.007928512406616042,0.008467662017046644,9.391286408764033e-05,0.00034658163074917066,,,,,,,,,,,,
sparse-b,357,0.00018430173418331055,0.004132675943452431,0.0,0.003343001101598607,0.00805583306180443,0.008207704427219392,5.53340334253381e-05,0.00021183225136056123,,,,,,,,,,,,
sparse-b,358,0.00016022156300726496,0.0033592504400951043,0.0,0.002719444664677536,0.006745295875564927,0.006577767323539773,2.6433905141945624e-05,8.750465613377017e-05,,,,,,,,,,,,
sparse-b,359,0.0001192088374851935,0.0023585648921530065,0.0,0.001910693681219444,0.004957190593256646,0.004435165875969936,1.837819906378559e-05,2.3524900321658152e-05,,,,,,,,,,,,
sparse-b,360,9.307728038259974e-05,0.001782411627098534,0.0,0.001444544757755347,0.003917448954250329,0.0031718649730079393,2.2946439153426782e-05,1.73861419824405e-05,,,,,,,,,,,,
sparse-b,361,7.512157882526822e-05,0.001428932732997669,0.0,0.0011581705021631889,0.003190367370534693,0.0024876980189164535,2.023199344982102e-05,1.743354908970876e-05,,,,,,,,,,,,
sparse-b,362,6.316171167835644e-05,0.001157027618439351,0.0,0.0009382544370871522,0.0025643165231743967,0.0020237808856980134,2.048407796590236e-05,1.9528986919091708e-05,,,,,,,,,,,,
sparse-b,363,5.136195703626552e-05,0.0009102483952994879,0.0,0.0007384711076468434,0.0019854020007494897,0.0016184060272560446,1.9632942053199186e-05,1.755261113921805e-05,,,,,,,,,,,,
sparse-b,364,2.995632566117368e-05,0.0005242336986874726,0.0,0.0004253782240822128,0.0011401785918366096,0.0009345980804647926,1.2092159613013768e-05,1.00659628354744e-05,,,,,,,,,,,,
sparse-b,365,8.690116496909224e-06,0.00016957873963740336,0.0,0.00013740101500930456,0.0003258595478614817,0.0003363382182857855,8.892371656342773e-06,7.224820746003453e-06,,,,,,,,,,,,
sparse-b,366,4.014225919101832e-06,0.00015708397128465936,0.0,0.00012647002221154787,0.0001510902576876509,0.0004640395400533405,6.952543591657929e-06,6.253543805988053e-06,,,,,,,,,,,,
sparse-b,367,1.1986057480539653e-06,2.116903171276308e-05,0.0,1.717494651982126e-05,4.1905067420516326e-05,4.2513514716893115e-05,1.1279143199293908e-07,1.4475328164994017e-07,,,,,,,,,,,,
sparse-b,368,1.889445109406162e-06,3.368106305713456e-05,0.0,2.7322739467588884e-05,6.651943051374647e-05,6.774739922803422e-05,2.0676646132653193e-07,2.5065602543102174e-07,,,,,,,,,,,,
sparse-b,369,1.1640588886709388e-06,2.0980351697429845e-05,0.0,1.7017093135678067e-05,4.126745580531226e-05,4.233203016241403e-05,1.48794418974416e-07,1.7312640301867852e-07,,,,,,,,,,,,
sparse-b,370,2.0864984749084268e-06,3.797660342633411e-05,0.0,3.0798582436048974e-05,7.433832528508663e-05,7.693489280183949e-05,2.9402083732785416e-07,3.391747810824903e-07,,,,,,,,,,,,
sparse-b,371,1.798303127661639e-06,3.2995371876518544e-05,0.0,2.6755958126747162e-05,6.42136391254398e-05,6.717253645709229e-05,2.751644611615271e-07,3.2014746238053815e-07,,,,,,,,,,,,
sparse-b,372,1.4606608503545616e-06,2.6964366135036204e-05,0.0,2.1863625078099877e-05,5.2203440046366866e-05,5.51351195473391e-05,2.3649891379666745e-07,2.824060326421788e-07,,,,,,,,,,,,
sparse-b,373,1.104336186780763e-06,2.0482763949545996e-05,0.0,1.660707839699295e-05,3.949927831014398e-05,4.201504801837888e-05,1.8579843005432822e-07,2.309310396067927e-07,,,,,,,,,,,,
sparse-b,374,2.075739834646363e-06,3.862144164490652e-05,0.0,3.131230128285449e-05,7.458027867069074e-05,7.910367681880379e-05,3.482154635993992e-07,4.5359562653214416e-07,,,,,,,,,,,,
sparse-b,375,1.4596114478674082e-06,2.7248898499502167e-05,0.0,2.2091041089175217e-05,5.259439960073174e-05,5.580914022248783e-05,2.5022306818279684e-07,3.418311066062984e-07,,,,,,,,,,,,
sparse-b,376,8.582880231272028e-06,0.00016000448750967997,0.0,0.00012972016605399838,0.0004027566629326702,0.00022933698781420328,4.4344897191792205e-06,3.489809572667165e-06,,,,,,,,,,,,
sparse-b,377,5.872893810391087e-06,0.0001146656522136516,0.0,9.29071005329995e-05,0.00029982975624458013,0.00015274524945433802,3.301629620182217e-06,2.7859735355060504e-06,,,,,,,,,,,,
sparse-b,378,2.109312687135723e-06,6.622610499920928e-05,0.0,5.340274653679456e-05,0.00017130337080447912,8.987017471783278e-05,2.333736138985889e-06,1.397138335539275e-06,,,,,,,,,,,,
sparse-b,379,3.539891411272175e-06,4.9496809783477864e-05,0.0,4.030542610903672e-05,9.466904374888475e-05,9.597250618126221e-05,3.92579538596353e-06,3.4198938178009776e-06,,,,,,,,,,,,
sparse-b,380,6.808828647046378e-06,6.25086256487381e-05,0.0,5.1368666248399766e-05,0.00012618177263558805,0.00011125515854909978,6.5018966588165295e-06,6.095674751448021e-06,,,,,,,,,,,,
sparse-b,381,1.0004190145607717e-05,8.138300988688347e-05,0.0,6.710724593862832e-05,0.00017473975308133455,0.00013372666527796954,8.67990591291196e-06,8.385715275317842e-06,,,,,,,,,,,,
sparse-b,382,1.164791767216518e-05,7.646077402010835e-05,0.0,6.349820275051972e-05,0.000176665839185846,0.00010808529086682077,1.055008472118593e-05,1.0541881306580671e-05,,,,,,,,,,,,
sparse-b,383,1.1676697864122665e-05,4.925905621560489e-05,0.0,4.174258454530844e-05,0.00013623672090672993,3.523624862058285e-05,1.241221272631787e-05,1.31510426087889e-05,,,,,,,,,,,,
sparse-b,384,1.0840151999600513e-05,6.110016286371872e-05,0.0,5.104816069089508e-05,0.00011959614237100646,9.536004817239876e-05,1.3991059732986002e-05,1.5453401178483675e-05,,,,,,,,,,,,
sparse-b,385,9.669937124780462e-06,0.00010427207094641802,0.0,8.535164418209051e-05,0.0001957421717235611,0.00018948794852329575,1.4882260765355907e-05,1.697590277345934e-05,,,,,,,,,,,,
sparse-b,386,9.405303180409255e-06,0.00012737251090356698,0.0,0.00010377906935893543,0.00024344927377460815,0.00023239034995604246,1.569979289261314e-05,1.7950626991004267e-05,,,,,,,,,,,,
sparse-b,387,9.611243439119901e-06,0.00011480188688881617,0.0,9.376375819887694e-05,0.0002244748910631499,0.00020150991983926015,1.5666042687379035e-05,1.755669396547563e-05,,,,,,,,,,,,
sparse-b,388,1.1677471074994004e-05,7.990160011109563e-05,0.0,6.625677430387531e-05,0.00021853839327803004,7.120797243624596e-05,1.4390846691170728e-05,1.5469188038935805e-05,,,,,,,,,,,,
sparse-b,389,1.6292254925686198e-05,0.00012991285080995503,0.0,0.00010718873163310128,0.0003502865556131272,0.00014124990877478847,1.3847984019516049e-05,1.4266954832388508e-05,,,,,,,,,,,,
sparse-b,390,2.0204769201775515e-05,0.00020128871652361557,0.0,0.00016507192705924754,0.0004620820539216995,0.000315790502136272,1.3667775510460365e-05,1.3614534526030343e-05,,,,,,,,,,,,
sparse-b,391,2.1266147103460953e-05,0.00022798737884983393,0.0,0.00018664313250055933,0.0005022827444500827,0.00038212937377823296,1.3837687824479444e-05,1.36997093465406e-05,,,,,,,,,,,,
sparse-b,392,2.0612510465712867e-05,0.00021420160155028129,0.0,0.0001754837833333676,0.00045924442278652057,0.0003664697469831845,1.5791747925721297e-05,1.5300488505698772e-05,,,,,,,,,,,,
sparse-b,393,1.9975081438937724e-05,0.00019494410915610975,0.0,0.00015995030361267532,0.000411159401987351,0.0003322625840515323,1.847398182268129e-05,1.7880468762874344e-05,,,,,,,,,,,,
sparse-b,394,1.862821240949195e-05,0.00013879521953382101,0.0,0.00011476181810895518,0.0002846108569409578,0.0002269939135618356,2.220397832649321e-05,2.1372129305997372e-05,,,,,,,,,,,,
sparse-b,395,1.9396753047939895e-05,7.707747878692811e-05,0.0,6.554133363913047e-05,0.0001423760933702301,0.00011206175444455626,2.7647045300429316e-05,2.6225022032496775e-05,,,,,,,,,,,,
sparse-b,396,2.1638174315717678e-05,3.899939534798498e-05,0.0,3.5527151141531515e-05,9.969753812635756e-06,8.089130884810748e-05,3.371468192704349e-05,3.1421836804153175e-05,,,,,,,,,,,,
sparse-b,397,2.3220684620686722e-05,9.541759155346286e-05,0.0,8.097821016690764e-05,0.00011037847840337038,0.00019820583547006272,3.820220477606051e-05,3.488384756435779e-05,,,,,,,,,,,,
sparse-b,398,2.5098343623958185e-05,0.00014106570001876648,0.0,0.00011787222873980482,0.00017961428418711105,0.0003025380164191001,4.32901439117122e-05,3.882035555714266e-05,,,,,,,,,,,,
sparse-b,399,2.906209788824454e-05,0.00015957028156766433,0.0,0.00013346864483178037,0.00020390076248871512,0.000339108398796464,5.039052996796667e-05,4.488143501751157e-05,,,,,,,,,,,,
sparse-b,400,3.2921143926780574e-05,0.00015821618134249352,0.0,0.00013315717385935092,0.00020610712335979013,0.000319293655467069,5.705255442971227e-05,5.0411392113402724e-05,,,,,,,,,,,,
sparse-b,401,3.586179197752604e-05,0.00014923045303922731,0.0,0.00012655672082688708,0.00017893927315853158,0.0003004086053371143,6.317720149249213e-05,5.439673216877126e-05,,,,,,,,,,,,
sparse-b,402,3.997884352730738e-05,0.00017392872730565676,0.0,0.00014713875054998688,0.00019371109943959203,0.00036697596010060337,7.320188183884123e-05,6.182596784359033e-05,,,,,,,,,,,,
sparse-b,403,4.3924033695321376e-05,0.00025414268862456287,0.0,0.00021209895763871456,0.0002525223510978141,0.0006024758507583936,8.838914218187906e-05,7.318341046016468e-05,,,,,,,,,,,,
sparse-b,404,4.622972462623184e-05,0.0004255996768068292,0.0,0.00034972568637070973,0.00035823032721901335,0.0011392548342834324,0.00011313325989965815,9.178028582521302e-05,,,,,,,,,,,,
sparse-b,405,1.7246814872235225e-06,3.063063894846778e-05,0.0,2.4849447456218926e-05,6.114772676282738e-05,6.0820238821789714e-05,2.3529515378460378e-07,3.192950554694441e-07,,,,,,,,,,,,
sparse-b,406,1.1303310130024328e-06,2.0199709214596844e-05,0.0,1.6385833574277962e-05,4.087414380912309e-05,3.9538181015903825e-05,1.6638099796718388e-07,2.2013103539327888e-07,,,,,,,,,,,,
sparse-b,407,1.0743721915697009e-06,1.935387641455792e-05,0.0,1.5697975569960274e-05,3.981356366672978e-05,3.721194631046392e-05,1.708937666381033e-07,2.19101914399873e-07,,,,,,,,,,,,
sparse-b,408,1.1216801872708195e-06,2.0424066126131155e-05,0.0,1.656358893835909e-05,4.28325967718361e-05,3.8425731649094146e-05,1.96317309309368e-07,2.416187742849956e-07,,,,,,,,,,,,
sparse-b,409,0.00020094263609208597,0.001815257843226139,0.0,0.0014923948017993283,0.0016949796864524544,0.004888658430704907,0.0003354004057704896,0.00034199284997670474,,,,,,,,,,,,
sparse-b,410,0.00029782442228181984,0.002896363272555071,0.0,0.0023766555025004207,0.002722480510357732,0.00802277720265755,0.0004219954738267803,0.00041819990337822044,,,,,,,,,,,,
sparse-b,411,0.0004383704505423076,0.005104231222460802,0.0,0.0041710590680771025,0.008334106503655306,0.010423336648708597,0.0009825988657119814,0.0006768828717673215,,,,,,,,,,,,
sparse-b,412,0.0010094367404938499,0.010438642930129065,0.0,0.008552801692202022,0.024808875349931925,0.012919943711968909,0.002608386001064087,0.001417366657551337,,,,,,,,,,,,
sparse-b,413,0.0018699745365825496,0.018394226197810126,0.0,0.015089375865564612,0.04970177959558744,0.016040950650032054,0.005503513952440185,0.002330660593180823,,,,,,,,,,,,
sparse-b,414,0.0028077638043329006,0.028494212775882356,0.0,0.023356922981572464,0.0766174005300276,0.024340377263600957,0.009531815953868848,0.003487257356032029,,,,,,,,,,,,
sparse-b,415,0.003357083195700341,0.042624695923576705,0.0,0.03477117337800144,0.1065911270666887,0.04511008939138415,0.013457915632377722,0.005339651603856253,,,,,,,,,,,,
sparse-b,416,2.028267679128986e-06,4.6587806237672774e-05,0.0,3.767589852596402e-05,0.00012519927334676516,5.9436144093797324e-05,1.0844174961889657e-06,6.313900139396488e-07,,,,,,,,,,,,
sparse-b,417,1.3694853309830866e-05,0.00030776980030758317,0.0,0.0002489548109080327,0.0011169727800156644,0.00010251473177557678,9.009148255915805e-06,2.582541183175935e-06,,,,,,,,,,,,
sparse-b,418,1.7292453022286327e-05,0.00041934739347408316,0.0,0.0003389364053837238,0.0015410768612805893,0.00011585733841343918,1.6138966195751235e-05,4.316408006552854e-06,,,,,,,,,,,,
sparse-b,419,5.4285504947177366e-05,0.002273352924199609,0.0,0.0018295394403491227,0.006916353065927786,0.001822913906532986,0.00016538770276642442,0.00018875702157123824,,,,,,,,,,,,
sparse-b,420,0.0017655684224910637,0.014512065057374037,0.0,0.011962765730397442,0.029731337019705657,0.025389962258281773,0.0023889077980344437,0.0005380531534742743,,,,,,,,,,,,
sparse-b,421,0.0015970170998268294,0.01695218620297254,0.0,0.013881152382343397,0.035314194199260955,0.02952858709331526,0.002371985159795692,0.0005939783595182404,,,,,,,,,,,,
sparse-b,422,0.0014445870643948187,0.0145170187396063,0.0,0.011902532404564004,0.024250528222770833,0.030468440000704696,0.0019649133658296756,0.001384193369119992,,,,,,,,,,,,
sparse-b,423,0.0013550637245812731,0.015796380232167357,0.0,0.012908116930650141,0.01082243334721369,0.04896352135539527,0.0016618830834424579,0.001737683142618005,,,,,,,,,,,,
sparse-b,424,0.0012585226921856035,0.027187946654742542,0.0,0.022002061862231158,0.03315792438611581,0.07209637310549395,0.0012582399628952325,0.002239249164465178,,,,,,,,,,,,
sparse-b,425,0.0015235517386021436,0.04047697840966104,0.0,0.03268629307544926,0.06563253973472596,0.09196145505592933,0.0011664961715291545,0.0031474226764597233,,,,,,,,,,,,
sparse-b,426,0.0020202873519322884,0.05199485263718216,0.0,0.04199993958013219,0.09660127675338648,0.10538156133718642,0.0017224973234079353,0.004274075134747834,,,,,,,,,,,,
sparse-b,427,0.001066837137263433,0.030677080548731406,0.0,0.02475503186643781,0.04445381478478975,0.0734763726843974,0.0022098272773360813,0.002568307448402386,,,,,,,,,,,,
sparse-b,428,0.00047250008781275093,0.014839956646499243,0.0,0.011966465334761943,0.01915937524008238,0.03725575600273157,0.0015788811617982415,0.0013658141813847763,,,,,,,,,,,,
sparse-b,429,0.00029187411563050074,0.008914827147905025,0.0,0.007190236541450121,0.015706571771208537,0.018039074250473144,0.0008736671856445603,0.001039995384293866,,,,,,,,,,,,
sparse-b,430,0.00012122444151017258,0.002758553954875923,0.0,0.002231088052202773,0.004965839520538802,0.005534300276140669,0.00020325980956287056,0.0003308162132613507,,,,,,,,,,,,
sparse-b,431,5.091335244345118e-05,0.0011516585312359075,0.0,0.0009315094954774162,0.002211854086713392,0.002314396658714158,3.17840133860748e-05,4.859936613000495e-05,,,,,,,,,,,,
sparse-b,432,1.1994606826585933e-05,0.0002735974836845129,0.0,0.0002212769083129275,0.0005788609853477926,0.0005086106539922028,3.2816987389480587e-06,3.6365966591080385e-06,,,,,,,,,,,,
sparse-b,433,2.6652034231376028e-06,6.339089464855088e-05,0.0,5.124575640346822e-05,0.00011737707370382363,0.00013510676097127185,2.890492111261533e-07,7.906947079818544e-07,,,,,,,,,,,,
sparse-b,434,4.2264390967002034e-06,0.00010439570333740632,0.0,8.43618504892651e-05,0.00019244883861767984,0.00022359455833035748,4.0801325061577913e-07,1.1314031509721673e-06,,,,,,,,,,,,
sparse-b,435,4.870830408819812e-06,0.00012594417558220658,0.0,0.00010172950654752924,0.0002318653613965846,0.0002702901926463641,4.4012070471438654e-07,1.181027581163369e-06,,,,,,,,,,,,
sparse-b,436,1.1745168097963438e-05,0.00031884899166721584,0.0,0.00025742822695336536,0.0005890307460402642,0.0006830320129427057,8.97908747711452e-07,2.435298938181941e-06,,,,,,,,,,,,
sparse-b,437,1.70167496105286e-05,0.00039134715376888684,0.0,0.00031648107293721515,0.00018272621640484928,0.001190534269596459,9.037544347219991e-05,0.00010175268560203918,,,,,,,,,,,,
sparse-b,438,4.724577431023136e-05,0.0010936541615263731,0.0,0.0008843724840831447,0.002234386786267593,0.0018746861071839039,3.96064927433555e-05,0.00022593725991063983,,,,,,,,,,,,
sparse-b,439,5.91371629760464e-05,0.0014173680345500148,0.0,0.001145721860235221,0.002910351381565402,0.0024696647687021084,9.317083749075401e-05,0.0001962851504417949,,,,,,,,,,,,
sparse-b,440,5.9309966583420045e-05,0.0016091667706769161,0.0,0.0012991954098582168,0.002870261886980449,0.0033784744389949305,0.00010979858935832391,7.813216737396108e-05,,,,,,,,,,,,
sparse-b,441,6.848280319457369e-05,0.0021272988945488357,0.0,0.0017155356762779833,0.003024868407826138,0.005364880965609225,6.193122031296317e-05,5.7514984447016614e-05,,,,,,,,,,,,
sparse-b,442,6.925687270320003e-05,0.0022830905190855087,0.0,0.001840323789809047,0.0029284715080698928,0.0060295915290476945,7.736937721241202e-05,9.69296620120359e-05,,,,,,,,,,,,
sparse-b,443,6.773484642244387e-05,0.002194320871408692,0.0,0.0017690036664114426,0.0028943525154383042,0.005682125346527107,8.613799708743621e-05,0.00011466762658192093,,,,,,,,,,,,
sparse-b,444,8.094272782638918e-05,0.0024311316576637186,0.0,0.001961093871696253,0.0036091632287873023,0.005891353231647434,9.26199841169615e-05,0.00013139018610317665,,,,,,,,,,,,
sparse-b,445,8.966267122807895e-05,0.0024352623365775246,0.0,0.001966142403507636,0.003928061695595451,0.0056418245247908455,6.830919932711353e-05,0.00010285392659668934,,,,,,,,,,,,
sparse-b,446,0.00016905544645837872,0.005567188657455636,0.0,0.004487562015256184,0.006782561550219262,0.013695219126802206,0.0010889885461121296,0.0007019854066889442,,,,,,,,,,,,
sparse-b,447,0.00029276273576976343,0.0070314259758368315,0.0,0.005683693327823419,0.010793743143701219,0.014571146100707486,0.0010905440643742665,0.0016702705945643576,,,,,,,,,,,,
sparse-b,448,0.0008708874764457895,0.008848150955189617,0.0,0.007252698259440853,0.016897381451454124,0.014057769534057822,0.0015853936592785914,0.002852059175967929,,,,,,,,,,,,
sparse-b,449,0.000813992585539503,0.00890497310777738,0.0,0.0072867770033298055,0.02189710718411611,0.010729383710410776,0.0013183229062371606,0.001675078630345482,,,,,,,,,,,,
sparse-b,450,0.0008861993305299615,0.008227204773814598,0.0,0.006759003685157671,0.02218508974681524,0.008931004614905933,0.0007143466498737265,0.0010783780836634924,,,,,,,,,,,,
sparse-b,451,0.0010164013301219128,0.006329211112418036,0.0,0.005266649155958812,0.01631754257689893,0.007458973489900541,0.0003376002069353443,0.0012027281759373325,,,,,,,,,,,,
sparse-b,452,0.0004528366375245556,0.004971615440687814,0.0,0.004067859680055162,0.010215693279849137,0.008981511237910333,0.00019572712234908044,0.0004935301226427039,,,,,,,,,,,,
sparse-b,453,0.0003454566395862565,0.005272098591770074,0.0,0.004286770201333311,0.011088741307133594,0.009456177943665147,0.00018480782457331297,0.0003586672917082424,,,,,,,,,,,,
sparse-b,454,0.0003528072390762833,0.005856057619877867,0.0,0.004755407543717551,0.012418042271410192,0.010041362890126448,0.0002392278827885887,0.0007255974351862406,,,,,,,,,,,,
sparse-b,455,0.0003638097907934367,0.00663650515941281,0.0,0.005381966085688935,0.013863797178124668,0.011473833239280657,0.00033586186163241593,0.0008725283586134997,,,,,,,,,,,,
sparse-b,456,0.0003725333760664901,0.007007669366970391,0.0,0.005680642168789611,0.014705894512526333,0.012070961032570889,0.0003302217526618834,0.0009236001701224599,,,,,,,,,,,,
sparse-b,457,0.00032443757336271853,0.006118198580308265,0.0,0.004959446378919155,0.013328583245382363,0.010125041254050372,0.00023215955088209895,0.0007870102709182224,,,,,,,,,,,,
sparse-b,458,0.00024696144003017703,0.004455994272037161,0.0,0.0036141877056357643,0.0099398575746994,0.007189295393490883,0.0001617031666213627,0.0005331209533369976,,,,,,,,,,,,
sparse-b,459,0.000141819448395354,0.0025783260615028693,0.0,0.0020910247388813666,0.005891093835544876,0.004042678719872813,0.00010535211998325443,0.0002741795706105342,,,,,,,,,,,,
sparse-b,460,7.65152440182213e-05,0.0013522051085089488,0.0,0.0010970671356108034,0.00322842059899191,0.001930610697495948,6.393009034094828e-05,0.0001858590472069879,,,,,,,,,,,,
sparse-b,461,6.891920837663467e-05,0.0006322885318244754,0.0,0.0005196146671349073,0.0011849609536375158,0.001048123046741547,5.355920389806845e-05,0.00024251092302077004,,,,,,,,,,,,
sparse-b,462,9.590258529069824e-07,1.5293795267161285e-05,0.0,1.2426841384310425e-05,3.3182872061026346e-05,2.7869196937685578e-05,6.039071854608447e-08,6.272135138714219e-08,,,,,,,,,,,,
sparse-b,463,9.026716867592683e-07,1.4466867133626427e-05,0.0,1.1754028044252995e-05,3.146236197578342e-05,2.630156984251524e-05,4.876938714294807e-08,5.4767329064103313e-08,,,,,,,,,,,,
sparse-b,464,3.981567630721107e-05,0.0005089109562409834,0.0,0.00041509190025422894,0.0006754957298355164,0.001279897866888418,4.888740046478501e-05,3.136282777521419e-05,,,,,,,,,,,,
sparse-b,465,7.731886853272216e-05,0.00037238088125053685,0.0,0.0003133684787069739,0.00039715777822018977,0.0009118046005684036,0.00011397861463631229,6.658253157724185e-05,,,,,,,,,,,,
sparse-b,466,0.00011671087099092118,0.0006031636414255288,0.0,0.0005058730873386072,0.0006563944452108087,0.0013502086225620597,0.0003142409420597303,9.181055586951614e-05,,,,,,,,,,,,
sparse-b,467,0.00015228782036060795,0.0007401487140801607,0.0,0.0006225765353362502,0.0008365136255326223,0.0014646777149181544,0.0005305547970459178,0.00012884871882394837,,,,,,,,,,,,
sparse-b,468,0.0001631018826937634,0.0007970705648647247,0.0,0.0006702768284305325,0.0012668407972486811,0.0011097274178616617,0.0006103606263357041,0.00020135341801285231,,,,,,,,,,,,
sparse-b,469,0.00010683970138583641,0.0008762619332764099,0.0,0.0007223774868982951,0.0020943575317525147,0.000710551698341886,0.0005045397566772738,0.00019559874633396496,,,,,,,,,,,,
sparse-b,470,1.3202849915900084e-06,2.3206006657569323e-05,0.0,1.882886232437346e-05,5.177888100695474e-05,4.090429564407781e-05,9.442695934261268e-08,4.6423019902137543e-08,,,,,,,,,,,,
sparse-b,471,1.0165110281890759e-06,1.8551746725744294e-05,0.0,1.5044699586233247e-05,4.152767469939908e-05,3.2529423590547905e-05,9.606733977640559e-08,5.3821273253773295e-08,,,,,,,,,,,,
sparse-b,472,1.0096019533944057e-06,1.8907647870000137e-05,0.0,1.5328038686678992e-05,4.2332505589609086e-05,3.312093265859331e-05,1.1167303285592892e-07,6.548019894223665e-08,,,,,,,,,,,,
sparse-b,473,1.2507857542104635e-06,2.3721251570041798e-05,0.0,1.922715840687553e-05,5.283793709535069e-05,4.181200425184444e-05,1.4546777322091015e-07,8.95971597511461e-08,,,,,,,,,,,,
sparse-b,474,2.082251979170706e-07,4.300662787297343e-06,0.0,3.482175269421288e-06,5.200003070773877e-06,1.1772306619317791e-05,2.7159374304540458e-08,2.0318208479316294e-07,,,,,,,,,,,,
sparse-b,475,1.0901735462269308e-05,0.0002480393877327475,0.0,0.00020061185727865186,0.00044987196452877506,0.0005191758841529993,1.07322058552452e-05,1.2377496393970455e-05,,,,,,,,,,,,
sparse-b,476,2.5157054182375407e-05,0.0005070960043835729,0.0,0.0004107082143433334,0.0010081680507437187,0.0010007875354495655,7.29389476557462e-06,1.213453657543248e-05,,,,,,,,,,,,
sparse-b,477,0.00013983745386822178,0.0020910573045843338,0.0,0.0017008133344411115,0.003300480277473099,0.0045232674377631505,0.00019534336304810073,0.0003451381400529856,,,,,,,,,,,,
sparse-b,478,0.00014444781856850318,0.0029804505342283312,0.0,0.0024132499910963657,0.004855769195045147,0.006459955399812527,0.00023999643396004056,0.00036608110809561214,,,,,,,,,,,,
sparse-b,479,0.0002730350286764927,0.003615997023317333,0.0,0.002947404624389165,0.006195290256685266,0.007786694638685535,0.00018677007426070777,0.000295233123637823,,,,,,,,,,,,
sparse-b,480,0.00034552867097328887,0.00364048136652992,0.0,0.0029814908274185935,0.006163206008279673,0.007930828552146938,0.0002164131959355915,0.0002514777097574772,,,,,,,,,,,,
sparse-b,481,0.0003223900421699442,0.0031040286146406674,0.0,0.002547700900146523,0.005269915825484625,0.006752912708275835,0.00015180317906107198,0.00024148274574113736,,,,,,,,,,,,
sparse-b,482,0.00030010849325639335,0.002627346699605163,0.0,0.0021618990583354087,0.004451711175769691,0.0056758473531160125,0.00012462282474702874,0.00025720544478791894,,,,,,,,,,,,
sparse-b,483,0.0002859649970802789,0.001885152446855461,0.0,0.0015653149569004245,0.0033340602958968953,0.0037592561069245004,0.00021525803714939306,0.00023203534745105492,,,,,,,,,,,,
sparse-b,484,0.0002848015345325052,0.0012611343769424112,0.0,0.00106586780846043,0.002264705015952982,0.0022373909122689623,0.0003046727122266028,0.00023776886732109707,,,,,,,,,,,,
sparse-b,485,0.00023046596281368166,0.001046631683377163,0.0,0.0008833985392644667,0.0019572834694659143,0.0016041310231460527,0.0003403674876937387,0.0002847447532029459,,,,,,,,,,,,
sparse-b,486,0.00015703677683251278,0.0010605054574823987,0.0,0.0008798117213524215,0.0022558626506884766,0.001252848743662921,0.0003813797819008051,0.00035193065367739224,,,,,,,,,,,,
sparse-b,487,0.00015841482004369037,0.0015521224006215027,0.0,0.0012733808845059405,0.00328848285663421,0.001970782323552246,0.0004324917220084045,0.00051673270029115,,,,,,,,,,,,
sparse-b,488,0.00015623471158835917,0.0023653332612804715,0.0,0.001923513551342049,0.004963920496601428,0.003405946570402736,0.0004912296844964517,0.0006002362936212702,,,,,,,,,,,,
sparse-b,489,0.000163264110849252,0.0035743063086941837,0.0,0.002892097869125197,0.00789903308907246,0.0054430017651590544,0.000523547986817831,0.00043164239372738906,,,,,,,,,,,,
sparse-b,490,0.0002881514198680168,0.005595037981385166,0.0,0.0045336606690817354,0.01314262075574979,0.008363753250165256,0.0004890861604031378,0.000384691759222476,,,,,,,,,,,,
sparse-b,491,2.0377314965616594e-06,3.679321433824941e-05,0.0,2.984211776991186e-05,7.836656970730718e-05,6.846601233754908e-05,1.7242025343312307e-07,1.6785505470823143e-07,,,,,,,,,,,,
sparse-b,492,3.605446245259202e-06,6.653932263899425e-05,0.0,5.395254736024724e-05,0.00014165639449628618,0.00012353481123023044,4.4176117993342443e-07,5.243236495269754e-07,,,,,,,,,,,,
sparse-b,493,3.900234591764177e-06,7.29368602980869e-05,0.0,5.9129535156822356e-05,0.00015522285402283972,0.000135097739053587,5.915261691858076e-07,8.353219467351127e-07,,,,,,,,,,,,
sparse-b,494,3.545023836175868e-06,6.714691323297257e-05,0.0,5.442653535361324e-05,0.0001438839161349864,0.0001230691173683068,6.290074092661108e-07,1.0056120193309805e-06,,,,,,,,,,,,
sparse-b,495,6.041456966754467e-06,0.00011500101604729235,0.0,9.320910423118477e-05,0.0002586399025824901,0.00019825501226655148,1.1750371645177543e-06,1.934112175610099e-06,,,,,,,,,,,,
sparse-b,496,2.255955464645518e-06,4.405416458066794e-05,0.0,3.569452275746346e-05,0.00010027159038578634,7.45469604059837e-05,5.418101830013026e-07,8.562973479004084e-07,,,,,,,,,,,,
sparse-b,497,8.830374940529205e-05,0.0008201481121854323,0.0,0.0006737792396294042,0.0017404217093325907,0.001350940190340842,7.795310278164077e-05,0.00011127744628665544,,,,,,,,,,,,
sparse-b,498,3.5579093321896e-06,6.895467394248521e-05,0.0,5.5875321020426085e-05,0.00014028192830812473,0.0001331088332551008,7.206064436440223e-07,1.7073277630712786e-06,,,,,,,,,,,,
sparse-b,499,4.559774581965336e-07,1.3263349051408603e-05,0.0,1.0701874732766189e-05,2.142325544390393e-05,3.0883641998086104e-05,6.330139695537718e-07,1.1348479409060508e-07,,,,,,,,,,,,
sparse-b,500,1.6602662827272992e-06,3.284528320962107e-05,0.0,2.6608279824242316e-05,0.00010368651898898901,2.5232612594937364e-05,1.3522834904292865e-06,1.1097177641286414e-06,,,,,,,,,,,,
sparse-b,501,3.2246782317322605e-06,6.478627285444257e-05,0.0,5.2473953929900516e-05,0.00018260634921967326,7.231474133040745e-05,2.172258841713804e-06,2.0517420259758074e-06,,,,,,,,,,,,
sparse-b,502,3.8023711217858848e-06,7.646894833041901e-05,0.0,6.193563288869238e-05,0.00021120163526669623,8.990337848156079e-05,2.4605169553533074e-06,2.3102626180657224e-06,,,,,,,,,,,,
sparse-b,503,3.7071748609832068e-06,7.462198083935662e-05,0.0,6.043901964368194e-05,0.00019994608681830282,9.42732292416808e-05,2.120374711075019e-06,2.1482325863678735e-06,,,,,,,,,,,,
sparse-b,504,3.3683443470844666e-06,6.788015383350329e-05,0.0,5.497779193621952e-05,0.0001728346695706466,9.519982701535702e-05,1.6172190416963465e-06,1.868899706313234e-06,,,,,,,,,,,,
sparse-b,505,2.8044721014390162e-06,5.655064423047169e-05,0.0,4.5801409804665155e-05,0.00014017502760532287,8.344981912062614e-05,1.1500995182050827e-06,1.4276306777326518e-06,,,,,,,,,,,,
sparse-b,506,1.9889071118659446e-05,0.0003265831186954279,0.0,0.0002652443091800742,0.0009430250098161948,0.00030811888953195007,2.2612922924569827e-05,3.257565250899685e-05,,,,,,,,,,,,
sparse-b,507,2.0401741656564806e-05,0.0004184447745425956,0.0,0.00033883616796538945,0.001159179067686419,0.00047275089294313173,1.6686954976065866e-05,2.5162182564766002e-05,,,,,,,,,,,,
sparse-b,508,2.2053054330322925e-05,0.0004630229489243056,0.0,0.0003748289700055091,0.0012730686589212334,0.0005450039830311808,1.3094478423149903e-05,2.0924675321658283e-05,,,,,,,,,,,,
sparse-b,509,2.3931403586150246e-05,0.0004905310792046566,0.0,0.00039721114408095524,0.001320221359499166,0.0006117624982883306,1.2359680166972733e-05,1.7780778864157098e-05,,,,,,,,,,,,
sparse-b,510,2.7999038870689213e-05,0.0005740302679108199,0.0,0.00046482402210279385,0.0014376957346837994,0.000824140351492519,1.703347484939194e-05,1.7251510617569523e-05,,,,,,,,,,,,
sparse-b,511,3.7873644026146846e-05,0.0007980364145839042,0.0,0.0006460038604723527,0.0018764503415184658,0.0012735041360644344,2.3843941867198934e-05,1.8347238885517794e-05,,,,,,,,,,,,
sparse-b,512,5.811113771056884e-05,0.0012435967768417897,0.0,0.0010064996490155456,0.0028035735736579377,0.0021192428843603704,3.157407869908217e-05,1.999657064976868e-05,,,,,,,,,,,,
sparse-b,513,8.067755189808367e-05,0.0016734862390808815,0.0,0.001354924501644322,0.003671062852366478,0.002972559279286791,3.220757180224464e-05,1.811525286801256e-05,,,,,,,,,,,,
sparse-b,514,0.0001043420000643342,0.002048990594333137,0.0,0.0016600608754793766,0.004366090593693408,0.0037885998686903776,2.6753053076245303e-05,1.4518861872515699e-05,,,,,,,,,,,,
sparse-b,515,0.00012116822135190339,0.0022335056607065643,0.0,0.0018110381728356321,0.004639582967943263,0.0042627047178456536,1.937445229812007e-05,1.2360504739219943e-05,,,,,,,,,,,,
sparse-b,516,0.00011686620228352213,0.002026413353478032,0.0,0.00164450392323913,0.0041348970303778715,0.003948303685167455,1.2985744437649561e-05,9.466953929151901e-06,,,,,,,,,,,,
sparse-b,517,8.822270094409024e-05,0.0014602924901528827,0.0,0.0011858785323111242,0.0029435123233719595,0.0028780871231376343,1.0046534141913946e-05,9.523979960024132e-06,,,,,,,,,,,,
sparse-b,518,5.494107102795015e-05,0.0008681995278441657,0.0,0.0007055478364809226,0.0017367067151477216,0.0017191811695288842,8.445214560515511e-06,8.465012139541728e-06,,,,,,,,,,,,
sparse-b,519,2.7678215097977297e-05,0.00040596836912189374,0.0,0.00033031033831711044,0.0008007483543523705,0.0008085017223679678,7.036813132307735e-06,7.5865866349288164e-06,,,,,,,,,,,,
sparse-b,520,8.341884105357084e-06,8.481243917792242e-05,0.0,6.951832816340936e-05,0.00015706358577323212,0.00016812360294614383,6.4385825658763266e-06,7.6239854264374e-06,,,,,,,,,,,,
sparse-b,521,6.510242999135905e-06,0.00015413716739268355,0.0,0.000124611782513974,0.0003682515701722142,0.00023331523431371863,6.801124429308775e-06,8.180740655492656e-06,,,,,,,,,,,,
sparse-b,522,1.2134722773716692e-06,1.922503216118899e-05,0.0,1.5622720184425527e-05,4.0047016686331134e-05,3.6777918319935804e-05,3.014046441464726e-08,4.5053174074381936e-08,,,,,,,,,,,,
sparse-b,523,1.4890055138030697e-06,2.3833082098994206e-05,0.0,1.936426678195598e-05,4.98298059051445e-05,4.540799672937168e-05,5.701695529389609e-08,3.750880616673526e-08,,,,,,,,,,,,
sparse-b,524,1.3327033919583465e-06,2.16886008252843e-05,0.0,1.7617421338619113e-05,4.530799654968937e-05,4.135172012092926e-05,7.429443755401364e-08,2.0392192964564486e-08,,,,,,,,,,,,
sparse-b,525,1.587664629906033e-06,2.6473117407919218e-05,0.0,2.149602685231658e-05,5.504853016738965e-05,5.069595973501952e-05,1.1648864556705597e-07,3.1491083700638334e-08,,,,,,,,,,,,
sparse-b,526,1.8124388256654087e-06,3.113905009468602e-05,0.0,2.52737278408819e-05,6.425991571924302e-05,6.0058561157046517e-05,1.7047473252813778e-07,6.724876992643018e-08,,,,,,,,,,,,
sparse-b,527,2.3579106381669974e-06,4.163872998772394e-05,0.0,3.378256611781255e-05,8.523580505565538e-05,8.089296429055496e-05,2.8026186036635606e-07,1.458887443190441e-07,,,,,,,,,,,,
sparse-b,528,3.2095597861318976e-06,5.799417117734578e-05,0.0,4.7037248899103e-05,0.00011777811085825454,0.00011344833363275637,4.6458505669796893e-07,2.856551616742305e-07,,,,,,,,,,,,
sparse-b,529,2.4755063720455247e-06,4.560423396006799e-05,0.0,3.69784884424635e-05,9.20392744143552e-05,8.965990706850247e-05,4.256355223842753e-07,2.92118835030014e-07,,,,,,,,,,,,
sparse-b,530,2.305142278998184e-06,4.314697890274466e-05,0.0,3.497861157799536e-05,8.681028537072899e-05,8.49906752748545e-05,4.51794174599936e-07,3.351607907952131e-07,,,,,,,,,,,,
sparse-b,531,2.293547913654952e-06,4.402520671590739e-05,0.0,3.567887495545691e-05,8.81028055296979e-05,8.731037256988578e-05,3.120639258970438e-07,3.755848381488525e-07,,,,,,,,,,,,
sparse-b,532,3.46575840162466e-05,0.0002657689220227239,0.0,0.00021954665442142844,0.000614249770853266,0.000332798920206464,6.707654868254759e-05,4.895044834861801e-05,,,,,,,,,,,,
sparse-b,533,4.01455344925259e-05,0.0002694333473978799,0.0,0.0002235757848168091,0.0005864414043980746,0.0003611393041396909,7.542860986022213e-05,5.472407119353184e-05,,,,,,,,,,,,
sparse-b,534,4.1995855263007016e-05,0.00028967956762748206,0.0,0.000240142825154587,0.0005889702961323055,0.0004383334064379913,7.549649983405542e-05,5.591806810557589e-05,,,,,,,,,,,,
sparse-b,535,4.220968660072778e-05,0.00033199443365561164,0.0,0.0002740374842446349,0.0006514174364849533,0.0005482308545738995,7.316651023638756e-05,5.5162933327206256e-05,,,,,,,,,,,,
sparse-b,536,4.157391719889864e-05,0.00041479361822153424,0.0,0.00034014967801700716,0.0007975192997367152,0.0007332662008642803,7.243805129430229e-05,5.595092099083939e-05,,,,,,,,,,,,
sparse-b,537,3.853797462079458e-05,0.0005144488566307262,0.0,0.00041926668022873993,0.0009686141102878138,0.0009622156433151296,7.141921764742191e-05,5.5546455272539604e-05,,,,,,,,,,,,
sparse-b,538,3.5248216512013944e-05,0.000537600368607457,0.0,0.0004371299381883684,0.0009712032158883952,0.001057991744424135,6.818221924026175e-05,5.302429487703609e-05,,,,,,,,,,,,
sparse-b,539,3.482901328005057e-05,0.00047924356630058354,0.0,0.00039036065569647696,0.000769716851539458,0.0010302717797222632,6.670956319528674e-05,5.0276070745326214e-05,,,,,,,,,,,,
sparse-b,540,3.450301909499785e-05,0.000489594317682026,0.0,0.0003985760579646203,0.0007980786623237639,0.0010597066442661134,5.832540000278439e-05,4.2266564135442114e-05,,,,,,,,,,,,
sparse-b,541,5.392388874660812e-05,0.0005498175905412042,0.0,0.0004506388501822851,0.0009907522621072022,0.0010877416053583504,7.612463354956671e-05,4.4651861149697615e-05,,,,,,,,,,,,
sparse-b,542,9.84561131269204e-05,0.000926145079964764,0.0,0.0007606072865971954,0.001920033216445953,0.0014047083701142725,0.00030759337364769714,7.224535965113358e-05,,,,,,,,,,,,
sparse-b,543,0.00022398504019083835,0.0019417078934500808,0.0,0.0015981633227982323,0.004406777575535796,0.0021852293265441666,0.0010137755865137301,0.0001610490852066319,,,,,,,,,,,,
sparse-b,544,0.0005485454033768438,0.0038241495188637256,0.0,0.0031690286957663494,0.009128603701991842,0.0033761912827294047,0.0023923985475082015,0.0003994045432254557,,,,,,,,,,,,
sparse-b,545,0.0006234255231838642,0.00650866095202015,0.0,0.005331613866252893,0.016007309396958023,0.005382514595624406,0.003932828333180298,0.0007119914823178727,,,,,,,,,,,,
sparse-b,546,4.867133200580756e-06,8.978374498158997e-05,0.0,7.280042262538813e-05,0.0001694078153295113,0.00018809450678593305,8.002897445709403e-07,8.323680663445967e-07,,,,,,,,,,,,
sparse-b,547,1.0144977632175084e-05,0.00019120607414049021,0.0,0.0001549938548388272,0.00035734685636760577,0.00040418139483300156,1.4826790073550607e-06,1.813366353998545e-06,,,,,,,,,,,,
sparse-b,548,7.1977344125540455e-06,0.00013989938146974639,0.0,0.00011335905205830794,0.0002590018843198944,0.00029812761360428167,1.0241001292042711e-06,1.443927825605306e-06,,,,,,,,,,,,
sparse-b,549,3.0569309548662226e-06,6.157700561324435e-05,0.0,4.987299068156873e-05,0.00011437556205890054,0.0001308027858398332,4.588440369104612e-07,6.708305173331891e-07,,,,,,,,,,,,
sparse-b,550,7.539378585429063e-06,0.00015531919116078185,0.0,0.0001257632286457113,0.0003063380790990718,0.0003128227664701166,7.289772246175959e-07,1.3869418493213985e-06,,,,,,,,,,,,
sparse-b,551,0.00037513649806646685,0.002936232975716935,0.0,0.0024240136801868413,0.006175599315739006,0.0043149081813889665,0.0007843642504958396,0.0004700601552439276,,,,,,,,,,,,
sparse-b,552,0.000350891483914873,0.004106862243279281,0.0,0.003355668091406399,0.010785508199476776,0.004475382069918088,0.0007685083745401496,0.0003980503291821094,,,,,,,,,,,,
sparse-b,553,0.0002643382804745978,0.004623886202566434,0.0,0.0037519766181480668,0.01243641934341039,0.005241922157675005,0.0004279706830525502,0.00038923262612778963,,,,,,,,,,,,
sparse-b,554,0.0002315000998207601,0.004947956332415242,0.0,0.004004665085896345,0.012712927198216305,0.006490151926773647,0.0001721896991623036,0.0004165565055087114,,,,,,,,,,,,
sparse-b,555,6.678783427656494e-05,0.0014360489063808917,0.0,0.0011621966919600263,0.002954203721429919,0.0026694519002355708,5.622539385326182e-05,6.431461000481497e-05,,,,,,,,,,,,
sparse-b,556,1.9986933747135342e-05,0.0004442347985516018,0.0,0.0003593852255907085,0.0009620723876764997,0.0007983057123608037,7.215591932196378e-06,9.345502236907407e-06,,,,,,,,,,,,
sparse-b,557,1.1569361729190427e-05,0.00025170703050373197,0.0,0.00020367949674882367,0.0005926743674644608,0.00040724066443009234,3.7144423272082433e-06,3.1986477931666243e-06,,,,,,,,,,,,
sparse-b,558,6.052233891787463e-06,0.00012700844614903976,0.0,0.0001028172036975893,0.00030654251196392637,0.00019810659242336403,2.4432437166478256e-06,9.414364922207929e-07,,,,,,,,,,,,
sparse-b,559,8.754698934656611e-07,1.3346353877153769e-05,0.0,1.0852177080416147e-05,2.690443663507239e-05,2.461017932548859e-05,1.7128808178157913e-06,1.5791873023830465e-07,,,,,,,,,,,,
sparse-b,560,2.3375415948609844e-06,6.668426046447162e-05,0.0,5.38149166905495e-05,0.00015609768639271578,0.00010727329867174843,2.8372694191730574e-06,5.287873742491821e-07,,,,,,,,,,,,
sparse-b,561,3.7514209517557567e-06,9.954578549168835e-05,0.0,8.038691258370183e-05,0.0002483222522914604,0.00014455671665769256,4.368997992279296e-06,9.351750253211479e-07,,,,,,,,,,,,
sparse-b,562,5.327617070275615e-06,0.0001380749858003994,0.0,0.00011152551205437464,0.0003364805999863719,0.00020790830003495725,6.309165343886001e-06,1.6018778363824406e-06,,,,,,,,,,,,
sparse-b,563,7.763164711635693e-06,0.00019690959776050746,0.0,0.0001590803111507331,0.00044759361617985614,0.0003286140148436412,8.55605365646576e-06,2.874706362066798e-06,,,,,,,,,,,,
sparse-b,564,2.5265933297220222e-06,5.9544181192742936e-05,0.0,4.814066362013875e-05,0.00011553575531354585,0.00012078521325527118,8.708874170527771e-07,9.848687851019396e-07,,,,,,,,,,,,
sparse-b,565,3.0336118062148943e-06,7.088691229814339e-05,0.0,5.731625219975769e-05,0.00013705371649715703,0.00014420135326831388,1.0957718452114876e-06,1.1968075818911216e-06,,,,,,,,,,,,
sparse-b,566,2.9556413285927326e-06,6.828155817367836e-05,0.0,5.521637480466122e-05,0.00013184706573166782,0.00013905602145205026,1.0598329776398464e-06,1.1633125333554571e-06,,,,,,,,,,,,
sparse-b,567,0.0001330654759192441,0.0013496705274771204,0.0,0.0011063495171655452,0.0041643806879120395,0.0010225512190032487,0.00013073719508873756,8.101300790445578e-05,,,,,,,,,,,,
sparse-b,568,1.7495792705834907e-05,0.00041334072226427573,0.0,0.00033417173635258754,0.0008944971389554761,0.0007328533942835892,1.782921263458529e-05,8.183143183452202e-06,,,,,,,,,,,,
sparse-b,569,5.695518811488727e-06,0.000136729520491982,0.0,0.00011052272015588336,0.00035767436089984456,0.00018185016071938767,6.256191862193492e-06,1.1373684865022327e-06,,,,,,,,,,,,
sparse-b,570,1.7482144520812772e-06,4.520802343408448e-05,0.0,3.6516061637683836e-05,0.00016809710397822734,7.142253353636599e-06,4.403526124386515e-06,1.189210280087478e-06,,,,,,,,,,,,
sparse-b,571,2.205051518786719e-06,3.9178945947032256e-05,0.0,3.1784167061383146e-05,3.312545787088734e-05,0.00012000701933172713,2.4287140208444357e-06,1.1545925646701213e-06,,,,,,,,,,,,
sparse-b,572,5.497445378342011e-06,0.00010494737657634104,0.0,8.505739033674124e-05,0.0001420765319604802,0.000274866711366442,1.1698521865109354e-06,1.6764107919310097e-06,,,,,,,,,,,,
sparse-b,573,0.00011356069406036276,0.0011995964551809399,0.0,0.0009823893029568245,0.002168746268274699,0.001928309597816014,0.0003515098897870818,0.00034982006484596506,,,,,,,,,,,,
sparse-b,574,0.00022619850468681875,0.0021399855134077044,0.0,0.001757228111663527,0.004366014137135418,0.002688342585896741,0.0009727849923832901,0.0005328003382153669,,,,,,,,,,,,
sparse-b,575,0.0002777729591380632,0.002863243798364911,0.0,0.0023461496305195416,0.005983487842759442,0.0033970200471389747,0.0014117063790482357,0.000660760924512992,,,,,,,,,,,,
sparse-b,576,0.0002948036251828286,0.003379968147929998,0.0,0.002762935243380564,0.007873655249926035,0.003460691859572581,0.0014962542082507032,0.00068927127397067,,,,,,,,,,,,
sparse-b,577,0.0002865985621630923,0.00387647747272334,0.0,0.0031585016906112906,0.010538265671533808,0.0030477399414133143,0.001256346094964635,0.0006635581829816034,,,,,,,,,,,,
sparse-b,578,0.00029460331423538576,0.004646576365289326,0.0,0.003776181755078538,0.013607497225440104,0.0035688370360958347,0.000736610770104524,0.00067336042951684,,,,,,,,,,,,
sparse-b,579,0.000246310877844191,0.005262524563444626,0.0,0.0042592818263245385,0.01552241477147066,0.004554000816251299,0.00046083571444066417,0.0005128469516158847,,,,,,,,,,,,
sparse-b,580,0.0001772296848440483,0.006102294619413587,0.0,0.004917281632499678,0.01627773968193277,0.0064636756917971095,0.0012337172749395321,0.00043404582898493206,,,,,,,,,,,,
sparse-b,581,0.00019315843350948338,0.0055504885960981805,0.0,0.004479022563580441,0.012690486656117269,0.008413393676430413,0.0009035361259439481,0.00019453792590109004,,,,,,,,,,,,
sparse-b,582,0.00021207383455380195,0.004636099107026844,0.0,0.0037512940525322356,0.010164614991280276,0.007884195007070095,0.0003703712316117616,0.00012521519814524565,,,,,,,,,,,,
sparse-b,583,0.0001884498411987324,0.0037418352266391725,0.0,0.0030311581495510846,0.007857776866482485,0.00684972816882891,0.00016442332661711564,9.541254462817817e-05,,,,,,,,,,,,
sparse-b,584,0.00016657094290188537,0.0031393244564554158,0.0,0.0025447737537447096,0.006256483653928937,0.006171355469703034,7.584787253518075e-05,5.3610829654510474e-05,,,,,,,,,,,,
sparse-b,585,0.00015467355611692096,0.002824457632769327,0.0,0.0022905008174388458,0.005384761820266211,0.0058403954803809685,4.336416195922661e-05,2.930906847090034e-05,,,,,,,,,,,,
sparse-b,586,0.00012023019234204231,0.002147185850358908,0.0,0.0017417947187555345,0.003972710779567478,0.004573472811529892,2.4075683409091622e-05,1.848412692916952e-05,,,,,,,,,,,,
sparse-b,587,7.896076168461537e-05,0.001379872405151319,0.0,0.0011196900764579782,0.0025023267119520195,0.0029796374515281957,1.867572111953382e-05,1.884973600552707e-05,,,,,,,,,,,,
sparse-b,588,4.059399793367063e-05,0.0006709331312495557,0.0,0.0005448653045863788,0.0012126611397631772,0.0014340161062579074,1.9307166477999314e-05,1.7748112499138623e-05,,,,,,,,,,,,
sparse-b,589,1.53124745279458e-05,0.00019329497532713332,0.0,0.00015769847516729582,0.00043420324192073445,0.000294528940268304,2.5411419858295477e-05,1.9036299261199323e-05,,,,,,,,,,,,
sparse-b,590,1.9163984340611065e-05,0.0003972820451763854,0.0,0.0003216584330092306,0.0007722130237634533,0.0007735210292559125,2.4540400366580857e-05,1.8853727319595102e-05,,,,,,,,,,,,
sparse-b,591,2.0179404421033352e-05,0.0004318177773964443,0.0,0.0003494901028013621,0.000839744565638546,0.0008547986624804448,1.7941262942565467e-05,1.4786618524220645e-05,,,,,,,,,,,,
sparse-b,592,1.7757640816785628e-05,0.0003617143991130786,0.0,0.00029292304745382,0.0006935991772095741,0.0007288698794953033,1.3692923215837558e-05,1.0695616531599448e-05,,,,,,,,,,,,
sparse-b,593,1.3425558195078946e-05,0.0002406076961326685,0.0,0.00019517126854515059,0.0004740129272610049,0.0004560651651152627,1.897667513286818e-05,1.337601702153825e-05,,,,,,,,,,,,
sparse-b,594,1.1963477230505865e-05,0.000190171415040093,0.0,0.0001545298274781756,0.00044073670543839244,0.0002802442833767407,2.3034745917836694e-05,1.6669925427402145e-05,,,,,,,,,,,,
sparse-b,595,1.2717022611683407e-05,0.00018641264280501546,0.0,0.00015167351876634906,0.0004717654286303986,0.00023027786094621577,2.474181405115094e-05,1.886546759229656e-05,,,,,,,,,,,,
sparse-b,596,1.2579447087267255e-05,0.00016016512407877965,0.0,0.00013064798868047718,0.0003810800970138603,0.000216996903599831,2.3675514554157915e-05,1.8907981147269445e-05,,,,,,,,,,,,
sparse-b,597,1.1792199420960343e-05,0.00013043289870318353,0.0,0.00010670475884673888,0.00023156516878835163,0.0002510633487673072,2.1219564909095113e-05,1.788351234798016e-05,,,,,,,,,,,,
sparse-b,598,8.602028527977258e-07,1.5135427727209384e-05,0.0,1.2280382752327053e-05,2.5507802126875492e-05,3.4727440537309514e-05,7.273957645922594e-08,2.3372866819330795e-07,,,,,,,,,,,,
sparse-b,599,1.255737730006413e-05,5.8142624386350274e-05,0.0,4.902557496909304e-05,5.140794675963446e-05,0.0001391370872175496,2.1711642638408792e-05,2.0313820929808253e-05,,,,,,,,,,,,
dense,0,0.04032791578887799,0.07306785373528493,0.09095759724374829,0.08377002927382335,0.08942398171855935,0.07829799565238776,0.0690731402451976,0.05547629732499499,0.15272636360311487,0.09423813635117083,0.05637465460360741,0.050737921095080366,0.08022326343588325,0.05371778094817688,0.09676659240541842,0.10205596598935342,0.072934301506117,0.09739336747618683,0.11271047753916129,0.12161234197170874
dense,1,0.0370422765507903,0.06854154079854069,0.09385946577968156,0.0845601193588901,0.08870371207182327,0.07307874187705322,0.06603637657231427,0.04634733267297197,0.15736776887314016,0.09912295562439143,0.05984686607407515,0.05667648431079401,0.08164168370150875,0.05241228099275091,0.09720908356889234,0.10619064885002219,0.06955035742504664,0.11300169723941036,0.11210981393344405,0.1211839487627027
dense,2,0.032964204090656014,0.06344272135468423,0.0972430599106152,0.08550892990804561,0.08810163661796129,0.06802684800412956,0.061610116310500986,0.036032284486145136,0.1631508903784554,0.10446120648087577,0.06409433062988504,0.06380674461979059,0.08364320275516829,0.050958886548020985,0.09760095916709308,0.11162130505268145,0.06513249616916417,0.1303142022713192,0.11132491912847807,0.12080757572645048
dense,3,0.028771109908805444,0.05875544527961556,0.10189591728193037,0.08744375873002544,0.0901057350306257,0.061603435905256354,0.05622252409847788,0.027090086084102332,0.16893948204476106,0.11613570183555828,0.07087588139341854,0.0722167885840255,0.08595201137133386,0.05400546974380608,0.09814935201700901,0.11822622493027735,0.060201683000704546,0.14630559639137716,0.11076619341570548,0.12097662265518766
dense,4,0.025271339871192677,0.055053068621342294,0.10624294815848113,0.08943523483872562,0.09293431305459098,0.05582840816301345,0.050489320710915477,0.020960232556849277,0.17368531209024216,0.12816864915117956,0.07758067975648295,0.08080424372935976,0.08816053716744023,0.05730063444356769,0.09838450174299021,0.12486026448937546,0.05544059587459472,0.15877789032148976,0.11029982904054077,0.12145224009451039
dense,5,0.02261610803726589,0.05193041030135442,0.1091410158325709,0.09058999642550201,0.09417132197079782,0.051213683312976224,0.045067691228534816,0.01726894469310879,0.17722823557320272,0.13601453722493395,0.08193988574214399,0.08728733205534342,0.08940850842681244,0.05774699985646265,0.09820173512456505,0.1308420215252843,0.051431351342814534,0.16778435476420664,0.10995211542577761,0.12185511292930311
dense,6,0.020621323287591527,0.049171147994416624,0.11078904024594867,0.09098672930686129,0.09370121552341996,0.047555435626065276,0.04032093414582074,0.01510700668236051,0.17981207054005485,0.13996811225711628,0.08418594706216845,0.09139705444589839,0.08959443625960432,0.05596706149584153,0.09779842992241626,0.13611593534948974,0.04842236362134543,0.1742739170048632,0.10982998816988802,0.12210316682269759
dense,7,0.019079507556684205,0.04668000701673548,0.11158588850291824,0.0908723645681556,0.09202217586354748,0.044659381740527276,0.03627239543728928,0.013766075025577898,0.1817388942685279,0.14113199968433768,0.08507384446642792,0.09367420176085195,0.08895883020045947,0.052795403079506385,0.09731677221066064,0.14077245979503777,0.04634623715535402,0.17907043283572885,0.10993054057312693,0.12222104600499954
dense,8,0.01783776201345253,0.04441586162679651,0.11186295199752677,0.0904621548524094,0.08966119139165346,0.04235519750697921,0.032801011767049276,0.012846045841504098,0.18324890857658108,0.14054268197547282,0.0853110431436031,0.09470170915160789,0.08779819314080993,0.04882783215836515,0.09684402771393792,0.14491787010401092,0.045023668881044275,0.18268654642591667,0.11020607636513358,0.1222468663338378
dense,9,0.01680391573899434,0.04236264776169055,0.11186321602030146,0.08991841758996318,0.08701125943513274,0.04051400549231761,0.029767306255609263,0.012158019863702577,0.18449782333431164,0.1389742285333012,0.08537094955287874,0.09492510765592609,0.08638733578907061,0.04464778698226981,0.09643197055711077,0.14862617003996556,0.0442714332137181,0.18539549709795097,0.11061239599534095,0.12221789349177296
dense,10,0.01592072759079545,0.04048373962265511,0.11172159326731192,0.08932440031112698,0.08422321539887345,0.03904387619219754,0.02706223318548321,0.01160563371406626,0.18557313967799555,0.1368965492073075,0.0854680624462424,0.09465502471437416,0.08485086360781816,0.040628888850792015,0.09610380901276998,0.15193690803403337,0.043925506178969266,0.18735290050287856,0.11111409990750405,0.12215336706705834
dense,11,0.015471966467920466,0.039043384776431475,0.11111502614499945,0.08853093054786115,0.08048366388562093,0.03874670010264933,0.02613280620173608,0.010810368915719563,0.1859749183251926,0.13373056666683666,0.0853667810473759,0.09302255084538189,0.08263109884956457,0.037053685034872975,0.09590339493208112,0.15363191107595342,0.04434914060629159,0.18850040365271234,0.11164966493928138,0.12156619776444914
dense,12,0.01542447168625817,0.03798996291941449,0.11023243625785416,0.08765726814459801,0.07669185507582994,0.038707732595995956,0.026573405819916792,0.009986858185915257,0.18578200613353166,0.1302062298613298,0.08504332122621663,0.09083111110699861,0.07993145117835278,0.03426337614715279,0.0958121366453042,0.153938871023937,0.044814815761381036,0.18887317788048547,0.1122129284909345,0.12107980963862534
dense,13,0.015474650899049975,0.03703081657776272,0.10945945136195907,0.08688890197374176,0.07363569713699329,0.03804893096366829,0.026975760943635747,0.009462877266753546,0.185507557679485,0.12735547949362963,0.08479874967131411,0.08916449810042286,0.07731344449939849,0.032174396687737895,0.09578155550212498,0.1539934234781912,0.04487834189820625,0.1888228798019304,0.11275743490381819,0.12096565462724979
dense,14,0.015545789389970656,0.03613631581186158,0.10882005097892768,0.08623127437556169,0.07099587167624494,0.03715480661858688,0.027260521415238593,0.009134063537375881,0.18524614611484355,0.12511979468176324,0.08473943327886926,0.08785114310358515,0.07494319200655714,0.030610891388921996,0.09577643213952323,0.15398453503943246,0.04479725933675923,0.18863674066898697,0.11320287037898637,0.12093217360890322
dense,15,0.015614932120163263,0.035300944787594726,0.10828603012890732,0.08566182781279,0.06862935690320181,0.03620602818555801,0.027463087411275275,0.008905306650343824,0.18501260495656152,0.12333983078608142,0.08482584897690347,0.08678392896551702,0.07280355450198012,0.02940838346774709,0.09578247082872308,0.15395060017779735,0.04463092724058796,0.1884054981599367,0.11356525412253557,0.12092345936251654
dense,16,0.01567376350600889,0.03454716147549436,0.1078489200747595,0.08517937942971181,0.06657083211490328,0.03529559204948861,0.027594616553076032,0.00872760518450952,0.1848180254276888,0.1219353987898003,0.08496936898317896,0.08593802862101635,0.07092607252540169,0.02852851606238534,0.09579692457887562,0.15392922822564095,0.04432961273260342,0.18818450481467458,0.11390545590987514,0.12092590422597316
dense,17,0.015719459831934224,0.033867667889530724,0.1074910392946193,0.08476956487796992,0.06476925434043201,0.03445478532878055,0.027661193111458957,0.008585438777451384,0.18466617790944084,0.120832254406329,0.08511685841092563,0.08529565587023684,0.06929877732444457,0.027860273072806124,0.09581422879436026,0.1539442736725976,0.043912588761252196,0.18799461303381734,0.11422040277255378,0.12093636750666749
dense,18,0.015751205185020573,0.03325869683669855,0.10719629874547011,0.08442009279279153,0.06324204392871631,0.033654601337694025,0.027670751143047335,0.008467390937336512,0.18455429716206107,0.11995569674898884,0.08527453429306588,0.08481586763787438,0.06795024592864832,0.027285461719396373,0.09583819848972522,0.1540002162731005,0.04340628187562113,0.18780938239042091,0.11451461596045456,0.12095078646628406
dense,19,0.015767104141511928,0.032697222029549285,0.10695327111284171,0.08411736738904763,0.061893794010470904,0.03291450979416031,0.027614545978631,0.008366038334934928,0.18447637452403143,0.11923530581034866,0.08543502397722469,0.08446784900815142,0.06683300371335466,0.026757252909388535,0.09586629618768501,0.1541097702452205,0.04282276255761705,0.1876711217390817,0.11479685573719443,0.12096763694480248
dense,20,0.01576337340764179,0.03218792727850082,0.10676489921923149,0.08386434547955429,0.06076038868316108,0.032226048161688156,0.027486185712639707,0.008279086556514314,0.18444303119070704,0.11867216407576803,0.08561441578510148,0.08422899267400856,0.06592276768186753,0.02629991990800705,0.09590162596019966,0.1542754352599104,0.042210583291846154,0.18754918627172518,0.1150746205020481,0.12098604802958877
dense,21,0.015737732437566695,0.03171362356693488,0.10663537388716642,0.08365980666772373,0.0598079769736591,0.03157357858864782,0.027267126561313363,0.008205812144119223,0.18446106888099534,0.11824453751212456,0.08584733959624954,0.0840853161173371,0.06516778877476598,0.025889558300240572,0.0959424930757509,0.15451024933702082,0.04163790738662805,0.18748101820587504,0.11535187648647668,0.12100533297253246
dense,22,0.01568706989963801,0.031261676663369174,0.10656175076666129,0.08349851680900294,0.05897584874210615,0.030985674811645894,0.026937054117879656,0.008148128981844987,0.1845304305753656,0.11793142300463715,0.08612745014719977,0.08400898023853506,0.06452028739972727,0.025533144628686652,0.09598841880854521,0.15482277741127826,0.04116589263900539,0.18745231359109035,0.11563281971301803,0.12102707104284648
dense,23,0.015605150938130126,0.030823722954278685,0.10655658122633777,0.08338700102772341,0.05826747508642412,0.030452425543584374,0.02646774968358998,0.008107241503516271,0.18465653599445048,0.11772670209794987,0.08646305100451075,0.08400604145402835,0.06400866646739083,0.025220064812550055,0.09604128655538564,0.15523041328363654,0.04089260036206704,0.18745970601716705,0.11592203716116908,0.12105186950574762
dense,24,0.015484584988756298,0.030388119644785702,0.10663786265937082,0.08333478914590288,0.05767155924044676,0.029966772867963436,0.025831640499824976,0.008082505970907629,0.18484573686126568,0.11762181886526485,0.08686583356349349,0.08408043582946756,0.06362197766071805,0.024934585476522043,0.09610483851303141,0.15574938378162448,0.04101784805389864,0.187509438758729,0.11622349589757301,0.1210789586508618
dense,25,0.015318379603521337,0.029945131652274103,0.10681229494134137,0.08334390855933613,0.05716099938010388,0.02954161986446253,0.025006463267406263,0.00807144409712373,0.18510364145110256,0.1176004307128733,0.08735382743689987,0.08421552116473872,0.06333671999170927,0.024678389091922867,0.09618323078849311,0.1563776832363007,0.04167599865576678,0.1875762811514084,0.11653831023837848,0.12110750537650208
dense,26,0.01510048168233741,0.02947777961078769,0.10708674336027509,0.08341485414404642,0.05669080635717426,0.029176518497991202,0.02397420506390955,0.008069588524075754,0.18543365356816596,0.11763820929018166,0.08794331635290349,0.08441246463325196,0.06313270867842333,0.024452316600698375,0.096282118968916,0.1571037433975147,0.04300093810951548,0.18764129359386914,0.11686593634044708,0.12113422078941395
dense,27,0.01482889127446303,0.028973766794808738,0.10746124785443473,0.08354464310040677,0.05622693559972654,0.02886116830638567,0.02273192375266009,0.008075039520462646,0.18583073425304225,0.11770669958847552,0.08864048254740452,0.08465598573464675,0.06298805062267748,0.02426167140942703,0.0964031510996058,0.15792042336685957,0.04505265449578443,0.1877152295215742,0.11720249624582453,0.12115739536789488
dense,28,0.014507650668631042,0.02843085301100333,0.10792397490698274,0.08372463303508455,0.055732175723072125,0.028604587494794394,0.021303011009459284,0.008083637816687528,0.18628295878847065,0.11778291566838367,0.08945086348125132,0.08491544207541438,0.06287460275660724,0.024133611312892204,0.09654478505579299,0.1588049433764976,0.04778194558725378,0.18779782846527557,0.11754359116093699,0.12117421115501648
dense,29,0.014170434377265105,0.02787261401351536,0.10841377537104256,0.08391918793434337,0.05567825291179364,0.027909874688901857,0.019809918570186307,0.00809240988317963,0.18672352354997443,0.11796349569809313,0.09003081795781089,0.08548750589220312,0.0627985536561395,0.02369286580937989,0.09677316848256483,0.15963796807408112,0.05095561642921099,0.18781529547434722,0.11791090883221512,0.12117558459649028
dense,30,0.013876708125116412,0.02737360900893218,0.10885487101316223,0.08409585860698776,0.05651093441784339,0.026435355351141755,0.018454449167834074,0.008093697098909503,0.1870538283399803,0.11833289787142322,0.089998301198518,0.08663466340729774,0.06281949854228985,0.022675382362835263,0.09714466699988265,0.1602449187853667,0.05419877940766504,0.18768620308751233,0.11832009898063763,0.12114921317453796
dense,31,0.013613373471732639,0.026914707705036206,0.10927323200077253,0.08426770519418515,0.0569225813442185,0.025435602006793,0.01722264442144408,0.008078003047689242,0.1873259491792757,0.11856878961786645,0.09006327019037082,0.08751207682360478,0.06286913343271223,0.022107414162790332,0.09746918690247003,0.16071400312328915,0.057304400160208116,0.1875483852816668,0.1186890776172341,0.12110709751778162
dense,32,0.013379700526377476,0.026484735565388336,0.10964871453571,0.08441783630685004,0.05703230140854454,0.02472929878265762,0.01613504731166777,0.00804229475868342,0.1875466803864769,0.11867429271458267,0.09020000074844554,0.08817700395258864,0.06283841689629471,0.021926464046654673,0.097749725091172,0.161087377823478,0.06012178621488159,0.18740113964969934,0.1190086592368039,0.12105302766744198
dense,33,0.013173978678592308,0.026084754464518835,0.10997986887370213,0.08454537782477017,0.05697849139856422,0.02418256604657264,0.015189381633727727,0.007988578779210744,0.18772247191215552,0.11866945697884215,0.09041044319844972,0.08867167850441594,0.06270713809979131,0.022050100385307043,0.097991606314216,0.16138805028062816,0.06262396326048446,0.18724647246580775,0.11928016478538445,0.12099688029894305
dense,34,0.012994930502031179,0.025722216300448995,0.11026781739982429,0.08465280026480698,0.05686885197856256,0.02371799374155801,0.01437941452578344,0.007922604955891978,0.1878585996558187,0.11858516156724949,0.0906282810221105,0.08905172062403542,0.062497564401494544,0.022413602499184525,0.0982012676634496,0.1616305287735034,0.06480579617972913,0.18709067388624878,0.11950834893435028,0.12094226359071719
dense,35,0.012840469448860593,0.025386554696285285,0.11051918722003524,0.08474217263967206,0.0567121918937572,0.023291784932498397,0.013691363498796795,0.007850878460088745,0.18796078505551536,0.11844435465095494,0.09085377352937679,0.08937970323778065,0.06222775856868034,0.02294121125549459,0.09838212036766297,0.16182800428199234,0.06668779800694075,0.18693681044899732,0.11969715517704427,0.12089077205998267
dense,36,0.012707477730146056,0.02507289711237253,0.11073735737801778,0.08481455027740291,0.05652984675922555,0.022876108141950097,0.013106924331186424,0.007778709217128058,0.18803556132472377,0.11826890603974773,0.09108844850625769,0.0896681714243149,0.06192522469966615,0.023563721362133888,0.09853771646459512,0.16199055020009417,0.06830058937131017,0.18677396709009397,0.11985180828346306,0.1208436237698129
dense,37,0.012591802776701586,0.024778615399371245,0.1109302066519877,0.08487463201164934,0.05634497980374665,0.022451914335183145,0.01260813872623678,0.007709428732318403,0.1880902111467535,0.11808399066305197,0.09133275863684437,0.08993139022050077,0.06162288063860156,0.024219033548717916,0.09867248953938025,0.16213096008387567,0.06968047453665116,0.18662250995167873,0.11997738885751494,0.12079839200028175
dense,38,0.012491765391232229,0.024557893282905235,0.11107322593990498,0.08491776763539488,0.056373029994386786,0.021982098978982206,0.012216202118909626,0.007660242039342313,0.1880989251486308,0.11793882393264545,0.09144909751295721,0.09013459151548917,0.06130993514839349,0.024739541435793263,0.09880355824257323,0.16225693271343816,0.07083665254592578,0.1864597383552825,0.12008565401045114,0.12076526071727983
dense,39,0.012414068233498644,0.024388390242907194,0.11118262766871014,0.0849505388958617,0.056495949823827496,0.02151675407339619,0.011917037047544096,0.007623820026860986,0.18806541641854024,0.11779898868697912,0.09148527554679854,0.09031226434816164,0.06109750956881264,0.025172928635387257,0.09892742594839735,0.16236198895625048,0.07179076729222389,0.1862745295840715,0.12017097370037003,0.12073346333852901
dense,40,0.01235471847979733,0.024262658703125897,0.11126793965275551,0.08497768406619807,0.05668415179717906,0.02107901738245358,0.011691693977262475,0.007595771655608481,0.18800064922791346,0.1176649690176832,0.09145326485938453,0.09048548100526038,0.060982791593058694,0.02554009246507721,0.09904590841618602,0.16244950983412904,0.07258394287658182,0.1860709812996468,0.12023748800113397,0.12070019723701114
dense,41,0.012309863312767903,0.024176461443430036,0.11133399652307381,0.08500139219784551,0.05691734013054963,0.020691598938442666,0.011524376544969376,0.00757253015975847,0.18791330457063846,0.11754277295483599,0.091359696515329,0.09065937065697204,0.06094809235227163,0.02583749878002239,0.09915996360655599,0.162523979683607,0.0732554092993828,0.18585268515009046,0.12029069878932193,0.12066448591785808
dense,42,0.012275540088419565,0.024122298318610156,0.11138283064209993,0.08502110006282702,0.05718816192913926,0.02034901291116663,0.011401363843059401,0.007550654591075336,0.18781053799105837,0.11744441955699038,0.09120941919868157,0.09082483386062892,0.060974073346724535,0.026065670564972585,0.09927027386097373,0.16258766391268858,0.07382911456594193,0.18561913580880215,0.12033313247072525,0.12062569256701103
dense,43,0.012248814093990652,0.024087683901893125,0.11141547106733517,0.08503442367703444,0.05748199710832176,0.020024143160952336,0.011314048873097955,0.007530546465200445,0.18769588589050254,0.11736482971201138,0.09101165844922035,0.09100310770450493,0.061048787948674806,0.02620733076081208,0.099378506852033,0.16264142688998337,0.07432313836718828,0.1853580712370153,0.12036789567557901,0.120585013320497
dense,44,0.012227591367821705,0.02405803293254491,0.11143516043833722,0.08504009696223812,0.05778691669150531,0.01967736428482676,0.011255403455594504,0.007512447298253068,0.18757109719316098,0.11728376727241956,0.09078218437069563,0.09120211324615324,0.06116092079535557,0.026303516729196133,0.09948536874813538,0.16268568417793813,0.0747490298481228,0.18505800843280742,0.12039662812522231,0.12054360632083938
dense,45,0.012209906868018346,0.0240271753226391,0.11144149592144777,0.08503626818917343,0.05808908020834047,0.019306820775420057,0.01121706492908452,0.007495735377711351,0.1874399403335868,0.11720004642791743,0.0905293918505837,0.09139289040510827,0.06131542619309337,0.026363719491427424,0.09959157450311332,0.16272422394856492,0.07511400837893593,0.1847056540493346,0.12042102301791328,0.1205000524577944
dense,46,0.01219480479934824,0.024000073193533988,0.1114384950884717,0.08502688462559672,0.0583979668876234,0.018929295030214826,0.011195423233716676,0.007477607622581044,0.18730368735400252,0.11711818613631736,0.0902712480000038,0.09159080556339974,0.06149439577537217,0.02639511438210162,0.09969699645951272,0.1627579665796168,0.07542413266756924,0.18431127765095065,0.12044270416097015,0.12045542633184356
dense,47,0.012182164323233399,0.023982113452111316,0.11142689159608805,0.08501372454616091,0.05871183858225324,0.0185721054902214,0.011186211162655803,0.00745829857331481,0.18716250276830154,0.11703364394100793,0.09000279150084432,0.0917902580037593,0.06169758376421027,0.02641723259140172,0.09980159067566258,0.16278492619871615,0.07568579715716219,0.1838751921725267,0.12046193999863217,0.12040924038083166
dense,48,0.012171340682893236,0.02396783322953587,0.11140678937613661,0.08499553800674564,0.05901622437093919,0.018230706099154333,0.011186686484995077,0.007437715963054876,0.18701721094608934,0.11694755708108923,0.08972136356261429,0.0920175886615505,0.06189409453392286,0.02644496008881466,0.0999065477544043,0.16280326597910721,0.07589230261538428,0.18339551144505983,0.12047970576565394,0.1203613640799488
dense,49,0.012161119370106778,0.023953498624546245,0.1113815680161524,0.08497376059188945,0.059294228656971724,0.017913337900608502,0.011191798644503953,0.007414629296100808,0.18687022509718415,0.11686543512795719,0.08943234221658876,0.0922560858478707,0.06209842022959402,0.026475430627853205,0.10001148957145861,0.1628128084888928,0.07606514166866359,0.18288428708312765,0.1204951394854851,0.12031201074915317
dense,50,0.01215083575342451,0.023942391794022716,0.11135331625442497,0.0849505998813303,0.05957141349861346,0.01760891014733357,0.011199617435298596,0.007389626094845242,0.18672261669484552,0.1167874488397402,0.08914262188605335,0.09251316866099049,0.06229441514431312,0.026523513900303965,0.10011724565827448,0.16281437041054952,0.07620829137612986,0.18234422658180166,0.12050993628252252,0.12026193961757502
dense,51,0.01214094565434579,0.02393154026233319,0.11132284782705369,0.08492595768401899,0.05981478735940226,0.01734154326276201,0.0112088780702961,0.007360952356872392,0.18657521735262098,0.11671279835013686,0.08884652994413655,0.09277158058587434,0.06251683079559274,0.026576375502201488,0.1002238035667502,0.16280525578585053,0.0763343728102795,0.18177747768428124,0.12052267536918516,0.1202112561777345
dense,52,0.012130371491689976,0.023923521348057853,0.11128970488383745,0.08490005385235122,0.06002928405843194,0.017119171145561468,0.011216047952005427,0.007329582236232573,0.18642879572242727,0.1166465124234657,0.08854687278272123,0.09302358892198803,0.06275999204075496,0.026614219681904156,0.10033113545857233,0.16278317069930257,0.07646658892197672,0.18118149592319963,0.12053360041441816,0.12016048561531863
dense,53,0.012118820397904859,0.023915762701361355,0.11125464654960245,0.08487280175285762,0.060221790119545204,0.01692143073172686,0.011222490774091369,0.007297339180081983,0.18628464113523893,0.11659607487947994,0.08825306171465658,0.09327568239442563,0.06301621711182559,0.02662606546881196,0.10043955646789608,0.16275138852422205,0.0765998571703448,0.18056198264266743,0.12054108756716415,0.12011014351849622
dense,54,0.012105111438551561,0.023902594428049186,0.11121662459389363,0.08484205789867483,0.06040277093757791,0.016712834634778264,0.011229659171952766,0.007265112967887797,0.18614579873275705,0.11656400601050226,0.08795867191009336,0.09354073090640512,0.06329297358100107,0.02660842783038779,0.10054798655481896,0.1627120974103546,0.07670342067939608,0.17992056290098163,0.12054406612300485,0.12006075248702071
dense,55,0.012089761011343273,0.023875100561452246,0.1111760051600424,0.08480601324574477,0.060537132474432695,0.01648920549750625,0.011245719788258564,0.007228344485611478,0.1860098428567527,0.11652964784224301,0.08767454826378757,0.09379525174308533,0.06358668533953114,0.026589105202241954,0.10065375171436519,0.16265937897112204,0.07680531107253995,0.17925847607339943,0.1205392499891668,0.12001081285227373
dense,56,0.012074159768860905,0.023825521422863715,0.1111294067457844,0.08476053684763109,0.060564273595246076,0.0162744859751118,0.011277516646742312,0.0071858094743546645,0.1858705110188031,0.11646404588953674,0.08741664863114984,0.093993374252128,0.06385934566526422,0.02659348022134228,0.1007549364551433,0.16257769681090353,0.07697361255336345,0.17856664570190642,0.12052313114103369,0.11995945260883803
dense,57,0.012055119544936757,0.02376736067210227,0.11107904209137097,0.08471018043116456,0.060543816757035365,0.0160778780297985,0.011301837826378369,0.007145910075196852,0.1857340383326523,0.1163780040857013,0.08718083147018166,0.09416051467547862,0.0641221318285824,0.02661435235157449,0.10085519919723236,0.16247508703203117,0.07718896986382959,0.1778228629341892,0.12050436964107503,0.11991214368392343
dense,58,0.0120301803067379,0.02370623852175518,0.11102686896601877,0.08465750364623435,0.0604888062682277,0.015919121529379326,0.011308724715920888,0.007108301573492817,0.18560561754461288,0.11627823462726211,0.08696603928663829,0.09431190974987186,0.06437941770268296,0.026642734109183934,0.10095595472428238,0.162355555471226,0.07744612418949466,0.17702958138318192,0.12048492371974238,0.11986633508404598
dense,59,0.011998989914430684,0.023646458750650447,0.11097118917703619,0.08460229970832159,0.06040137946288678,0.015815226639171797,0.011298343238798565,0.007070885661744639,0.18548709129826185,0.11616267551682076,0.08677506840469637,0.0944469596603379,0.06462849653264385,0.026687205711901085,0.10105696215259091,0.16221710794464853,0.07773311371355524,0.17617346278660395,0.12046495066143645,0.11982117574093765
dense,60,0.011960647990477568,0.023586748256339597,0.11091249537891353,0.08454456385663518,0.0602854264342046,0.015757702065092746,0.011271528885874326,0.0070323356401867185,0.18538138198398513,0.11603079488002539,0.08661942336308191,0.09456398786974647,0.0648709763878865,0.026746428881187962,0.10115814535006269,0.16205839722344836,0.07804851481053339,0.1752500962837216,0.12044390653286914,0.11977789098041373
dense,61,0.011913646579537217,0.023525600410895027,0.11084976986903257,0.08448313450891226,0.060134134261208255,0.01575181315722234,0.011223663436075525,0.006992790789074005,0.18529331511132394,0.11588905172164575,0.08650184587581014,0.09466274431206258,0.06509358162207578,0.026824770974522485,0.10125896161277538,0.1618798141401762,0.078376128564505,0.1742587828980126,0.12042262996797443,0.11973561162750665
dense,62,0.011855852656581801,0.0234576076618909,0.11077988803170756,0.0844144082167433,0.05993538393447404,0.015791413651730334,0.011151367004860436,0.006952266056498797,0.1852278553447978,0.11574031358726464,0.0864291963187273,0.0947387694039864,0.06528838932222174,0.02692242420991335,0.10135994755903781,0.16168233176779975,0.07868226535960268,0.17319303797029492,0.1204008766849215,0.11969324885192277
dense,63,0.011787587628304569,0.0233824029857181,0.11070271033344614,0.08433821903367827,0.059684345109969554,0.015878011404714707,0.011057680761154765,0.00690957466703337,0.1851894336133969,0.11559384982194347,0.08641248314063028,0.09479516961923412,0.06544539204058175,0.027036969240338434,0.10146064493132431,0.16146531237403228,0.07895891261699889,0.17204631934909775,0.12037626218594373,0.11965177506783192
dense,64,0.01170786715212351,0.023298932499364582,0.11061503936703022,0.08425200409140848,0.059370266422531515,0.016019000435385896,0.010942544724436643,0.006863918415104263,0.18518171028807023,0.11544905796223269,0.08644799967094748,0.09483227747221769,0.06554698249685906,0.027158677309179757,0.10155977360457749,0.1612275800196225,0.07919887293396287,0.17081752777633272,0.1203476291341106,0.11961238373624972
dense,65,0.011616800835376723,0.023208674295723278,0.11051473561054742,0.08415460737322582,0.05899818480433601,0.016212259589760292,0.0108085314892257,0.00681572129957111,0.18521000017629474,0.11530687667943802,0.08653403049771743,0.09485092705600957,0.06560776456327459,0.02728652983528201,0.10165392964044924,0.1609690256836356,0.07937662305948584,0.16949141418870178,0.12031412169113968,0.1195755842551404
dense,66,0.011512840448782518,0.023110621819159915,0.11040286797047218,0.08404645549241695,0.05857767600344566,0.016446192714718248,0.010653689717048375,0.006764928841427377,0.1852813155196138,0.11516824014766333,0.08668648614799587,0.09485646130089986,0.0656377156600814,0.02742442329492337,0.10174179947245242,0.1606914676202261,0.07946752886129388,0.16806279441211328,0.12027574873067924,0.11954043447772354
dense,67,0.01139585113266556,0.023001303835768802,0.11028009464498757,0.08392718836562305,0.05810494206238673,0.016711364175966963,0.01047653917394107,0.006712369930780454,0.18540431680723543,0.11503977254582756,0.08690994841460233,0.09485900211330495,0.06567305158215823,0.027566109694128708,0.10182115171408539,0.16039413028606378,0.07945599400113114,0.16649747453950334,0.1202334531275331,0.119506730914277
dense,68,0.011264717652589986,0.02288425352869412,0.11014131330834753,0.0837939700863257,0.057591029050660464,0.01700881403435899,0.010279561969478233,0.006657609060278806,0.18558614707651172,0.11493105163187724,0.08719947061790706,0.09485986320365428,0.06569169774150743,0.027715461672041246,0.10188980996140647,0.1600776740696646,0.0793062011710761,0.1647795757472477,0.12018543630295234,0.11947337050432423
dense,69,0.011118711183552229,0.02276392317406293,0.1099827459371268,0.08364513853678386,0.05704049929869505,0.01735100192423149,0.010064098476211904,0.006600092997113279,0.18583472593914555,0.11484988543953313,0.08756959191270744,0.09485816035054906,0.06566925380430211,0.02787900923171717,0.1019459114214665,0.15974170134797724,0.07898359619370066,0.16289063308118246,0.12013069478713448,0.11943978773610552
dense,70,0.010957826739604222,0.022643748851139324,0.10980293166033737,0.0834804707098947,0.056457244409766794,0.017746708494477254,0.009831867440432985,0.006539175059880259,0.18615660960664698,0.11479906458503146,0.08802683177409931,0.09485837256411563,0.06560635454738813,0.02806687612777441,0.10198752824844347,0.15938487636461202,0.0784615989121809,0.16081225615532618,0.12006936527943586,0.11940544575899413
dense,71,0.010782484102975493,0.02252410732967387,0.10960250936600753,0.08330053093022126,0.05584188540890297,0.01819717336017911,0.009583111636451588,0.006474258913161803,0.18655927412456635,0.11478089104991542,0.08857433910864584,0.09485962243662847,0.0655018352805466,0.028292689189902315,0.10201079188338193,0.15900827071050228,0.0777294598869481,0.15854004887470988,0.12000225485719632,0.11937063498914684
dense,72,0.010592496527128625,0.022403700159852068,0.10938713691921309,0.083108996482182,0.05519476751328687,0.018699033684116902,0.009315695677754032,0.006405303764250463,0.18705232663314975,0.11479683413977061,0.08922442101143094,0.09486959085616462,0.06535650407287442,0.028571294407028294,0.10201368983644311,0.1586142805383537,0.07680326586843374,0.1560745122796043,0.11993307791342428,0.11933584547387922
dense,73,0.01038822452181474,0.022290266139240237,0.10915936007708983,0.08290950647081492,0.05454718809705488,0.01924915462093739,0.009032300540730375,0.00633242129823832,0.18764385547891843,0.11486578995974633,0.08997925767770587,0.09490049864410854,0.06518825963874458,0.02888397439959658,0.10199372542485191,0.15820683275267192,0.07567037885124936,0.15341650473235363,0.11986140309810435,0.11930184026702646
dense,74,0.010170803757999957,0.02218463705161469,0.10892296039433946,0.08270499274685485,0.05390805858224369,0.019839407282282756,0.008736058721227149,0.006255023620705153,0.1883401568518203,0.11500618986200442,0.09084381970039654,0.0949553140737411,0.06498889906583732,0.02922615934633184,0.10194752717480104,0.15779090528472592,0.07432819431448129,0.15059027045559026,0.11978853273941244,0.1192695558629313
dense,75,0.009942422972591583,0.022088778538331334,0.10867765686869274,0.08249584820883706,0.053276900636854745,0.020471481554207558,0.0084325762444466,0.006174155717816436,0.18914428274379302,0.11522095206176035,0.09180871563524388,0.09503820422342987,0.06477039329401929,0.029601878139703657,0.10187251015698359,0.1573677746332407,0.0727664291954297,0.14758422492743892,0.11971611098808255,0.11924040642518742
dense,76,0.009703647811865425,0.022002673637092938,0.10842354194936432,0.0822821673972123,0.052659693750188356,0.02113796269130703,0.008121519747729173,0.0060915183591471874,0.19005818089614515,0.11551087858753364,0.09286208066816423,0.09515718232307782,0.06455168888785055,0.03001771505129346,0.10176528301419278,0.15694028810814234,0.07097650649737325,0.1443800805603546,0.11964659389370784,0.1192160249045363
dense,77,0.009456444470796967,0.021927082872159265,0.1081547753024561,0.08206012232875926,0.05205890694960723,0.0218324876987724,0.0078072116067897995,0.00600972523346764,0.19107972101802442,0.11588550290718104,0.09399955482368087,0.09532727407673434,0.06431322273778915,0.030475753512951696,0.10162063078586103,0.15651248209041638,0.0689499285767228,0.14091348924185929,0.11958153931498908,0.11919820454326317
dense,78,0.009201173818558398,0.021861744535182782,0.10787687154827531,0.08183356532579962,0.05148812596799679,0.02254128273411512,0.007490102158156834,0.005927467280462387,0.19220742978022246,0.11635670326692636,0.0952187041329238,0.0955735765817214,0.06404963870905962,0.030956131064491386,0.10144063305253746,0.1560915388168453,0.06670553679845896,0.13721109502664872,0.11952366531044697,0.11918780603902139
dense,79,0.008945483308109476,0.021793424436316322,0.10762080749591856,0.08162169829437634,0.05094240952924829,0.02321230830391372,0.007174744235336152,0.005844235676767114,0.19342032053580857,0.11693336834099598,0.0965367748722361,0.09597309177612187,0.06380815227094792,0.031499253733938276,0.10123145582721103,0.15569599080279992,0.06433075361793789,0.13335710969213846,0.11947572227611054,0.11918769620477623
dense,80,0.008936303805698043,0.021247229478167665,0.10831297873573743,0.08198123332630693,0.04935553202645559,0.022885069115543336,0.006994128807255688,0.005754187963416042,0.19405341738353796,0.11782913056139849,0.0989824244455274,0.09908869415583539,0.06536995304067879,0.03456951764268286,0.10127923644142427,0.15571772059042327,0.06316515113686334,0.1310092350921452,0.11944445600868073,0.11924680832965143
dense,81,0.008942999900546665,0.02114350275032693,0.10878678026200128,0.08229166906152174,0.048887012890248265,0.023148497213518384,0.006886628011476824,0.005651872886064256,0.1944203721691878,0.1186539044781309,0.10038695460426747,0.10135903601211352,0.06598889633328922,0.03650492712232036,0.10130413169033538,0.1556134894174734,0.06266732332126539,0.1296248881539258,0.1195155696088362,0.11940187023287006
dense,82,0.008946008273571796,0.021196711766419428,0.10910009419005114,0.0825255285658743,0.04879453324323833,0.023582451464794187,0.006821228771756651,0.005588633585888521,0.19466194051405947,0.11930766006684056,0.10121733521265222,0.10301484190254934,0.0661051537581687,0.03774566328127828,0.10130808540651788,0.15546448301608626,0.06247536227014927,0.12870993650976584,0.11961000794168794,0.11958066040085785
dense,83,0.008944869436598776,0.02130135350923166,0.10932297146442177,0.08270740829685805,0.048831758519925314,0.024045348821080663,0.006772717286020756,0.005555589409899908,0.19484012085362432,0.11983050852179952,0.10174146541299603,0.10430246929323182,0.06601384154088073,0.03865103586577914,0.10130118265386777,0.1553111780497662,0.062425117648192155,0.1280160445033526,0.11969470248898369,0.1197479907405872
dense,84,0.008939649968663803,0.021423694322616264,0.10949003159246133,0.08285381213933321,0.04894857130409494,0.024475170939074052,0.006731463659686567,0.005539571387609491,0.19498346732249155,0.12027018625598652,0.10208805825055166,0.10535522196267506,0.06583625054751041,0.03936878947108796,0.10129321033243313,0.15516819673841287,0.062423268399364476,0.1274411876925991,0.11976015085701024,0.11989239127941301
dense,85,0.00894443182233163,0.02151810433357349,0.10961425684373537,0.08296399595773235,0.04897464004717213,0.024870448008012237,0.0066969946475514555,0.005530334631558147,0.19508193820752773,0.12058648828201549,0.10236214718739939,0.1061667907851473,0.06563816789822083,0.039959680782222236,0.10128393368008895,0.15503725468778848,0.06246323090426142,0.12697526760320932,0.11980466649495335,0.12001151561199008
dense,86,0.008958861801942004,0.02158596850188858,0.10969891256238289,0.08304056979753476,0.04888728722896263,0.02526274866618905,0.006668592219084546,0.005525245893318093,0.19513649364534144,0.12077411923845752,0.10259049356856782,0.10673012870010733,0.06541735174894019,0.04042973277115422,0.10127424983194955,0.15491632922076612,0.0625561210565669,0.12661903065674454,0.11983258359551423,0.12011031671448458
dense,87,0.008967833224383773,0.021654310830067885,0.10975621055218683,0.08309762371593515,0.04881761703573022,0.025633822894403944,0.006641762496594546,0.005524040893542833,0.19517506455402667,0.12089568979545189,0.10275601462202721,0.10715202098292369,0.06517800930158572,0.04078936135252142,0.10126494207169416,0.15480917119153043,0.06267171849469902,0.12634168138008503,0.11984702861167719,0.12019382426801951
dense,88,0.008972994122771898,0.021718665535722104,0.10979396007815218,0.08313971630608744,0.04876204610533641,0.025971271766317312,0.006616995335124733,0.0055243489361099605,0.19520422589375494,0.12096947569118924,0.10287835878980067,0.10750401907491913,0.06494004050533334,0.0410813305432552,0.10125583577136885,0.15471254679854266,0.06276507426900046,0.12610420378313789,0.11984999438896592,0.12026241542855794
dense,89,0.008974530057484,0.021775808073997687,0.10981509416010721,0.08316817013380948,0.04872394419022187,0.026261260182614283,0.006592467875295076,0.005525560047859524,0.1952280987941553,0.12099986916659437,0.10296435392906804,0.10777358984743748,0.06470555290920893,0.04133168460806343,0.10124567875962351,0.154627691325352,0.06284405928738716,0.1258992069541326,0.119843705711078,0.12031763862918546
dense,90,0.008972969625612798,0.021828059945677828,0.10982286176916678,0.08318585591990149,0.04870037718024247,0.02651577599524924,0.00656927871593984,0.005526807891279749,0.19524871717630252,0.12100620828616587,0.10301433864347066,0.10799263315405282,0.064477204828165,0.04154120323091426,0.10123602857424145,0.15455042737246932,0.06290504506743942,0.12571182986335552,0.11982900398799275,0.12036170104543165
dense,91,0.00896831069550438,0.021875174373021514,0.10981704142483019,0.08319255913444427,0.04869323273555805,0.026732537477267202,0.006547294606136867,0.005527632673123929,0.1952675318821023,0.12099685920653377,0.10302492429677937,0.10816191231142487,0.06424988175064521,0.041727170855552206,0.10122654892895701,0.1544759731569631,0.06294996696752087,0.12551987674286885,0.11980779705464624,0.12039605394396832
dense,92,0.008961021235935986,0.021920184704747867,0.10979980813613975,0.08319055633462379,0.04871952746350349,0.02690602311868007,0.006526981831740356,0.00552820640506755,0.1952835763103217,0.12099201825774056,0.10300479428302346,0.10830265275980622,0.06402866484602918,0.04185814703967937,0.10121681467793735,0.1544074399096807,0.06296716546899343,0.1253324494367092,0.11978150408067852,0.12042247056307745
dense,93,0.008951323297241952,0.02195743740433826,0.10977265568602096,0.08317958477334392,0.04875553024657866,0.02703695602341868,0.006508777262147696,0.005528486085208012,0.19529549519577538,0.12097513273338592,0.1029759737819106,0.10842710542985075,0.06379610512001058,0.04196460522220275,0.10120829936824516,0.15434094141186483,0.06295938988906144,0.12513552363000985,0.11975078684108571,0.12044250960884853
dense,94,0.008939294111357117,0.02198198992318077,0.10973784845822342,0.0831600844295742,0.048767749910129755,0.027140341991404696,0.006491425853679877,0.005528441937508743,0.19530811029202322,0.12095005146725742,0.10293506720591858,0.10853300670431423,0.06354084285734136,0.04206598988183702,0.10119897296579095,0.15427762491165162,0.06294165750815918,0.12492848320606043,0.11971718453129802,0.1204571899670289
dense,95,0.008925415373392111,0.022000250858420986,0.10969629677937696,0.08313423412703529,0.04875345496787106,0.02724500241425762,0.006474421154011054,0.005528124897544216,0.19532163107871403,0.1209207496835534,0.10288186807148207,0.10861791425193787,0.06326760173866418,0.04215745231438082,0.10118702666069518,0.15421882237547294,0.06291680697032025,0.12471703077992116,0.11968138047885166,0.12046727694852993
dense,96,0.008911100716815253,0.022014327508145786,0.10964995631852475,0.08310399332774679,0.04870289687160389,0.027369969085595008,0.006456716479880209,0.005527727595504044,0.1953345733316853,0.12089026842211449,0.10282369343037356,0.10869702148602824,0.06298564752274954,0.04222989986182826,0.10117177072024078,0.15416387220253952,0.06288037624433283,0.1245040324957758,0.11964383823513594,0.12047448186949286
dense,97,0.008897933282708123,0.02202099126930638,0.10960222680088284,0.083071095292384,0.04861759293100861,0.027499791063074423,0.006439536996738416,0.005527044086404071,0.19534512864706752,0.120851331505771,0.10277126220215417,0.10877575076995026,0.06270722829528586,0.042297847440422476,0.10115598287666334,0.15411048783686077,0.06283196034250164,0.12429509658278699,0.11960491130954166,0.12047973380158869
dense,98,0.00888657838240449,0.02203119179643428,0.10955794161805886,0.08304156735204989,0.04853039619785919,0.027645280092675723,0.006422665989557996,0.005526424905644216,0.1953531791785125,0.12080024190351527,0.10273287532081768,0.10885874395554611,0.06245133672248796,0.04238719001284226,0.10113533920933203,0.15406239887591489,0.06278045503244814,0.12408495306158254,0.1195655655892845,0.12048302055442253
dense,99,0.0088782297824254,0.02205198463292778,0.10951457087620875,0.0830153540487436,0.04846994164796566,0.027803922072214785,0.00640780274743156,0.005526272064099117,0.19535876959367837,0.12073798862583579,0.10270540606173267,0.10892747198877614,0.06225080167090289,0.042478368360909964,0.1011116663768788,0.1540193018952955,0.06269572642223306,0.12387652429548959,0.1195263704267859,0.12048645479598616
dense,100,0.008872267919892984,0.022084035938948726,0.1094699319155457,0.08299103498013155,0.04844884066234352,0.027964780583586108,0.0063958752983264006,0.005526647211538874,0.19536303802656244,0.12067664877194911,0.10268132676437086,0.10895991237146199,0.0621154867757012,0.042563265708901774,0.10108771691598951,0.15397980739411873,0.0625560092329256,0.1236731835718841,0.11949181855961703,0.12049096889306606
dense,101,0.008869809465723473,0.022120827847166305,0.10942781487813591,0.08296981761129527,0.048427901716129554,0.028138178263371838,0.006390082918095386,0.005527148491068443,0.1953637194301167,0.120618668559752,0.10263305535069657,0.1089503561214862,0.062005454441436784,0.042694857855464494,0.10106531208928202,0.1539437131998018,0.062401356800645714,0.12348265857863817,0.11947898449463583,0.12049564161567455
dense,102,0.008860745826319944,0.022123740005483034,0.10938431483522261,0.08293926375711314,0.048365477506491575,0.028217015278133792,0.006384841811263083,0.0055276254260436765,0.19537373031462585,0.12056964868978563,0.1026192420442426,0.1089590067629038,0.06187156648207063,0.04279316605699541,0.10104972592139909,0.15390791163037212,0.06223033620779825,0.12326440690718579,0.11947360990481082,0.12049942710048128
dense,103,0.00883800169034592,0.022073987773916788,0.10935370234917548,0.08290461064565406,0.048385641676337354,0.028006028271687584,0.006376357161005965,0.0055279239866362654,0.19540918830640022,0.1205779958238515,0.10261001459239943,0.1090512522543565,0.06182030004303539,0.04287331137372924,0.10103866165917194,0.15387711622741626,0.06201420352229146,0.1230006506849071,0.11947005513715783,0.12050167856538868
dense,104,0.008796600865431974,0.021913324274699966,0.10931839468599107,0.08283944907036027,0.04820283702806958,0.027554684000242996,0.006368026255257004,0.005527749815230283,0.19548100907258686,0.12064939869503588,0.10265276139775881,0.10926219420902604,0.06157994188020604,0.0428523202888531,0.10103457589479115,0.15386033267189353,0.06175450855202411,0.1227268150429497,0.1194661139118331,0.12050076461493453
dense,105,0.008714279343229197,0.02161100232493765,0.10927020857470027,0.08272945832584606,0.047882548158352946,0.02667418848698529,0.006361467818776675,0.00552580483563568,0.1956230903656574,0.12087032536032438,0.10278568735650233,0.1099167563191727,0.06087016583103563,0.04259069443560002,0.10105040966686572,0.15383379831605098,0.06143985541210454,0.12230641007526973,0.1194607434540057,0.12049456630381399
dense,106,0.008621562567360493,0.02100235068526985,0.1093051276967666,0.08260544103939053,0.04705016248309793,0.02512059321110419,0.006324990533830156,0.005513656513047135,0.19594586609855272,0.12181315658829323,0.10295885110070697,0.11209532403212942,0.06013823336158877,0.041893426275870164,0.10107409622206534,0.15381541392785536,0.06079070526805742,0.12121223565000176,0.11944828214146377,0.12047594169461433
dense,107,0.00848777910125564,0.020156449607330977,0.10926752488843183,0.08237199271716243,0.045677821542373695,0.023114570865813432,0.006333936898545175,0.005499469122591594,0.1964086268919761,0.12329788587521599,0.10297233396391865,0.11534572009946681,0.058111584248934665,0.04051059076501704,0.10118450969679631,0.15362462960315962,0.06014885388534094,0.11963632620064778,0.11946678473618023,0.12050245269452768
dense,108,0.008300381511703118,0.01892971982962325,0.10914023868640588,0.08198247794512158,0.04294049601992334,0.020953157028955584,0.006336980218972502,0.0054882460506415825,0.19698209571746444,0.12514838303534925,0.10260519389464699,0.1190337207407878,0.054516867154886364,0.039223215348390926,0.1014756771205933,0.15316870172289945,0.05984503167258356,0.11767579022599044,0.11948574300694054,0.12052244459633762
dense,109,0.00816085672295932,0.017260467546356368,0.10863813373777305,0.08122707833892127,0.03801625491681391,0.01920611118555145,0.006337788079210718,0.005481716003849387,0.19742645889637148,0.12667114210259753,0.101227896830273,0.12170760398433325,0.04913412377193993,0.03747791154476385,0.10200544755365133,0.15229751933191554,0.060125462580841144,0.11551693929110751,0.11950804839397433,0.12055905057150774
dense,110,0.008040499392352945,0.015408506255111483,0.10790002235459017,0.08026322309811064,0.03262863555942281,0.01721267164592347,0.006316846856726381,0.005475870958373267,0.1977650643738388,0.127912403233183,0.09939971668328623,0.12379888397993374,0.04311138919143712,0.03474368233190379,0.10275230515343804,0.15112653316471095,0.060791511013376626,0.11330585300588983,0.11951373646276228,0.12057918966132156
dense,111,0.00794649108056363,0.013663896969005497,0.10697255211933092,0.07919251202285628,0.027506803505929933,0.015400300444592754,0.006277936430803774,0.0054705474946955285,0.19802282096700816,0.12884701614428856,0.09721572587662099,0.1254859299035203,0.036725180073443074,0.03118341585110189,0.10359522041381107,0.1497970214188614,0.061553069721978125,0.11114369629713118,0.11950961625606549,0.12059191250814062
dense,112,0.007875915519205943,0.012162315879009617,0.10599383550785964,0.07814418853703295,0.02317808250355681,0.013776831974606338,0.006228761608361701,0.005465587429513617,0.19824234946533084,0.12964144358148624,0.094719063902998,0.12726812358877315,0.030457232288273954,0.027493076055743384,0.10447475972619565,0.14840041095707676,0.06200196067755582,0.10912378827640193,0.1195044004619116,0.12059941711256834
dense,113,0.007834224407603342,0.01090747589527909,0.10511822481592618,0.07722840151646082,0.0196686709219762,0.012316627081222359,0.006181906551150119,0.005462699026767681,0.19840912107282208,0.13022925282682227,0.09188525880481778,0.12930136376381238,0.025030312415239273,0.024591664842828213,0.10534595528224756,0.14701876336378136,0.062164568996349805,0.107338993792304,0.11950238806264546,0.12060105456744398
dense,114,0.00779801731129349,0.009871370642162912,0.10430538746433998,0.07640871467364853,0.016574194673905886,0.011319676203045286,0.0061305945072053815,0.005461017184495092,0.19851977186631328,0.13062041380166256,0.08867045065905386,0.131611921921453,0.020407803880224454,0.022545960346143132,0.10608956830362162,0.1456756555447228,0.061986656086135426,0.10543535162610247,0.11950412432012283,0.12059697121652427
dense,115,0.007762942676679283,0.008890425230980313,0.10350354726279808,0.07560983592671632,0.013457517078864915,0.010571434807994629,0.0060720872181029865,0.00546066181895872,0.19851624180179636,0.1305019518306576,0.08545973415405836,0.13341378768827933,0.016043137093256707,0.022148974080285124,0.10648706890837813,0.1446546170846886,0.061113571522215755,0.10360591417012245,0.11951267496357286,0.12058489385626542
dense,116,0.007707230289265459,0.0082117475863418,0.10274170022326218,0.0749090954890458,0.01064545175680995,0.010731972861124286,0.006007230220241035,0.0054623355071919235,0.19849565059887697,0.13003525022120122,0.08198040443743858,0.13511655046759324,0.012166558164559383,0.023141794350010337,0.10672060748050606,0.1437904633363542,0.059679360685319045,0.10169285192235872,0.11952433961027727,0.12055657140465119
dense,117,0.007602196669993294,0.007814028996514018,0.10211415480459259,0.07436636295948003,0.008722116135954465,0.011136003369164206,0.00593280491098074,0.0054651915699566594,0.1985776900891505,0.1294551944285006,0.07836760941266646,0.13727074893448912,0.009580482488902675,0.02534470918278155,0.10689838971403591,0.14293990560743866,0.05769618112524272,0.0991939938945239,0.11953908620299065,0.12050586657438854
dense,118,0.007429410213601716,0.007699612223640764,0.10182835370152603,0.07412753550155748,0.007936662581477837,0.011524530965342698,0.0058638074207135685,0.005473447927028951,0.19887585748450945,0.12921274329160085,0.07450652360602125,0.14163279978326387,0.009000748306714304,0.028624964311784677,0.10733553148455684,0.14171526150555966,0.055410785286333315,0.0956536933999527,0.11956345462292418,0.12040788133509134
dense,119,0.00726072558187134,0.007629026282159798,0.10171797398654854,0.07402308932641724,0.007052725499743168,0.012145312832107761,0.0058030278664211715,0.005515038930367088,0.19914289177820996,0.12875809910528938,0.07143403092728658,0.14589619481566873,0.009667256277613143,0.03248182196878971,0.10781991887579125,0.1404924792897332,0.05307420031127905,0.09194479516938243,0.11958802361057076,0.12031597570896853
dense,120,0.007125808332172582,0.006317230714708232,0.1021812207166648,0.07403349292888137,0.003913444935595391,0.010009346043883127,0.005788957425610729,0.005557174453743678,0.1991655284830558,0.12734489887764866,0.0698612140516326,0.1461976984827538,0.01934097663654031,0.03663218457116922,0.10793717946026006,0.14012170694848677,0.050493960743814556,0.0893220460726177,0.1195585628473752,0.12019869142462282
dense,121,0.00698805820060808,0.006471243501611202,0.10218622153759482,0.07406515827401121,0.0026392717041498668,0.01193864803134621,0.005727904644914865,0.0055791496260338665,0.19920854059344376,0.1261176110596776,0.06808636572843074,0.14691144097346634,0.025147422094910225,0.03941243006147213,0.10824500257992535,0.1393462866612825,0.047989460423813364,0.08611699155132987,0.11955607187491903,0.12009703484846697
dense,122,0.006910562313876796,0.007971704996094078,0.10137780941542612,0.07384300560490392,0.003971063561189976,0.016508466494381986,0.005726323191058148,0.005680966737746206,0.1988969688862133,0.12352054892205815,0.06645161778308363,0.14502000656253936,0.025584694330193444,0.04182244738208921,0.10869710514014569,0.13822672193025246,0.046200813643580044,0.08253540900006243,0.11957656477944476,0.12000081462545122
dense,123,0.006805644693049725,0.009886329045081558,0.09996951030073305,0.07329324026365723,0.005782256501108825,0.02217120318637969,0.005734560068264807,0.0058572964245729095,0.19839860354679603,0.12027401582213987,0.06533003380265327,0.14068060207487387,0.022643629187486403,0.043925567689934525,0.10913871170732939,0.13697783479184816,0.04452464671540726,0.07831720144650223,0.11960827354506558,0.11981500327876018
dense,124,0.006696951658140605,0.01184743765259037,0.09809564763352364,0.07242555728651681,0.007819727477922759,0.027627140737497263,0.005761284769759837,0.006181597625181615,0.19763821380247695,0.11637908888786662,0.06532211892889268,0.13358018634244753,0.01854949861095866,0.04575927924525753,0.10943108764470877,0.13558743327076564,0.04242853073090931,0.07327569255785603,0.11963298765098447,0.11956365392915949
dense,125,0.0069736204504627,0.01499752083485039,0.09588950179410116,0.07162574854818107,0.013788832784785083,0.03304098920809958,0.006062709719948864,0.007097551626568031,0.19630661082198642,0.11322304497420989,0.06501360429967211,0.1255115278558546,0.01603631489693748,0.04573572017514463,0.10958097850249657,0.13393425828906882,0.04006929063756144,0.0667482947355169,0.11956463113977547,0.11894974520098965
dense,126,0.007100221433120358,0.017702580673835854,0.09361297664577994,0.07066272140457783,0.020383653033390237,0.03608245003907931,0.006263487060204061,0.008080732562669805,0.19483601129483993,0.1109765058311372,0.06456474738050154,0.11707147828394934,0.014446350071451475,0.043781613571336225,0.11021405566722997,0.13171096146704242,0.037656060361829044,0.060279491347518366,0.11962012159275746,0.1181983228797664
dense,127,0.0071631918843590185,0.019591027727491564,0.09179196441924331,0.06982534563677911,0.025270078014796183,0.037699548434379476,0.006385817583060768,0.009008666877729839,0.19320372828032553,0.10905845274466085,0.06363931960871413,0.11042209919655452,0.015725940987250858,0.04211940498157747,0.1111092731986543,0.12917844913931908,0.035398360789666815,0.05452774041217866,0.11972547582313561,0.11739532786888178
dense,128,0.006976419193477739,0.02014437166199715,0.09063049962057053,0.0691247000757831,0.027826692983603976,0.037058284982944965,0.006288034970807224,0.009404473710632438,0.19183873036726923,0.1075010982603717,0.062226389427934826,0.10634512313107873,0.017730076996266293,0.04093135724772296,0.11213809457405735,0.12705735343286995,0.034164289159147425,0.050951897142425775,0.11987997560509765,0.11680161010260452
dense,129,0.006639640966824113,0.01963937588348716,0.08992029083932644,0.06848474321015824,0.02833359649547481,0.034913208412693325,0.006075960368314499,0.009234738257466006,0.19086252989389693,0.10605720984938764,0.06050281557775305,0.10427093534026832,0.018868478813888437,0.039951462428930294,0.11315373705635962,0.1254928347318733,0.03423014176177648,0.04897604557522923,0.1200322649793633,0.11664503406319066
dense,130,0.006252184804537909,0.018345068252256673,0.0895340241867267,0.06788474988554616,0.026508931306239766,0.03238184544457539,0.005808124857799835,0.008681371400411711,0.19037807300276896,0.10478183454652452,0.05931533479391136,0.1037424948442147,0.018219143387176742,0.03876451548677972,0.11395555164888142,0.1245736149197031,0.03519451202262313,0.04848496880929384,0.12009178845703809,0.11690645832180475
dense,131,0.005844989718503343,0.015778899123234734,0.08931147373407196,0.0670998982953121,0.020713968533868095,0.029468572679551212,0.005531308378458271,0.007401746901061359,0.19058383929083214,0.10345977848228563,0.06014053733561568,0.10459051443564342,0.015567895729408346,0.03726035329146927,0.11532300371933826,0.12358150271370054,0.03529112319771455,0.047917777187677486,0.11993032836472473,0.11809103106045352
dense,132,0.005858835085345111,0.01288912856234128,0.08846401185307502,0.0658225583277418,0.014197164771984813,0.02504658562502126,0.005432396477046963,0.0068803673753120775,0.19120164073056842,0.1028247372480469,0.06237286390123545,0.10223485090739563,0.014114484701136808,0.03459593382216251,0.11772182483749041,0.12074800446931759,0.03329137817271928,0.04356350826164828,0.11989395554583973,0.11900495963933949
dense,133,0.0058291469159245865,0.011245954431897362,0.08845080518153182,0.065424860401288,0.010730261798574947,0.02209783121860991,0.005340442839239975,0.006815281871164617,0.1923179334069225,0.10279306969222567,0.06516249763144084,0.1026599471343724,0.014589571576662167,0.033704247379567356,0.119753770730511,0.1185927394503539,0.031571560394370764,0.04113269175001669,0.11997484545607623,0.11915678757586254
dense,134,0.005776922537904304,0.010531357262974174,0.08987905305237909,0.06626182283637352,0.009267370254440443,0.020403694972735028,0.005386506937582474,0.00706785688713875,0.19346225709329698,0.103404389375995,0.06973391679742566,0.11023135626820134,0.0136668122464554,0.037746707089619545,0.12055097309990934,0.11856208670817704,0.02964693616695351,0.042096519271953535,0.12020686377918027,0.11923981873138148
dense,135,0.005794433690291757,0.010126152550678514,0.09040853351963112,0.06654126153697525,0.007946803002074542,0.019744615156748517,0.005348660672018691,0.007464531371872305,0.19422277339649457,0.10467820548760332,0.07150127166574283,0.11403066598668335,0.01113499209386164,0.039536296520713894,0.1188579941975403,0.12095562337769966,0.02701736394747579,0.04354348677571879,0.12023565391897419,0.11918807486706501
dense,136,0.00581030191432256,0.009736794614667494,0.09085167354443303,0.06676338605330522,0.006836291364309351,0.0193174176448983,0.005295257643349839,0.007498211806112485,0.19528137842954835,0.10655766660474969,0.07212052652249779,0.11919992274167791,0.008185246235688408,0.042051095153627455,0.11651504978518801,0.12412827122247155,0.022773956655454966,0.04380063948333983,0.12027879923551348,0.11932753046343898
dense,137,0.005795416684676562,0.009438467070448908,0.09147787886817671,0.06713434302262311,0.006236826937764012,0.019095663499111154,0.00521799889477155,0.007203378950148914,0.19674608363948182,0.10881639029035858,0.07132532830657466,0.12667922426956899,0.0054225705155222445,0.04611364248834439,0.11440382022071444,0.12707874380196393,0.017612348086474935,0.043569293839518485,0.12035246793358038,0.11961463302601787
dense,138,0.00581173061689384,0.008975817448682479,0.09225128119918752,0.06757237498834555,0.00583316503137553,0.01828416312313948,0.00508321004401244,0.0067027315962024615,0.19793843735408242,0.11069420557158884,0.07038197913230647,0.13382256947959717,0.004129824747549505,0.049498214836580345,0.1137983494467336,0.12856663946993413,0.01399728532023967,0.04382005749038078,0.12042821117381765,0.11993960036743946
dense,139,0.005898048021144513,0.008649908341910203,0.09286921860467308,0.06793695909675662,0.005560425301226732,0.017830985583277514,0.00501718687486479,0.00619103560827178,0.1985834926053916,0.11178658861798882,0.06883414910379347,0.13909912869737096,0.003201344482293438,0.051080003805845216,0.11424832672467979,0.12909381732533728,0.011997496059195471,0.04569220059966776,0.1205601657812241,0.12025390945328919
dense,140,0.006159133914871278,0.008493962835316102,0.09298465615946368,0.06799710936292352,0.004952851800267782,0.017925593010180128,0.005110225673557349,0.005987180857259147,0.19829529606575175,0.11106204951698055,0.06724796327182618,0.14029817563533015,0.0021722786539925243,0.050025975192958566,0.11573593439805141,0.12860570464031232,0.011214407569861562,0.05019284205764305,0.12056789876737195,0.1203973481434842
dense,141,0.006367473358011838,0.008258031726292553,0.09300877812312752,0.06797087869063012,0.0044291275633820916,0.017488403982889283,0.005175813348447758,0.005938782010451079,0.19802152194214726,0.11028290705954488,0.06657802874073596,0.14034852402102074,0.001108513883716454,0.04756157655888343,0.11650005455656309,0.1287642275278153,0.009892256657921988,0.056220259494392334,0.12045416743679307,0.12037329959799564
dense,142,0.006614793473048091,0.008231080293673448,0.09278707928047826,0.06782259211844005,0.004108664411687062,0.01718794273748579,0.005379098496565675,0.006248615528955266,0.19758069405576134,0.10942669536158173,0.0660750362626914,0.13930428746414783,0.000728221763976439,0.04331795236978907,0.1166717389116897,0.1291657773266542,0.0074212863602787175,0.06319292800418354,0.12023417323549922,0.12032616024948588
dense,143,0.006966497169987122,0.008564669468915573,0.09222903817423937,0.06752786077273658,0.004148777278186465,0.017360275718934556,0.005840180229822974,0.006909444648718298,0.19689647117683517,0.1082355734449542,0.06569782451964627,0.13658455031802466,0.0010553379526666727,0.03781025267770467,0.11667976482096044,0.12926491094124098,0.003909354951879964,0.06989008107173666,0.11983438701258578,0.12088994920263706
dense,144,0.007269812257372254,0.008614782995159357,0.09164290704192583,0.06714375463183057,0.003487235196711693,0.017315637629410408,0.0064440692856002945,0.0072121898689150345,0.19599482988348182,0.1069428262446049,0.0657945424400895,0.13208020315804592,0.0020395596108947556,0.03171200912591888,0.11716449283301426,0.12871804075067728,0.0025975945824143597,0.07644828143407971,0.119404344846265,0.12081815959362374
dense,145,0.007519820185728518,0.008599955980081288,0.0914277854856056,0.06700312176078357,0.002850425743978837,0.017213388537982495,0.0070331959286662115,0.007302813709697605,0.19492797280446578,0.10582177059195066,0.06626999484326203,0.12624679691566962,0.0032026479912416407,0.02601825464790109,0.11821600985371945,0.12741682111949892,0.007115723632521515,0.08221301714972351,0.11896214686204787,0.12072226941526484
dense,146,0.007444180741438767,0.008894523556223995,0.09145250553121659,0.06708543184358436,0.00291653471628845,0.01855199405138571,0.006688918048781975,0.007420647408439845,0.194244439894706,0.10504942026234697,0.06778544870375128,0.12192586915396258,0.005177526138209804,0.022761618537412754,0.1196591780100016,0.12589334784792938,0.008739602520101782,0.0857326577880427,0.1187789444345448,0.1216820130835893
dense,147,0.007239414703836671,0.008624873043235457,0.09127289275588409,0.06688315411455222,0.0030673878170446776,0.018269627494899538,0.00607256022978207,0.007089916631215543,0.19377242262754632,0.1041457570392477,0.06915992874936666,0.12042074261042508,0.0063824801567720826,0.02102958758888819,0.12177766606587585,0.12381889182178225,0.008306473304587555,0.08554238746632971,0.11903166875173904,0.1218867068880487
dense,148,0.0070523285069473505,0.008683391496933816,0.09109065222039865,0.06675727771408627,0.005221568929444396,0.017159460063236893,0.005629924872980056,0.006722612122073918,0.19347930143184897,0.10326547041644324,0.07025467162579206,0.1202816516103651,0.00750296763702693,0.019879438591815457,0.12339919398431208,0.12219568720847906,0.007778980823048283,0.08379630355638626,0.11983986705717789,0.12141429270208859
dense,149,0.007100854318371679,0.009359202302413399,0.09118579056424075,0.0669863029587597,0.009421571551981034,0.015723138054990152,0.005869076776654638,0.006423022826027771,0.19313661586071765,0.10251502610175554,0.07120314033046592,0.12122539298010933,0.008597547759228072,0.01916703644237623,0.1245044162352881,0.12079838693917623,0.009709561271772861,0.08174243867100624,0.12082817184309036,0.12080175233590254
dense,150,0.007288805619868443,0.01035343253962756,0.09155927076119293,0.06749492852427608,0.014600035411939131,0.014041111728151952,0.006565197654319314,0.006207385364099845,0.19287047147687672,0.10177262870695887,0.07171764370188087,0.12261024398053502,0.010544392500485045,0.01913021883373671,0.12554703702166864,0.11951753509522557,0.012559645893441194,0.08094995421611592,0.12118305502224942,0.12030842268514108
dense,151,0.007397989176002199,0.011526899652445594,0.09193570286534232,0.06804317777469956,0.019850065008819296,0.01274798265888038,0.0074643588289246155,0.0060451921131580875,0.19286316991972613,0.10110109699186512,0.07223150161778567,0.12356624076906181,0.013516218990363694,0.020111883918138833,0.12656188564935095,0.11834442303380543,0.013660021511386278,0.08130197892488443,0.12019294599056399,0.11977706706717556
dense,152,0.007669807649811344,0.012695543498794863,0.09240184832563282,0.06866318597368143,0.024328562249890707,0.01161314223479438,0.008903606779029795,0.005936862731464571,0.19294197132931304,0.10055205425488208,0.07239171983186173,0.12498117653824618,0.016609358627338235,0.021441267371245912,0.1269951770570273,0.11752515396427506,0.01535990897089037,0.08171869859183173,0.11898297762352746,0.11932271574715463
dense,153,0.008411553410882672,0.014400771622654945,0.09380984747685094,0.0701019299778655,0.03261141421408349,0.007086681551536545,0.012580237027504704,0.005324753697495036,0.19279752733123584,0.10068635970513838,0.07180455814631222,0.13123533037156596,0.015399741211645303,0.02628815534976918,0.12750497944476294,0.11667870811071848,0.02727701555353114,0.07985926386907033,0.11709474183598681,0.11909178879247442
dense,154,0.009811680675264695,0.016099076333609474,0.09474557955402635,0.07124440827400111,0.03614471398622643,0.0062807450884948815,0.01663553756649461,0.005335308693221982,0.19198383823026846,0.10070670788611925,0.07030208360706147,0.13631655567710788,0.01271602300021333,0.0322062698051022,0.12714512387190602,0.11610966484170511,0.03628341312586214,0.07796122247822042,0.1161805741785744,0.11903547794617557
dense,155,0.01093825480267154,0.01835826131669286,0.09521538288851901,0.07217387616068653,0.037921597255949846,0.010788861990265202,0.01917710074527178,0.005545485275284614,0.19120605571793198,0.10056086904643353,0.06914489507943133,0.13815364284534043,0.013376200678479042,0.03726365643295748,0.1256679132986156,0.11655153489407614,0.03738666566626737,0.07774792642104464,0.11633677327899515,0.11918846130265545
dense,156,0.011214063599921793,0.02003039895327217,0.09531695325833518,0.07265524108900191,0.03942760966968086,0.015908747376856408,0.018934199826356007,0.005851038940195404,0.1912096914591312,0.10106505284735215,0.06903112002603565,0.13885427817601267,0.016386064200019215,0.04054306540819351,0.12404725110412507,0.11763342504309962,0.030685367196796546,0.07785585260533508,0.11717444160136425,0.11931782943255709
dense,157,0.010313041562154292,0.020255500210681936,0.0954487912338185,0.0727482668947473,0.03886571526502618,0.020306405057069245,0.01582988891951678,0.006019991601115549,0.19254372032473463,0.10320053829602761,0.07118008989574211,0.14135689688110234,0.01819108038126341,0.04294548437208508,0.12316326002934945,0.11908080326877533,0.018474284907368133,0.07760784356169358,0.11845127557920578,0.11919021730847451
dense,158,0.008773336359428556,0.019375423666157264,0.09621255889756487,0.07298974928204918,0.03534010970004738,0.023757825456816692,0.012343628145881549,0.006060131361883434,0.19493407925515802,0.1074436193125619,0.07503318938642131,0.14788807865406775,0.019456627668220414,0.04586598430753529,0.1230962271168846,0.12060964753521637,0.005464165739743155,0.07568986654281713,0.12023848159703919,0.11883073965511341
dense,159,0.007698646160770376,0.018192729070106075,0.09778922281657516,0.0737611903670645,0.02912788588029284,0.026892363839392662,0.010864377317540627,0.005886289243198178,0.19671488651898378,0.11130376839614366,0.07785904444880244,0.1532349085174035,0.019861044912752448,0.04781034575986428,0.12311116578263857,0.12187809863981992,0.008233804751496156,0.07248853587357937,0.12249123014871253,0.11848384004870537
dense,160,0.0070077288490542,0.017464770004119987,0.09955689151632223,0.07479702982714123,0.024123402881809492,0.030262391236927994,0.00976211819366886,0.0057111677040736,0.19787117521521394,0.11453699883043571,0.08018257237341657,0.15604774813419822,0.019810721836015982,0.04923728825653403,0.12261186591041992,0.12327894068108157,0.02013439444885239,0.06827823424880451,0.12448375241738674,0.1182090058435072
dense,161,0.00684183591581048,0.017594359350921754,0.10002589805250317,0.07514882646761975,0.020828750351371866,0.03412737752013427,0.009086415487857005,0.006334894044323877,0.19764202924958202,0.11447672092200789,0.0800128529257519,0.1530968790629458,0.018419397133084908,0.04928322273791339,0.12226275990853311,0.1240556445531374,0.033410944265900605,0.06365406943015774,0.12569318350449035,0.1183030729365329
dense,162,0.006999035129096859,0.018829809002055956,0.09955354894857209,0.07511534461883447,0.02095117902277877,0.037849035472989415,0.009222645784833606,0.007296375727622041,0.19639050773359865,0.11210963949589516,0.07775385334093905,0.14478723998022436,0.018012559707564466,0.04731880417606343,0.1224220050934493,0.1240058203793672,0.04746372920837415,0.05950566071703359,0.12652438421227488,0.11834838333808076
dense,163,0.006916917004593337,0.01957638909705644,0.09908556510381951,0.07495583850815607,0.02292628298971219,0.039161435893842286,0.008917146057616121,0.007300691447055161,0.19516001769429342,0.11024744911068854,0.07576479442859217,0.13448261737391853,0.0193548310744876,0.04383661490236721,0.12323947028745763,0.12330424939901108,0.061992284795557934,0.0560823380789595,0.12743296262756368,0.11812915147293677
dense,164,0.007165507885045313,0.014543122233660877,0.09575695691693693,0.07143655763664306,0.01471608070710295,0.030736486201784693,0.0060239682081200015,0.0066959538176358645,0.19314449799458444,0.10809569886208811,0.07438003153978472,0.11609576839996441,0.01126355924915025,0.03293007210838324,0.12296803459462678,0.12296591913902101,0.0723959878325182,0.052469636668964516,0.12303145436949364,0.11934282224466371
dense,165,0.007337878424102099,0.01236255884621199,0.0937250664923129,0.06949934774804148,0.011517733099102718,0.025614420438532823,0.005452410410775792,0.006865671436436627,0.1918117476951899,0.10729002223381656,0.07400976777838782,0.10363831321505425,0.009322812031912046,0.02661651159262686,0.12298806438930024,0.12176732774501076,0.07527131950400756,0.05091884487527479,0.12123670507129544,0.11982936177587866
dense,166,0.006879013599775806,0.013389860055970808,0.09373744615345266,0.0697228122155936,0.01927206386308961,0.02440578503521824,0.005091697901114771,0.004789893424460608,0.19105426885838034,0.10734733220102032,0.07031089820039126,0.09533023285862031,0.0204942175299035,0.02262655594185082,0.12325174213803268,0.11994336834267519,0.07695289077250153,0.05593937914664332,0.12188498073015244,0.11971348712126026
dense,167,0.006592266034139778,0.01435437936859929,0.09351763464057646,0.06977772936443849,0.024886522852988816,0.022923521796453104,0.005040991473990432,0.004566481350964808,0.19051109415936046,0.10784410199514868,0.06926860538644476,0.09013794859917056,0.024974938953384696,0.019893730328275874,0.12330894362159608,0.11886340524067708,0.07567076956678138,0.06101637816467664,0.12139204989109086,0.11932964978031042
dense,168,0.006751414727618946,0.01500999704341364,0.09271052725385444,0.06937163117338395,0.02714009174500479,0.021946249567816958,0.004924819902352963,0.006028826958479853,0.1899411914614842,0.10800909475812344,0.06989996680170266,0.08689378078285659,0.025096151973065816,0.018672859360195415,0.12279477017595986,0.11840144796913142,0.07288403609366664,0.06014173441055036,0.12054347568810675,0.11924781757141013
dense,169,0.0069792236439893485,0.016428926128652856,0.09130707591635844,0.06872822583264128,0.03008062483509502,0.021959660538988818,0.004737140897778387,0.008938278242749193,0.1898956841585595,0.10872504579144752,0.07187325172465939,0.086392324375577,0.024956939759492175,0.018864293976274826,0.121530429833176,0.11892654006329766,0.06739235132169859,0.04977326243088739,0.11963838796044332,0.11771639960078775
dense,170,0.007703251157154632,0.017994081264765992,0.08995157471052871,0.0681822631025037,0.0329593790512637,0.02167647955129973,0.004686023856883263,0.012654442599617281,0.18993362571179143,0.10973439585172982,0.0751902735958528,0.08834602127173193,0.02506036991131268,0.01885036246360571,0.12006355680576375,0.11927051147538204,0.06114163151584251,0.03729221696278162,0.11877064350724464,0.11576528745330565
dense,171,0.00837696360367966,0.019303640521886968,0.08981767498998577,0.06843550738653274,0.03743764489615372,0.020363138867557414,0.0047601983631445355,0.014653579960692206,0.19023556833423347,0.11266393401246452,0.08157492615250482,0.09437085619542576,0.023600764647063045,0.017149928006958304,0.11913069001735978,0.11945120668827146,0.05625024590150583,0.030959174892597325,0.11806725723116013,0.11435754780028472
dense,172,0.008600059636855454,0.019961461613034515,0.09060854918048639,0.06916167625028413,0.042377170430119106,0.018171097978214486,0.0048211871969506,0.014476390846853876,0.1909439861570596,0.11773938796348421,0.08766981303746835,0.10136686473330514,0.022204694770116686,0.014845157324573867,0.11878250051107153,0.11986058599375357,0.053025256508118276,0.02929317263529537,0.11757319514835142,0.11399797538323848
dense,173,0.008475284626075878,0.019741608312458678,0.09187238275141552,0.0699947241701704,0.04542245039278835,0.015642409702118585,0.004960409507907927,0.012941163647019858,0.19178299837467194,0.1231404272052922,0.09217884804774465,0.10781032536951296,0.02141996689735973,0.01292037737705055,0.11884071787080214,0.12076386394597496,0.05032119921011408,0.03156213205215831,0.11711628495396775,0.11461145171233679
dense,174,0.008199533540402669,0.0189218081140905,0.09332460522233456,0.07081070756851643,0.04583456162813308,0.013772564799703685,0.005109726554198081,0.010970379474327156,0.19263129282219135,0.12781612772586085,0.09519505217418811,0.11334383868863096,0.02082584133368392,0.011418116120019058,0.11934248091070102,0.12212229066674664,0.04688040224772581,0.03749543618572053,0.11677347350232054,0.11605091029022613
dense,175,0.007161765136518151,0.008469893971658484,0.09404837059241276,0.0688012816548297,0.008435226330703495,0.014227323772947028,0.005271638488852248,0.005945387294131162,0.19363258493301885,0.12027409594638246,0.07883035927887797,0.11591195829988205,0.0205577740924762,0.01955207716402039,0.1194520827201497,0.12565280345428653,0.04611390964401134,0.04819663940707536,0.12002293941466141,0.12038322275411087
dense,176,0.007252881454106254,0.00881514575115062,0.09503957101537547,0.06958754803783614,0.008830040525945791,0.015044264362994013,0.0045323692222540984,0.006853908893408582,0.19438216553722415,0.12475286406376505,0.08067243495223196,0.12269775842262093,0.01935219758558814,0.017918310275045174,0.11958700054841004,0.12716674502792802,0.03899578058942937,0.055340760520743604,0.11972191407180775,0.11988692058971127
dense,177,0.007246871972994191,0.009422447579429867,0.09555118456649721,0.07009122806404001,0.012389120938466166,0.014206919626010632,0.005350387455323342,0.005743362297919332,0.1949337285142665,0.12242334886904753,0.07185124994200073,0.13117388950067693,0.017111203971809815,0.02576090803359499,0.11939048570422946,0.1278301189664432,0.035076812408030816,0.060570028332345496,0.11997717168770947,0.12051526886781166
dense,178,0.007151834741037307,0.009881300727278894,0.09620583240609827,0.07065570744254895,0.013917286254596343,0.014594879501294155,0.005327886186741023,0.0056851509664840524,0.19575427057025463,0.12310829658576941,0.06946340847613956,0.1399890513684902,0.014474845950719762,0.029194320842545453,0.11986199206378373,0.1278411973839761,0.02913038543217267,0.06522637967471083,0.11990923001061543,0.12051661051400148
dense,179,0.007319916381071901,0.010554019583938739,0.09586664064998496,0.07058445191274387,0.015383861697778391,0.015454111830846705,0.005724126184114651,0.0056539786230152085,0.1951915415670093,0.1201669941275174,0.06806192861946435,0.14118129604340277,0.011314049689731055,0.02914463215257099,0.1212405430720564,0.12657085912428173,0.02655828260910457,0.07068239602378022,0.11976061896351449,0.12052654580738598
dense,180,0.007739157132116216,0.011260635683636312,0.0947537198516129,0.06998978459329508,0.016537286286040887,0.015808262354683567,0.006657366544742527,0.006039627549078264,0.19336264332698305,0.11599939279949044,0.0689499934200596,0.1334040565052073,0.009793792764877064,0.023562466511622943,0.12287380009779539,0.12463513503379783,0.026552362429707318,0.07784789996028049,0.11905036082975957,0.12101273453977376
dense,181,0.008086370311497757,0.012234886598073237,0.09418041569683229,0.06983475912151636,0.01864302009262647,0.01616776594736484,0.007641193738339741,0.006487566613961896,0.1916049309801338,0.11270979842608797,0.07150458372380829,0.12487142707168916,0.010251676210276985,0.01875159362599672,0.12401455131654807,0.12277578883419661,0.027354995643507404,0.0864554635905476,0.11829781516182182,0.12157236377737302
dense,182,0.008110215110448665,0.014068258304180061,0.09410898583031442,0.07021712225240835,0.023288569487401628,0.018223603785128308,0.007724571369671065,0.007036288574519248,0.19014497443490028,0.11088729202707424,0.07543954959270065,0.11657147725368638,0.013345668563038121,0.017024490187443876,0.12446241186784505,0.12107034785534312,0.027370893472163232,0.09177501314447037,0.11821191514202334,0.1230037964230845
dense,183,0.008258126614254823,0.014550255884610902,0.09370460585106727,0.07005378943326503,0.025405296873610116,0.01836776811315655,0.0076897000172168346,0.006738258534460108,0.18857844352769426,0.10986672054150501,0.07725755812244119,0.11270971102551265,0.016151466144779532,0.015603464929184777,0.12518277417329812,0.11861283373060091,0.0277686413413092,0.0903487122497066,0.11949766243358648,0.12287728199318841
dense,184,0.008396890097150549,0.01445494165629626,0.09349091230038692,0.06988868260746932,0.027337333366576434,0.01676153104726663,0.007587487976269383,0.0061334142350725875,0.1874279794708168,0.10905083785949629,0.07705772094519756,0.11194639663914852,0.018098525170312928,0.01386480163243883,0.12571775514153527,0.11665933841216054,0.03214891597815542,0.08632194554260136,0.12165453461567213,0.1219421961971072
dense,185,0.008441377988051045,0.014099726924426554,0.09313508809685166,0.06955654957929278,0.028407404932674036,0.014344733970006384,0.007848805587332114,0.005797963207693683,0.18679087471217395,0.10834571426848517,0.07630195127306791,0.11260752954456116,0.019549728755840688,0.012600038298637808,0.12497137605984836,0.11620890115957376,0.034343905862153794,0.08309905527380132,0.12217248336974719,0.12062949858432884
dense,186,0.008273506805206204,0.013603321979080249,0.09266901862003683,0.0691008834212923,0.028474971689537498,0.01170729138092618,0.008574207257265822,0.0056568175885914965,0.1869272285331201,0.10810436931360382,0.07524856503894824,0.11460755732375232,0.0193747996358929,0.012449761702582,0.12410282773092768,0.11637864916232958,0.0346082470355133,0.08036674820514053,0.12047771530709353,0.11938175445153766
dense,187,0.008399219544980487,0.012546893683737818,0.09148868947389177,0.06802653340980191,0.026196658687543166,0.008815369161592002,0.00951925637859202,0.005656290507224082,0.18707887593191705,0.1075680327029854,0.07323516621579976,0.11586443450429303,0.016177814764979093,0.013120498095741291,0.12303365102334965,0.11648703710195699,0.02956190208489843,0.07753247860792319,0.11959188717323155,0.11861249547962575
dense,188,0.008414166584095203,0.010390667332785136,0.0907510926409571,0.06699940868274827,0.020897096029210787,0.005457223811287539,0.009530816919842157,0.0056775325708000625,0.18758956754889208,0.10714468365475793,0.07063221615694752,0.11650891175965915,0.009212318356518239,0.01574242233646209,0.12202854720822126,0.11691297921752392,0.029659411942676638,0.07571706533115873,0.119453659469262,0.1184113287094055
dense,189,0.008606311544706723,0.013051152301185887,0.09153147879646963,0.06818756860629917,0.02531176617180398,0.008998552106759346,0.013031805416301537,0.004862485509878686,0.1885561742474529,0.10821941179967735,0.06721200093727951,0.12451939034921533,0.008340249173073272,0.02632737232023552,0.12330430778647444,0.1165366822034739,0.028449304428641447,0.07136809438102866,0.11707637075935402,0.11846838717172904
dense,190,0.00891428053960314,0.017399305761681107,0.09333940451452316,0.0705049622212121,0.03150825142182021,0.019971806532518843,0.012905346252930001,0.0052118188394553715,0.18926207896617794,0.10927864565055403,0.06490205740176191,0.1295618302147906,0.01837762571136268,0.036413283516931856,0.12386754343751039,0.11634043978907944,0.02949864435549562,0.06729949482190406,0.11762370448218648,0.11764750582652302
dense,191,0.008647647837433135,0.02027301001692172,0.0950921186519962,0.07240265363112201,0.036100151265009074,0.02820000463020981,0.011110407066280019,0.005681477106187974,0.1904480370959843,0.11105451526390762,0.06432089024526863,0.13283261424661102,0.02607537653215607,0.043210393797733844,0.12459042762753805,0.11670432622741722,0.03232328304640603,0.06387250200845838,0.11876427284002523,0.11690878489244792
dense,192,0.008135161515663446,0.021651411083599192,0.09672412523645935,0.07384884168750426,0.0372974404080264,0.03415331346127778,0.00921232723931108,0.0059425632257815225,0.19190492703502696,0.11317493715313652,0.06478602421914531,0.13589398954978027,0.030424959277545113,0.046378973347910024,0.12534729686524654,0.1175909709238,0.038272174324233584,0.060310521606131026,0.12031176879903557,0.11629295973652144
dense,193,0.007700749039738133,0.020943145952860804,0.09846232644554943,0.0748836029528103,0.03235419567941326,0.03745601093978085,0.008049796433357818,0.005912580758891303,0.19314289783024524,0.11624600813302846,0.06581524485222938,0.1414516281280816,0.03277338027277369,0.04755217402916351,0.12591115084626914,0.11865645727784241,0.04644016053508707,0.05568908431406285,0.12205706824009181,0.1158126628877184
dense,194,0.007276972158716636,0.019391422622375434,0.09976995566360432,0.07541659591832178,0.02376111229836193,0.04027116171823227,0.00796803747975308,0.005565378993154459,0.1941752638066154,0.11933953827678932,0.06628657532506485,0.14541247314998773,0.03215079671033761,0.047521371677391996,0.1261723289697684,0.11982632487050116,0.05626013794802285,0.050741913310840436,0.12384897049638445,0.11550377342154766
dense,195,0.006825653139521828,0.01750626821887697,0.10056309475208584,0.0755063448847094,0.01351198959503455,0.04286664270260184,0.008481775842026583,0.005164664735844905,0.19495822994244877,0.12183271592132146,0.06682520828596708,0.14661406459394882,0.029642829173372378,0.046907844974616045,0.1259407869830934,0.1212870268768174,0.0662740678855345,0.04633899380007406,0.12483577226424451,0.11529959632359169
dense,196,0.006828795800460129,0.016446341351333677,0.10015062428934841,0.0749659795692927,0.005088215196515598,0.04556532826360008,0.009218901496113683,0.005912920449105349,0.19449459214290485,0.12116835079610415,0.0661306639327061,0.14155464556336642,0.024104208287683553,0.046223918583510964,0.12562835052752844,0.12213662315458473,0.07736964604390012,0.04262030011167114,0.12507451651659957,0.11530167581162101
dense,197,0.007081174346737357,0.01708924780475236,0.09886781017435366,0.07422658162694062,0.007103864943192116,0.04604028858532177,0.008125438814496306,0.007087398875999253,0.19316271160542803,0.1181084526068036,0.064252280810737,0.13080969573632295,0.017159302122158448,0.04456041960271543,0.12577547412071466,0.12192740419322348,0.08944562705042348,0.0408644903659361,0.12514550361344473,0.11520236026433626
dense,198,0.0075400189959373524,0.014725081391115565,0.0969283862606185,0.07232829292281305,0.006128030342322621,0.03882270449921477,0.0058637659037785676,0.0080858248191463,0.19128796195918923,0.11448666834176192,0.06255038081247095,0.11535234280480934,0.011420697710379122,0.0400244504379462,0.12485474109854035,0.12174060728583846,0.09844479465614965,0.0432057308064461,0.12354685370000189,0.11622540551388891
dense,199,0.007847167010560496,0.013914378815256714,0.09550944406640716,0.07115400065108665,0.005610799218843309,0.03576902415652672,0.005704790653771142,0.008572901231885689,0.18997509889142236,0.11251054286904831,0.06135697526914114,0.1041879936025959,0.007002519373011789,0.0357464710676766,0.12379710466581631,0.12174519990215217,0.10324356659142543,0.04652022924172044,0.12310727295722546,0.11692035436565006
dense,200,0.008036662297855334,0.013235934191186058,0.09457564703351218,0.07034636255674975,0.005648743639633804,0.0327756784968199,0.005609662758962769,0.008909651869327757,0.1890995014599206,0.1113179062862745,0.06087283753344712,0.09669454578048645,0.005886343687731532,0.031781670212891015,0.12316517663909016,0.12141725569646301,0.1049820087234665,0.04950533812973021,0.12280551997592665,0.1173796602767183
dense,201,0.008551533948315797,0.01230590229599179,0.09387716332498562,0.06966477076659472,0.0038940293768672963,0.03020095421315872,0.005520292657230057,0.009608332936711086,0.18824711930555021,0.10933398514577584,0.061393930163676204,0.09151377390512923,0.00629823400686624,0.02914345206494586,0.12298662909816264,0.12064200961571882,0.10474157050756759,0.051697916589964886,0.12176866596954498,0.11875867352692483
dense,202,0.008848843320054981,0.011559161357859664,0.09350698751631804,0.06924525523219471,0.003742969456072361,0.027172552437924193,0.0055210227912392594,0.00980010074620284,0.1879510644601405,0.10744172266573088,0.0623322710359867,0.08840064119579034,0.00708392008497775,0.02707643402821595,0.12394339285393564,0.1190316759243416,0.10453933516611469,0.05328779083351362,0.12101242951054816,0.11998317243652055
dense,203,0.008868966101080194,0.011290417128666432,0.09310721322798178,0.06890101137361926,0.005075583318592971,0.024958465053765623,0.005522644578974998,0.009604975563332133,0.18796558661585105,0.10597144953111907,0.06257279926526835,0.08826262117612285,0.006914751577234317,0.02521419477117893,0.12565327775100055,0.11692178359978522,0.10315091912790884,0.05344162348734787,0.12058392215427927,0.1206336296786851
dense,204,0.008593193787034574,0.01216931337361428,0.0924734616666657,0.0686442345459694,0.01157455771481354,0.022071089593986334,0.00512556377469355,0.009906042410963694,0.18845506123183153,0.10614467448228258,0.06182991894107783,0.09188015845432942,0.005043211951766008,0.0223124796538747,0.12624336116416102,0.11597528637684647,0.09948290759908315,0.05278122597157771,0.12005051557773035,0.11948273859542746
dense,205,0.008685964059717085,0.013764261962330018,0.09164199810951262,0.06843805818959935,0.016995366838001874,0.021514238026284112,0.005191681001355078,0.011355761983679002,0.18898478769701713,0.10588143325998672,0.06257576293036418,0.09774492964008359,0.005720808876188734,0.021276552570048672,0.1267784604799171,0.11499908946502917,0.09283874966875257,0.045107246110282176,0.11921819797751633,0.11857795863896521
dense,206,0.007936605789759984,0.009252236386548197,0.09242651213404175,0.067886099820262,0.006420837437466445,0.01749443281616069,0.005396726977578219,0.007696948314987431,0.18980913928418436,0.1040095054088468,0.06632820935967475,0.1011004383437177,0.006166836443769251,0.021638925710416347,0.1284997001001441,0.11374429232592341,0.08975013953808286,0.04834304862397039,0.12003896604264018,0.11968894442713093
dense,207,0.008663543531613322,0.011806505624105287,0.09160675804990603,0.06795121544864158,0.012155491590954316,0.017861479339828026,0.005003663240539998,0.012205388325098808,0.1898492819343654,0.10366810652648678,0.06574030146560808,0.10913272168373953,0.008491464133132037,0.021636421347417962,0.12816783125081235,0.11278798486051328,0.08111830701394804,0.041932002835024934,0.11966050523542761,0.11709616831239622
dense,208,0.009094695246499711,0.013982104646972873,0.09135417619661075,0.06831018989374826,0.01587098312800871,0.021261510441737085,0.005166288610065294,0.013629636408080407,0.18997936070415408,0.10332472030146779,0.06610359215182822,0.11518895092665256,0.009919690706713025,0.023045534637224904,0.1284478698102441,0.11142408076103179,0.07503136213489424,0.03888995334673154,0.11890146504652604,0.11599353383186103
dense,209,0.0072412945010378975,0.0072423713833030335,0.09188742757855257,0.0669917594692283,0.005615053262525552,0.010953571111288215,0.005299371123528023,0.007101490035870343,0.19141484144164753,0.10290012308404331,0.07045683419940098,0.11229784095107614,0.009980453844698572,0.02203628297809653,0.12878592622803883,0.11299529170207812,0.07279090261535402,0.0394430446574661,0.1201180072382078,0.11942958200252307
dense,210,0.007486835426618278,0.009837104131118267,0.09130857125627063,0.06720812394272584,0.005754570813201021,0.018960241180289182,0.004416770831871441,0.010216833699111421,0.19212008717030898,0.1037967819571165,0.06869830900175732,0.11952963362078953,0.011537844940734648,0.0204502998849247,0.12842667476503497,0.11317875921046922,0.06509453978733905,0.03698966472646494,0.11982702507721407,0.11605323493309375
dense,211,0.006855767642452108,0.007376614457659653,0.09188953392760557,0.06700215485907986,0.007426050055326275,0.00975946798193341,0.005254469836566038,0.007066469956812893,0.19408293627902076,0.10507099216861669,0.07256270968625646,0.12418524134184308,0.01465040431290838,0.02089104916311333,0.12511976431146857,0.11675495667497347,0.05412285741772754,0.035825804562026095,0.12000057099338364,0.11940712021992878
dense,212,0.00655490067626328,0.009806173846014213,0.09179354012695647,0.06748835750492929,0.00741499153128751,0.019579372772360337,0.004179044007532864,0.008051287072876143,0.19547724941122452,0.10740507715444668,0.0719222173938458,0.13103981197344364,0.015191740438676786,0.01635539779311671,0.12436637176307173,0.11872212602690727,0.0455342841867504,0.03803767011720449,0.11969829322794895,0.11777224203684081
dense,213,0.00666749433597001,0.008036513970848036,0.09250197092907986,0.06757865890401883,0.007197539835485585,0.013359115999499568,0.0049286116728881075,0.006660788375518877,0.19739262465972152,0.11108403313316095,0.07186808412170832,0.14392295028396604,0.015340704207578907,0.015603657281746341,0.12261507982096384,0.12043914058827147,0.03343546811706084,0.0389231745197954,0.1195193704746191,0.11987936394036526
dense,214,0.006703478412775869,0.007266713067814243,0.09272936576700212,0.0675601599934152,0.006489535282341511,0.011164312932330401,0.0049839339468344184,0.006429070109750641,0.19815887839820054,0.11285610579592759,0.0713564634248123,0.15106331836053258,0.013219411004964748,0.01155781830265162,0.12314730540558431,0.12081322500154076,0.02599542933831155,0.04446813973885975,0.12012431724117614,0.11999197719146366
dense,215,0.007109240996054598,0.006758916097778601,0.09190297482142505,0.06688121195554526,0.005949614226593395,0.00931935359148479,0.005625322964345883,0.006141373608690337,0.19712111253678494,0.10925936116425033,0.07174494218777346,0.14625428390092896,0.011886702165245865,0.00848422901431393,0.12360764256846891,0.1213214059834636,0.018572182265087434,0.05453283274906178,0.11987538081644532,0.12017562250527608
dense,216,0.007640484051315968,0.007407360628214516,0.09109959915459871,0.06649794802466816,0.006196950944320043,0.010442613719132668,0.0069323851833619264,0.0060574926660434255,0.19548087734940622,0.10574164990526906,0.07368590114754578,0.13679849477740208,0.011282755721423758,0.008135884580847552,0.12346465274694313,0.12205189476733089,0.010688476791913301,0.06632093944032368,0.11910340006391573,0.1204402625628633
dense,217,0.008121687101150792,0.007884527454250643,0.09104552449287474,0.06660035828427355,0.006279207254957467,0.010843148788819429,0.007939111186244522,0.006476642586981149,0.19353591750125043,0.10360962371669898,0.0737263426207231,0.13206866898925043,0.010033855409326855,0.008322643585273466,0.1237505957156189,0.12225057595418881,0.007015878951145771,0.07885274235526107,0.1185168761623677,0.12086257295339156
dense,218,0.008350365087340841,0.00833573500231595,0.09142685938495865,0.06698915398330048,0.006823147201524914,0.01128852181718435,0.008256222579653217,0.006975048410901315,0.19178396976788176,0.1020963314280733,0.07325698371679071,0.12935856965102366,0.010529819695180093,0.00906159757235395,0.1241306846202754,0.12193103226623254,0.006079333633634705,0.08887447459410419,0.1180411755466963,0.12197834012725726
dense,219,0.008049799983228757,0.008944690797568261,0.09171173518468727,0.067315846199397,0.007445732916449259,0.01368421587459974,0.007393992068789927,0.007254822330434119,0.19057624509899881,0.1010996618088078,0.0741077765343412,0.1260649476701422,0.012009191776710745,0.011700978586887975,0.12387691049924347,0.12193765393831588,0.004482297709870116,0.09399502034841944,0.11805169834319272,0.12263843990131676
dense,220,0.007850830294281906,0.009138301271780783,0.0912574180599132,0.06702900306472726,0.008205671615188592,0.014509112877092872,0.0068822503589690475,0.00695617023587262,0.18945363437904908,0.0997236587979615,0.07310884025145975,0.12614871846366082,0.010438013834216893,0.013336182773575952,0.12403290111796195,0.12097552846801626,0.005175549181563641,0.09175366525828076,0.11897464829759419,0.1219676758956176
dense,221,0.0077988504918255945,0.009223779174716274,0.09026008902169556,0.06634206090888456,0.008463372078768286,0.014884475732987977,0.006939132216109305,0.006608136670999529,0.18851184321011116,0.09765383242058984,0.07074555260501876,0.128971099228431,0.006805559989921337,0.013260837769282122,0.12469462211406737,0.11944067720818266,0.007294182779899807,0.08493542970092519,0.12050381573700453,0.12030361549691306
dense,222,0.00788316329051137,0.009130296659824245,0.08896675580058448,0.065412083502166,0.007092750492353007,0.015216257117158714,0.007697604858272623,0.006514574171512637,0.18783557839841525,0.09523625192633352,0.06834345099873008,0.13298044172034337,0.0027969972810137763,0.011107732257562876,0.1257385759760167,0.11764585437952021,0.006927597297764072,0.07900841071501159,0.12091076070179291,0.11906941795450934
dense,223,0.007993583131526106,0.007206068067273535,0.0890008230107009,0.06498986656053124,0.001842025472389741,0.01242047562629619,0.008493574432276987,0.0060681967381312225,0.18805192813448182,0.09371023891705701,0.06668173066539529,0.13473076811390342,0.003347676137278942,0.010311687405668553,0.1256304123201645,0.11683284849595259,0.011519325799661587,0.07835734982815241,0.1192530985071119,0.11958281180358289
dense,224,0.008047204880689825,0.007644002152384043,0.0899273988927695,0.06575011765902705,0.0033082725058318965,0.012072938979483158,0.009194526643874785,0.006000270480346334,0.18805493777333254,0.0921891341732367,0.06599312596886403,0.13730908041150555,0.007318640176041349,0.010505742290137772,0.12487057822417397,0.11702077422981899,0.01829137259723494,0.07967676382238617,0.11901493662109475,0.11888370042540714
dense,225,0.008262686811819074,0.010192871145679423,0.09165439627925785,0.06758158392621359,0.008929620781591704,0.014922570532851037,0.011772145346673018,0.005147147921601931,0.18826678559260007,0.09148617267163164,0.06474769733165854,0.14203846339984305,0.01436770709796334,0.014334795029770097,0.12456820037386539,0.11722499440238524,0.025962782925216747,0.08008291474225773,0.11808343808481173,0.1186888036990907
dense,226,0.009171932817747794,0.013782965581316083,0.09293788337809183,0.06938578798118317,0.014567101528423273,0.02076282201834385,0.01450193393609271,0.005300004842404501,0.1878612428695722,0.09148070249176322,0.06299342505664554,0.14528880204499584,0.02085958539963246,0.020908269440403308,0.12328971890780459,0.11737992839061094,0.030657766230989963,0.0782559534863992,0.11805266328988502,0.11822654292839958
dense,227,0.00990385245679873,0.016984735485144835,0.09387321403358921,0.07084243310590874,0.019837385509835707,0.026145682368034478,0.0162324352385171,0.005723438824192062,0.18758826808783627,0.09271227893176333,0.06236030034976409,0.14697539688609246,0.026321729591719353,0.026285412488498652,0.1219077650987154,0.11765168061928555,0.031522391268862596,0.07689920599844327,0.11836343773226281,0.11789070134982675
dense,228,0.009893658353703424,0.01855103895213454,0.09459038974820393,0.07171661712592285,0.02297624610110884,0.02951319861952713,0.015619428053319662,0.006095283034582543,0.18810877182004127,0.09494944678397907,0.06314212353168794,0.148482966888597,0.030446844206186898,0.03074612973906258,0.12073317544896842,0.11839924652304937,0.0271336356351631,0.07662750185729014,0.11884886481385822,0.11746596973056302
dense,229,0.009081480985932708,0.01829988430851439,0.09531463241264893,0.07212097689245747,0.023051422158876147,0.03074101211484161,0.013097494143153783,0.006309608817186021,0.18963282443871723,0.09779577962666176,0.06510304181662248,0.15105796654608514,0.032856144237054775,0.03418936997087824,0.1198734044358497,0.1197139141553119,0.02029214484873366,0.07667346478200027,0.11967325053908849,0.11691428355478344
dense,230,0.007972866481022233,0.01676777606964503,0.09590800435675932,0.07211411900239495,0.019767067198586896,0.03056433712575173,0.010632102159453033,0.006107597794788477,0.19147845906543035,0.10052089063857991,0.06737874466920409,0.15322193187086325,0.03283965591040886,0.03589245750780297,0.11916367971423329,0.12123080564678229,0.015235432907723032,0.07639474027620331,0.12119894953682643,0.11634030453705413
dense,231,0.0072638576536114986,0.015213691723514356,0.09620688052342936,0.07191771710757773,0.013664185155094124,0.03150616103687815,0.009259165410549877,0.006425255291535275,0.19240192456434874,0.10141372822056212,0.06900246841738322,0.15166311121808715,0.029762215575063,0.036391964145467456,0.11884490210709622,0.12228838196975847,0.017983704641915725,0.07554404866188717,0.1230098097951986,0.11617630696438495
dense,232,0.007162198532439806,0.014409385412280911,0.09631141598486392,0.07179627835293707,0.007226785548964078,0.03341677419595772,0.009154789196155168,0.007839192708046682,0.19204060774793888,0.1006198999943223,0.07009839533317712,0.14629795699276404,0.02477226002981119,0.036522131262970596,0.11919947085144277,0.12263553962524479,0.028700295682495536,0.07423514723396703,0.1243970509582237,0.11621823610600915
dense,233,0.006969484678056462,0.01415771589852403,0.09678955078044282,0.07206323280220392,0.004735509583520409,0.03422469464214073,0.009318923787888081,0.008351735580546901,0.1916683124331253,0.1002786192647947,0.07071187565889048,0.1413683697528825,0.019849536114167066,0.03617058977703233,0.12025244878010595,0.12244078808369539,0.04281025408518379,0.07383629616851227,0.12618481712005092,0.11590270212687334
dense,234,0.006643350516549561,0.015592663052166472,0.09733849979056723,0.07276917648306012,0.01091799907470557,0.03413761856757267,0.009459048021974873,0.007855986544412778,0.19135295969477814,0.09978357786559004,0.06943106972276948,0.13742720076670764,0.013475327696019813,0.03542193686734829,0.12193217363853717,0.1210839315026261,0.05959942427263924,0.07459426766346015,0.12822700240123835,0.11573312539509246
dense,235,0.006671750034590451,0.016404900475460844,0.09633535423811569,0.0722538589878719,0.016018318062249345,0.03390790722000591,0.008134307137655086,0.00755906948193303,0.19042290748296814,0.09895330639813,0.0660986688347553,0.132760114345607,0.008020130871331488,0.035086196571250776,0.12343817520617324,0.11830487510684029,0.06687289528278065,0.07273111984686322,0.12749382089067007,0.11584204002001813
dense,236,0.0067604535788767465,0.01628166983643399,0.09470781430519398,0.07108122968158474,0.018348962115963482,0.032283681640400914,0.006999158522376436,0.007494877066995126,0.18937542303516208,0.09844077779592002,0.061847891390822404,0.12682698897970462,0.006135202774613392,0.0345735099949897,0.12575979591882228,0.11440948282970176,0.06902935281194522,0.06770308049006822,0.12582637070548283,0.1165658949350954
dense,237,0.006899482255016588,0.014957070347383437,0.09308413603866357,0.06963161153579489,0.017597354403790948,0.02834802389438292,0.006268137329381164,0.007614765761978722,0.18851975367970525,0.09738538636296627,0.05791760664806033,0.12121955481138502,0.007422513019302489,0.03404422583815766,0.1279759338489664,0.11104512592170625,0.06924091101149345,0.06004944654083668,0.12395794459615757,0.11823123018522548
dense,238,0.006806858424774263,0.013691980583293201,0.09182344417886938,0.06843859475908118,0.016737852623289605,0.024088185742814835,0.005775145843043481,0.008166738124024882,0.1884391129791286,0.09638524816821135,0.05616566952671734,0.11821586457754187,0.00769820646687878,0.03343703922872697,0.128924284555283,0.10982259841640961,0.06890490933793506,0.05271427976892423,0.12257196779423622,0.11860214932643973
dense,239,0.006702699753509606,0.013283483908316072,0.0910362430985639,0.06778067956291414,0.017174560968903733,0.021713329522255458,0.0053881652958645354,0.008857879846240565,0.18886861667624688,0.09600655631057188,0.056470750014126665,0.1177241931197769,0.007481262225757725,0.03211823163624372,0.12882249263002274,0.10986722519526307,0.0674983802937614,0.04783991993312341,0.12159044176834542,0.11814684737952687
dense,240,0.006890396254367331,0.013447748612783144,0.09060413498942299,0.06752535356344563,0.018369388515110566,0.020952714322132648,0.005231044785695092,0.009237846828194271,0.1892963774476138,0.09643186184806032,0.05769150928008762,0.11725196821257043,0.007868227298798509,0.030479495834171783,0.12871869922319226,0.10951855086053747,0.06512376627525891,0.04521156032877736,0.12107388543226429,0.11858371783174311
dense,241,0.0071037655519272155,0.013473903801653413,0.09047626171560356,0.06745379537328139,0.019084996681131845,0.02028344303904956,0.0052545986586700144,0.009272576827762235,0.18990844032749962,0.0972203191178493,0.05890987361666544,0.1172071136446892,0.008791659455621386,0.029038037179757187,0.12879244198963727,0.10898515810310652,0.06272358983419421,0.044159974000495546,0.120877618097979,0.11910091521974805
dense,242,0.006412264359857071,0.00825906110161611,0.09081660437900406,0.0664263389008453,0.004532788412657162,0.0167310552919061,0.00531216583957966,0.006460234862321518,0.19186913389379445,0.09817966646378508,0.06173065025804078,0.11918365867036837,0.00887410751904907,0.029432867612185973,0.13281582244495482,0.10569500176016981,0.06480397591682115,0.03673928909074134,0.12072567765742946,0.11974940126070836
dense,243,0.006575380313055239,0.011045337074533123,0.09213961847817552,0.06802542060878199,0.015418584036149603,0.01653211680734629,0.005072574757143399,0.007158072697493195,0.1929546476725265,0.10058999019923578,0.06552634614014981,0.12856294226062587,0.009225967564608471,0.032096857058386566,0.13223959628474938,0.1067741920564395,0.06191412676984588,0.035878277771058065,0.12050812875806445,0.11940434920241604
dense,244,0.006740059543207141,0.013011329626246196,0.09369747520245113,0.06959735767515325,0.02195669792320817,0.01786410835480291,0.005148559493938533,0.0070759527330351716,0.19370132668170828,0.10390659722397678,0.06948881144994723,0.13472086739379285,0.010783678496786452,0.03429422090601751,0.13189949916531785,0.10807042280240896,0.06090606066946012,0.03637777172620676,0.1201919146511691,0.12002853126262152
dense,245,0.006779031166064019,0.014221618373946095,0.09509345171390414,0.07086981913109988,0.02548463074214512,0.019198539604157443,0.0051880785390847435,0.007015224610397074,0.1942263431487013,0.10729998792457725,0.07246352817983365,0.13778064600024756,0.01252702817250689,0.03535179163462818,0.1314991809121544,0.10986251026125905,0.06059490023720312,0.03861203201499777,0.12005711915631544,0.12084635292442501
dense,246,0.006389734843164734,0.009133413403727319,0.09491341240662049,0.06952260807867765,0.004097709077761617,0.02111464809816957,0.00524745918728727,0.006073837251690821,0.19490291619965264,0.10676993501227093,0.06747896258576448,0.13781678021333202,0.005523617797804257,0.03993011715715511,0.12536296358242666,0.11727346471416637,0.05652548891533018,0.0470843978827431,0.12021630418187333,0.12007600063692701
dense,247,0.0066101977143345385,0.009138286798213853,0.09696545385878595,0.07098522301250713,0.002916203646175184,0.022437677384891434,0.0053123197093851325,0.00588694645240366,0.195941707760881,0.10974300933064536,0.0677807934545048,0.14330001795236405,0.0050299350308498966,0.044888019064994795,0.12170407710662057,0.1221087002563114,0.05369147369715898,0.058818064026462766,0.12006623217579966,0.12051341644883813
dense,248,0.006877790653846863,0.00961150632468159,0.09972796120958094,0.07306231473338497,0.003912401049986127,0.02345300965658928,0.005348241402011979,0.0057323731901389756,0.19699091738239854,0.11309172864716723,0.06862959968845767,0.14853449720453535,0.005415004807601585,0.04980422482282661,0.11927393810816113,0.12551743760345777,0.05314183303832638,0.07566198352581603,0.11995350436727355,0.12072086531894924
dense,249,0.007014768618440202,0.010148227290871125,0.10188782644329115,0.07472127030008344,0.00502434557364281,0.024463560152177575,0.005382314105722429,0.005722689331941685,0.19802871838950334,0.11589343311832759,0.06911128484147268,0.15288619162887448,0.005425928584830893,0.053769852155110466,0.11797678809584276,0.12751681193207065,0.05216113031185717,0.08958334316591125,0.1198913857432989,0.12040904935239366
dense,250,0.007084540274146415,0.010648658694409053,0.10355718121329482,0.0760214911536071,0.006191958526776009,0.02515920974285641,0.005454686404622389,0.005788780103381398,0.19926977024133166,0.11804829936606656,0.06884632169655877,0.15821578465305194,0.004667258012135207,0.05753342750133796,0.1170684167802219,0.1288049867636316,0.051501631640278704,0.0986864356876134,0.11981708234582171,0.12022675987148823
dense,251,0.007100906738588684,0.011227344021242164,0.10424074637990947,0.07664113172838063,0.009230274508155124,0.024422134286785392,0.005545088129303172,0.005711879160724968,0.19982149256508738,0.11998355252819301,0.06940324044125976,0.1624287004296133,0.0033014231413497994,0.059718403742669963,0.11809363060049478,0.12799998096458878,0.05263537768048098,0.09756470110332766,0.11969964030263103,0.1202388130592169
dense,252,0.007176741053598716,0.011629652842001572,0.10453142362905782,0.07694543741001758,0.012863485299146916,0.02216604837738294,0.005746521609492669,0.005742556081983757,0.19995534331578768,0.12205906914257547,0.06865635801716534,0.1667824065162649,0.0044910143011097515,0.06073956641355952,0.11895085265817243,0.12730691485388387,0.05433618484326182,0.09143461257081684,0.11952379086707371,0.12014097004902265
dense,253,0.007242996827258894,0.01220754607871331,0.10494016809448076,0.0773738351926989,0.01655833397361286,0.020657865774899437,0.00594093157872508,0.00567305298761586,0.20004150855888936,0.12362007289806413,0.06800324981783641,0.17093711858249686,0.00476203825091516,0.062234092120400986,0.11917247782386556,0.12725599197425494,0.057284462949426906,0.08641069980725352,0.11943550006363841,0.12012480428672696
dense,254,0.007282463338912438,0.012643637166665285,0.10553648966429903,0.07789969929277424,0.019431873970684407,0.019479240916907902,0.006082026473273651,0.005581407305795177,0.2001677092338718,0.12517255654041126,0.06812962658695113,0.1747245393717868,0.002012820784334431,0.06482331843117482,0.1188821998675704,0.12786684838192747,0.06141523560571148,0.08384691005828729,0.11920299326086056,0.12019311784870093
dense,255,0.007350149808246145,0.01302025982275387,0.10676473222201498,0.07885929269196712,0.021797869731393776,0.018589537339462017,0.0061970172640331885,0.005496614956126497,0.20026570323867843,0.12686115453454536,0.06863682304461742,0.17775233534371646,0.0038856206465211576,0.067901450205062,0.11839082138064665,0.12872258685359586,0.06608050177939416,0.08329972608244411,0.11907361144916703,0.12030645210579109
dense,256,0.007457302521077973,0.013531668867340876,0.10815852484014721,0.07996978094542398,0.024216034166388855,0.018178085603660885,0.0062735556602198,0.005459000039093961,0.20031304117752982,0.12879204039708647,0.06889289842377375,0.17976028924927137,0.009491526954343315,0.07011673514138685,0.11771445330517459,0.12967501127804015,0.06961780836080575,0.08388550080077772,0.11921333987366839,0.12042965311990819
dense,257,0.00755978170408106,0.013878296394148929,0.10903275926787798,0.08067447520560073,0.02576907054885168,0.017937795407704314,0.006314473233736191,0.0054918463863035255,0.2003197461277683,0.13058584562866377,0.06890666193942005,0.1806337753156023,0.013267143337524009,0.07086043326286978,0.11711931413736695,0.13053602691539856,0.07136672484912271,0.08492099759119753,0.11934528715282429,0.12053115495677731
dense,258,0.007650938638738921,0.013518444251150879,0.10908251098453225,0.08063028514457231,0.02413189977677422,0.01807583189345009,0.006328772824724804,0.005537272509654404,0.2002374088998221,0.1318474035519034,0.068893734945231,0.18041271176386522,0.012373630106166253,0.06992915646125988,0.11663433668685703,0.13123388199278294,0.07178748176004321,0.08559934252377678,0.11943138582340168,0.12060965729927746
dense,259,0.00770355569134867,0.01303291045360706,0.1087725957234259,0.08030037330511103,0.021303446973301374,0.01894017505237316,0.006326523079284186,0.005561496709469519,0.2001236475734366,0.13261015447257873,0.06921049134933159,0.17986880666142793,0.010102847047031805,0.0674505761578097,0.11628953537426034,0.13178039738313868,0.0717349658385054,0.08594495190444941,0.11948377184587829,0.12067100307326231
dense,260,0.0077138765995797,0.012810041093722857,0.10842889885277546,0.08000593101222216,0.018982982655210413,0.020394791134924668,0.006299008062165308,0.005563382522591039,0.20003892824512456,0.13294979675237834,0.06968838884532277,0.1790917398105596,0.008757174324296086,0.06454910589210797,0.1161399319633075,0.1321223688936046,0.07171386952036461,0.08586443760855175,0.1195213312390521,0.12070971313863535
dense,261,0.007687981861880006,0.012898811647682805,0.10817163304251891,0.07984369558604931,0.017570217603293355,0.02223464548789787,0.006241214464315089,0.0055491690352249086,0.20000789216610876,0.1332015032944632,0.07003571977064396,0.1779578088425909,0.008576506804882365,0.06198453180049307,0.11613640542202802,0.13233235927439138,0.07199321565545105,0.08556319525817067,0.11955286552792593,0.12071759269307772
dense,262,0.007636409964323281,0.013116740548927521,0.10792561810684222,0.07971828173189059,0.016351237379323622,0.024420584149542728,0.006156121940472504,0.005539018726371228,0.20001674780477988,0.13355451531671256,0.07015478687887511,0.17658793034417583,0.008564811318381745,0.05960165727380877,0.11616761088722465,0.13248541740493483,0.07280457159071024,0.08489504982766528,0.11957655863114301,0.12069776000369487
dense,263,0.007588961258586573,0.012962154115345202,0.10773292857094757,0.07954310121007872,0.013814301733271991,0.02643012848395525,0.006071487952915712,0.005532698291237857,0.20002926455005082,0.13386963891838044,0.07017406138567753,0.17526419169310642,0.008097673398041037,0.05802134066625821,0.11596602246951465,0.13284385992834832,0.07392484155101393,0.08433740505132493,0.11958970877578523,0.1206771344638693
dense,264,0.007555675702707329,0.012538106651766502,0.1076175632457389,0.07935993301521413,0.010823561782452352,0.02780741220967824,0.005987818730197977,0.0055336338847374366,0.20001234003459323,0.13406153938682291,0.07018517477006946,0.17375104906766087,0.007541632999216178,0.05727439772235077,0.11548811593703064,0.13346836607245102,0.07494746440455509,0.08441319320615759,0.11959633144684806,0.12067115390111105
dense,265,0.0075387117072562805,0.012014295039803564,0.10760525757125355,0.0792269989836184,0.0079283435188765,0.02868611955610789,0.005902373295248852,0.005540343788981023,0.199984840186097,0.13432243998652416,0.07024190099394939,0.17201777785124198,0.006924164663719762,0.05712127089673432,0.11489081302970941,0.13424382712965469,0.0758049057345292,0.08544239542786793,0.11960151174935026,0.12066724320566441
dense,266,0.007548086045313112,0.011780404710349406,0.10749516913384612,0.07909480791134496,0.006487723067707707,0.029204337562829627,0.005875255311404479,0.005554302899455805,0.1998588411012387,0.1342047746665327,0.0701456020378388,0.16937457967080777,0.005948114800282211,0.05699074351913019,0.11410951175558967,0.13520540747192472,0.07596639111801526,0.08788152409611508,0.11957834196824403,0.12067819740043435
dense,267,0.0075732722980034585,0.011711915523295013,0.10737559303705525,0.07899576769622627,0.006203981856215018,0.029226749978220112,0.005837589404155675,0.005579340854589244,0.19974857181892047,0.1341836047837273,0.06991414144597756,0.16677214725310116,0.005132853357574395,0.05698150941931978,0.113301943703939,0.1362030500332753,0.07566765838536542,0.09036571922023459,0.11956779797382112,0.12066811904940691
dense,268,0.007596813980307465,0.011638002373731839,0.10720524181864736,0.07885951325288254,0.006065331006211576,0.029073371500316858,0.005813699508604169,0.005599607479794751,0.19965990939659786,0.13421838399161826,0.06966258324373902,0.1644533405773713,0.004422964467855506,0.056589535619198536,0.11261370815204037,0.13703832266982138,0.074960115609104,0.09263247902343683,0.11956198234019154,0.12064957673279375
dense,269,0.007622347404075932,0.01151214766697701,0.10702994148068351,0.07870766093177564,0.005990640593537166,0.02864041528733975,0.005803915878688905,0.005613618908342216,0.19958904693575114,0.1343133617785545,0.06947176724937405,0.16254624717326663,0.003910023439501471,0.05582324521666001,0.11211879013365919,0.13764933337893967,0.07424462584192336,0.0944997433449186,0.11956171919638062,0.12063139407927269
dense,270,0.007671618982086987,0.011141746484837149,0.10681523377846508,0.07847184766253039,0.005326080808423077,0.027799877567824163,0.005841917246287423,0.005599110316813936,0.1994958516791382,0.13432274480635115,0.0692295603812077,0.16113055040388055,0.003577015482545448,0.054173932403452855,0.1118164467422782,0.13807761227692364,0.07325535857094419,0.0965407454611695,0.11956110730010733,0.12060187983358245
dense,271,0.0077184111171689366,0.010750575315913486,0.10662666440588409,0.07824945207361367,0.004927785597741759,0.02660437638703147,0.005883372656025296,0.005586766622855429,0.19943992554742915,0.13440474178059125,0.06884432856343858,0.1604361863186873,0.003491524092086286,0.052102920559084394,0.11161399962561468,0.13835185190415344,0.07279965583459162,0.0979040710429611,0.11956914838258645,0.12056161921938491
dense,272,0.007767914531271531,0.010304905008122471,0.10644213404247384,0.0780172437102028,0.004539006566103343,0.025178748266406082,0.005922814756683817,0.005579050443296642,0.1993935688345886,0.1344494696301086,0.06845988448148542,0.16013361761930564,0.0033562374397703002,0.049943892600083827,0.11152740934854037,0.1384618938538219,0.07260039868997084,0.09888095924613198,0.11957919724977158,0.12051907951610714
dense,273,0.007824930225831682,0.009735808968299887,0.1062576762839264,0.07775648714742046,0.003804506233213374,0.023602700012268187,0.005966176582533041,0.005569853045184945,0.19933615255249293,0.1344028747278311,0.06821373721669793,0.1600865804092019,0.0029958134124423723,0.048004624165437236,0.11160488438420019,0.13836210575681113,0.07235675427826686,0.0996675308110959,0.11959494641519236,0.12046611127744672
dense,274,0.007872307661787903,0.009233743674653305,0.10616742875598618,0.07757743690777855,0.00320808658005522,0.022159670155638255,0.005997128246075835,0.005570089716843901,0.19929786134561261,0.13440512927704712,0.06801793574676078,0.16051109680449388,0.0029387940072451743,0.04627710132117217,0.11182331365958093,0.13806941661898295,0.07239470423765006,0.10024659106927568,0.11961530178093809,0.12041189920307495
dense,275,0.007891245764608302,0.009022242702390913,0.10626527339914026,0.0775978527861091,0.002936082737575824,0.02155762982080707,0.006009845523174972,0.0055854127280057855,0.19933083951745004,0.13453087226510446,0.06780079149479723,0.16187267971904654,0.0029360564610290637,0.045548256518810275,0.11234695636881953,0.13741898516667916,0.07296849531101289,0.10044401724676623,0.11964184599776888,0.12034348472239867
dense,276,0.00791395355547697,0.008838006901677398,0.10642543355175639,0.07766889316372137,0.002809850873368713,0.020919498564213955,0.006010238618211679,0.005612439550915244,0.19935798333382723,0.1346085870103243,0.06759580909775746,0.16311344073455658,0.0029796579372390764,0.045204289798700004,0.11291879783245425,0.1367332984459861,0.07397906034590827,0.10066020809027755,0.11965345571355784,0.12030061428048783
dense,277,0.007949673836899738,0.008586257158263756,0.10650599212767574,0.07766862400012138,0.002621560320000905,0.02006990874172346,0.00601799057279499,0.005635568998535666,0.19936115938932972,0.13462878531449907,0.06745970262051154,0.16397735493053786,0.0024819948728234194,0.04459069156810767,0.11339617485591856,0.13616870219915986,0.07502934807417484,0.10104721594122644,0.11965792403797545,0.12027285172784447
dense,278,0.007947368868782416,0.008797039428822363,0.10648555215968282,0.0777036560294274,0.00410838049518462,0.019466816915894032,0.0059680693045879914,0.005644890999622806,0.19939357235017147,0.13478468212292943,0.06733665039620151,0.16420628633143677,0.0024017952431392114,0.042841430326520775,0.11342321245865825,0.13608373589824171,0.07551273878051612,0.1018766486674944,0.11965149604496449,0.12031437729591996
dense,279,0.007978661552619885,0.008908010411635888,0.10638836961790155,0.07766300815376363,0.005025943681674386,0.018970839800845095,0.005982747564728065,0.005652510599296006,0.19939123200973782,0.1347923518612216,0.06727744563899564,0.16456058915762553,0.0014587862734874051,0.0414518072780418,0.11343796702904513,0.13601478518527993,0.07587898726828178,0.1024308914543407,0.11963379106810083,0.1203318011906603
dense,280,0.008048385366884578,0.008057996079671371,0.10657635866404973,0.07759980433259804,0.003212036635133184,0.017287015941037927,0.006055469764067952,0.005677461978446425,0.19935093649669383,0.13435264888875859,0.06738632151438562,0.16573408608014847,0.002181904072875899,0.04182201628848111,0.11395609524166123,0.1354190049513838,0.07726082278793905,0.10157714946164631,0.1196688813289539,0.12020643685566888
dense,281,0.008054025863140699,0.008264481185916283,0.1066738519788637,0.07771753966783355,0.004159590833441712,0.017173526769473917,0.0060141047237247044,0.005710702417024801,0.19937904903807532,0.13443823260801524,0.06733388047616441,0.16631714838067901,0.003783004038139745,0.04071184094513515,0.11386557645507155,0.1354544974925461,0.07746627853218266,0.10143735043895691,0.1196605057288854,0.12023885961251311
dense,282,0.008066593247525202,0.008384487302693557,0.10673547687429373,0.07779001558528377,0.004853056447553802,0.016935407501159863,0.006026096825689327,0.005723388436371238,0.19939962996966515,0.13443858635040323,0.06730834953016065,0.1667692862263719,0.00521289845411523,0.039893838912179284,0.11381962373397811,0.13547067237072968,0.07766484882467796,0.10093964421675074,0.11965000617509766,0.12025833772739522
dense,283,0.008082678060643202,0.00821511419758606,0.10671358035865021,0.07773565289145823,0.0046851229717131005,0.016404730219453646,0.006035191622515918,0.005735411976661572,0.19941486061332017,0.13435950185226805,0.06725725511025481,0.1670765098181644,0.005678348570792624,0.039355023418197535,0.11382874880238959,0.13547010883471788,0.0778628634939262,0.10034295204553273,0.119647455761818,0.12026933598242075
dense,284,0.008098060098082454,0.007903181163942686,0.10661993194821522,0.07759705694896682,0.004143039962506817,0.015686263847218964,0.006034240868512843,0.005749179977532122,0.19942802650360847,0.13419807066002382,0.06718611986062203,0.16717074638979135,0.005125945113866584,0.039195122427248055,0.11389952804090193,0.1354453742070457,0.07809170139957083,0.09977013295652314,0.11965381276217776,0.12027460305720294
dense,285,0.008045513750263095,0.00777890303858865,0.10662687247680265,0.07756962327213233,0.003852703224085647,0.015470761227402813,0.006066656568222112,0.005725491134644029,0.19947251891487142,0.1335724273640844,0.06725874619884224,0.16767722265268592,0.0037744441493694943,0.040686649285969434,0.11442221408504478,0.1348951692667865,0.07934910661915631,0.09857854115341169,0.11970454359664791,0.12013088643476177
dense,286,0.00806935238701577,0.0075989807802632255,0.10651253013654483,0.07744797865568273,0.003168268902773045,0.015443876294753717,0.005979942601606028,0.005803835321920111,0.19950787449902752,0.13357466044472432,0.06702677229431418,0.16784706186804055,0.002487778126853699,0.040802708293113034,0.11442660451733276,0.13500205832440534,0.0794194579730872,0.09816842042377955,0.11972357280829703,0.12016339206556258
dense,287,0.008063754076485777,0.007791627726534911,0.10646569241811989,0.07745991611765084,0.003552440042072629,0.015819440961664023,0.005955951256212964,0.0058386786461900285,0.1995703657856875,0.13356162581376466,0.06684420393437253,0.16806697049459468,0.00167352979041004,0.041039981222536465,0.11446335859112629,0.13508080211202617,0.07946396023573982,0.09790313173179702,0.11973048331848099,0.1201898959869025
dense,288,0.008049116488641617,0.008104773183707645,0.10646830270611742,0.07753457892334596,0.003998947826174304,0.01660948116878602,0.005945363275693577,0.005865300464176683,0.19963545883472242,0.13353170927971494,0.06671907100292125,0.16821369927402963,0.0014236282643680476,0.041342980153747225,0.11451984634704232,0.1351228054525774,0.07960691430845619,0.09756210719934617,0.11973657056900597,0.12020484178747738
dense,289,0.008028573592952865,0.008466250647961806,0.10652598901544831,0.07765914378648117,0.0042790396570851165,0.017764340990302992,0.005928806330599499,0.00589281561385961,0.1997008143203109,0.13353657707782446,0.06663057845411785,0.16827618458134885,0.0017490520374202976,0.041746974076349246,0.11453226421992195,0.13519947253794765,0.07972240659143184,0.09726391746222687,0.11974321347483055,0.12021041335164927
dense,290,0.0080026998212371,0.008893889341125998,0.10660940448628216,0.07781712417771336,0.004488477434083559,0.019260335018708972,0.005904680214164602,0.005922064697546856,0.199767842247649,0.1335768721149788,0.0665537679958431,0.16829381156715567,0.002342993695114518,0.042184188776665806,0.11447616718274436,0.13533948930492415,0.07972556562516256,0.09708999114459858,0.11974772472562766,0.12021443945492195
dense,291,0.007976065041684301,0.0093549512560804,0.10670581466353696,0.07799209682520292,0.004801416027785487,0.020783508848752456,0.005881773729170769,0.0059531064186128975,0.19983072556811476,0.1336425308415278,0.0665922533865349,0.1683458113898375,0.0029832291046471993,0.04260013346884205,0.11440364901357732,0.13549495156832383,0.07972278206844605,0.09690123355271563,0.1197506893609571,0.12020178663891934
dense,292,0.007950147298591025,0.009797321303898337,0.1068100470032038,0.07816823509133118,0.005073729022467238,0.022264925179953314,0.00586850587703693,0.0059821251361358635,0.1998916890284388,0.13368581458693066,0.0667242296236932,0.16844425466013366,0.003533178750062965,0.04309067993693207,0.11434997247958398,0.13562722840158667,0.07976863733670152,0.09666802254244368,0.11974965151664316,0.12018720517529517
dense,293,0.007923601703633302,0.010108381492100143,0.1068677426095458,0.07828059052862255,0.005138693787929342,0.02342170169316941,0.005867749475230888,0.0060053810120709325,0.19992411623416315,0.13361254216074475,0.06666596659570541,0.1684719386961833,0.004024283639575822,0.04357113174465698,0.11429283156355127,0.13573224243413073,0.07977546344535281,0.09641879342277382,0.1197429715065234,0.12018062987118795
dense,294,0.007884639543700828,0.01045916482776328,0.10675379706834341,0.0782804037455809,0.005707573013486966,0.02421889853642628,0.005882204156808216,0.006027983604331657,0.1999336131728905,0.13326883178104126,0.06631465440399129,0.16828904970713943,0.004614746802117246,0.04385204620567782,0.11432491035008659,0.1356767663150071,0.07962627681506691,0.0953012596838906,0.11972527046031431,0.12011813912289789
dense,295,0.007814623915269067,0.010728064448370189,0.10618640517051357,0.07793904375028897,0.006359672155653139,0.024589538022285903,0.00588867709959421,0.0060743705159475,0.19984909795427466,0.13260428575262245,0.0656454301331901,0.1675089686456754,0.005185108553772399,0.043342077127123804,0.11426867654447223,0.13547829041766352,0.078647384995124,0.0920607334515101,0.11969313109759154,0.11995367737314241
dense,296,0.0077138035823535595,0.010944471324957426,0.10476483685536335,0.07698057242038493,0.0073104281755650416,0.024399825280423917,0.005891427571023086,0.0061762042728176645,0.19954062292196637,0.1312822877747009,0.06455189941409546,0.1653021184514273,0.0056672913420655014,0.04132699427384743,0.11413178733527235,0.13486222213263496,0.07571588270419884,0.08553000554168869,0.11962891524994981,0.1196380151225126
dense,297,0.007549125983013283,0.011139542115961467,0.102219145186767,0.07521982568753312,0.00845900117043664,0.023670320112793172,0.005951786996306954,0.006477060184309103,0.1989315889107126,0.1286801031369834,0.06297619922853176,0.16054769317825468,0.00583686266621811,0.03770779385654848,0.1144594085075092,0.13306860115087368,0.07145549314842774,0.0748975821525961,0.11948424904514363,0.11858416725940461
dense,298,0.007418629306752723,0.011429825509890126,0.09890404159711653,0.0729403782653948,0.009772929267045162,0.022752354437225945,0.006091847231482581,0.007102171103806816,0.19799532137528425,0.12490740763720604,0.06138025730521617,0.1534524233873634,0.0061554911957279095,0.03398205057529581,0.1152031017078167,0.1300448362204358,0.06684046802953145,0.060586256281653754,0.11934311881991463,0.11695776662995264
dense,299,0.0073900068812601145,0.011795049922447311,0.09506690010662229,0.07031605928532451,0.010744201033712989,0.02186265738413449,0.006317713350237351,0.008255627921704412,0.19672772428936802,0.1198131664133692,0.059853735614985526,0.14454164615135076,0.005904882145915159,0.031205652175551515,0.11650429840757062,0.12541657336272904,0.06263833395717038,0.043822272093250576,0.11939001600463936,0.11498450066356736
dense,300,0.008651115400063816,0.014664040461823024,0.09136957209101494,0.06845542013761972,0.012931069391055192,0.025328537523206976,0.006458863690319226,0.013937691242710699,0.19228198929684712,0.10863330407458437,0.06595627034998629,0.12110018936825415,0.006844018558229583,0.033171960000281976,0.11832486500415818,0.11934842309471523,0.06714773488685724,0.029592267981171254,0.11993792529412868,0.11409591718296537
dense,301,0.007590499792561441,0.01287477297282679,0.09081277626734376,0.06757899452305845,0.012257194797976505,0.022634269873616535,0.006391829192406975,0.010215798027307143,0.1889408682450623,0.10379335784828438,0.06903297163322436,0.10781286078241051,0.00766047037659618,0.0337917027044546,0.12393813681101583,0.11380985564847991,0.08239176276961438,0.0210899540014217,0.12088834018914826,0.11660303419841288
dense,302,0.009023093658494647,0.01577570279518208,0.09120143434609622,0.06862018335249281,0.014646940534356216,0.026820155315010596,0.006057972709998824,0.015577742621362687,0.185644913795809,0.10065808639046052,0.07117643379531476,0.09959147299059012,0.011230840670968342,0.040712103221320024,0.12446076745534423,0.10981516109587262,0.09027927088478385,0.021666969274322778,0.12159715792570737,0.11758403465266101
dense,303,0.009354305296547094,0.01690173562399863,0.09210857401382598,0.06954494917402665,0.015991687816467513,0.029994271102760015,0.00604459438066557,0.015576389196101435,0.18418386841042583,0.09964739111294163,0.07325537428760256,0.09560832671835567,0.013378883880989997,0.04593442007436097,0.12498377944682851,0.10793296086715172,0.0985818961813966,0.020946730624977074,0.12223429360670099,0.11861496295417999
dense,304,0.007377463263637618,0.009322472511845148,0.0928915736030068,0.06819801391453528,0.010279825053151838,0.012936527640655327,0.006097754751081303,0.00797578260249212,0.18539353068964717,0.09741714271623404,0.06260988324449501,0.11104835855095556,0.016448685469474318,0.03428932552622901,0.1285153165741377,0.10769783488712015,0.10510465546184211,0.025229888463722632,0.12134360831239019,0.11960065333983369
dense,305,0.007216228577612486,0.012318841046796078,0.09475736169450577,0.07021058429993329,0.0206464531832409,0.016824667459880774,0.006216335181941736,0.005587908362120897,0.1856424139853509,0.09697137846736359,0.0665151599908091,0.10787740677142348,0.020908623848915966,0.03796477797715493,0.12696675064972335,0.10905634500694097,0.10543629345903932,0.03583281110499897,0.12236174774898194,0.12155463132336697
dense,306,0.006770114908989446,0.008364807774454683,0.09418159359564737,0.06884755700909276,0.009163284363953942,0.009681393355353224,0.00593448187415248,0.00868007150435909,0.18768351415325685,0.09967607015742887,0.061927443505458396,0.11847648698558973,0.018579083135701727,0.03510044508400128,0.12936699575369387,0.10652116518388209,0.09208017675976887,0.041422008444364,0.12067865174526604,0.11866708223935689
dense,307,0.006617432090765076,0.007808969083985663,0.09225753364797033,0.0673496301295501,0.009233373259905489,0.010653802465631888,0.005984466079704655,0.005364234530700616,0.19106159577397125,0.10199827618583283,0.06412741327925586,0.12222230904682908,0.016013780353014984,0.03589429821616429,0.12833622242821563,0.10727735038762848,0.07275137377790672,0.025944074324445295,0.12036432286031186,0.12109938714206779
dense,308,0.006541972340148195,0.0076884708338543885,0.09002983705887124,0.06574434708129534,0.007287317671132293,0.011813037811520828,0.006212411587922727,0.0054411162648417034,0.1894272888906279,0.10072138963632271,0.06565990310537198,0.11653954046609358,0.01424589094674624,0.03182919538324413,0.12065039009975452,0.11457666560622246,0.05296508194640344,0.031974599316719005,0.12019601046725986,0.12157208884168909
dense,309,0.006910684294045023,0.011271793439080193,0.08706771285387753,0.06451825954687625,0.006346425609510029,0.023026667757667988,0.010065822513484155,0.005648257875658601,0.18506763178196678,0.09706555595271674,0.07014523201988761,0.10825174089573382,0.012391757743058838,0.028870983411358686,0.11545166323920376,0.11691277241313162,0.02988713155481303,0.04159955827596638,0.11826329961605969,0.12090522734263351
dense,310,0.006700953716280042,0.012879754099105578,0.0859806266543409,0.0641169111743996,0.0036339461668749243,0.02981571581458934,0.0120993892883992,0.005969965126558847,0.18304064442148354,0.09135261860487862,0.06965603742382932,0.11411320064250201,0.007749349094363511,0.027112498506613663,0.11440067797401277,0.11700802377091882,0.02547649729723751,0.04313664195812619,0.11759727004854008,0.12112406010958486
dense,311,0.007401436304852663,0.017995435966037088,0.0856068928296382,0.06509799377203879,0.010168675177792422,0.03984806504153477,0.01727536835185036,0.004689635292970795,0.18146017732309447,0.08535231103676967,0.06996332279474314,0.11648760806185614,0.006145839202917937,0.035520428406917104,0.1167651475565408,0.11351873926789378,0.020170595298303597,0.04414969016186209,0.11662938532268854,0.12111946952207114
dense,312,0.0066337847489917326,0.019405657803038504,0.08714621961954278,0.06647123831739171,0.014689508299973229,0.04183396802603367,0.016688948006605555,0.004410206879541564,0.18172373496017127,0.08366186105601037,0.07260928141608758,0.11966288398688882,0.01728649151768287,0.037328179253683355,0.11863156579085522,0.11268689307798035,0.019821229884966672,0.04332144521531825,0.11861410961097979,0.12040695966388877
dense,313,0.0052268016417744805,0.017388106607214317,0.08912322920527034,0.06730929285493387,0.01242592848775574,0.03818475010380116,0.014472017440538658,0.0044697303967617145,0.18334733379004614,0.08552317687327358,0.07627219575604473,0.12619525215168675,0.02622560827337733,0.0328058312851483,0.12127967538893923,0.11278151002953357,0.021381862876088308,0.04343981593935016,0.11983453878065368,0.12039194931910238
dense,314,0.004239669877008477,0.014562834871215265,0.09112486282257054,0.06799937430780682,0.0077450095458887445,0.03258268754063152,0.013905984410346718,0.004017657987994083,0.1852938625522636,0.08861705088859485,0.07868244807784944,0.1347274512067713,0.032048395375148545,0.026343123596513748,0.12509354731971445,0.11212552230721676,0.02548190066829819,0.04386363451971482,0.12116801389429098,0.12005340346446987
dense,315,0.0038335406852371746,0.012668943636961265,0.09283513381976166,0.0687371130041307,0.009510241365473697,0.025815344791036726,0.013011147554567901,0.0023390408367667376,0.1865433557169443,0.09052358841362079,0.07931885430613625,0.14071482878647493,0.037492239726820024,0.02124435081710522,0.1287776409664606,0.11028439202514703,0.0329849922784648,0.04298942720743863,0.1245040819766195,0.11864385361590775
dense,316,0.003932797919453075,0.011815921648896586,0.09386272288784946,0.06926759759819016,0.014334633957957968,0.019766442245078508,0.01112257030989836,0.002040040082651503,0.18667602910499903,0.09038962612002843,0.07745413401361101,0.14094941270612926,0.045876946388072236,0.01903122303209469,0.1303858405872911,0.10815153931269299,0.041005037745051515,0.04320665961029511,0.1267091513354131,0.11651707469851483
dense,317,0.005803090270929401,0.012096877583749142,0.09470757760177,0.07004009010748033,0.01620107664185681,0.013004675250610267,0.011443045335489285,0.007738713107040203,0.18493025897997994,0.08822842101222576,0.07511224483627554,0.13692711839934293,0.053652430166138854,0.019775174793342856,0.13127788397900686,0.10532265922026546,0.05180019748410026,0.048100130321767694,0.12523986628858796,0.11612454574020568
dense,318,0.008296165889937479,0.012809341013476739,0.09615558593786062,0.07137650359989246,0.018470385968652924,0.00910838072417781,0.010933235343288196,0.012725362017788022,0.18272620809388918,0.0865631728074017,0.07150654126236014,0.13251786415695213,0.058529018218893926,0.021831099067023775,0.13227010495442035,0.10181551355823408,0.06561307803645283,0.058225628643184854,0.1251914650424386,0.11707733741307624
dense,319,0.010396746025174455,0.011572771419820983,0.09536013124170838,0.07064761215323287,0.015629553700235586,0.005339459860651344,0.009576832437750621,0.01574523968064638,0.1800931782989367,0.0841613948053473,0.06603709434429231,0.12801860610758228,0.06230133560338961,0.025141348067113878,0.13017241110443256,0.10081332675668009,0.06484552373161111,0.0616092337271389,0.12311741655944503,0.11801070579453073
dense,320,0.010215079833935468,0.010750473273864459,0.09428728845212542,0.06968614319734696,0.010514110906299076,0.008680744417844288,0.008858091172911302,0.014948946598403174,0.17996755939019532,0.0840147865939358,0.06278750733306555,0.1238726823475169,0.057166674940070134,0.030647890492279145,0.13062879774417818,0.1013992156676064,0.06361233692185538,0.05655119156143219,0.12276576927118113,0.11803304916218885
dense,321,0.008565732217741732,0.010680369116027665,0.09345220975046263,0.06898316033455318,0.007554831482147462,0.015510329134023115,0.00818411685845629,0.011472198989483795,0.18219749106401784,0.0874749063808718,0.06276673575144319,0.12128037384235571,0.045992135024440724,0.03403111693752245,0.13215606390934587,0.10310553683196999,0.06605567109614376,0.046951284674869496,0.12263041191161303,0.11678478958095768
dense,322,0.007126982838209992,0.012391321004318778,0.09307964617819225,0.06903811888198777,0.009132069400062335,0.0248747051745579,0.007557465150067605,0.008001044292587276,0.1851071101170319,0.09072944953477652,0.06469451150203874,0.1211703121202888,0.036860969571589304,0.03832150656112949,0.13333899134643187,0.10593060851534886,0.06833593835308908,0.03334121791311607,0.12207145830879872,0.11705368029466758
dense,323,0.006346954560048789,0.015623307346342142,0.09395343851047787,0.0703694968277148,0.014913477590288009,0.03391519832501271,0.006983044897478903,0.006681508572588948,0.1881449144440678,0.09483525997855663,0.06823660938409457,0.12172068860246396,0.03837378541302197,0.04111339037734977,0.13365428634875492,0.10965284427569254,0.07015636863141277,0.021273772200398364,0.12128636571776501,0.11899297675215607
dense,324,0.006023152438438095,0.019342367454670762,0.09620652642658362,0.07281593761036027,0.022877365010485245,0.04151517408754327,0.0062924628683045025,0.006684467852350037,0.19086098662813586,0.10032900858033296,0.07214346771284896,0.12119990609499859,0.045659222451619484,0.040832614908907494,0.13319870680187848,0.11324685872192598,0.07177969699231099,0.023525917014730266,0.12061935524888388,0.12108257596243063
dense,325,0.006493581048402215,0.018946882938694058,0.09812956177769482,0.07410799141973626,0.030325432373202815,0.034417693289947336,0.005768810026092158,0.005275596065533915,0.19241932777624035,0.10527715511147206,0.07487990023564407,0.1264946712117924,0.04135879635108982,0.04797291529249222,0.12949745644845645,0.11604008315655527,0.06726599640116347,0.03651232535239092,0.11946014339499121,0.12037597060004951
dense,326,0.00675320322755667,0.015103393678431854,0.09998171531040574,0.07452631539212665,0.017554913225566914,0.03151759335868884,0.006023346448543261,0.0053177216809283945,0.1940530063526898,0.10937376084556477,0.07787779992134289,0.13157298080295005,0.026298378033617825,0.05900373471181885,0.12106948570761157,0.1248156081737327,0.05941398806459533,0.05567722370811948,0.11926894603398881,0.12135567136883676
dense,327,0.006915439386833835,0.01434972202194934,0.10164383172213641,0.07553178283178048,0.012569664200338894,0.03342705187995106,0.005971224045671106,0.005430947961836303,0.19535195814820477,0.11322541935121606,0.07937089089673297,0.1314685753891209,0.021858812963546224,0.06377729292754193,0.115447708280838,0.13146568128878525,0.055924557659431204,0.07089823102848092,0.11926227833431029,0.1216745743974283
dense,328,0.0069278223031595185,0.01391566669085495,0.10257771685656386,0.07608959360854976,0.008372578150024823,0.03594479944786966,0.005907513485541444,0.005437775679983876,0.19665721874545727,0.11530981519361452,0.07975492427803046,0.13112650821772734,0.01901142215131143,0.0667582638934932,0.11092884798866606,0.1373499760112825,0.05184533153292884,0.0813885030458647,0.11925867955552477,0.12154311166486531
dense,329,0.006818676602646517,0.013773388474753226,0.10279174624847791,0.07620077561667021,0.006588322043646307,0.03720800374954096,0.005856237025224058,0.005440991080601576,0.19799736756430353,0.11684597277015414,0.08073107922236494,0.13163514620140782,0.015664212999395178,0.06648737027946933,0.10777309350871682,0.14146106153888396,0.0489243763105278,0.08543327573357018,0.11920735376105475,0.12134064509188641
dense,330,0.00696151486785675,0.013382090169087466,0.1016194233287407,0.07528958561700559,0.007868913417038591,0.03428568606324243,0.005905294464296373,0.005468466731772473,0.1982560353073758,0.11587934871520127,0.0798579197224034,0.12764554599600714,0.00912734040001751,0.06192325675534629,0.10547484617067054,0.14405355292433744,0.049460242950553325,0.08723301386078293,0.11938304263841748,0.12113893450377547
dense,331,0.006912801109402744,0.014555932540915084,0.10175298167090872,0.0756571947837628,0.014720489470941789,0.03220940674384128,0.005847618902848173,0.005446215046029091,0.19846502980606467,0.11652601295600488,0.0810307876903109,0.12742167885817196,0.010241508639957443,0.05924776542205256,0.10486072028095986,0.14470124926063618,0.051381257856606195,0.08687441858691101,0.11926467874206724,0.12102067195116163
dense,332,0.006916549372228305,0.015240647414844221,0.1021754333630739,0.07611672584638189,0.020533239688474734,0.029179430368128232,0.005825082925093633,0.005424836677680285,0.19859652566471594,0.1176957054365741,0.08178310986801796,0.12808504938589166,0.015131513850359966,0.05695520396897671,0.10393231864073509,0.14551940004528086,0.051702595896127225,0.08650191496489572,0.11928575982857828,0.12091610280673344
dense,333,0.006962577471324116,0.015574681762971438,0.10262863756796069,0.07651793854933753,0.02527612147473169,0.025713938457588507,0.005871282175152302,0.0054373849444132516,0.19845954335513988,0.11892641384996488,0.0823593207139832,0.12857698603896023,0.022883559986413542,0.05313099858188606,0.10290789470468113,0.1459215327084614,0.05183158079654689,0.08628116811395997,0.11938228011894662,0.12088237184658429
dense,334,0.0069586450675162975,0.016231755968553585,0.10266503840802861,0.07669800763753376,0.0303010849987906,0.023187167075116925,0.005951917991620986,0.005486853808685831,0.19812725924981556,0.11903634607632972,0.08161698055810368,0.1271277851196556,0.03257291382554199,0.04900332934811992,0.1018452098561267,0.14615274976019282,0.05025449497982062,0.08598452625348449,0.11942920038233984,0.12082966548681251
dense,335,0.007023765242372619,0.015137572032455833,0.10133681036995433,0.0755068104595087,0.02863099870973524,0.020312757849721808,0.006051641570166091,0.005554890000200192,0.1975203403904935,0.11765979002611075,0.07952299478742143,0.12368000108124998,0.0326556315047902,0.04621606609373719,0.10109564333975554,0.14607197560540033,0.046672319684850964,0.08485653025065228,0.11936536766020477,0.12072506401478504
dense,336,0.007074361427392482,0.012749722281708606,0.0989916633603603,0.07329254181638534,0.021564950684073464,0.017726028283754282,0.006094719119962293,0.005613191039044381,0.19666406121295668,0.11522716688541748,0.07739617411389385,0.1189993567873654,0.02582154014336991,0.04382051797359306,0.1007073651249204,0.14547192195152198,0.040506297982441805,0.08336968490165417,0.11928218201823548,0.12063369122895355
dense,337,0.00739110779008375,0.012166274355519412,0.09637006888247368,0.07132335481187328,0.01722550259951974,0.01881593742917137,0.006852910644491856,0.005770746748894684,0.19556607152808264,0.11193414098321466,0.07595778227975326,0.11292069862362432,0.020698365527499308,0.041441353886494135,0.10040151745297506,0.14435384869607754,0.0324944419383583,0.08102929237632542,0.11900075086494655,0.12064256243233311
dense,338,0.0073861716999458855,0.01088739663162214,0.09468961613620502,0.0698359501094644,0.011235372035384059,0.01972902556198414,0.006587404706344083,0.005997784222776278,0.19504927655054127,0.11024962608425612,0.07639744477014317,0.1080952432094683,0.018266710140321222,0.03881949382975545,0.1009638649192962,0.14301035327436887,0.026843935429230685,0.07899669713996202,0.11899618024270733,0.12058656804440951
dense,339,0.00712775671040304,0.01015975778355521,0.09408629117789347,0.06922366364584384,0.00812201202394762,0.020762631559267015,0.005893666472782942,0.005860721078223269,0.19504802754111186,0.11003190918576462,0.07794272336622747,0.10666308708294617,0.01717305664500682,0.03623810668901037,0.1025053056889028,0.1413153586611326,0.024545738867731978,0.0780148978152817,0.11908479463912572,0.12047248795247947
dense,340,0.006796530230341521,0.010251720881984798,0.09459612556127443,0.06958570120550435,0.009173187228173401,0.021241336062885446,0.00496827384549566,0.005624086391384684,0.19535873821518124,0.11078871103227553,0.07940231701964766,0.10872205765113417,0.01759968996235949,0.03461137863600617,0.10437451195061473,0.1400106179096353,0.027224348209929382,0.07741176957339388,0.1192811620682592,0.12036820450685642
dense,341,0.006991836766327479,0.00628274435984268,0.09598852984659982,0.06964618660969976,0.003826588820759291,0.010242239327368756,0.005617760213625156,0.005444389077617516,0.19563021666991523,0.11445113795854153,0.07827236890649653,0.1230968292269475,0.012329051806889556,0.03661471247572871,0.1087472721701355,0.135286877035221,0.03431448656509739,0.07259561705698553,0.11973873621774646,0.12078505206949286
dense,342,0.007069173678224626,0.0067937627885513415,0.09755982393803288,0.07088012424051911,0.004798659827273224,0.011225797853275696,0.005663320104204239,0.005487273369452207,0.19590162995116192,0.11615042193129388,0.07613735078592247,0.13065520645755654,0.01260220501869057,0.03807801862496304,0.11026332068618953,0.13421697615735628,0.04467622648036597,0.07145688038586602,0.11973841148095063,0.12084123929607778
dense,343,0.006709688362356211,0.007270425626777095,0.09930459224428606,0.07220273516475867,0.005365795779496975,0.013318495847468526,0.005406507387574533,0.0049909034925683495,0.19627465630922966,0.11786319038898603,0.07584178694174687,0.13352882126319907,0.016471826361485233,0.03766198663241153,0.11141417949823704,0.13368028694372183,0.05521950835370029,0.07279175490365791,0.120279856848905,0.12062725248615225
dense,344,0.0067179837780167095,0.008087181504117255,0.09921646177014216,0.07233319123742303,0.007308532113242709,0.01465192701806786,0.005496235598225251,0.004892031286933204,0.19599994637678544,0.11816802200510824,0.07411218580238019,0.13361786447767754,0.01785904354127255,0.036956472879578206,0.11212768679214767,0.1325869602539002,0.05888665663697028,0.07014781532634531,0.11973434046308598,0.12040054668645439
dense,345,0.006799455178437296,0.00825271051374006,0.09861677941040882,0.07195362647990021,0.00736445242468191,0.015054094341730996,0.005626153967367878,0.004966141321179456,0.19558620095294282,0.11798008368741511,0.07330270232655743,0.13163527182304224,0.0172001333714876,0.03653537270306015,0.11336807947269291,0.13077880621545573,0.06076728212150271,0.066484971191082,0.11950898585265819,0.12025346320700893
dense,346,0.006858930826218117,0.00830454810503602,0.09786569701919749,0.07143914632216071,0.006046558171736454,0.016449527057363744,0.005638593165438045,0.005083514025605834,0.1951314765414121,0.11766915377325801,0.07252032743135935,0.12861378412797722,0.014587879638128772,0.03611536405040979,0.11499497602294917,0.12866925098692153,0.06332525581889732,0.06320342616318676,0.11942825395059556,0.12012921572527421
dense,347,0.006953135154185058,0.008931093793744373,0.09673927138573041,0.07079698629164277,0.005151346410217649,0.01955166213975895,0.005706120137328493,0.005315246487672408,0.19449539748026182,0.11670812612616278,0.07051941930652118,0.1252371209020986,0.011210575144660298,0.03517279126539275,0.11681161174619209,0.12623798235161193,0.0670916046869067,0.057892061971200316,0.11941604482455805,0.12007852082319823
dense,348,0.007097264337557177,0.010125791904757426,0.09549198580311506,0.07020613303493928,0.005299083314625798,0.023591569984286968,0.005768118576473148,0.005844395743643788,0.19384681848298654,0.11539338700005129,0.06794259947511752,0.12212681380515973,0.008116520708410811,0.0342703859107274,0.11788362985266669,0.12467453635284634,0.06987687687893114,0.05215826945608461,0.11942035647155942,0.12019363524283914
dense,349,0.007260603401482524,0.011559795191738814,0.09459111502969363,0.06991724497204477,0.00598344930851527,0.027920510301130255,0.005774868938968324,0.006560352218341407,0.19341614233221446,0.11454412240112452,0.06610084197570791,0.12027445781227446,0.006007905670386997,0.033773230146781665,0.11808401219009283,0.12430095483557486,0.07179772664279836,0.0470105052432361,0.11943508883241293,0.12034839227371838
dense,350,0.007385939427032816,0.013070774100732785,0.09404428455027236,0.06989414414313132,0.006780289585173504,0.032518050198332024,0.005762753981601063,0.007222002637824555,0.1932608030841489,0.11449659093770002,0.06534842983865786,0.11984578882109327,0.004842693094276642,0.03372449717456731,0.11765916494643508,0.12475947637991601,0.07270888592057484,0.04224933179597836,0.11945694930162039,0.12017880330829979
dense,351,0.007387371222617205,0.014130756795277689,0.09411149546550703,0.07019107905822425,0.006993313228551641,0.036666357202833476,0.005722702423752784,0.007140654325972852,0.19350302356263022,0.11556624426461186,0.06562581229605846,0.1212621883989057,0.004141608971764167,0.03452800597929458,0.11714354727361712,0.12558283291625733,0.07231554336980457,0.03971048451488685,0.11948802305871924,0.12047063097953399
dense,352,0.007214386308153785,0.01454624863217019,0.09485647415047149,0.07080453356720544,0.006364416967174649,0.03958195004340297,0.005600880857425627,0.006637746660677515,0.19423430049555734,0.11794314063444786,0.06717049869522128,0.12437162081832459,0.003348729342263882,0.0363705179808754,0.11667776892010155,0.12681506187781946,0.07093470053805603,0.039903166500559924,0.1195151948549872,0.12099298914744332
dense,353,0.0068974226134179755,0.014398550286794903,0.09627618781825253,0.0717532869164487,0.0050487291304479156,0.04094141145182667,0.005402442043869667,0.006201618521035358,0.19542745499033942,0.12170351900313917,0.06988678985264143,0.12927687005527466,0.0024049417576409685,0.03924541679821489,0.11610370716556113,0.12863180172171756,0.06908174071689295,0.04259073256777114,0.11953286732311354,0.12142841186672357
dense,354,0.006682944378353729,0.01357736643491973,0.09767342050643796,0.07253373271736989,0.0059695741473703625,0.03712317984823468,0.005545327291056465,0.005671384453017406,0.1963841334185018,0.12276789320599998,0.07039783752957525,0.1321186208541814,0.004405710744104328,0.044252371524296584,0.11485995478742243,0.13094316849177184,0.06572892381082895,0.0489774453837684,0.11945695360757849,0.12178803271922604
dense,355,0.006763166764552854,0.013147752320636294,0.09892997171809648,0.07332434333319152,0.007109186501860976,0.03433445719843958,0.005625490160759607,0.005521875421485012,0.19715535308975074,0.12298151523195053,0.0701346573924198,0.13381866606208412,0.007144533989612049,0.04858549626743108,0.11299732214606459,0.1338923327391576,0.06283779067826309,0.05667936716689777,0.11946032543171946,0.1214723004218069
dense,356,0.006562833459595589,0.012804810048953319,0.10080988157677295,0.07455886191627555,0.007095007572289969,0.03304474692656844,0.005305144328810355,0.0057743413681445085,0.19812256581601403,0.1254658515382645,0.07176222230701362,0.13586070386817536,0.0055598219727254145,0.04982569736926035,0.11223631832309201,0.13647574027844028,0.06489641285661032,0.06810073738035813,0.119601504355943,0.1218110028553783
dense,357,0.007028970348108538,0.012733356779502639,0.10282446252733611,0.0759915263408325,0.007200445217115397,0.03252317235025766,0.005443855351825797,0.0057659541988117095,0.19854207676290533,0.1259630494813522,0.07217439988743338,0.13823405669519181,0.008009602792384826,0.05384189493985536,0.11064823560392031,0.13860194865312556,0.06630249775794543,0.08070500490911385,0.11943896396183451,0.12143181888297082
dense,358,0.007310662803665532,0.012490586423163622,0.1042934813658467,0.07698792852273414,0.009228485126298246,0.02950527401900397,0.005645624658344058,0.005582961889008216,0.19883706161585832,0.1283947129153515,0.07134760220130817,0.142543131217635,0.006456803845775353,0.05541850464679768,0.11072569965176149,0.13919998063767328,0.06824548794609861,0.08984697748676077,0.11941367426922454,0.12109213995591576
dense,359,0.007471022813637562,0.01224042640861064,0.10501639716352361,0.07744879378884492,0.009791681877907321,0.027851324930091757,0.005829898730323552,0.0054888000961199335,0.19903769997029186,0.12963496301965305,0.07082618245681731,0.14531622904838234,0.005189853420280041,0.05625495972208514,0.1105415464583059,0.13965641743535936,0.06807963198019656,0.09542394448947186,0.11940004032684838,0.12083529763459146
dense,360,0.007593823825523352,0.011478574829888573,0.10548538400014128,0.07760780771451604,0.009148099974254795,0.02538415877004275,0.005947362489836466,0.0054346780854202794,0.19914814758802993,0.13029365624987307,0.07148325390203947,0.14804753691145864,0.004173134845374274,0.05581697120756336,0.11030166253661694,0.13981887911755453,0.0671361384342899,0.09949817264664701,0.11939608476166287,0.12071096980058531
dense,361,0.007724485932689187,0.010555343962054755,0.10602282307004997,0.0777776316836181,0.007904345570523873,0.022872294088243938,0.006021212841155923,0.005423523348295288,0.1991931791285137,0.1309662962290415,0.07223128790700695,0.15027562926954438,0.0034160253123476513,0.055854703265625076,0.11017371960608678,0.13985276340803168,0.06677680908890625,0.10342256293817646,0.1194228101713504,0.12068809051596885
dense,362,0.007868356525879838,0.009806105017903192,0.10658123578846224,0.07800397682700233,0.006994813815468054,0.020690647803304634,0.006100813051617959,0.005438145401222122,0.1991866006228647,0.1313518120965607,0.07253304540776721,0.1525177347741138,0.0032573220994309084,0.05615062846265013,0.11022355694755576,0.1396664397129689,0.06797873081332557,0.10592974436279905,0.11948152147386965,0.1206976926876403
dense,363,0.008004442862540722,0.009325949593191366,0.10722542155405733,0.07835372352258789,0.006383962379411201,0.019287661949985293,0.006165004764619667,0.005467169278749304,0.19923120479627943,0.13162695642426353,0.0727006049117633,0.15478874146339416,0.0035188865338241404,0.056388859512456174,0.1102963518867354,0.13954446951554803,0.07004460006787698,0.10833676093473617,0.11953078019393734,0.12069684240787328
dense,364,0.008085310861880487,0.009107762710108717,0.10767903797647897,0.07862734220118017,0.006199711774550441,0.018533686708145695,0.006201044977006046,0.0054966073807326855,0.19931683411599138,0.13188752903041462,0.07288603204536971,0.15661743765333552,0.004304303974013273,0.05577043835170408,0.1103177889980987,0.13946920809918592,0.07151930295424032,0.1098447675102962,0.11953580148598691,0.12067901149911106
dense,365,0.008115607925127876,0.008977051856753564,0.10778827364707629,0.07867547641865046,0.006170655935375437,0.01800332242645102,0.0062277647530476965,0.005506464312140103,0.19942237037079286,0.1322272734994021,0.07327631525582701,0.15804758840849717,0.005118979614866888,0.05411457709329592,0.11042984235770238,0.13928490733382543,0.07245808142057064,0.10889459776064232,0.11951744124497231,0.12066730940452061
dense,366,0.008134740481324398,0.00876538141490324,0.10773217444469417,0.07858719761630983,0.005778197253693648,0.017544613269007237,0.006240076588232483,0.005498638548679586,0.1995129031806627,0.13265357537555544,0.07385120503169357,0.15927102647164376,0.005495454685933839,0.05187690037248875,0.11044676387158153,0.13921538744833037,0.07307681269129361,0.1072030183398359,0.11950986972487762,0.12067317614243289
dense,367,0.008160784627082258,0.00824570250294452,0.10771380888218303,0.07845348830735628,0.005311430604800431,0.015941292867086027,0.006238970543981814,0.005491115995909811,0.19962863384942087,0.13326574646488568,0.0743126597640847,0.16031949762808836,0.005507518456166326,0.0491395262968209,0.11011510216218788,0.13969421711575936,0.07343927222625991,0.10694659304418312,0.11949933318373382,0.1206976063946055
dense,368,0.008179058887397589,0.007974711655632096,0.10775691161193762,0.07842122616783398,0.0052461943217983475,0.014918739218856577,0.006239908067697837,0.005494005014175625,0.19972879238048194,0.13417295354856384,0.07465304682692794,0.1610291211200069,0.005637095959712655,0.04654747504436734,0.1097612713313388,0.14018664394940092,0.0736402690267879,0.10751778202007871,0.11949450689635777,0.12071398123922678
dense,369,0.008194525790695139,0.007826124649550223,0.10783603689847744,0.07844302748062502,0.00533436104896081,0.014224673739548329,0.006241882317374417,0.005503581492317336,0.19980664136615725,0.1352542534322042,0.07491034327932326,0.16139221686904823,0.0057761931261100805,0.04419025506984137,0.10950493570058226,0.1405951205210449,0.07371615426165996,0.10867266145711237,0.11949430087529767,0.1207193668233477
dense,370,0.008212784406309757,0.007797129910871968,0.10791721210846617,0.07849457937361126,0.005448422824282887,0.013975187093712248,0.006249590437840869,0.005515319287651865,0.19986269203876816,0.1364343829738535,0.07503815037774869,0.1614475948328955,0.005687288049828115,0.042231143664481885,0.10941145596623511,0.14089979457824892,0.07382664422468856,0.10993974778880133,0.1195021656937039,0.12072548511234031
dense,371,0.008220728625971483,0.007964394225260827,0.10795423270267368,0.07856053517406464,0.005612090802135443,0.014464423654351506,0.00625853131099777,0.005522531133558588,0.1999229134720917,0.13749238762822072,0.07505806551111083,0.16140373249058768,0.00539092762672529,0.04074066173132308,0.109415461301066,0.14116830086967352,0.07379037045709266,0.11081035581100299,0.11952105401034288,0.12073656152284667
dense,372,0.008214003452033155,0.008332204042277852,0.10792167798533336,0.0786237032614791,0.0057632312221428126,0.015783272224529826,0.00626019993104831,0.005522112791390462,0.19997721015401457,0.1383841226870734,0.07495559354516453,0.16136314121644918,0.0050118621663989065,0.039543853314990725,0.10945463229648135,0.14142734690127717,0.07355294949112946,0.11110027420674312,0.11954074286655628,0.12074840697772159
dense,373,0.008204321137337949,0.00878304432495582,0.10789562076408016,0.078710820447419,0.005885601904819181,0.01747325064096638,0.006252916183861914,0.005520408570175799,0.20000384045598008,0.13914547773852348,0.07482567269615878,0.16126226341133643,0.004808046292729774,0.03848543419992919,0.1094352036642675,0.1417006300081783,0.07331585124709374,0.1114727493150213,0.1195499719982407,0.12074230814150239
dense,374,0.00820226138955957,0.009166222095533298,0.10786980568893839,0.07878263635523255,0.00588554479544166,0.019012495266400222,0.0062447132080370804,0.005522135112254232,0.20000321501629328,0.13974817406678525,0.0747075821132834,0.16110617154992118,0.004592918350205236,0.03760262163700641,0.10940224199535119,0.14193347025019448,0.07295099785892684,0.11211615625792373,0.11955362761483623,0.12072049155653336
dense,375,0.008201207650822492,0.00987821608027038,0.10801896046597322,0.07905538809197546,0.006841282343778738,0.020879967550813092,0.006247802920324265,0.0055438115061654265,0.20007233825841297,0.14079975993257954,0.07487131993909672,0.16130892846445385,0.005471319504517905,0.03698205629347385,0.10919177093906539,0.14223300307731124,0.07266803408167073,0.11236905438873941,0.11956021166327012,0.12069972904908681
dense,376,0.008212134710577475,0.00990884426375263,0.10793686918272542,0.07900529070342899,0.005795079740229227,0.022079488594594823,0.006223064344165065,0.0055377443760214065,0.19999721492060096,0.14077494742303162,0.07448557195943771,0.160920713348483,0.004011346992353411,0.036938127071237455,0.1094137369458298,0.1422565940397366,0.07251743070427014,0.11364952716380147,0.11957646076963938,0.12070075885428341
dense,377,0.008234026657622415,0.010487503036352874,0.108053119274813,0.07922479235886999,0.006562638133953796,0.023593257494503205,0.006250325470310204,0.005543791046644291,0.20001870249909265,0.14143552875077448,0.0745464354363326,0.16106841614940406,0.004091568658861364,0.03705615515545223,0.1094125581717747,0.14233489579378877,0.072486531605211,0.11391234745715954,0.1195792781418438,0.12069501347806065
dense,378,0.008249031793757114,0.01091154311760334,0.10808241589210138,0.07934612911584629,0.006973445555374308,0.024872494282224433,0.00626250143635585,0.0055377311964587604,0.20000298766780786,0.14169279963065262,0.0744589614492646,0.16100168623378758,0.003473177416671088,0.03732372643900447,0.10955235785401228,0.14228577765611475,0.07260033010430708,0.1143029423464572,0.11958799529405806,0.12070624861307903
dense,379,0.008261891366752648,0.011141804112890688,0.10807829854690561,0.07939815825771664,0.007042196359834956,0.0257221899706838,0.0062763970628033185,0.005526433058240672,0.19996493218772415,0.1416791436001807,0.07407125083389911,0.16096783474291174,0.0026100317219776487,0.03786584915591342,0.10974192116640151,0.14219426428769702,0.0728392648837698,0.11469263050412104,0.11959250868079739,0.12071995079747395
dense,380,0.008273365651165779,0.011283018370048083,0.10808051858834887,0.07943362718773792,0.007163553649161316,0.0261601911001573,0.006295340754644275,0.005512987976229439,0.19991268281664892,0.1415069921178637,0.07360002640997808,0.16098450165873393,0.001957067686334623,0.038577217655656006,0.1099514456375707,0.14207180675242861,0.07308672033862329,0.11500116789580006,0.11958885861758578,0.12072773547296284
dense,381,0.00828622670344204,0.01128715641241108,0.10808957421795586,0.07944174958638568,0.007310654360498387,0.026021657167347532,0.00631757691995696,0.005498737201841447,0.19984628762141676,0.1411750276350266,0.07314304195059507,0.16094812445792508,0.001607513783038729,0.03956999123135327,0.11016600396509513,0.1419215793376596,0.07316416314989882,0.11522302636267612,0.11958452176495253,0.12072560935583262
dense,382,0.008293869511621834,0.011186567355927437,0.10811558393478012,0.0794368909501584,0.0073329878590309375,0.025594717821590448,0.006334400389421923,0.005484163353666438,0.1997819604869324,0.1407208465692211,0.07271958157872516,0.160954590156438,0.0015768362753150686,0.04055903622323244,0.11039407620223493,0.1417393823925568,0.07332202607218076,0.11532519526523642,0.11958095052219854,0.12071252547308987
dense,383,0.008294244814605254,0.011145333878693476,0.10815384561248716,0.07945421927524854,0.007670831262167164,0.025090138095899467,0.006350634519411209,0.005469731637296064,0.19972666201951103,0.14020571281363997,0.07234842262385731,0.16104740262953668,0.0019324870712642945,0.04141634705789238,0.11060994562411122,0.1415381237650887,0.0735040316912694,0.11524825118888407,0.11957470033245685,0.12069406053233438
dense,384,0.008290534015948996,0.01110638003759828,0.10822925565742177,0.07949806600325904,0.008038197201422714,0.024565263205345248,0.006364257337319577,0.005457802406305577,0.19969220832470147,0.13968581511337289,0.07202943566938969,0.16125388636293533,0.002686740366395688,0.04222695817169177,0.11080486297668919,0.14134412175305788,0.07372205418393188,0.1150635569056937,0.11956793295569686,0.12067349510550474
dense,385,0.008284619862309434,0.011155772959062607,0.10834970345966631,0.07959436195379739,0.008778697746877133,0.024017912392375024,0.0063772861202372995,0.005449195576760968,0.19968119652243074,0.13924993245739561,0.0718149831840509,0.16161996952306976,0.003739579795109982,0.042996089262174735,0.1109854848119321,0.14116909165972796,0.07389566492324552,0.11483165693804742,0.11956166449007363,0.12065112794873728
dense,386,0.008279846328347365,0.011231330118918427,0.1084960967462542,0.07971519575053361,0.00971672412077897,0.02338046219284963,0.006387627687403122,0.005440506474641989,0.19967657202144565,0.13889526288286647,0.07174824043252027,0.16215828139519856,0.0049339168532256195,0.04355925921605069,0.11114813670137703,0.1410000010683443,0.07402903660277856,0.11461968930537098,0.1195564193892465,0.1206283450866259
dense,387,0.008274939302397897,0.011211435131323753,0.10858352372555431,0.07977193909025557,0.01026837566560988,0.022751616940858022,0.00639232418197946,0.0054334237368476555,0.1996729636545828,0.13849749739827474,0.07162407751184224,0.1626973845819431,0.005745553771131152,0.04399775855611628,0.11129425732853265,0.14082879524957775,0.07410789640764172,0.11438003939262259,0.11955055482850963,0.12060550602587729
dense,388,0.008273170848705875,0.01109522738019094,0.10858832485361648,0.07974788109487456,0.01047043505021608,0.022093039106639647,0.0063880231790515414,0.005429412184856491,0.1996641454641406,0.13803497377954546,0.0715080535712349,0.16307181084508404,0.005852371675872007,0.04441795599245598,0.11144439870111164,0.14064770726662518,0.07414622014299958,0.11414695115447876,0.11954309160710916,0.1205822180427405
dense,389,0.008274962522616437,0.010936769932397852,0.1085400444793904,0.07967662211793486,0.010476425970726943,0.021462778260529124,0.006382012944781379,0.00542586255355396,0.19964787180895496,0.13751611087124951,0.0714026657761784,0.16334441701140132,0.005408273540652129,0.04491942712554162,0.11161156200836651,0.1404448684671983,0.07419131553476999,0.1139003569907145,0.11953324644374717,0.12056041817391037
dense,390,0.008274708525085637,0.010643211656231558,0.10847564191381028,0.07956207400680794,0.009826287191557023,0.02094957911513999,0.006372638878208697,0.005424341440020518,0.1996240048307159,0.1369485825133606,0.07133138430064188,0.1634930394126631,0.0049210222211338835,0.04549886432018184,0.11176316024649939,0.14023772580450417,0.07425180977451364,0.11357530492609345,0.1195219890456407,0.120540815569775
dense,391,0.008264210462933465,0.010402022162148219,0.10840515268977645,0.0794549489052261,0.009196196499981456,0.02063424785413472,0.006353463376567273,0.005424180917909426,0.1996006945116665,0.13641482143866673,0.07128047930369051,0.16352937164900677,0.004650811054112773,0.04594643191048435,0.11187711687133503,0.14005169988688895,0.07420955340566747,0.11326761073750607,0.11951249530322579,0.12052074620506645
dense,392,0.00823002872970726,0.009809092499311936,0.10832264175694334,0.07925518234178089,0.006868482636451043,0.02062306566955707,0.006274329483102655,0.005470492208136976,0.19963995491339082,0.13619246066771062,0.07141510709647926,0.16353668146455358,0.004536650222840372,0.04598448568491331,0.11181853127706126,0.13998449573407895,0.07404807757228284,0.11266272551353304,0.119490468112022,0.12056206282445418
dense,393,0.008204054152055907,0.009592824841440998,0.10819314340254478,0.07911135731460926,0.006001432925130348,0.020667949848456137,0.006225383401993921,0.005476533190183591,0.19967026882350195,0.13587180554776998,0.0714855510867659,0.16348513353186644,0.004085884421324013,0.04610218105961057,0.1118104924062822,0.13989501457724052,0.07360042669156137,0.11223699976807827,0.11947889316350392,0.12059506975303229
dense,394,0.008171849382012876,0.009526902366047573,0.10807271248928844,0.07900894168927437,0.005632608503788213,0.020817730681637718,0.006177175902599802,0.0054800943761645566,0.19970821896460939,0.13556859083360082,0.07155686117822721,0.1634557371156569,0.0037710474871496045,0.04619356388152348,0.1117723807054851,0.13984178587473536,0.0729558950428562,0.11195749519845102,0.11947292943493429,0.12061804415423168
dense,395,0.008138018952597756,0.009524056732645418,0.10796974569989821,0.07893359966364459,0.005464897191704781,0.021019067354959335,0.006128395873459553,0.005483866510458004,0.19975644595236544,0.135280640492774,0.07161786148409084,0.16343660813270622,0.0035147785589721794,0.04631541932976095,0.1116895030775492,0.13984005032726013,0.07223061082902278,0.11184929832424022,0.1194698111088604,0.12063592078117656
dense,396,0.008103564904091204,0.009554796773541279,0.10788767917238475,0.07888087659216902,0.005379674723019864,0.021272176718947194,0.006079686507866941,0.005487649144331113,0.19981867700781195,0.13498382141032775,0.07176368608327725,0.16350255322940438,0.0033036942679835093,0.04641799084876291,0.11161001279460356,0.13984523946427904,0.07134920474222275,0.1119371486531986,0.11946777693546075,0.12065234463128435
dense,397,0.008066923212802293,0.009599108382378525,0.107766547161327,0.07880364251048472,0.005388549945472244,0.021483839048134026,0.006034497203351883,0.0054895473325559455,0.1998834992286579,0.13466652539761576,0.07185007164290974,0.16363492719792982,0.0030889556678795243,0.04639925706266943,0.11151807885104499,0.13985597393444316,0.07021320374681594,0.11195056822589267,0.1194683391536349,0.12066916582643003
dense,398,0.008027885917822825,0.009638546000500885,0.10760454197614178,0.07869626903726634,0.005468563603581783,0.021606318026904398,0.005991171045107306,0.005488131326410062,0.199945338286483,0.13434049074889637,0.07181414396068588,0.16374984496223616,0.002900464452915502,0.0463099585550143,0.11142136097600318,0.13986857978412012,0.06900226492659173,0.11174240122949608,0.11947251309067188,0.12068714274058721
dense,399,0.007985979396897885,0.009651449022880022,0.10741858373920028,0.07856557531522478,0.00555457778879946,0.02162070863824466,0.005947323374996667,0.0054831862894792974,0.20001051222660077,0.13391743306980664,0.07180238013647174,0.16380678272746005,0.0028219562484872443,0.04630584885506934,0.11127522460581098,0.13992267876113876,0.06774000905429074,0.11123419779876982,0.11947949411998153,0.12070648726651573
dense,400,0.007940250792995415,0.009621512717683092,0.10722753084368843,0.07842098069341114,0.0055571293572088684,0.021553239325418028,0.005901161860502914,0.005474520327602556,0.20007556331983675,0.13337912102398072,0.07198963608386466,0.1637553223504789,0.0028434915204314025,0.04643015554439658,0.11112417183453265,0.13997705412438374,0.06639862869754504,0.11054231100745668,0.11948751909318778,0.1207273955241666
dense,401,0.00789504414102639,0.009594980880204055,0.10704894676142601,0.078286019341115,0.0055490198159199484,0.021508644524496887,0.005855894203103703,0.005466364977295687,0.20015571039527508,0.13280155658198298,0.07221405940915922,0.16371419528188863,0.0027935615614015754,0.04669502948478012,0.11097561373962923,0.1400714923904342,0.06489827641736023,0.11001708897841143,0.11949750447004373,0.12075327242674591
dense,402,0.007843876353266572,0.009585096868622734,0.10682933277396106,0.07812566218325237,0.0055982674390384814,0.021475751823028664,0.0058108052000946245,0.00545556301232917,0.20023810101066755,0.13218722530939134,0.0723996447801531,0.16358304402922066,0.0027996899568611512,0.046754032743675886,0.11088844139061019,0.14010784123469391,0.06336770748380552,0.10934402446684748,0.11950989494673976,0.12077234593486638
dense,403,0.007777961371164572,0.009608176869803621,0.10654117278048987,0.07792380836566222,0.00569585130096223,0.021533785703549177,0.005760530628877069,0.005442539845826006,0.2003168896724914,0.13151979767233538,0.07263487363386893,0.1631576838741708,0.003031845758392813,0.04649219654174584,0.11084020903830086,0.14006404675441617,0.061699673877648104,0.10842711818751266,0.11951568831010814,0.12079405004488769
dense,404,0.007700170708098057,0.009693793981542125,0.10623632784303942,0.07772419298533763,0.005791020620565883,0.021849297164008148,0.00570721528145448,0.005427642860139984,0.20041583969864657,0.13085841162459155,0.07316048381485296,0.1626577194753364,0.0033938957244771953,0.04565229879884035,0.11095504377155292,0.13982563946764728,0.06011075012039311,0.10745934331158613,0.1195169569292307,0.12082955137931753
dense,405,0.007610398554080081,0.00988305735536873,0.10597028090642308,0.07757564699133129,0.0061329900033213515,0.02233896476964689,0.005640805276497639,0.00541946937200904,0.20054024977173812,0.13015911385505624,0.07403465753611282,0.16207093637056028,0.004341369303783017,0.04453716370919673,0.11102718212233853,0.13960822277546417,0.05835544310940266,0.10659262500169032,0.11951848417599328,0.12085792314574068
dense,406,0.007505285890554783,0.010101067715936628,0.10564445135395895,0.07739076311775345,0.006602206524113106,0.022821622871962998,0.005567250841173939,0.005413190626496464,0.20068561457407083,0.12928263149685296,0.07502001592789292,0.1615691949162701,0.005219481285548791,0.04297068769158963,0.11121660863171258,0.1392292124941948,0.0566319080124197,0.1054884552423993,0.11952087547505809,0.12089873049949777
dense,407,0.007373198466651973,0.010265758418674262,0.10517985012322316,0.07709379021294277,0.00697003892971141,0.02318957849442224,0.005492049819230068,0.0054113664313333275,0.20080669581530383,0.1281350341019008,0.0761724970381833,0.16087879675547784,0.0061578402101969765,0.04118489796558196,0.11134977516473588,0.1387107266850874,0.054636641579380224,0.1036463427413643,0.11953791241239119,0.12094104100907424
dense,408,0.007182784709896891,0.010426279931272221,0.10450338603640018,0.07664285511010518,0.007514663247333858,0.02335173755439187,0.005426805874644069,0.005411913048719079,0.20081222024178577,0.12665480729654327,0.0773657349983662,0.15919410906237508,0.007849567147032388,0.03931696413483184,0.11130309513543524,0.13798798022925457,0.05278207014635615,0.1003061226955048,0.11950873279756746,0.12095922855174944
dense,409,0.007204041484298278,0.011058459791497692,0.10338599896874445,0.07600410989854248,0.008192827929134278,0.024693446513512442,0.005569526688127816,0.005778038035216233,0.19999624479201414,0.12221270545885912,0.07856697908579162,0.1531368099098281,0.01103396888263771,0.03894286754511089,0.11069961956570118,0.13732942844413903,0.0510815972314557,0.09717802164294821,0.11942343784881622,0.12103030721763142
dense,410,0.007332805767873241,0.011587940805399688,0.1020517735667416,0.07519446187002182,0.008394366084124222,0.025746522891293547,0.006005919698162584,0.0062049545480184,0.19855162546077482,0.11748226429001564,0.08102634924563695,0.14462344348131057,0.015330402909612705,0.03795829943036847,0.1086688429009555,0.13741143270318412,0.050138638127824285,0.09319144467933724,0.11907179882905419,0.12116674074282448
dense,411,0.009123830319853466,0.013475006592364206,0.09969448697261651,0.0740798647271005,0.007618361740607026,0.029704443280878276,0.010069640880749027,0.0065075804672224975,0.1951400340340163,0.11227510251955564,0.08168732816463117,0.13233715502834745,0.024762237397992142,0.036603718529390275,0.10458670687726264,0.13681963599700933,0.0439363635914017,0.08890768234851923,0.11765891594316509,0.12161896324010717
dense,412,0.011828648397257205,0.01907908076844329,0.09778776888560957,0.07421165871166736,0.01766567861167989,0.033383404282195064,0.017508869491721386,0.00775837068817682,0.19101787668318865,0.10768319251578967,0.08203731029298635,0.11742715017868662,0.04223947384830756,0.033958827797464175,0.09949176861849353,0.13659184907396696,0.03757385070216765,0.08532131847772204,0.1177713977821961,0.12233921065634537
dense,413,0.015101962214598856,0.027952274959294893,0.09874066946396748,0.07716465268349341,0.03764932670246453,0.038932866552395015,0.027052831787827376,0.00817407479449266,0.1866382604010498,0.10486568690292576,0.08097059568605076,0.10757063973748643,0.06258432032423518,0.0317311205788619,0.09613792369212758,0.13495993245955823,0.04939241166437436,0.08876361334571935,0.11848296649760294,0.12279056227761741
dense,414,0.01834052081085405,0.03991343340163305,0.09933084777929413,0.08058614280993623,0.06173763006351224,0.04985447101336955,0.0403683933437823,0.00769323918586811,0.1824480573703067,0.10469356753725793,0.08075235763269403,0.10433726945735573,0.08420197549045709,0.028736155372967705,0.09509721298755061,0.13113257297200837,0.05609594689225075,0.09058039776090096,0.11095842698829435,0.1229362328894853
dense,415,0.019850064545657613,0.05337485933742359,0.10167626034125354,0.08549791917590557,0.08752896203232216,0.07308555950851574,0.043214701807686315,0.009670214001170165,0.1808772007288071,0.10887439801156774,0.08037804934709261,0.11341091931071158,0.10817057555671213,0.030893347320772056,0.09575009232049105,0.12807360324939723,0.05248531605945754,0.09305792824290575,0.1047268945324215,0.12341679941470618
dense,416,0.01825683831395848,0.06656894228596949,0.10764374901425434,0.09272103503699347,0.11574142793480853,0.10811670969912307,0.03110596991979287,0.011311661590153519,0.18254367477878675,0.11660036327871563,0.0819829184478807,0.1268073115588874,0.13343753313206771,0.05425172637529461,0.09670860887126959,0.1290804736663142,0.039758207512710676,0.09795804168663386,0.10914512647505803,0.12345100238743302
dense,417,0.014036880424318846,0.07745705684599088,0.11436620471340853,0.09977997437465791,0.14369073610064567,0.14516705254150264,0.010179990966556583,0.01079044777525869,0.18637087606523137,0.12300074203419246,0.08223663900200384,0.134756584952448,0.15460070773307855,0.08965851465226866,0.09767237172406788,0.1343072175241823,0.0235990443265367,0.10187366300297539,0.12161547112387208,0.12270262442004518
dense,418,0.010057412175612271,0.09185409318781568,0.12014294965828302,0.10701112828389829,0.16379908886809225,0.1786718717176595,0.016579093835011688,0.008366318330499252,0.18997112112253117,0.12571058079593064,0.07717135295956146,0.13506063615700015,0.16710911743433043,0.1219601683180001,0.09922603484971898,0.1403805992916947,0.02847544053731961,0.10329482573123001,0.13225438051382354,0.12110113818825542
dense,419,0.008664240675493803,0.09418532972930965,0.11897251329589227,0.10665151289079056,0.16099402699428414,0.19492416107742266,0.016189998646864576,0.0046331321986671945,0.18942330488610873,0.12215521837354115,0.06336783941957402,0.1296123442437982,0.1573205052114145,0.13071089269982925,0.09784307109120308,0.14178023453444596,0.05199974027736685,0.09426544623001225,0.13104579505952044,0.11814576752389272
dense,420,0.011210010358844972,0.08299949023251323,0.10885307593672115,0.09702616956056186,0.13897362621111026,0.17845902718512113,0.008028312879800015,0.006536994654021514,0.18397446800841216,0.11290015904718184,0.04984058531028614,0.1103003507022673,0.13321785826027518,0.10798786021047883,0.08912397462048047,0.139514003885755,0.07601908323745936,0.07045833088542006,0.11972004840746256,0.11318018866517497
dense,421,0.01115060757236198,0.07141272640273869,0.1008283433273987,0.08863186077130006,0.11304664917877058,0.15160884818053327,0.010581718482227444,0.010413689769423458,0.1810267639560948,0.10836398385174832,0.03810164296555617,0.09838336738432206,0.10332925208063094,0.08010648024153334,0.08832894791263211,0.1390498041454402,0.08898327494366169,0.056243444097109616,0.11862313068777192,0.10940002766228334
dense,422,0.010554517938244707,0.05530073901617878,0.09439220891013189,0.08026258711320838,0.08086631129719662,0.11970611228854668,0.009647110411975815,0.010983422066996032,0.17951129583592945,0.10618724550020131,0.03455767235727272,0.09250409672093098,0.06942729163852739,0.0609720782333082,0.08835833207456355,0.13911864623228087,0.07843825696074348,0.0524104565576278,0.11954794785961796,0.11167318695057891
dense,423,0.009695913184306048,0.03784491831798917,0.09195676325834057,0.07438569091507939,0.04270608816853345,0.08971319734087971,0.009165423358949699,0.009794964403593821,0.17901580771228304,0.11025497560445023,0.0398095172411106,0.09358293454795616,0.03859946947228503,0.047390046191775774,0.08938447121361044,0.13894470887380078,0.07007167381627133,0.060356423517199685,0.12086716660764446,0.11520396430169938
dense,424,0.008873038744747949,0.027788142470259684,0.09219013567299726,0.07213571980598552,0.02909873971372767,0.06390782938433624,0.008737760991799792,0.009408239791175027,0.17872862892233302,0.11398477897908081,0.04404028536565823,0.09635726433980427,0.040575891532768686,0.03341046106659692,0.09115513686469587,0.13806085741549662,0.06019862893851946,0.0699637018250069,0.12212124094074574,0.11768475188526045
dense,425,0.006488994736887404,0.02148379994376551,0.08941940563863687,0.06855629777503483,0.04928553614364644,0.020620507983603608,0.008590013423354765,0.007439142224457244,0.17963603082831361,0.1094542608954715,0.04519082212031999,0.09132492219139218,0.04222248526252352,0.01746846966671666,0.09251826209447744,0.1369656277468083,0.031074179470648833,0.08392604238651702,0.12210635673990783,0.12114540826054572
dense,426,0.006581532084736853,0.021005994058758245,0.08795296841406923,0.06741418407580003,0.05254629655630757,0.01418561505475898,0.008729577659578887,0.008562486964387534,0.1795410162067471,0.10953811293270758,0.036939809855464016,0.09021724817192786,0.04598197341228919,0.006243537600177525,0.09227050575756013,0.13761031732325385,0.027294107055452873,0.08774582191418058,0.12128829833709158,0.12076487240197835
dense,427,0.0062714312020756445,0.012887684829733407,0.08754887707159535,0.06520051149295021,0.021278742743924592,0.013441170226796417,0.007769152508245622,0.009061673839966998,0.1802090863596627,0.10642649756882162,0.03310696908347128,0.09079462262468926,0.0353768854762096,0.018536825947111073,0.09205820739647666,0.13911890226886714,0.027448360207661775,0.08705805397723469,0.12090852959475205,0.11954358435418637
dense,428,0.0061673436612898975,0.011065111671583631,0.08720812256711603,0.06452501536194218,0.010335596335074745,0.01619901610457868,0.007318892216298283,0.01040694203038282,0.1808683559549992,0.10298137878607866,0.034762460868301454,0.08875747196842096,0.032298258590044426,0.02192001551165958,0.09192056033830161,0.14066049490966623,0.03122921862638678,0.08166674920399192,0.12075245024177003,0.11868005580577141
dense,429,0.006184957583521485,0.011236490591094706,0.08692965059093276,0.06436980747288784,0.00930284570907642,0.016678559540849527,0.00701717557244106,0.01194738154201182,0.18175323234138707,0.0997418192365103,0.037578030705390265,0.08552927579868284,0.030084284409291926,0.023164055364055903,0.09195609183688294,0.14194780227945555,0.03804178268768535,0.07508582034091442,0.12055763601763088,0.11771597607330546
dense,430,0.006194491207115467,0.012285522117969657,0.0871421081352297,0.06476716925304414,0.010829262098303982,0.018181158099349316,0.0068922036321307605,0.01323946464209457,0.182776476472247,0.09805339447601076,0.036227544495356846,0.0851882720652037,0.03104269377425934,0.027658695280911364,0.0930999890658803,0.14212138669684937,0.043926053777063614,0.06856038381241093,0.1201141623713898,0.11693624533517327
dense,431,0.006127262251501491,0.011749011473991555,0.08697187919942047,0.0645168152082655,0.009737766210607563,0.017660871493078063,0.006592742302090548,0.013004665890190044,0.18403314780651378,0.09673461576505031,0.038927053619543295,0.08356125127499713,0.02826784838574636,0.028886364943557872,0.09470892219185616,0.14127126440452378,0.051061598107484625,0.059561563533817544,0.12003967409994164,0.11660924626001323
dense,432,0.005976251466067858,0.010528248233343232,0.08716824955360275,0.0643593081789808,0.007949130826260352,0.016691492678185055,0.006434706323290126,0.011037663105637393,0.18592176086959003,0.09655694043232758,0.04460810255091091,0.08316540759527125,0.02404322866042713,0.03190080049212895,0.09647140353804444,0.14026347281253052,0.05845825457688625,0.04745092905216771,0.11989526987264043,0.11728342419030778
dense,433,0.005824323745157983,0.009595896350158948,0.08771179555516573,0.06451467387104604,0.00932063039978209,0.014586304418333277,0.006369557025399878,0.008107093557120552,0.18738056673576248,0.09662584747243343,0.051375924766464125,0.082848796755902,0.021780763509741497,0.03346976334784632,0.10012998295622327,0.13685847197516676,0.06682022168069653,0.03670330224076218,0.11991885017140047,0.11862905504958943
dense,434,0.005691501353626361,0.00970099603103112,0.08899068061266908,0.06543433251939883,0.013384094219966381,0.013002421377531612,0.00638269834682934,0.006034770179797147,0.18794643929941512,0.096095891392927,0.05895777942403055,0.08134350519434634,0.020839805148482236,0.035075470841031645,0.10538767729216277,0.13160039652825908,0.0726829396112906,0.03823170132823661,0.11987480072464683,0.11985176056720047
dense,435,0.005687418199161356,0.01228763921205236,0.08993569470317885,0.06670978302855982,0.024890746288036936,0.01194966225583654,0.006396630521744538,0.0059135177825914206,0.1884480317966686,0.09570739423000532,0.0645078046883796,0.0808945999115529,0.019036165586187995,0.040918922032668205,0.10884089716166409,0.12965067429733612,0.07116037923166693,0.041017464921398024,0.11928499064020232,0.11976101194041591
dense,436,0.006138971666720732,0.017651541109443777,0.09114902741731974,0.06885490971249014,0.03719659701757462,0.01724145493520017,0.007138168334502355,0.009029944150497958,0.18806479553869712,0.09499748450937683,0.06657523833600272,0.0774524171798934,0.024085013266722334,0.04594891136698682,0.10968156953579303,0.1298760962607803,0.07166633068140757,0.04638213060302056,0.1179751653319584,0.12108317639719789
dense,437,0.007138500063285026,0.01912976899690242,0.0916827728433575,0.06963828530418734,0.03650108171073626,0.02044037174849594,0.009329624690026286,0.010247997838351203,0.18674560638508392,0.09400134595542535,0.06457142994745,0.07479523025307339,0.023477412223298227,0.045687586294844755,0.10832406732096846,0.1315749159040918,0.07224289753406113,0.05858347344389063,0.11695681191266388,0.12323249694543867
dense,438,0.007532258583888803,0.018313463064511485,0.09148357844266365,0.06932876777375874,0.02971363064498978,0.022412043790438787,0.011470692434693884,0.009657485387923494,0.18572985823434077,0.09273203123338979,0.0622530118909454,0.07474264574319282,0.01780350019279224,0.04100447210930504,0.10624505505191306,0.1345547114515885,0.07187835147904792,0.06967530300885405,0.11689517139330292,0.12428882952329129
dense,439,0.007377162602953915,0.017197868573020452,0.09152325535508048,0.06908515889152948,0.025254256540404897,0.02353509720616678,0.01135413344798556,0.00864798709752457,0.18532807891531966,0.09201580775011026,0.06227285230731788,0.07559333313879801,0.01864908330976643,0.03936989531952271,0.10372782145366252,0.1377332775793475,0.06896433749463828,0.07259208677639004,0.11898631479341402,0.12304617542267828
dense,440,0.006988311284359356,0.016023569940046292,0.09203240198769246,0.06914537734687375,0.023502984164896486,0.02365105683668247,0.009270686261352528,0.007669552497253685,0.18556689981909083,0.09173180556448973,0.06335713662833352,0.07648049198133283,0.022035749087312068,0.042066845494417804,0.10095843958686825,0.14071777305932665,0.06766553904587519,0.07141933095752938,0.12119733027054455,0.12119148235718848
dense,441,0.006627081098644307,0.01568536454464792,0.0930793800588857,0.06978359411669789,0.02041368377920648,0.02791735068850245,0.007212480031228076,0.007197943679654678,0.18649602986327474,0.09242177352259938,0.06792413889287925,0.07650923277849075,0.02419141807255449,0.045823849543732004,0.09845642622853215,0.14366237022625178,0.06715016031211356,0.07281247906907351,0.1217814236745589,0.11972325852256797
dense,442,0.0066045104613926715,0.010513992544431697,0.0923584287875221,0.06805656624055205,0.013808855157944864,0.014673636897740315,0.006690680926006855,0.006882797196034757,0.1874406680783128,0.09377820693776637,0.07522964460087553,0.07294221249721383,0.02219622866776807,0.03532065917640938,0.09648631022036537,0.1451309616117828,0.0633481296411953,0.07713754339822734,0.1206287931660136,0.11866178745433491
dense,443,0.006578835634753459,0.008237932605375625,0.09271580509595523,0.06777177807104227,0.011941596804810236,0.007348295552937757,0.006806083110896762,0.006855754952857744,0.18851574346977837,0.09495201467614646,0.08078951046740816,0.07135618064348742,0.022547028217899643,0.029683051922729114,0.09635831452218263,0.14490008479504088,0.06386065189941277,0.08138721158540661,0.12004930281689631,0.11819056613507409
dense,444,0.006516973395998743,0.008468548202098755,0.09323582558915883,0.06818947489848821,0.01234677536631827,0.008088744409774062,0.006585774936266823,0.0068528980960358655,0.1902190070199515,0.0962211076048745,0.08555850844858488,0.07280304789628493,0.022513236037083745,0.026331414961708537,0.0966551532175115,0.14442626386692303,0.06111841222592969,0.08481975031111368,0.12012617889903396,0.11803782658090592
dense,445,0.005857105641284578,0.011756093091918432,0.09456170974860117,0.06986011735248074,0.01559309070729421,0.019621086823708802,0.005152431457487694,0.006657763379183025,0.19267105639119883,0.0985989693846161,0.09273294656254254,0.07883726277684305,0.023578217565671793,0.025769439812301446,0.09821592131006109,0.1436394786664799,0.058718556219301034,0.0837537648532111,0.12081281364104524,0.11741208979994223
dense,446,0.005708433764848544,0.014578577913660837,0.09620849437634388,0.07167792223150697,0.021312759079473092,0.02465792571141092,0.005746889938875614,0.0065967369248837275,0.19440049379514204,0.10424859387942033,0.10259174795440804,0.09043522728801814,0.02664097566611624,0.028549787782594628,0.100945983731233,0.14124103322575435,0.05126141010199133,0.07666980592567983,0.12032129987420273,0.11719557329156599
dense,447,0.006087332201001407,0.020642733627506994,0.09700979544876526,0.07369269482918897,0.029931309199865603,0.038566994218359324,0.00762122711726688,0.006451403974536173,0.1949401862685329,0.1094236223418301,0.10933395541372042,0.09563985042918609,0.02885444075968037,0.03020192487252103,0.10380083588817332,0.13814007186377716,0.05111639724737881,0.06467810371641157,0.12131797295691615,0.11667018362705527
dense,448,0.007388883153939961,0.02665805382891082,0.09532599148475634,0.07399605860509761,0.037720905617338964,0.04896720949896379,0.010253648930786138,0.009690451268554391,0.1934095306554198,0.10935676802400614,0.10891296217832129,0.09252194593529485,0.030699333604569855,0.030668585769871557,0.10698644015871192,0.13347269010591592,0.05005402363352495,0.05185225837389882,0.12016363077287345,0.11581372860466747
dense,449,0.008274472617472866,0.03064571415250528,0.09248236555328841,0.07297915975687973,0.0457158990600528,0.05328254858074686,0.011931528444109578,0.011652880525111894,0.19096499337302392,0.10437256870162301,0.09935770013508974,0.08210236234387777,0.0287194067771486,0.029784785440079103,0.11168716336808712,0.12738214040865886,0.05342078971155288,0.04233550330888231,0.12464535029042827,0.11501562278100942
dense,450,0.008801413858634147,0.032780916117016286,0.08934571488576937,0.07129845040917245,0.053830368024653776,0.054297962022497905,0.010413570153545233,0.012581764267368232,0.18826827098075824,0.09999103516827129,0.0869748172339936,0.073199806098501,0.023992568050300877,0.03013411332118932,0.11731498419546657,0.11923230161498849,0.05863687076966689,0.03336790615176476,0.12667049798563298,0.11436540705869816
dense,451,0.0092256373433117,0.03313819980841966,0.08659146621741128,0.06946329595211327,0.05329398965718673,0.05631057185247624,0.009347886533760582,0.013600351190255086,0.1855006240458868,0.09787945052730736,0.07656345072543598,0.06795281258527651,0.021047407281894855,0.03173879363425082,0.12059485826165653,0.11337381102115643,0.05663891508666127,0.028263274224457798,0.12571541156076035,0.11382878565419072
dense,452,0.0075949541725603455,0.028426374612600395,0.0869488716467151,0.06851099484609077,0.040141964093726674,0.053476244064345764,0.00865268501172748,0.011434605280601659,0.18597372465394688,0.09850176149406312,0.07637091484655999,0.06780680218685414,0.020357478671772563,0.032009489947562496,0.12320924755684699,0.11295657174154172,0.056073517378906645,0.030418037451696,0.12490522976818635,0.11480368406264409
dense,453,0.006363296626499977,0.02330368769803477,0.0880369577658262,0.06800126709462077,0.029222621130361687,0.0473507211058906,0.007816091772392685,0.008825316783494103,0.18701604192040291,0.09783374668515311,0.07917856771875359,0.07110565784372667,0.02061958629430134,0.03177133300292307,0.1279881879232418,0.11113306867631113,0.0582049400778502,0.03127486737468323,0.12397507541346237,0.11634242025910485
dense,454,0.005849466014242384,0.017887630024819728,0.08938458505767037,0.06764794157679799,0.02013034476736314,0.0382246508792477,0.006791168050146549,0.006404356402521514,0.18799650591978076,0.09739516604916129,0.08184520470925266,0.07565578307066666,0.02112295749032866,0.031195737127527552,0.13156368960297612,0.1097745536371543,0.06288021909120224,0.03163122442459708,0.12314367083846502,0.11841030873093204
dense,455,0.005651309148867294,0.013216339685253885,0.09104362132768325,0.06770824257776951,0.013508508170150781,0.029086416671703773,0.005831280351205257,0.00443915354795574,0.1891455112249978,0.09830614019231187,0.08531581472211135,0.08021425794518043,0.020824712454136026,0.03225333778687124,0.1323825068244785,0.1102078647473751,0.06883238064316823,0.03286836345832542,0.1223788895206045,0.11979367641263848
dense,456,0.005658328573382845,0.010740625246549828,0.09260346595534397,0.06822720123668881,0.011673427986609551,0.022453129766672398,0.005148584395872936,0.0036873588370444185,0.19027282541619844,0.10013234942635246,0.08824810691949363,0.08400483509358544,0.019460582369951088,0.03457546056606305,0.13176943812757377,0.11132520382894483,0.07481384867256653,0.03446642581776894,0.12164012263721703,0.12053239258841225
dense,457,0.005816935403504829,0.011208741856121997,0.09375256428507406,0.06915780436758126,0.015130194974822996,0.021171171882535044,0.004832923899490118,0.003700676667639835,0.19134278662596502,0.10229215027918426,0.08997895217811268,0.08708863208325696,0.017586335046753953,0.035808988168249845,0.13106561727249033,0.11203825992986612,0.08008871982645382,0.03556287135453371,0.12103368482323534,0.1211437738327866
dense,458,0.0060690864763703264,0.01239975988022336,0.09455416589390421,0.0700187127484773,0.01901511537522008,0.021726857437336582,0.004818734486419373,0.004038332221917401,0.1923323657802213,0.104154835022852,0.09108451976010566,0.0895783559738399,0.015445074776181605,0.03597475368373993,0.13050397122161558,0.11254059640373092,0.08474410552750641,0.03619472559481898,0.12062264822618858,0.12147403875604963
dense,459,0.006284298015875967,0.013904112282017492,0.0966499224853911,0.07186469511580229,0.021908535832492478,0.024024946189847317,0.0050377219783053475,0.004645245127424824,0.19321513297191656,0.10697401179420181,0.0964122585126605,0.09652668275102469,0.01717992411112323,0.038375696503417496,0.12975633401867936,0.11391913790883713,0.08842568913595271,0.03743246370097388,0.12040239511110273,0.12117934330480296
dense,460,0.0064619644319014145,0.01527267177937802,0.0989185505001795,0.07379854456185692,0.024548369781612747,0.025990122446430265,0.005305080795723769,0.005247114093745299,0.19397925055885773,0.11039153753451064,0.10183651344725757,0.10422695178421304,0.021589677944940582,0.039751967730259,0.12904040850177462,0.11553522953400806,0.09038919213435441,0.03906237661162331,0.12039826011743532,0.12082124010291972
dense,461,0.006598669543727115,0.015638764415527685,0.10075420021947108,0.07518847822585242,0.025472912703723264,0.0258704880075506,0.0055250622152611915,0.005686594735575692,0.19456652775975805,0.11318697156198732,0.10600282172407711,0.10995404023728457,0.0260933657867083,0.039655184155158736,0.1281706236922955,0.11737466374295119,0.09013237319568994,0.042538310323017484,0.1204149733387924,0.12096054711593253
dense,462,0.006552568903794701,0.015313370631127022,0.10254547856731618,0.07637363495506451,0.02506213714460637,0.023752889187303627,0.005476226858893857,0.0069622293337042295,0.195176509569104,0.11469759083127726,0.10878605092929042,0.11352216852661573,0.030308131709091815,0.03745197443082549,0.12664911249485494,0.1203643032528893,0.08970882281748149,0.05180895812626116,0.1203262805654802,0.12174583955462237
dense,463,0.006698729476822924,0.014466056310154716,0.10295240248053228,0.076470104969637,0.023310206342630344,0.022720278543192602,0.005434851337454563,0.006398889017341354,0.1953119554903474,0.11492134088886478,0.11050140451412098,0.11445955442436948,0.03154917760546098,0.03570160160551685,0.1251272417111834,0.12223635848919523,0.08630086941355886,0.057163471753360985,0.12004864218710005,0.12210721168330843
dense,464,0.006835233971955381,0.014156152913649057,0.1016738615777471,0.0755027167387951,0.021522362834499396,0.023556125907955028,0.00555030886283893,0.005995814049302873,0.19510984745686352,0.11352535543975756,0.11050167484093842,0.1131975478749167,0.03172971557959795,0.03458779236615425,0.12342400331597574,0.12352335887919433,0.07549166623836717,0.058016876437100226,0.1192573469487597,0.12172115355533975
dense,465,0.006701382607734726,0.012653182128938659,0.09985031432985943,0.07385399312245898,0.01802071153706235,0.021180423153179015,0.005670862362790349,0.0057407314627229205,0.19495006346363555,0.11096884280269334,0.1086026792315455,0.1097685143196427,0.02935810551976972,0.03452965838537207,0.12004406035640365,0.12647124552213038,0.061586802461407825,0.062481920613435514,0.11775062192783187,0.121691257354445
dense,466,0.006585283582997487,0.011396937832272119,0.09750980584915468,0.07189945324129073,0.015231253921443057,0.018409026759256635,0.006335022369553591,0.0056124482788351936,0.194638019093879,0.10828604087043811,0.10583769824812095,0.10521232404442818,0.02635444235970459,0.0343767096838596,0.11554082599092999,0.12969505042750232,0.04577115290172815,0.06693154720874007,0.11592154045241186,0.12155231890811344
dense,467,0.006570970440270176,0.010850250461809506,0.09531969049831635,0.07022401519219436,0.013167437247051515,0.01710471323153017,0.007552607068512283,0.00557624430014406,0.19427290787024365,0.10609478614548631,0.10418638516962439,0.10100467317007639,0.023499286055791286,0.033157088845394034,0.11127811796573636,0.132188665723172,0.031289387359311416,0.07111583990688994,0.11438713799365184,0.1213620097744183
dense,468,0.006440491805818384,0.010886065696331437,0.09352952006829597,0.06896111737709976,0.012557527211801412,0.016467292929514536,0.008966369961348787,0.00555307268266102,0.19411337863854747,0.10438063196247441,0.10310749156678786,0.09763991635331021,0.02175157838891974,0.03088022121572346,0.10788236746986979,0.13377366726851592,0.020281385051085534,0.07441146796074322,0.11289040168822287,0.12124173325535118
dense,469,0.006151470149517317,0.011406343413532572,0.09206509502179237,0.068032822592068,0.01373603443409761,0.01685686795983038,0.009444585744889244,0.0055878855153130595,0.1940897979208628,0.10252924366054483,0.1019176675005669,0.09455835440755317,0.02051001883215987,0.02845222947665287,0.10552640929187722,0.13463669243038776,0.012846378413408268,0.0762756874550613,0.11223653318161504,0.12120212769081845
dense,470,0.006134919217815762,0.009352874725895795,0.09172552195239593,0.0673089812676559,0.009000293278423884,0.014712855414968435,0.008217115587459935,0.005481234622730923,0.19383623672646438,0.10040348747146904,0.09987602691825413,0.0920409608996403,0.018757080101050382,0.025223037660973113,0.10377341188942087,0.13507221133493003,0.01856468233639714,0.07556191263191828,0.11704752869482395,0.12054968676340962
dense,471,0.006376594428507072,0.009092558139700592,0.09048162278415366,0.06638390002336195,0.0075839154297957165,0.01480847251447775,0.008562415844966115,0.005415428769562788,0.19280062886521723,0.09815139457739624,0.09562665138852054,0.08432326028020061,0.015753744387763807,0.020510069271597875,0.10171903126239451,0.13618565575385608,0.0239262819127839,0.07850906169893666,0.11764286810720179,0.12063082590397435
dense,472,0.006436977406621686,0.008787572555611663,0.09093012026142132,0.06663227710388966,0.0076350755582737986,0.014279915673308118,0.007855942169375527,0.005379356821489209,0.19259413276175594,0.09754612417738456,0.09675364950151914,0.08387378521729023,0.015935717880998835,0.019512905393859505,0.10019477587718768,0.13759427768728721,0.027599846796125743,0.08074433140107184,0.11816272940056653,0.12064916704200859
dense,473,0.006492375209785685,0.008468579902022523,0.09140504949433347,0.06689572286763985,0.007742163656888261,0.013522425849743025,0.007242265396250525,0.0053674647052082865,0.19272319206228344,0.09774842001012429,0.09804572742949047,0.0834000399815116,0.01622458157118235,0.01913797692307158,0.09907088484858075,0.13873134030404696,0.029505600477803783,0.08299415578051585,0.11861745503266988,0.12066121951072051
dense,474,0.005179649171039077,0.007841855575285947,0.09218289259923083,0.06722010486252664,0.008289902240594733,0.014573464966103889,0.0030373346556687025,0.005466720438776466,0.19336064009541942,0.09925469402033463,0.09871115791816815,0.07950848872424496,0.014396463565496698,0.018581100340061135,0.09958517290371155,0.13965439029764776,0.030366294431252553,0.08946300877472926,0.12243630264606267,0.12087699747364128
dense,475,0.00463244682371897,0.008197381550080046,0.09345896849426605,0.06817232911501363,0.010305002599483134,0.015271906696917604,0.001848253154515178,0.005364363749404267,0.1935839876248471,0.10021529629280795,0.10012706452641343,0.07771232448453812,0.01461779634449459,0.018878079638387127,0.10034545214620039,0.13974196368664082,0.03649353491081461,0.09419665019243513,0.12428901149587769,0.12130646058773548
dense,476,0.004743768789873593,0.009110914586105962,0.09480259863348156,0.0693422712197692,0.01191439701758423,0.016182976829377742,0.0029592605931648593,0.005387023904297016,0.19337001836871273,0.10034206522694096,0.10137795806383308,0.07677556560842218,0.015462021895909797,0.019779752104064612,0.10089914747713213,0.13948480072406322,0.046836828494633435,0.09682352599306865,0.12494293301551608,0.12153656662948188
dense,477,0.0055760709240054015,0.009970183412112456,0.09534398151532357,0.0699755636915493,0.014136457394378884,0.01738391008159608,0.0027662465369325375,0.005594119635542318,0.19272642709025128,0.09970020850457223,0.10176605674254421,0.0767198271676735,0.016691974632926897,0.021745077722014436,0.10097119478793198,0.1391692452789494,0.05103089911112006,0.09781666291856521,0.12411638002608288,0.12167382420125086
dense,478,0.006275514249811359,0.010750912409310143,0.09569100895766947,0.0704453689046521,0.0159849872297236,0.017878952017137337,0.0034798843957909776,0.005659825994588657,0.19263659004905784,0.09908511338518607,0.10259038620978073,0.07884997578208731,0.018060936404013943,0.024412253669114106,0.10147646358674034,0.13884784611318451,0.04903904968609663,0.09884258658449038,0.12260741632364887,0.12184348969863282
dense,479,0.006878723408117216,0.01194230743423598,0.09592141092745458,0.07092381672203037,0.01855749762042881,0.018352804235957004,0.005021303518602402,0.005837624361955699,0.19310110729446422,0.09890420114373474,0.10507631787833034,0.08478030541289,0.020823588224858504,0.028953465751316135,0.10181499201670609,0.13914709176354118,0.03787992895543343,0.09776220765768913,0.1209212728070944,0.12189245222339679
dense,480,0.007137257245678788,0.013138077283400825,0.09762850206628527,0.07242538771615913,0.021849213578004956,0.01849605051353088,0.006168771460058829,0.006038273582008633,0.193982218712423,0.10145562225221476,0.11092591170279742,0.09445753724644028,0.024831281555028492,0.035190224578382515,0.10251192618443807,0.1396240465264475,0.031946936194640035,0.09565491506739165,0.1191284771574542,0.12183292761776547
dense,481,0.007224535679949564,0.014092803251354006,0.09955377115223028,0.07401417661836053,0.02498322863206494,0.01875917821112323,0.006534104808851424,0.006094701353376434,0.1947780475056511,0.10534442191817066,0.11607977749647158,0.10202183306940406,0.027085751214771157,0.03983210680276441,0.10373356373558427,0.139565348794751,0.030730331105445884,0.09479221040796272,0.11892957676806794,0.12175228500771842
dense,482,0.007022312655976177,0.014947756091262525,0.1011618959970284,0.07533859346972745,0.02761505336225914,0.01987221592467971,0.006222396396666379,0.006081358681444873,0.1955866122685585,0.10929053821541905,0.11967330628008982,0.10808290857370333,0.028271738316124975,0.043374685444173736,0.10540606763232939,0.13913989034409915,0.03166300876160843,0.0941378159674828,0.11780969618092504,0.12150648397982657
dense,483,0.007074853606634889,0.016048426824496503,0.10272811423914763,0.07670623128084662,0.02999405411620288,0.02193139465433233,0.006444662446313964,0.005823596081136838,0.19608910243871872,0.11302782248615649,0.1210879499985276,0.11470820725965579,0.029212288145163356,0.04648346202332042,0.10740118124943873,0.13808880291406156,0.035503561639650516,0.09267008426673808,0.11768445238287871,0.12078045606546171
dense,484,0.007433426608716214,0.017456445772997754,0.10369032706373078,0.07773783143914569,0.032767925961665244,0.024122373637797193,0.007298988296824988,0.005636495195703584,0.19625366440927142,0.11633129813617045,0.12154840988079767,0.1217953561240848,0.03040598107366399,0.049797389278889576,0.10890394608354234,0.13725125462883445,0.03522215350530471,0.0887868190300335,0.11844168541395972,0.1195459672002169
dense,485,0.007589104260911334,0.01826554343565953,0.10391814054480703,0.07809817438477845,0.03375921998525764,0.02586927972845387,0.007771912827741894,0.005661761201184716,0.19632997883481307,0.1185941764869316,0.12082112668335344,0.12647538680591489,0.030524658572928846,0.05261881365038666,0.1105204027153288,0.1361518783134792,0.03490043820630847,0.08272842786473857,0.11924992635066271,0.11810247205283776
dense,486,0.007439283358755305,0.017705964333555996,0.10330815226226105,0.07752711575530069,0.032004093317422,0.02516517527322618,0.007667112927486556,0.005987475816089264,0.19623694867039515,0.11963433688256193,0.1189239829265725,0.12728690438846801,0.028140526349454444,0.052066437774283734,0.11219418106494691,0.1344373218245023,0.03881631779106928,0.07525138182678127,0.12003350679705603,0.11667598085104118
dense,487,0.0074379092758121105,0.016834947115501712,0.10200763811652601,0.07640407971389007,0.029433059132092383,0.023635618170523936,0.0076116000268068975,0.006659511132583629,0.19581036442520675,0.11947440757403427,0.11634554880132544,0.12565321744606012,0.02505173722785807,0.050709667291312134,0.11404353593579293,0.13189950719798985,0.042457140694635555,0.06633438340541291,0.12055312358939808,0.11575902380928597
dense,488,0.007436754541688627,0.016133300315959824,0.10066392918663065,0.07529041800265268,0.027979028715503722,0.021916641547384024,0.007628055448020722,0.007009475552930831,0.1953528882520974,0.11857558015543414,0.11342000161119037,0.12350608629325746,0.022435335018868338,0.04857334611485402,0.11584022474093321,0.12938055073203356,0.045996945841984486,0.05862865796824353,0.1209115147303759,0.11534601878029538
dense,489,0.00737745982169737,0.015526812264963975,0.0999049819703524,0.0746084995603401,0.027676006037999742,0.02051524725736859,0.007658522812666291,0.006257472951821285,0.19503379161161272,0.11786955247572765,0.11105591433308172,0.12160248814016435,0.020606066116583763,0.04573544138190796,0.11718639868762629,0.12753608867407445,0.05093247299382922,0.05354709263535265,0.12114645124473424,0.1166080253495336
dense,490,0.007194828192565279,0.015200608085365431,0.09957698821217005,0.07428947759294514,0.027707960139849983,0.019898542813716315,0.007542302634508062,0.00565362675338736,0.19494884845000796,0.11747023002376247,0.10963165741525711,0.11989417884723798,0.019898517609382212,0.04283577060881185,0.1176862660233919,0.12685058646391995,0.05630782049972527,0.04993700214342444,0.12135055709125771,0.11811242336986183
dense,491,0.006914849386329328,0.014999370751317315,0.0995281502829131,0.07419118445803267,0.02751860829194595,0.019907881626065306,0.0073936842382748905,0.005177308848983116,0.1950379396832245,0.11757791687664694,0.10959787829606986,0.11780801661862898,0.020289719622353757,0.039412798448817774,0.11751060737206945,0.12719633620583962,0.0610278404386521,0.048252847562496544,0.12146218091100433,0.11916372135915342
dense,492,0.007169481812243054,0.008985957874712493,0.09725987690564385,0.07119010801051877,0.010701242323080978,0.013531874048718346,0.006113291796726705,0.005597423330323942,0.19399263158623364,0.11420534559322668,0.10644153999876148,0.1101894540823011,0.010238200813752709,0.03190901321702212,0.11806212348648078,0.1270577004281436,0.06780369481111324,0.047578194798727755,0.11948444724891441,0.12015617680304849
dense,493,0.007280272193141167,0.008297983590560115,0.09792826450863722,0.07150655180347225,0.007847656591640752,0.013622077842427641,0.006056520809283434,0.005665679118888634,0.19390062547812453,0.11491377656955058,0.1043243248957215,0.11164603564386999,0.012590033414180902,0.03130562723116551,0.11830771838427649,0.12707852629142824,0.07080197813101671,0.05066444934514812,0.11942756194636543,0.1201785167727987
dense,494,0.00742898339112955,0.008046027189864358,0.09917746683362355,0.07233780553847469,0.006696335878418883,0.013833303185054468,0.0060411616491410705,0.00561330804684301,0.19390888505595316,0.11584978331908048,0.10070539480695247,0.1148578753657837,0.01723799602121543,0.03223074223267357,0.11801234266999688,0.12777239794203946,0.07272740996210983,0.05713132968583433,0.11944032811862612,0.12025511682321723
dense,495,0.007600800828420802,0.008217965561068965,0.10088619359587296,0.07359452860136308,0.007111815282500189,0.014244901509054376,0.0060332556760957015,0.005481889776625596,0.19411788095395302,0.11697208942249988,0.09516449669278525,0.12053441393507507,0.022064169366942086,0.035023132895844224,0.11721719287780287,0.1289162272983482,0.07379334232366562,0.06695654311230452,0.11944471935143383,0.12043011491982099
dense,496,0.007762231916427218,0.008995133099538116,0.10305386160126483,0.07531700608998575,0.009238774504573586,0.015280752819824151,0.006039465031593921,0.0054215400421608025,0.19488567480278776,0.11841902479757821,0.08790339645592116,0.12937167000147207,0.02622681371348246,0.04050265348785063,0.11522279779779553,0.13152156486323,0.0747474769826363,0.07801417760246673,0.1194242833366745,0.1204068053732825
dense,497,0.007721594981543037,0.009715722489297854,0.10323027606228713,0.07560869398154,0.011454392007224888,0.015965312349988117,0.005970226843950287,0.005472958756028122,0.19560311198897473,0.11929803538851663,0.08345536524768712,0.13411731338621866,0.027959016834954345,0.04191228782983165,0.11435480417733608,0.13288675959605592,0.07249530796303803,0.07652890560030425,0.11948671671949032,0.12066568801503767
dense,498,0.0077319770774042776,0.01041716257917535,0.10405633919276279,0.07635745280630936,0.013411697687134263,0.016880095258610804,0.005935701664687153,0.005441155706269184,0.19658454540387837,0.12027588052271887,0.07978616422309018,0.1398563202208071,0.028599651020360262,0.04313273746052452,0.11299987692017686,0.13495565527439518,0.07165609856071385,0.0806756239786627,0.11943677917887302,0.12071673754895264
dense,499,0.007738944598768298,0.010960774875011865,0.10487603470186542,0.07706438003065887,0.014807740454796804,0.017739333154600682,0.005879755843228226,0.00541627004742175,0.19771711707444006,0.12159077153059636,0.0771139896789974,0.1458897534405071,0.027878571612747143,0.04386553893970207,0.11146227150256739,0.13708853933705176,0.0706263399452271,0.0850181839315154,0.11944104850942534,0.12082029091960818
dense,500,0.00779581254063828,0.011084224851669214,0.10579296248716696,0.07774401539960697,0.015406276895960976,0.017607357552802384,0.0058926544874558714,0.005430610470457628,0.19894768332705096,0.12405055988808583,0.0748194764180717,0.15303208072907173,0.025282652446670172,0.04396756514177603,0.1102354090902476,0.13903454243126984,0.07009465961904024,0.08975801298986236,0.11943141139868849,0.12086149636616843
dense,501,0.008071370792653177,0.010677902782370803,0.1068831537193179,0.0784341662678795,0.013540585609949881,0.017610300265260996,0.006075335626674491,0.005485389627597839,0.19933184041204705,0.12772687197375981,0.0735371279606052,0.15888746143072016,0.02066555456602147,0.04222480761312127,0.11057903538557083,0.13951687201218071,0.07319108723725244,0.09654850492285257,0.1195131751669936,0.12087550595068981
dense,502,0.008321434059851085,0.01060467950630632,0.10820459492168716,0.0793644288909013,0.012891070337150663,0.01785737789502475,0.006132262803897411,0.005538006989152459,0.19953514543741216,0.13069479470929257,0.07340914334598395,0.16298286005237034,0.017832497265622308,0.04119041657658868,0.11096751160569361,0.1398547534245296,0.07778200023284375,0.10356785562932037,0.11965263037063094,0.1209855304099576
dense,503,0.008551999825391617,0.010526607973196107,0.10929645229927565,0.08013034466526375,0.012325833898577183,0.017921683457385693,0.006262261270343545,0.005596653266478004,0.19957893961160478,0.1328373324008957,0.07315497155225094,0.16599357338877005,0.015917691477736563,0.04106002208242655,0.11109930516257557,0.14015693976522042,0.08110926699700596,0.10992799222055996,0.11971463897743659,0.12100675395482458
dense,504,0.008694877692643209,0.010327910865981735,0.1100078921555233,0.08059418982487351,0.011637245429950942,0.017683750216488228,0.006343174697993904,0.005647473119493868,0.19957771545620384,0.13432964211048534,0.07278394490468658,0.16797971894802005,0.014704029701460342,0.041504248166601115,0.11101539174554274,0.14046648356377142,0.08183349225700569,0.11518324027990924,0.11973769294616443,0.12097910578642875
dense,505,0.008741043019620082,0.010116782971124783,0.11037526217039922,0.08080654829111235,0.010963974232152575,0.017456192895526183,0.0063687638917067175,0.0056782008651136565,0.1995867545140678,0.13543156931527273,0.0724838187251293,0.1692558541870296,0.01349032589959845,0.04213730898391129,0.111054428215563,0.14054824196826515,0.08212854146298533,0.11773580132105008,0.11973582563373236,0.1209146758181857
dense,506,0.008703325004118294,0.010002948977045593,0.11043121160099832,0.08081703883084004,0.010815238026115752,0.017152836521447258,0.006363038125262766,0.005680683235356594,0.1996407150384906,0.13615858842950465,0.07248982213355463,0.16980318893228624,0.01223606777087965,0.042743428562135706,0.11145500200863293,0.14025902382830266,0.08249810079554278,0.11739565395606823,0.11969020946108073,0.12080473829550079
dense,507,0.008647887794155379,0.010110191480697465,0.11043930287030924,0.08084472283297978,0.01160376511110894,0.01682304636252951,0.006342755388529006,0.005671199060622408,0.19974388651199873,0.13659179278319136,0.07259359503035813,0.170275483848765,0.010968742759454133,0.043320818988956684,0.11200417712455274,0.1398749939280155,0.08288406911686091,0.11666649249890522,0.11963684778567293,0.12071073406697991
dense,508,0.008659459155127313,0.011747282143773007,0.11053339296818411,0.08129701784402522,0.018581306985569836,0.01634260223150029,0.0063758440346256716,0.0056893753233962325,0.19984900415550735,0.13707087540688098,0.07253064912554266,0.1709909461869861,0.009476454328941245,0.044439991116757595,0.11254741088899546,0.13962299105821827,0.0831898756501343,0.11636163148753118,0.11962704494641047,0.12069384126630389
dense,509,0.00862923356124796,0.013092906490229868,0.11076454535320689,0.08177502375062648,0.024250283485772486,0.016072916864944706,0.006374640410899837,0.0056737851993024415,0.19997036232147108,0.13759133850013158,0.07238495422378084,0.17219269477423288,0.008998700708056766,0.04537030801719895,0.11291742890065236,0.13940924737374275,0.08361073330553741,0.11633110967972139,0.11966519663301467,0.12073246980094207
dense,510,0.0086011888806749,0.013845392910301164,0.11103494788740964,0.08214130206887028,0.027408048503259768,0.01596325079277908,0.006356338605786839,0.005653933739378966,0.20005499305342908,0.1380330900213361,0.07209399475016344,0.17330604072898534,0.009104581973159552,0.046220237171882686,0.11316037408363282,0.13923240975157666,0.08415934455191937,0.11656606725208618,0.11972594870211427,0.12076229260863001
dense,511,0.008595779691570271,0.014018411936222304,0.11121245112831198,0.08230699064565902,0.028005678352727468,0.016077988674031745,0.00634342164400951,0.005646559074120494,0.20008658755365233,0.1382642616123987,0.07162599008882022,0.1742237957850817,0.008766256703680374,0.046944722910586614,0.1133583814517238,0.1390809506712384,0.08456576842646715,0.11705567312494933,0.11978797976416722,0.120789045446978
dense,512,0.0086147434548706,0.013687189301925546,0.11132823599987028,0.08231190192123626,0.026249343971534465,0.016510192243000432,0.0063335821454683465,0.0056556388476989424,0.20008282668943683,0.1382299293463609,0.07130911807849818,0.1748600018404247,0.0080217930686168,0.04787062320770835,0.11354584278537212,0.1389943029930164,0.08472915506650827,0.1176674161232682,0.11982604305348636,0.12080177974574605
dense,513,0.008614130729370442,0.013367449613723393,0.11150872579189158,0.08236403756982137,0.023961993511278933,0.01751578241933237,0.006334164775764567,0.005657857748517702,0.20005841613480188,0.13795487824571362,0.07125014122656839,0.17488318899162075,0.009489074423780502,0.04887495276341946,0.11375691140854532,0.13884746830629693,0.08473469915584894,0.11762871284692897,0.11983638438086443,0.12078988161830971
dense,514,0.008593667535986227,0.012979010770581025,0.11166937248052079,0.08238483414026823,0.02094588502186843,0.018994010610897127,0.006317467731280186,0.005658679718278352,0.20004460181979306,0.13758313256136354,0.07130296553566128,0.17450164077324043,0.011134896445279464,0.04987504737037951,0.11394910424694736,0.13871507016900356,0.0848017479880551,0.11751609705551128,0.1198377480836635,0.12077041771735171
dense,515,0.008559406592065227,0.012666947898754362,0.11176547068206986,0.08237722625717182,0.017922102917927844,0.02078939190375978,0.006295735819802072,0.005660560953527761,0.20004878679994684,0.13723594306837172,0.07139140475835204,0.17398757475467652,0.012229812088884271,0.05063798884149215,0.11409900535784309,0.13863010791861907,0.08447126550347481,0.1178674020401625,0.11983597307309156,0.12075038397992348
dense,516,0.008502891828929778,0.012396588410729832,0.11179362344542722,0.08233016040099858,0.014877620898083444,0.022777644092696482,0.006264829517506902,0.0056662591346325,0.20007340186094308,0.13696799344571312,0.07148379170670395,0.1733580394783659,0.012736807529618921,0.051118816896076356,0.11421891456006253,0.1385592207717439,0.08405037726138757,0.11838848555702128,0.11983868587056418,0.12072894640692587
dense,517,0.008422078629339656,0.012212769444141132,0.11173684253185821,0.08224207451695309,0.012219864473346874,0.024732835459753223,0.006226443724175189,0.005671934119289239,0.2001121950706693,0.13675973437038028,0.07153688189110588,0.17250948793778323,0.012429023197668629,0.05147619403141149,0.11421213564238594,0.13857127699755303,0.0838070676531659,0.11887586416117035,0.11984788048466676,0.12070436894433775
dense,518,0.008341894996366611,0.01226473486325877,0.11166363399542654,0.08219790837614825,0.010750090842992568,0.026451024975921014,0.006180539838255506,0.00567728379586599,0.2001533275222116,0.13661337497131673,0.07164323651877023,0.17159764200436975,0.011805284142244039,0.05175595058194006,0.11416034438156891,0.1386196410502936,0.0837636568865776,0.11930130554818086,0.11986959708935248,0.12068024724829268
dense,519,0.008272770185616523,0.0125080983171556,0.11157801168679306,0.08219066492327975,0.01042933619764075,0.02778456860259743,0.0061381302373749455,0.005680358231009274,0.20018375204980302,0.136499480732692,0.07171184247281939,0.17076219083756186,0.01107096670116724,0.05191205946173034,0.11407940188521792,0.13869046408432842,0.08376121640541404,0.11973071164916725,0.11987777476762519,0.12065627919399018
dense,520,0.008218203918351633,0.012758709076799206,0.11149546072990923,0.08218815111673289,0.0106622800422059,0.02858873898473261,0.006104776379037164,0.005679040901221146,0.20020146147495374,0.13643387964724463,0.07170819689039325,0.17007315104924556,0.01028886988810686,0.0519416859137526,0.11397543412903502,0.13877147739379594,0.08383722359669718,0.12020148013207012,0.119878771828532,0.12063389681508388
dense,521,0.008182685612530405,0.012868361203531018,0.11139382102979005,0.08214011663436087,0.010916346727390978,0.028798439008616387,0.006082665358882905,0.005675993719233799,0.20018866927855677,0.13632602747906963,0.07154307968987618,0.16953892660863573,0.009687621927111157,0.0517763972143128,0.11380915227371484,0.138877683923604,0.0838517058496062,0.12063937817093191,0.11987526037442642,0.12061194956763509
dense,522,0.008175257791636468,0.012818939754316418,0.11126105705733354,0.08203433538217086,0.010950989244920887,0.02857690630091692,0.006075228105464494,0.005672635365963372,0.2001395844113265,0.1361680252215127,0.07121322965425915,0.16904782328178092,0.009298203955695469,0.051527555975224015,0.11370816806739564,0.13891110930215034,0.0836575961442973,0.12099722385160126,0.11986940174668774,0.1205947630760716
dense,523,0.008177616402959716,0.012674123362551862,0.11110692865424741,0.08189160315906682,0.01108949192565524,0.027857024741676187,0.006076476156895205,0.005673500625980823,0.2000763108783074,0.13594018693267007,0.07063488412732404,0.16866605621630523,0.009171086746664541,0.051175955415484725,0.11369852869504361,0.13886266791364163,0.08322429624930969,0.12138222194636455,0.11986476444214497,0.12058618428770844
dense,524,0.008233105457743287,0.011385971406816572,0.11104094793423076,0.08154519801739876,0.008674089089569952,0.025079804849150823,0.006080010238648601,0.005709981449896918,0.19999888385861192,0.13585761004320174,0.0692617981245534,0.16867822310709799,0.011341637145485549,0.0504610864716201,0.11396421443818387,0.13876209784704466,0.08162776104821584,0.12234397105364302,0.11965602632086104,0.12053806575225026
dense,525,0.00824075766796154,0.01122776072440838,0.11102509738961454,0.0814972334847629,0.009791252134579216,0.023320795260327497,0.006098475428149747,0.005700520074577067,0.19994605449900735,0.13553330837391916,0.06833189488121544,0.16838863591009445,0.01310731335136722,0.05032885945434533,0.11433984277825228,0.13840153528539392,0.08099329223656461,0.12281736217622663,0.11959584201108586,0.1205172277179022
dense,526,0.008197478040854739,0.012066369086486757,0.11104686279619723,0.08170737105536287,0.013834815163429054,0.022641459313917766,0.006146271042799166,0.005642930825801043,0.19995347123894672,0.13545629553209623,0.06853392112258681,0.16801986665475346,0.013872538786835824,0.04980487181510791,0.11457938979900673,0.13799329352818648,0.08124481770045747,0.12289744867508973,0.11967805995368772,0.12052837874761169
dense,527,0.008251656022448208,0.011027213645758862,0.11082386700944497,0.0813086420422837,0.010564681721989022,0.021766707919089603,0.006075648435302255,0.00570181650665457,0.1999319463987633,0.1354802683707815,0.06877929107785921,0.16790131125368352,0.011695071662394283,0.04925601643634232,0.11502662930875655,0.13767944868056542,0.08072115816012997,0.12327013068266554,0.11960066623376393,0.12054446584763419
dense,528,0.008262347672813338,0.01153504055075047,0.11061663011436314,0.08128247477930432,0.013212686847860878,0.021167096632995836,0.006133660890352619,0.005626717831792549,0.1998890235928475,0.13546826061842462,0.0687117037246356,0.16814418573526485,0.009943927451016233,0.04804123225529455,0.11520976983833314,0.1372877656462813,0.0810753068410464,0.12336282363339696,0.1196780496960083,0.12058751233980847
dense,529,0.008326870415153894,0.010051067857829608,0.11036623404295853,0.08076035002129264,0.008388970549326627,0.02002506742494085,0.006092241815354832,0.005697991641696126,0.19982529899719342,0.13525685244495697,0.0690287064545298,0.168550467898431,0.00733938962277206,0.046972703822425896,0.1155907493378471,0.1369698358662549,0.08147888578599001,0.12319559884317657,0.11961837044732895,0.12056794899459575
dense,530,0.00837710594678395,0.010302256510710593,0.11021776854743637,0.08071760909169778,0.009968350278999623,0.01946451427378702,0.006159941254688499,0.005616220235367228,0.19972131223376705,0.1351362195889529,0.06906109343879786,0.16922434305190454,0.006044979208501328,0.04604194160355763,0.11587247991097402,0.13650103832950358,0.08155846978967057,0.12318568066375152,0.11967800134076452,0.12058766340909086
dense,531,0.008440200324017842,0.010400255312825417,0.11028788635036973,0.08079387398704448,0.010960894774266148,0.018852564872265606,0.006195012558905754,0.005592549045864163,0.19962769999080843,0.13491155928408488,0.06926323616158672,0.16959155275826931,0.007017171212809144,0.0456183708372125,0.11624426159102509,0.13605511921065488,0.08166911729380025,0.12309370524590046,0.11975965573067453,0.1206031868876105
dense,532,0.00850823267870904,0.010289502430139031,0.11047161335319622,0.08090150603750705,0.011186657400346963,0.018160115650407805,0.006227003510278463,0.005584233159522894,0.1995530714067041,0.1346285490112195,0.06948139867091224,0.16990593368408968,0.008733947630048393,0.04565293060823655,0.11667610991198561,0.13562740036504012,0.08183768402751943,0.12312260463515763,0.11982587457874833,0.12061385570869293
dense,533,0.008560074476217127,0.010161904539936997,0.11059091655348569,0.08095874654575254,0.011295475205154533,0.017507656129664585,0.006260093818162969,0.005584393006765897,0.19950207485234092,0.13435430362647047,0.06963153673769133,0.1703525413704531,0.009383265048070117,0.04604915258005955,0.11708999027108313,0.13526106313217515,0.08192434911436328,0.12307724577595941,0.11986705775237581,0.12059841838078608
dense,534,0.008584170935036106,0.010006095496275666,0.11054067779060744,0.08088804037690754,0.011190018532933497,0.016951894892111352,0.006292192311335239,0.005590276248722576,0.19945901361350896,0.13409449732955459,0.06957137627799988,0.17072998439513512,0.008868081945133206,0.04652141060217205,0.11745865464883656,0.13495171422350805,0.08160798401882158,0.12281202922057602,0.11987805029739437,0.12053533691464899
dense,535,0.0085779471315709,0.009814624188506645,0.11033100331911493,0.08069461668911626,0.010847935972007748,0.016476386697545947,0.006325626354511521,0.005608547729961365,0.19945319499871875,0.1338029622297857,0.06942199936468821,0.17103515604345373,0.007538747675509268,0.04716591497884679,0.11772946316648183,0.13475349150224808,0.08050888765753152,0.12229749266868456,0.11984465423089938,0.1204200753125313
dense,536,0.008537013886279528,0.009718882718052742,0.11000958432927381,0.08044279745351626,0.010674882448140823,0.01621799340559219,0.0063578804054166315,0.005624774613061322,0.19946854560343172,0.13345980394043772,0.06926626693655571,0.1711816186422067,0.005888899487312837,0.04790597991925342,0.11790812355438433,0.1346277195708422,0.07887397877529671,0.12149143348946834,0.11975675095028074,0.12028589108181553
dense,537,0.008455663057458299,0.009763368385097837,0.10959533515258031,0.08015606814287136,0.010763613223458077,0.016273388558471262,0.006373334672730245,0.005643137085731758,0.19948383725000732,0.13304135869103323,0.06903395411395215,0.17102149267553343,0.004823586197798163,0.04847260306288401,0.11793404894507169,0.13459238712274293,0.07680773987909892,0.12020069272308463,0.11959867529232983,0.12013364587742731
dense,538,0.008353790671665374,0.009838656914481266,0.10899037228495012,0.07974075798523483,0.010673661247221905,0.016614999880872883,0.006396161227770944,0.005669805302059328,0.19948206505603555,0.13250749156338915,0.068729807516827,0.17023087139287074,0.004402795329451867,0.04875617658488108,0.11785198689295684,0.1345910427156768,0.07350733838536985,0.11846425255491175,0.11939597169536911,0.11996466773166173
dense,539,0.008240566971067714,0.010008175772279913,0.10799014292052744,0.07906794030038335,0.01036974407210473,0.01744433524115286,0.006514438356452409,0.005704185419409651,0.19941602739261863,0.1316915657658934,0.06815215224246388,0.16891274074136198,0.004382200873965401,0.04882467386867006,0.11761578745328273,0.13455197397581117,0.06833190781789258,0.11513011398733494,0.11906988532661474,0.11980268560041997
dense,540,0.008110802850082676,0.010311738638938975,0.10653537254634164,0.07810483693893754,0.010091850928193844,0.018614562563258594,0.006817733176154522,0.005722807888148938,0.19922849832881573,0.13044262218893563,0.06746753010568857,0.16648682114101931,0.0052115429124584625,0.0483257180467043,0.11696825527635765,0.1345911554931807,0.06008781559239211,0.11160671060340398,0.11833932618690549,0.11966847468023771
dense,541,0.008010160326489144,0.010803308467257165,0.10468885584396698,0.07691115672488952,0.009985958773083458,0.020024051183349646,0.007444434639546746,0.0057587892730488035,0.19897334334829975,0.128537230170701,0.06677240459493045,0.16303004207065236,0.005813581294186364,0.04817786363192131,0.11555578891577523,0.1350030652386567,0.049342884631201275,0.10848879957679042,0.11702669896854108,0.1195445676859477
dense,542,0.008070344816626605,0.011970162132860106,0.10196934591662617,0.0752695967263283,0.011180893760694333,0.021971715401425295,0.008781801891541947,0.005946237477778846,0.19853065097356343,0.1259420311572344,0.06609752998702832,0.15826482295444888,0.006268670333979735,0.04827482037447946,0.11268164923048096,0.13608104892643796,0.033304801556570014,0.10390361767955975,0.11489287239955481,0.11938963542617627
dense,543,0.008461085705021541,0.014070062600387146,0.09870723623534867,0.07348401005475026,0.014342556784448585,0.02437545892964127,0.011350345694081441,0.00621188899337729,0.19777496633413105,0.12319204487584216,0.06540395099949477,0.15181575255075197,0.006683459912129945,0.04811595809844895,0.10802019633400413,0.1378277854920088,0.013077282263061511,0.1006910295551638,0.11223932547372656,0.11964508293542042
dense,544,0.009156583751027627,0.016475340716350224,0.09821066617610458,0.07374034945468726,0.019816372433541424,0.025269523487521747,0.014451854488865356,0.0063636124554723675,0.19675522673202733,0.12120343988169159,0.06523704951762278,0.14478424528298053,0.007191632644774289,0.0460056833498664,0.10247879804167372,0.1397618488803876,0.023413933391644257,0.10002965788198508,0.11136560187815218,0.12030087663044924
dense,545,0.009547965768773816,0.01955314383927021,0.09806312232525143,0.07438341229581598,0.0289553566468295,0.024580524874984876,0.018138127294774865,0.006538566540491605,0.1950832113006049,0.11862025243961535,0.06488825012157268,0.1308899051714608,0.009057754812385937,0.03795678975592814,0.09849944098273303,0.14132851215510905,0.042975248900468964,0.10492808981338703,0.11149958798883423,0.12103042446091708
dense,546,0.00977461659051358,0.02421933073613183,0.09759176946251387,0.07516195135795338,0.043111174308249796,0.024349135742757346,0.022041629814345425,0.007375383079174752,0.19266328569937707,0.11893443406783966,0.0647519632820195,0.11543230999693166,0.015137659913641615,0.028739571301282196,0.09607703365964347,0.14302186268025016,0.046200210361623716,0.11470157119222651,0.11376105225503738,0.12168027914029363
dense,547,0.008514822346399092,0.02595468206348572,0.09801202552748366,0.07579281511353798,0.05542457310686515,0.02214292173113604,0.018582035547960944,0.007669197867980744,0.19212541553690157,0.12240513866917822,0.06492833055376103,0.10896933671359503,0.024538333750751855,0.022986410054528863,0.09557363492434309,0.14521476196862904,0.0347803505430744,0.12445348604856693,0.1176960683878772,0.1224730391785966
dense,548,0.006534188232307373,0.0255541837062651,0.09853032219883344,0.07594792879078642,0.06422361331038998,0.021042561516482906,0.00931082677715064,0.007639733221036885,0.19251071810082696,0.1257007479788257,0.06465524892672102,0.10659400071344369,0.03230711123672242,0.019484872346291066,0.09653030087310954,0.14732304499597207,0.01730189272993214,0.13286152412148403,0.12408615087304369,0.12300825348962914
dense,549,0.005123722513545236,0.02649182886052704,0.10047441054919597,0.07745788026741207,0.06927720991491024,0.022865023191535806,0.006499536311257149,0.007325546024404981,0.1925667209982935,0.12670023204073827,0.06517059632001028,0.10449168092131665,0.036263705598469274,0.020151837542750392,0.09794968287702785,0.14850771930583692,0.02186149904795868,0.13900624675199313,0.12944479126519107,0.12357821392076541
dense,550,0.004871902018892246,0.026043253153930156,0.10052718752584024,0.07737477440851151,0.06490329479511217,0.02711517016123749,0.005920895807573328,0.00623365185179764,0.1912743374350798,0.12064058259553025,0.060461017034182545,0.10145471641900977,0.03428397160302836,0.027927907587358882,0.0986867300800512,0.14695401551932472,0.03618483385435725,0.13869671306054213,0.1254084260548437,0.1243529990667744
dense,551,0.007917647127940401,0.02355484615889497,0.09474857666574567,0.07288940892661577,0.05242235813321765,0.0252366434212821,0.010615420594611007,0.005944962486469147,0.1871498198011663,0.1098067367846738,0.053066098386220464,0.0999620893797297,0.02996672016087099,0.032641682351572,0.09573339383463922,0.1433363352900314,0.0186886510839097,0.1269328680246958,0.11596208850213607,0.1237364363893026
dense,552,0.009421064727208047,0.023568240857341306,0.09173944123496552,0.07085690135153878,0.04759542329731871,0.0241713884303856,0.016641918009685328,0.005864233691975581,0.1840973072072169,0.10515753094733132,0.04575054225134147,0.09377480361444869,0.030100842802054502,0.032112539233036155,0.09471885045386925,0.14194178273130403,0.021755449395481765,0.11432727088490142,0.11461563755003475,0.12252073774856605
dense,553,0.008895714084749673,0.021987227143894113,0.0898284405304121,0.0691050534720748,0.042572988443085866,0.024653734247087788,0.015059506342162639,0.005662679543240164,0.18303023241472943,0.1016924186096355,0.04227807554816765,0.09122692278434232,0.029001275665212024,0.029428582414987497,0.09474673302522676,0.14273743865091526,0.018607336970367427,0.10798464040727108,0.11608797283933092,0.12111965703475933
dense,554,0.007934011006946448,0.01946066429599236,0.08870417618490589,0.06766039896528157,0.036765832095023716,0.023525442380211998,0.01167618790926213,0.005875194799471604,0.18329304595341714,0.10104303528446995,0.04377039596449847,0.09300167254096221,0.027321079375979666,0.025283022270167207,0.09420950259809643,0.1441702195383715,0.012228696344862401,0.1030221884767603,0.11758891448751257,0.11951834138377276
dense,555,0.006911500879031185,0.017026319456019942,0.08826116643406177,0.0667147515242266,0.031239010469365582,0.021979930524990744,0.008495648939545622,0.0063906878901778185,0.1837487240961871,0.09942848412415937,0.045712997679910196,0.09442288921829059,0.026419415769701582,0.02372236266927271,0.09485121439162264,0.14432017496966773,0.010716144075814504,0.0993888892012856,0.11863088981895112,0.11777181119387808
dense,556,0.006209167906130851,0.015587621697669503,0.08865614076963645,0.0666137261136733,0.028037251853385292,0.02184996893142201,0.00619156874893026,0.006271697256940452,0.1842699716331216,0.09751380083204102,0.04757323300010008,0.09739655454986279,0.027108225261977842,0.02357469458259231,0.09582756201731363,0.14443174520280927,0.012234084534928698,0.09694199040864887,0.11929487063413023,0.11770695657811105
dense,557,0.006076719886523133,0.012940063011555359,0.0893876919234368,0.06649936911846978,0.018625224424620244,0.020777637554841726,0.006524125670023099,0.00583326439673637,0.18471361232332395,0.09348852021938808,0.05110633229050059,0.10274720438220233,0.0261423830891095,0.027640562656560678,0.09707259878211115,0.1436149696832176,0.012967777170668675,0.09545906816833459,0.11900489464711747,0.11869437966870697
dense,558,0.006341261195967942,0.01029648882676495,0.08954203846939661,0.06600186341975217,0.010643757339406233,0.01768666274234667,0.007252560561803726,0.005602974663503173,0.18471541989110485,0.09071211289475264,0.05315977646766388,0.10531422258636192,0.024182299487779068,0.03146572721660221,0.09897337062668628,0.14222122920793667,0.01218374693286845,0.09277948880182407,0.118871810813187,0.11992525670599204
dense,559,0.006314745647410152,0.009525217136886638,0.089212629901677,0.06558630429500475,0.00942129533255914,0.015713845643488645,0.007319775025690227,0.00564595254580854,0.18507534779250248,0.08964921679805547,0.05491871978878291,0.10511555048794556,0.021211589164045138,0.03201821980772765,0.10052125687941768,0.1408492241790327,0.012370521806941058,0.08973707577535968,0.11898994967855228,0.12009488666176127
dense,560,0.00633444330521297,0.008878184530492071,0.08842318903470196,0.0648779676378591,0.0076801732022899905,0.014900080882373781,0.007527415882858683,0.00540506815444583,0.18575541933097559,0.08920869914126361,0.05845086610326574,0.10226779066375496,0.01799310165186895,0.0307901654453127,0.10115726651927875,0.1398280415612535,0.012203278434604323,0.0840719062302747,0.11898254577315136,0.12036918756141918
dense,561,0.006322894673934584,0.008457501715494161,0.08776618134116256,0.06431453397822717,0.006231326531030126,0.014725321767024907,0.007562579692407472,0.005310778871514141,0.18674866836253087,0.08911820444547183,0.06139787192450449,0.10047064516119189,0.014656326257660827,0.03027059606414082,0.10157420494891833,0.1389364837630751,0.01055854087450572,0.07991484527174858,0.11898796248543637,0.12055982653476582
dense,562,0.006251178107480086,0.007998657144837527,0.08737828846874907,0.06392854519481288,0.004901443626742307,0.014403410722393673,0.007371681218742427,0.005318093011471703,0.1881483102829554,0.08975181517475896,0.06362897009402893,0.10061320185334374,0.011691643522992765,0.030023991912572646,0.10192717789251883,0.1380962243197044,0.008195239966475991,0.07676375353823518,0.11905790168117765,0.12064123138622421
dense,563,0.006245705780195431,0.007635885039662374,0.08679649489796502,0.06343218733614266,0.0032881076482544976,0.015035882245993802,0.006789623196195459,0.005429927068205742,0.18925168587248536,0.09006809651519888,0.06675116585273677,0.09679525926513373,0.007516412084872391,0.03064143013627779,0.1020677788493085,0.13737925354642164,0.006309760822043521,0.07483929238568177,0.11938659226359984,0.1205512111818202
dense,564,0.006327140297950597,0.007227372950128954,0.08705654075089908,0.06352441888877973,0.0026040370662449093,0.014195532256103394,0.006646354898275462,0.005463567579892052,0.18994901335873493,0.09095078763952898,0.06786935821077075,0.09661507786809966,0.006501199318450815,0.03195534126604458,0.1027012557988573,0.13620410097581645,0.008230869490310022,0.0735930711174549,0.11949372156885756,0.12061469239786311
dense,565,0.006454863184378086,0.006869384645274645,0.0875814402788108,0.06381821677124742,0.0024252103127691232,0.012943370908913536,0.006712075639125291,0.005396881720290633,0.1906647372487497,0.0921952235303873,0.06833078517296833,0.09716916031618905,0.006761865759790353,0.033054887230725895,0.10355604672499011,0.13503784369476932,0.011985345535960736,0.0719362884689443,0.11951168337420226,0.12077341628805224
dense,566,0.0065575847708510705,0.006826938856144963,0.08816321264818183,0.06422493482197723,0.0032951222526059836,0.011999763099657331,0.006632357084086728,0.005380512988229813,0.19126908951691662,0.09373055529922215,0.06872384834993625,0.09736332416915316,0.00853329518589861,0.03413593876523043,0.10448330288397603,0.13391348103393996,0.015808275400276288,0.06934963922676365,0.11960721859291751,0.1210405833539514
dense,567,0.006626621279618087,0.007227404067804306,0.08848558943570366,0.06455078298701644,0.005653537711443006,0.011252392194487796,0.006581920720177675,0.005421765645108747,0.19182066774679898,0.09519986425488833,0.06847582714944331,0.09793287130038524,0.009978562571757487,0.03403078026134308,0.10516427232998272,0.13309591317290365,0.01973200387796295,0.06583223631069794,0.11965346169494778,0.12091061255733243
dense,568,0.006649995015804093,0.007545208997093375,0.08884142783646708,0.06487811559069309,0.007173566717339374,0.011073738151463525,0.006523284851447288,0.005410246268123311,0.19237364437818502,0.09628188273082632,0.0675042206855499,0.09943531103980263,0.011133572731900365,0.033589213014434106,0.10594929989260138,0.1324578923156166,0.023222771960163695,0.06356150282049354,0.11963294493470496,0.12095487753332636
dense,569,0.0066122084846912356,0.007699348181512739,0.08896907507600227,0.06500226483075115,0.007363101617704212,0.011546341897668516,0.0064748886955430995,0.005413060515135125,0.19280859250562835,0.09716915058913178,0.06564296065263871,0.10154827972036598,0.011640859919216625,0.03218718254605429,0.1066276698280718,0.13184851830748312,0.026791753832277575,0.06094277558520248,0.11952684383954874,0.12089431358640777
dense,570,0.006429261470936165,0.007713973351832931,0.08941842236455931,0.06531213077958704,0.00687418502912332,0.012607752146161241,0.005910630683790674,0.005463325548256486,0.1933064821903984,0.09744300971693452,0.06518658718164548,0.10423393925437892,0.01198664603591147,0.031016186673745106,0.1070599655927882,0.1317664843099753,0.031342202458255426,0.05937920702450449,0.11948887536221912,0.12081148257395526
dense,571,0.006380718729269726,0.007323885260975102,0.08986981440505391,0.06553611956669513,0.004823739631153377,0.013009228950579455,0.006006800677924848,0.005455771784242728,0.19365172154716365,0.09770949234775106,0.0661995626781525,0.10734170719499816,0.010005973634925372,0.02954796372496487,0.10750428600295835,0.13136557994299758,0.03671129480498588,0.05860354970891667,0.11910413463004044,0.1206925066427924
dense,572,0.006762592366923865,0.007240685773988098,0.09000201521988939,0.06563232459420876,0.0035896013138535746,0.012498310648877554,0.007460801652581946,0.005414029480639318,0.19357737987651585,0.09820480763490577,0.06718150574728893,0.11019226406108694,0.006478358338208318,0.02686485017997364,0.10798329330198916,0.13039337139604257,0.04160264903310831,0.058058841224179814,0.11892416190682015,0.12056269993855345
dense,573,0.006642962248930674,0.007421814740310971,0.09076031968251524,0.06620317984707985,0.004434079354702974,0.012619718710275526,0.007180191957787083,0.005453268938478299,0.19391852501319543,0.09900500865847804,0.0692840412344451,0.11184771018731655,0.005428553095207943,0.0262905014052483,0.10818086685886659,0.13031464457827818,0.04695709170130714,0.05832926201067707,0.11911999907050337,0.12044763237665917
dense,574,0.006627597644995527,0.008490480484624793,0.09138928120193468,0.0668976996474536,0.007302706208075338,0.013738784308621809,0.007497079703758982,0.005423351718043047,0.19434351888387866,0.0998422251820657,0.07140649548048515,0.11432241327459353,0.006535095862520257,0.028214681172738624,0.1080888579333343,0.13079900548836276,0.04308165585382683,0.06044784829504833,0.11945677809419492,0.12013279890216705
dense,575,0.006787926893878897,0.010565739233181886,0.09226055720894384,0.06801044531376076,0.012637628417646507,0.01562781063845225,0.009047589054485486,0.004949928822143303,0.19468742414587073,0.1014921226277004,0.0741259701860233,0.11652058123605288,0.009361990887113593,0.0307245786258966,0.10812303538163669,0.13095968023597163,0.03892023766963457,0.06257632352601963,0.11957216791902797,0.12006257406637837
dense,576,0.006956792750383469,0.011510920159368075,0.093075606561514,0.06881810306623669,0.015277766536865241,0.016822342746300366,0.009016244639580886,0.004927326714725809,0.19491115564844658,0.103800502610262,0.07623687057792093,0.1183610255722993,0.010192882968128505,0.032264600133974766,0.10735209009136018,0.1316269576744869,0.03685821023538821,0.06476046689337829,0.12080785421413244,0.11973466211838969
dense,577,0.00688629657185846,0.011267675274639392,0.09382181851204746,0.0692834599891168,0.014547856513820494,0.01729299331854867,0.008235485654534939,0.004994365611653467,0.19534378335725214,0.10659309852245476,0.0782738742423132,0.12051189096715625,0.008664357587180123,0.033819100459054834,0.10681473228279886,0.13246338459848372,0.03470249853701424,0.066891877633857,0.12225117766548096,0.1195320462915235
dense,578,0.006508693102174059,0.010536357566958468,0.09465382635749671,0.06967647292117463,0.01186096664089995,0.017999676249917516,0.007257341446204669,0.005027445930811734,0.19611912905027706,0.11011196513516953,0.08084936140836269,0.12354506894416661,0.007561616896294965,0.035829032756816086,0.10725881695897718,0.1327808737900918,0.031056153491355522,0.06779619827623416,0.12350296003709398,0.119434739545121
dense,579,0.006049839533483149,0.010054882515663915,0.09528115125802239,0.06997901086425927,0.009715450458616642,0.018745996177752678,0.006579541789026177,0.005178541637260162,0.19707319273024354,0.11360910313545126,0.08334286906783142,0.12723316658587575,0.005917877765452155,0.03750197276530131,0.10826770048565225,0.13317920596061908,0.024766559049165138,0.06851427500501596,0.1245981251616814,0.11936976738397957
dense,580,0.00565722289799693,0.009522592129031051,0.09693648483856993,0.07099914173393884,0.007320518267301964,0.01951679377472478,0.005986527810030043,0.005266528664067418,0.19808100581622162,0.11694869403512591,0.08525533094909105,0.13260279085660093,0.0037386891000033497,0.0396474914251623,0.11011169179225548,0.1336038834549852,0.02757155230022944,0.07204453210177983,0.12406215910224362,0.11956999712914036
dense,581,0.006578945630806863,0.009310124306700206,0.09797485973971166,0.07173633880789104,0.007144070827768186,0.018732181645575472,0.0057371908776121545,0.005627053875845015,0.1979716902781878,0.11511954681893646,0.07708713625001846,0.1376397335198459,0.007676384587893885,0.04182660993890578,0.10800566882497421,0.13677644684327647,0.0352370959456369,0.07845502760514836,0.11959544717621438,0.12030752908750143
dense,582,0.006316887141615956,0.00956438487385324,0.10162340377259589,0.07435619246518706,0.007813868224780066,0.0197219591666787,0.005393138370222487,0.0053285737337317104,0.19934452653938023,0.11941541558375907,0.07910109343990587,0.14667902873330194,0.004448587538520676,0.045720135666536,0.10861788135063492,0.1384385967072728,0.04919929977184198,0.08743738459826936,0.12082578883545596,0.12025310650627195
dense,583,0.0065734788262531195,0.010131058230301325,0.10421548562899176,0.07633432584090351,0.008642047488860417,0.02127260706541023,0.005352643258564876,0.0052569351083697775,0.199941374082847,0.12257353220427811,0.07924338616610906,0.15341532916408251,0.0043110725258827245,0.050652112565241623,0.10910411226879084,0.13926089294463076,0.05728654469296288,0.09400824857539049,0.1204788483779639,0.12031037397972129
dense,584,0.006947645565630531,0.01051564439063839,0.10612069033069814,0.07779167688803305,0.008598533586840807,0.02261476916592013,0.005444927354508872,0.005404347455283752,0.2002542048012874,0.12515390962513556,0.07904148228787443,0.15786629529268764,0.005644736656627216,0.05525304562045407,0.10910656547605978,0.1400002347362844,0.0622175019259759,0.09844100374081464,0.12011163499271113,0.12035766881246548
dense,585,0.007317582260173602,0.010868290768115782,0.10623063992595984,0.07797402496730321,0.009754489858575946,0.02232557535816132,0.005740238557483703,0.00565285929824216,0.2005256133008297,0.12523313393411548,0.0762000192947673,0.15810881375793465,0.00880781134043282,0.05398482685098652,0.1073761406381768,0.14207497460023302,0.06038608416265315,0.10205749074807374,0.11960674593851828,0.12040602454479675
dense,586,0.0074366367172876814,0.010724680460202862,0.10699673755942195,0.07848801231006838,0.010166989844687634,0.021248138286449076,0.005793708534079628,0.00568988517559511,0.20071457273683227,0.12887109809400454,0.0767205434252854,0.1594204218931215,0.008752034140535157,0.054726084531938966,0.10769555622812627,0.1422276590828513,0.061584085474046694,0.10315401323880838,0.1195985513076479,0.1204962305598652
dense,587,0.0075783386105235445,0.011156110748811749,0.10767123019588365,0.07907397317390438,0.011371503703171955,0.021641589778600957,0.005902700463197265,0.005708649050276824,0.20074188762715145,0.13142845712378406,0.07689029204118135,0.15971998580330454,0.008934287274324328,0.054360813533025125,0.10810787163503405,0.142336977128954,0.063870571811897,0.10529931937807979,0.11964956024278862,0.1207147387510791
dense,588,0.00770600732493724,0.011495341549523438,0.10847556300507812,0.07972906644611578,0.01232839088487153,0.021978497658380353,0.005945505376557575,0.005728972278284296,0.20078577812501122,0.13322184864097145,0.0774898587636258,0.1601340798457581,0.009170569417290103,0.053536722048285086,0.10846805562373776,0.14255143296049427,0.06777808141139,0.1079538960009615,0.11974908797207054,0.12086734525134162
dense,589,0.007935411569176919,0.011032640043640456,0.10845425574732148,0.07961864945362329,0.010718316576938142,0.0215544781901925,0.006180872845313737,0.0056768925621174405,0.20036826396221483,0.132321911051114,0.07599580940303466,0.15793846110044643,0.007567958285667968,0.04976184213501521,0.10867675775563146,0.1432284734270332,0.07185714974569286,0.11333425641447428,0.1196621837550419,0.12073800193249093
dense,590,0.008020637500545111,0.011246223129759576,0.10938909591191047,0.08033380476250053,0.011458982103927548,0.02164966088154018,0.0061448054560724625,0.005731444077498115,0.20063165348397563,0.13464198461668586,0.07720179883290827,0.16041138349686887,0.007889772578840028,0.048668709710783395,0.10852260940714845,0.14381480558169796,0.07448615134092545,0.11589700371767184,0.11968908410570003,0.12081419406971973
dense,591,0.00814484029271264,0.011353693390026388,0.10970452454464996,0.0805890534346246,0.012475303570823996,0.020909528023302145,0.006283084329906342,0.005746857636073074,0.20070458219982523,0.13618223628116513,0.07792133845465711,0.16222557379302188,0.00757612322607549,0.04754827386346628,0.10816445605710284,0.14443788559398069,0.07369707180244141,0.1174548377903539,0.1196657635879148,0.12087615188579484
dense,592,0.008247518413814664,0.01127999007952725,0.10969225430262038,0.08056909002137459,0.012880206410654823,0.020109577671331633,0.006395360260328534,0.005734815975794009,0.20064773525076424,0.1370519064314947,0.07796461442479134,0.16294366826764192,0.0067624381816760015,0.04649401117339819,0.10794341229282513,0.14481344105803295,0.0730140338740696,0.11812161510121655,0.11964421658695028,0.12090595898858358
dense,593,0.008357447053523976,0.009507370056409389,0.10891423622904044,0.07960928011927335,0.006691933691658598,0.01920730976610964,0.0064721009153746725,0.005658135852494647,0.2000975287509919,0.13462003641892617,0.0753203224337943,0.1600976746558159,0.003736532964660066,0.044304079491400326,0.10825529472319889,0.14504736207470412,0.07484374937015058,0.12050189697645497,0.11957127468940394,0.12057508219898404
dense,594,0.008456586139717658,0.00984673639621576,0.10936590236019599,0.08001378588511368,0.008211324261204724,0.018995372204869576,0.006503956798626192,0.005676292320162547,0.20019255903067493,0.1359862175554947,0.07602906418650637,0.16186814755071338,0.00339564057665534,0.04412059130772593,0.10836884908214105,0.14508585352537848,0.07615422476140396,0.12095715546681914,0.11957164075786823,0.12066088452097024
dense,595,0.008559761475900514,0.010207865705895727,0.10975843257095635,0.08038190677358588,0.009757377361113227,0.01886419832990126,0.006540551177808451,0.005669335954759972,0.20022331770394758,0.1370497358890979,0.07649958218889193,0.1629804340831443,0.0029509909718495667,0.04362373224990829,0.10854751226091829,0.1451110611988627,0.0778115612254242,0.12190621167648832,0.11962376547764306,0.12077328592530022
dense,596,0.008652620278786355,0.010283234549459236,0.11007049699251005,0.08062538366980847,0.010040647359797582,0.01884620891330213,0.006575870023180327,0.005670211901556901,0.20022097989392995,0.13783810582403638,0.07668241269823049,0.16366772330706247,0.002740556630024315,0.04294370591628782,0.10869855883696851,0.14517873463532163,0.07915031068256427,0.12321187621947201,0.11964598556854543,0.12086701369767759
dense,597,0.008720865040486282,0.010188392896576031,0.11030278563515593,0.08077105083815657,0.009578591438263258,0.018895741298731745,0.006604353311025538,0.005674885538283584,0.20020365591433853,0.13831490948217617,0.07666867587619486,0.1641171657404443,0.0026487703652542448,0.04232091829911141,0.10873310701049144,0.1453357173788182,0.0801891505096766,0.1245273668671526,0.11965296188648676,0.12092102829172592
dense,598,0.008774004972270188,0.009851572343196047,0.11046429581721272,0.08080893200891806,0.008287572322799646,0.018809344185960104,0.006626158414029858,0.005683214449994579,0.20017251800023275,0.13864425318507387,0.0766197888496859,0.16452869264942024,0.0025200157386191494,0.0417658552013822,0.1086793830835373,0.1455664918113593,0.08082419303176298,0.12566070698026546,0.11965335334806897,0.12093629792714423
dense,599,0.008813759374873534,0.00933627414704826,0.1106065379092704,0.08079043005143006,0.00640066796732255,0.018601789136085185,0.0066499693637860485,0.005692670120999258,0.20014822311899155,0.13884912800026658,0.07647473362891406,0.1649502544168263,0.0026032351673863064,0.041510675409442595,0.10863488928461124,0.1457952319993131,0.08130162755299465,0.12643555214865315,0.11964347854428425,0.12093142563956095
