sequence_id,source_file,frame_start,frame_end,frames,fps,duration_s,root_path_m,root_mean_speed_mps,root_yaw_range_rad,wrist_range_m,contact_transitions,eligible,rejection_reason
aiming1_subject1_f000000_000600,data/lafan1/aiming1_subject1.bvh,0,600,600,30.000300003000028,19.9998,4.983095702202217,0.24957323206966042,4.415956282394977,2.3784545958835133,66,False,semantic_exclusion
aiming1_subject1_f000300_000900,data/lafan1/aiming1_subject1.bvh,300,900,600,30.000300003000028,19.9998,7.0057989503220375,0.3508782475298227,5.5263101190729955,4.3331265377720065,77,False,semantic_exclusion
aiming1_subject1_f000600_001200,data/lafan1/aiming1_subject1.bvh,600,1200,600,30.000300003000028,19.9998,5.00140620073026,0.2504902945889355,3.846318799664926,2.6222402427399434,69,False,semantic_exclusion
aiming1_subject1_f000900_001500,data/lafan1/aiming1_subject1.bvh,900,1500,600,30.000300003000028,19.9998,2.4798103736206363,0.12419875652616139,5.270046584381161,0.7906577629298639,61,False,semantic_exclusion
aiming1_subject1_f001200_001800,data/lafan1/aiming1_subject1.bvh,1200,1800,600,30.000300003000028,19.9998,9.010168573713234,0.4512650422186976,10.382549962977322,5.166527515020762,58,False,semantic_exclusion
aiming1_subject1_f001500_002100,data/lafan1/aiming1_subject1.bvh,1500,2100,600,30.000300003000028,19.9998,17.939340004234587,0.8984734256808973,7.734291650748583,8.724862456055996,43,False,semantic_exclusion
aiming1_subject1_f001800_002400,data/lafan1/aiming1_subject1.bvh,1800,2400,600,30.000300003000028,19.9998,17.03759597607027,0.8533105018564512,12.592169333879362,9.57297350135116,46,False,semantic_exclusion
aiming1_subject1_f002100_002700,data/lafan1/aiming1_subject1.bvh,2100,2700,600,30.000300003000028,19.9998,16.65018315290097,0.8339073283671552,23.986547879124444,7.918351492056353,52,False,semantic_exclusion
aiming1_subject1_f002400_003000,data/lafan1/aiming1_subject1.bvh,2400,3000,600,30.000300003000028,19.9998,16.36758305151701,0.8197535924366093,14.37243437370278,8.414110715955415,46,False,semantic_exclusion
aiming1_subject1_f002700_003300,data/lafan1/aiming1_subject1.bvh,2700,3300,600,30.000300003000028,19.9998,11.580006290193321,0.5799727257803456,25.344917234042992,4.618247093226161,66,False,semantic_exclusion
aiming1_subject1_f003000_003600,data/lafan1/aiming1_subject1.bvh,3000,3600,600,30.000300003000028,19.9998,11.498920523425035,0.5759116284030137,15.283446596040285,4.9450406579022275,69,False,semantic_exclusion
aiming1_subject1_f003300_003900,data/lafan1/aiming1_subject1.bvh,3300,3900,600,30.000300003000028,19.9998,12.915759988144433,0.6468725783156546,3.576270651882791,6.436793538966352,54,False,semantic_exclusion
aiming1_subject1_f003600_004200,data/lafan1/aiming1_subject1.bvh,3600,4200,600,30.000300003000028,19.9998,15.82054836449004,0.7923559217807558,11.642329553004627,5.485559000575651,57,False,semantic_exclusion
aiming1_subject1_f003900_004500,data/lafan1/aiming1_subject1.bvh,3900,4500,600,30.000300003000028,19.9998,14.457564652148823,0.7240922819319424,11.967200334201802,5.189773789313355,70,False,semantic_exclusion
aiming1_subject1_f004200_004800,data/lafan1/aiming1_subject1.bvh,4200,4800,600,30.000300003000028,19.9998,7.509830861711066,0.3761221683190654,4.183648949449817,2.2875035436714946,70,False,semantic_exclusion
aiming1_subject1_f004500_005100,data/lafan1/aiming1_subject1.bvh,4500,5100,600,30.000300003000028,19.9998,9.4699131341822,0.4742908765072058,5.414792329435378,6.59809219509753,75,False,semantic_exclusion
aiming1_subject1_f004800_005400,data/lafan1/aiming1_subject1.bvh,4800,5400,600,30.000300003000028,19.9998,14.052307298773826,0.7037953834683836,4.791911860939965,6.902100594450875,67,False,semantic_exclusion
aiming1_subject1_f005100_005700,data/lafan1/aiming1_subject1.bvh,5100,5700,600,30.000300003000028,19.9998,19.55863577842941,0.9795741919904711,8.180657386944148,5.862258313708581,41,False,semantic_exclusion
aiming1_subject1_f005400_006000,data/lafan1/aiming1_subject1.bvh,5400,6000,600,30.000300003000028,19.9998,23.325430436863613,1.1682302350668055,10.580799746545274,8.312286254794174,30,False,semantic_exclusion
aiming1_subject1_f005700_006300,data/lafan1/aiming1_subject1.bvh,5700,6300,600,30.000300003000028,19.9998,21.89148198191353,1.0964123989443664,13.648070482650077,8.796702737377398,54,False,semantic_exclusion
aiming1_subject1_f006000_006600,data/lafan1/aiming1_subject1.bvh,6000,6600,600,30.000300003000028,19.9998,16.803383359894276,0.8415802034428163,7.730089160974161,7.289956482885623,82,False,semantic_exclusion
aiming1_subject1_f006300_006900,data/lafan1/aiming1_subject1.bvh,6300,6900,600,30.000300003000028,19.9998,12.925331112173625,0.6473519382359245,9.462901074195253,6.399748140927381,80,False,semantic_exclusion
aiming1_subject1_f006584_007184,data/lafan1/aiming1_subject1.bvh,6584,7184,600,30.000300003000028,19.9998,10.556113675999494,0.5286921154353194,9.801542607624224,4.982853296879975,91,False,semantic_exclusion
aiming1_subject4_f000000_000600,data/lafan1/aiming1_subject4.bvh,0,600,600,30.000300003000028,19.9998,13.015170049991887,0.6518514291983598,4.906376904458044,7.919335201340854,50,False,semantic_exclusion
aiming1_subject4_f000300_000900,data/lafan1/aiming1_subject4.bvh,300,900,600,30.000300003000028,19.9998,11.12893146210458,0.5573811061368332,6.238974197224406,6.86239105715514,55,False,semantic_exclusion
aiming1_subject4_f000600_001200,data/lafan1/aiming1_subject4.bvh,600,1200,600,30.000300003000028,19.9998,13.711287241953217,0.6867157440499221,4.4375190001821645,7.725529516017943,51,False,semantic_exclusion
aiming1_subject4_f000900_001500,data/lafan1/aiming1_subject4.bvh,900,1500,600,30.000300003000028,19.9998,16.98073114068731,0.8504624849597733,5.381432032966866,8.166587606577462,41,False,semantic_exclusion
aiming1_subject4_f001200_001800,data/lafan1/aiming1_subject4.bvh,1200,1800,600,30.000300003000028,19.9998,12.57136312997081,0.6296238152684103,4.895194691065552,8.014285566589958,43,False,semantic_exclusion
aiming1_subject4_f001500_002100,data/lafan1/aiming1_subject4.bvh,1500,2100,600,30.000300003000028,19.9998,15.552161165215564,0.7789140244598889,4.036668395868729,6.178307257213925,31,False,semantic_exclusion
aiming1_subject4_f001800_002400,data/lafan1/aiming1_subject4.bvh,1800,2400,600,30.000300003000028,19.9998,19.69817668253627,0.9865629549051553,2.147443615149369,10.690289716439642,16,False,semantic_exclusion
aiming1_subject4_f002100_002700,data/lafan1/aiming1_subject4.bvh,2100,2700,600,30.000300003000028,19.9998,16.905668447380023,0.8467030470328086,2.5175583765701806,8.702300973667025,36,False,semantic_exclusion
aiming1_subject4_f002400_003000,data/lafan1/aiming1_subject4.bvh,2400,3000,600,30.000300003000028,19.9998,13.316560384258523,0.6669462546507864,4.000058310961883,5.729016041143774,48,False,semantic_exclusion
aiming1_subject4_f002700_003300,data/lafan1/aiming1_subject4.bvh,2700,3300,600,30.000300003000028,19.9998,11.471376627348452,0.5745321206475063,5.124725535733601,5.397048019276977,50,False,semantic_exclusion
aiming1_subject4_f003000_003600,data/lafan1/aiming1_subject4.bvh,3000,3600,600,30.000300003000028,19.9998,10.462681133974272,0.5240126424957541,8.903947724023007,5.184818817878863,42,False,semantic_exclusion
aiming1_subject4_f003300_003900,data/lafan1/aiming1_subject4.bvh,3300,3900,600,30.000300003000028,19.9998,7.244581279688216,0.3628374153368353,8.412404522491597,4.775594107252389,16,False,semantic_exclusion
aiming1_subject4_f003600_004200,data/lafan1/aiming1_subject4.bvh,3600,4200,600,30.000300003000028,19.9998,4.886749696126532,0.2447478412743993,0.6172235192639527,2.9546603289626234,6,False,semantic_exclusion
aiming1_subject4_f003900_004500,data/lafan1/aiming1_subject4.bvh,3900,4500,600,30.000300003000028,19.9998,5.339560474583472,0.2674264042097919,0.8131533553187135,2.5832316996954523,8,False,semantic_exclusion
aiming1_subject4_f004200_004800,data/lafan1/aiming1_subject4.bvh,4200,4800,600,30.000300003000028,19.9998,5.762231653091846,0.2885954562262741,0.8503509341359403,2.99296574611503,6,False,semantic_exclusion
aiming1_subject4_f004500_005100,data/lafan1/aiming1_subject4.bvh,4500,5100,600,30.000300003000028,19.9998,6.189792937012987,0.3100094241516532,1.3860948213167374,2.0476172558365926,0,False,stance_swing;semantic_exclusion
aiming1_subject4_f004800_005400,data/lafan1/aiming1_subject4.bvh,4800,5400,600,30.000300003000028,19.9998,6.843438368226288,0.34274658447216966,1.4211287079179387,3.0116967091774156,0,False,stance_swing;semantic_exclusion
aiming1_subject4_f005100_005700,data/lafan1/aiming1_subject4.bvh,5100,5700,600,30.000300003000028,19.9998,6.242249018618788,0.31263663314189677,2.1609630418693255,2.2309523245262017,6,False,semantic_exclusion
aiming1_subject4_f005400_006000,data/lafan1/aiming1_subject4.bvh,5400,6000,600,30.000300003000028,19.9998,7.02507739290057,0.35184378853307247,2.8955238592630343,3.49244603947216,38,False,semantic_exclusion
aiming1_subject4_f005700_006300,data/lafan1/aiming1_subject4.bvh,5700,6300,600,30.000300003000028,19.9998,11.507744111013498,0.5763535487281499,5.554823133285118,7.00240921237244,58,False,semantic_exclusion
aiming1_subject4_f006000_006600,data/lafan1/aiming1_subject4.bvh,6000,6600,600,30.000300003000028,19.9998,13.742659787799084,0.6882870057982258,5.736888164926413,6.244550813117648,50,False,semantic_exclusion
aiming1_subject4_f006300_006900,data/lafan1/aiming1_subject4.bvh,6300,6900,600,30.000300003000028,19.9998,13.738066191390873,0.6880569402383943,6.991904344803327,6.639489914655145,49,False,semantic_exclusion
aiming1_subject4_f006584_007184,data/lafan1/aiming1_subject4.bvh,6584,7184,600,30.000300003000028,19.9998,11.739334586204897,0.5879525199027398,10.098130216728734,6.226380602566876,64,False,semantic_exclusion
aiming2_subject2_f000000_000600,data/lafan1/aiming2_subject2.bvh,0,600,600,30.000300003000028,19.9998,6.497573696047839,0.32542430746750733,10.878779917206002,1.6751035685844453,60,False,semantic_exclusion
aiming2_subject2_f000300_000900,data/lafan1/aiming2_subject2.bvh,300,900,600,30.000300003000028,19.9998,7.636821326234401,0.3824823553528223,12.426035968074284,1.4614281909285376,75,False,semantic_exclusion
aiming2_subject2_f000600_001200,data/lafan1/aiming2_subject2.bvh,600,1200,600,30.000300003000028,19.9998,5.627310848778355,0.28183808626625606,8.411201542616139,0.9928062756827054,71,False,semantic_exclusion
aiming2_subject2_f000900_001500,data/lafan1/aiming2_subject2.bvh,900,1500,600,30.000300003000028,19.9998,4.777426853345572,0.23927251893615287,15.77988591097904,0.7822989179287156,58,False,semantic_exclusion
aiming2_subject2_f001200_001800,data/lafan1/aiming2_subject2.bvh,1200,1800,600,30.000300003000028,19.9998,6.0589667393367534,0.3034571283611043,13.463747880372418,1.2430016616107313,60,False,semantic_exclusion
aiming2_subject2_f001500_002100,data/lafan1/aiming2_subject2.bvh,1500,2100,600,30.000300003000028,19.9998,9.715603084129135,0.4865960053989088,19.08969587106869,5.694604384684046,53,False,semantic_exclusion
aiming2_subject2_f001800_002400,data/lafan1/aiming2_subject2.bvh,1800,2400,600,30.000300003000028,19.9998,15.727415437899815,0.7876914547726352,22.738355638179527,9.07574282705373,44,False,semantic_exclusion
aiming2_subject2_f002100_002700,data/lafan1/aiming2_subject2.bvh,2100,2700,600,30.000300003000028,19.9998,23.139659918899845,1.1589261094063283,12.414488486657774,10.115625932915538,28,False,semantic_exclusion
aiming2_subject2_f002400_003000,data/lafan1/aiming2_subject2.bvh,2400,3000,600,30.000300003000028,19.9998,21.640936944917613,1.083864108002563,12.899239322978516,10.623855967050185,31,False,semantic_exclusion
aiming2_subject2_f002700_003300,data/lafan1/aiming2_subject2.bvh,2700,3300,600,30.000300003000028,19.9998,21.0635423616027,1.0549458931118207,20.09175985344047,7.250413389140842,40,False,semantic_exclusion
aiming2_subject2_f003000_003600,data/lafan1/aiming2_subject2.bvh,3000,3600,600,30.000300003000028,19.9998,29.93317363811039,1.49917226909049,22.977277705860985,8.754102071505454,10,False,semantic_exclusion
aiming2_subject2_f003300_003900,data/lafan1/aiming2_subject2.bvh,3300,3900,600,30.000300003000028,19.9998,33.98231011081329,1.701969112052387,12.335088022697482,10.963913301023432,0,False,stance_swing;semantic_exclusion
aiming2_subject2_f003600_004200,data/lafan1/aiming2_subject2.bvh,3600,4200,600,30.000300003000028,19.9998,31.588174941779737,1.582061310184708,9.738970356526059,7.758977158339739,4,False,semantic_exclusion
aiming2_subject2_f003900_004500,data/lafan1/aiming2_subject2.bvh,3900,4500,600,30.000300003000028,19.9998,29.908559557386766,1.4979394981288758,12.821931837225984,10.546164165014048,6,False,semantic_exclusion
aiming2_subject2_f004200_004800,data/lafan1/aiming2_subject2.bvh,4200,4800,600,30.000300003000028,19.9998,36.76376188538407,1.841275268448047,12.143356740743464,10.63913738690732,2,False,semantic_exclusion
aiming2_subject2_f004500_005100,data/lafan1/aiming2_subject2.bvh,4500,5100,600,30.000300003000028,19.9998,44.11280925925146,2.209344760855862,10.070828428705722,11.593179123842887,0,False,stance_swing;semantic_exclusion
aiming2_subject2_f004800_005400,data/lafan1/aiming2_subject2.bvh,4800,5400,600,30.000300003000028,19.9998,42.412092347223094,2.12416610045348,6.961297775643415,11.600522628684235,2,False,semantic_exclusion
aiming2_subject2_f005100_005700,data/lafan1/aiming2_subject2.bvh,5100,5700,600,30.000300003000028,19.9998,40.24286536151874,2.0155225940332224,5.465083968974499,10.938809783719131,10,False,semantic_exclusion
aiming2_subject2_f005400_006000,data/lafan1/aiming2_subject2.bvh,5400,6000,600,30.000300003000028,19.9998,38.43998045593386,1.9252269545700729,10.123078650486669,9.786455559240512,10,False,semantic_exclusion
aiming2_subject2_f005700_006300,data/lafan1/aiming2_subject2.bvh,5700,6300,600,30.000300003000028,19.9998,27.053468978010592,1.354945217799954,8.256456729894712,10.5668990601616,20,False,semantic_exclusion
aiming2_subject2_f006000_006600,data/lafan1/aiming2_subject2.bvh,6000,6600,600,30.000300003000028,19.9998,11.523162483752131,0.5771257620966258,25.620323586563522,6.520962362465907,51,False,semantic_exclusion
aiming2_subject2_f006300_006900,data/lafan1/aiming2_subject2.bvh,6300,6900,600,30.000300003000028,19.9998,8.26141627810794,0.41376455224191344,20.24933209131676,4.657524639122827,52,False,semantic_exclusion
aiming2_subject2_f006600_007200,data/lafan1/aiming2_subject2.bvh,6600,7200,600,30.000300003000028,19.9998,17.897648393914942,0.8963853441830716,10.811466740379377,7.0325208175525145,23,False,semantic_exclusion
aiming2_subject2_f006900_007500,data/lafan1/aiming2_subject2.bvh,6900,7500,600,30.000300003000028,19.9998,24.137715217813728,1.20891268434289,18.03292006381938,7.283357335228214,8,False,semantic_exclusion
aiming2_subject2_f007200_007800,data/lafan1/aiming2_subject2.bvh,7200,7800,600,30.000300003000028,19.9998,49.165981362354195,2.462427697516751,23.047688844406917,10.636102049586556,4,False,semantic_exclusion
aiming2_subject2_f007500_008100,data/lafan1/aiming2_subject2.bvh,7500,8100,600,30.000300003000028,19.9998,67.27925699565876,3.369612510598833,11.287781173903564,10.188453897428056,0,False,stance_swing;semantic_exclusion
aiming2_subject2_f007800_008400,data/lafan1/aiming2_subject2.bvh,7800,8400,600,30.000300003000028,19.9998,61.45439877892731,3.0778804672317497,11.064973439640728,11.592308237365955,0,False,stance_swing;semantic_exclusion
aiming2_subject2_f008100_008700,data/lafan1/aiming2_subject2.bvh,8100,8700,600,30.000300003000028,19.9998,56.6039377491294,2.8349501065526215,18.950339730621682,12.078909486329371,5,False,semantic_exclusion
aiming2_subject2_f008400_009000,data/lafan1/aiming2_subject2.bvh,8400,9000,600,30.000300003000028,19.9998,38.55737502860469,1.9311065412125585,16.90230714664501,10.909586412024483,20,False,semantic_exclusion
aiming2_subject2_f008572_009172,data/lafan1/aiming2_subject2.bvh,8572,9172,600,30.000300003000028,19.9998,22.754387861750658,1.1396301539852123,17.73409534803524,9.292023779083785,28,False,semantic_exclusion
aiming2_subject3_f000000_000600,data/lafan1/aiming2_subject3.bvh,0,600,600,30.000300003000028,19.9998,5.922568913056718,0.2966257832723595,5.143592464764012,4.679381018350151,36,False,semantic_exclusion
aiming2_subject3_f000300_000900,data/lafan1/aiming2_subject3.bvh,300,900,600,30.000300003000028,19.9998,9.923217688389403,0.4969941696940878,5.173944177415925,4.879475277312343,47,False,semantic_exclusion
aiming2_subject3_f000600_001200,data/lafan1/aiming2_subject3.bvh,600,1200,600,30.000300003000028,19.9998,10.154272065139736,0.5085662909286723,6.274524371314106,4.307408790975061,60,False,semantic_exclusion
aiming2_subject3_f000900_001500,data/lafan1/aiming2_subject3.bvh,900,1500,600,30.000300003000028,19.9998,14.011855467582297,0.7017693950353008,11.357931552282297,7.1223295234400155,44,False,semantic_exclusion
aiming2_subject3_f001200_001800,data/lafan1/aiming2_subject3.bvh,1200,1800,600,30.000300003000028,19.9998,14.449099924549127,0.7236683347408996,9.206934620342892,7.163215076120826,42,False,semantic_exclusion
aiming2_subject3_f001500_002100,data/lafan1/aiming2_subject3.bvh,1500,2100,600,30.000300003000028,19.9998,16.929392247414942,0.8478912292001856,10.809253735858587,9.905842216290981,42,False,semantic_exclusion
aiming2_subject3_f001800_002400,data/lafan1/aiming2_subject3.bvh,1800,2400,600,30.000300003000028,19.9998,15.552337318444282,0.7789228469134916,9.843967160679881,6.376251386575706,45,False,semantic_exclusion
aiming2_subject3_f002100_002700,data/lafan1/aiming2_subject3.bvh,2100,2700,600,30.000300003000028,19.9998,12.853524975899358,0.6437556016244315,8.857423181092273,4.4353974398831735,46,False,semantic_exclusion
aiming2_subject3_f002400_003000,data/lafan1/aiming2_subject3.bvh,2400,3000,600,30.000300003000028,19.9998,13.38255595186455,0.6702515748962773,11.789556649807897,7.708081333014788,38,False,semantic_exclusion
aiming2_subject3_f002700_003300,data/lafan1/aiming2_subject3.bvh,2700,3300,600,30.000300003000028,19.9998,12.005046187171063,0.6012604126293882,13.7244113297667,7.076572400813642,48,False,semantic_exclusion
aiming2_subject3_f003000_003600,data/lafan1/aiming2_subject3.bvh,3000,3600,600,30.000300003000028,19.9998,18.201933983351836,0.9116251755181243,15.391230459801736,9.820220256617723,31,False,semantic_exclusion
aiming2_subject3_f003300_003900,data/lafan1/aiming2_subject3.bvh,3300,3900,600,30.000300003000028,19.9998,15.373858271345009,0.7699839070850646,4.89022763127215,8.434896205315916,42,False,semantic_exclusion
aiming2_subject3_f003600_004200,data/lafan1/aiming2_subject3.bvh,3600,4200,600,30.000300003000028,19.9998,16.678358758978565,0.8353184746694827,4.384564388946666,8.984615706748748,39,False,semantic_exclusion
aiming2_subject3_f003900_004500,data/lafan1/aiming2_subject3.bvh,3900,4500,600,30.000300003000028,19.9998,23.757626298357792,1.1898763210515806,9.334021059790668,8.446117902021571,12,False,semantic_exclusion
aiming2_subject3_f004200_004800,data/lafan1/aiming2_subject3.bvh,4200,4800,600,30.000300003000028,19.9998,19.914033431399126,0.997373918550494,7.7559884862250685,10.45107981070938,28,False,semantic_exclusion
aiming2_subject3_f004500_005100,data/lafan1/aiming2_subject3.bvh,4500,5100,600,30.000300003000028,19.9998,12.709677658713321,0.6365511564320979,8.391584987223933,5.82047220892029,52,False,semantic_exclusion
aiming2_subject3_f004800_005400,data/lafan1/aiming2_subject3.bvh,4800,5400,600,30.000300003000028,19.9998,16.78499429916237,0.8406592062162209,26.12082469798452,6.204458316467356,40,False,semantic_exclusion
aiming2_subject3_f005100_005700,data/lafan1/aiming2_subject3.bvh,5100,5700,600,30.000300003000028,19.9998,27.63963460178993,1.3843027212470753,26.88832917881155,9.714758868194657,24,False,semantic_exclusion
aiming2_subject3_f005400_006000,data/lafan1/aiming2_subject3.bvh,5400,6000,600,30.000300003000028,19.9998,30.42928110000431,1.5240193019628514,10.868680286017337,9.656292468195435,15,False,semantic_exclusion
aiming2_subject3_f005700_006300,data/lafan1/aiming2_subject3.bvh,5700,6300,600,30.000300003000028,19.9998,22.60768429009781,1.1322826562204424,7.797583974302973,7.291761579589528,19,False,semantic_exclusion
aiming2_subject3_f006000_006600,data/lafan1/aiming2_subject3.bvh,6000,6600,600,30.000300003000028,19.9998,12.822240569326425,0.6421887542411195,5.798378728864284,7.494834771166514,41,False,semantic_exclusion
aiming2_subject3_f006300_006900,data/lafan1/aiming2_subject3.bvh,6300,6900,600,30.000300003000028,19.9998,14.68966968813269,0.7357170243555202,6.3834543167841185,10.028595943234142,35,False,semantic_exclusion
aiming2_subject3_f006600_007200,data/lafan1/aiming2_subject3.bvh,6600,7200,600,30.000300003000028,19.9998,21.33721050966524,1.068652281330755,9.208454118315762,9.574224398423649,30,False,semantic_exclusion
aiming2_subject3_f006900_007500,data/lafan1/aiming2_subject3.bvh,6900,7500,600,30.000300003000028,19.9998,20.31876962046033,1.017644715034479,10.937540916830299,9.22058380130349,25,False,semantic_exclusion
aiming2_subject3_f007200_007800,data/lafan1/aiming2_subject3.bvh,7200,7800,600,30.000300003000028,19.9998,13.002215089036696,0.6512025932798574,6.57611410308976,4.110629683276489,31,False,semantic_exclusion
aiming2_subject3_f007500_008100,data/lafan1/aiming2_subject3.bvh,7500,8100,600,30.000300003000028,19.9998,14.364467641206357,0.7194296137221651,6.505142893289199,9.03162242758534,40,False,semantic_exclusion
aiming2_subject3_f007800_008400,data/lafan1/aiming2_subject3.bvh,7800,8400,600,30.000300003000028,19.9998,20.59935039342289,1.031697314974296,7.405822187879675,10.421996993550522,45,False,semantic_exclusion
aiming2_subject3_f008100_008700,data/lafan1/aiming2_subject3.bvh,8100,8700,600,30.000300003000028,19.9998,20.567209628209522,1.0300875777477065,14.347845230087309,10.421996993550522,45,False,semantic_exclusion
aiming2_subject3_f008400_009000,data/lafan1/aiming2_subject3.bvh,8400,9000,600,30.000300003000028,19.9998,13.448234109404119,0.6735409979844765,18.033643308231426,7.808748432316148,44,False,semantic_exclusion
aiming2_subject3_f008572_009172,data/lafan1/aiming2_subject3.bvh,8572,9172,600,30.000300003000028,19.9998,5.898957117873906,0.29544321075300434,12.244809002997496,3.5557415856584385,41,False,semantic_exclusion
aiming2_subject5_f000000_000600,data/lafan1/aiming2_subject5.bvh,0,600,600,30.000300003000028,19.9998,17.60223233655936,0.8815897342559081,17.33428570833668,10.705077374460826,24,False,semantic_exclusion
aiming2_subject5_f000300_000900,data/lafan1/aiming2_subject5.bvh,300,900,600,30.000300003000028,19.9998,21.14889281300442,1.0592205828404402,22.60819678237813,9.142647161468147,8,False,semantic_exclusion
aiming2_subject5_f000600_001200,data/lafan1/aiming2_subject5.bvh,600,1200,600,30.000300003000028,19.9998,22.189932616623494,1.111359992562705,22.16609268716893,8.846286926226165,20,False,semantic_exclusion
aiming2_subject5_f000900_001500,data/lafan1/aiming2_subject5.bvh,900,1500,600,30.000300003000028,19.9998,19.469492153386703,0.9751095250545178,15.23631856857422,7.100760609917261,38,False,semantic_exclusion
aiming2_subject5_f001200_001800,data/lafan1/aiming2_subject5.bvh,1200,1800,600,30.000300003000028,19.9998,17.104726265588404,0.856672653483884,12.063717898656556,9.102702281385692,43,False,semantic_exclusion
aiming2_subject5_f001500_002100,data/lafan1/aiming2_subject5.bvh,1500,2100,600,30.000300003000028,19.9998,17.12520164701568,0.8576981419404683,15.227667753289992,8.339345440982353,48,False,semantic_exclusion
aiming2_subject5_f001800_002400,data/lafan1/aiming2_subject5.bvh,1800,2400,600,30.000300003000028,19.9998,23.13885594471633,1.1588858431847924,6.929541074701641,7.027713488634096,40,False,semantic_exclusion
aiming2_subject5_f002100_002700,data/lafan1/aiming2_subject5.bvh,2100,2700,600,30.000300003000028,19.9998,22.07304934562545,1.1055060139395443,7.10833967520675,8.927667370493339,30,False,semantic_exclusion
aiming2_subject5_f002400_003000,data/lafan1/aiming2_subject5.bvh,2400,3000,600,30.000300003000028,19.9998,14.521136172750854,0.7272761962720221,6.607940560530725,6.743469685427523,30,False,semantic_exclusion
aiming2_subject5_f002700_003300,data/lafan1/aiming2_subject5.bvh,2700,3300,600,30.000300003000028,19.9998,22.45289969077863,1.1245304284818456,6.954520234559318,10.636459178953698,23,False,semantic_exclusion
aiming2_subject5_f003000_003600,data/lafan1/aiming2_subject5.bvh,3000,3600,600,30.000300003000028,19.9998,22.693641797562087,1.136587749728687,11.881941321057466,10.25839422031158,28,False,semantic_exclusion
aiming2_subject5_f003300_003900,data/lafan1/aiming2_subject5.bvh,3300,3900,600,30.000300003000028,19.9998,19.67859989030779,0.9855824713660052,8.842454779479308,6.622011516954119,29,False,semantic_exclusion
aiming2_subject5_f003600_004200,data/lafan1/aiming2_subject5.bvh,3600,4200,600,30.000300003000028,19.9998,24.63408656700669,1.233772933739689,8.769919808092244,6.641392889087218,14,False,semantic_exclusion
aiming2_subject5_f003900_004500,data/lafan1/aiming2_subject5.bvh,3900,4500,600,30.000300003000028,19.9998,26.625604725195334,1.333516075988573,9.289952899418488,9.140095692260001,16,False,semantic_exclusion
aiming2_subject5_f004200_004800,data/lafan1/aiming2_subject5.bvh,4200,4800,600,30.000300003000028,19.9998,23.25736070247668,1.1648210323076527,9.25608534169604,8.850126438403903,24,False,semantic_exclusion
aiming2_subject5_f004500_005100,data/lafan1/aiming2_subject5.bvh,4500,5100,600,30.000300003000028,19.9998,23.196306167826727,1.1617631786247775,13.388420379779205,9.831821716229214,24,False,semantic_exclusion
aiming2_subject5_f004800_005400,data/lafan1/aiming2_subject5.bvh,4800,5400,600,30.000300003000028,19.9998,21.00216966659026,1.0518721046938477,8.048823660180116,9.978216425532729,32,False,semantic_exclusion
aiming2_subject5_f005100_005700,data/lafan1/aiming2_subject5.bvh,5100,5700,600,30.000300003000028,19.9998,19.292813421153248,0.9662607521477509,7.675179454594172,8.27594349324942,26,False,semantic_exclusion
aiming2_subject5_f005400_006000,data/lafan1/aiming2_subject5.bvh,5400,6000,600,30.000300003000028,19.9998,25.944302803052054,1.2993937687149184,12.740678380056293,8.089467812666445,12,False,semantic_exclusion
aiming2_subject5_f005700_006300,data/lafan1/aiming2_subject5.bvh,5700,6300,600,30.000300003000028,19.9998,23.689271086511898,1.1864528204469973,12.616254384094493,8.834729869028852,28,False,semantic_exclusion
aiming2_subject5_f006000_006600,data/lafan1/aiming2_subject5.bvh,6000,6600,600,30.000300003000028,19.9998,15.117967847388686,0.757167897925491,8.028079451852221,9.74569390730318,47,False,semantic_exclusion
aiming2_subject5_f006300_006900,data/lafan1/aiming2_subject5.bvh,6300,6900,600,30.000300003000028,19.9998,9.136043768198906,0.45756937209767284,13.435756264680823,2.0374972953076034,62,False,semantic_exclusion
aiming2_subject5_f006600_007200,data/lafan1/aiming2_subject5.bvh,6600,7200,600,30.000300003000028,19.9998,7.9179755744284925,0.39656367721082014,9.304657160596468,2.502175096814473,63,False,semantic_exclusion
aiming2_subject5_f006900_007500,data/lafan1/aiming2_subject5.bvh,6900,7500,600,30.000300003000028,19.9998,10.952528859082141,0.5485461628780967,7.362572295297492,3.132361386657621,42,False,semantic_exclusion
aiming2_subject5_f007200_007800,data/lafan1/aiming2_subject5.bvh,7200,7800,600,30.000300003000028,19.9998,17.037367941101635,0.8532990809591718,13.981523339469287,7.447514891389644,30,False,semantic_exclusion
aiming2_subject5_f007500_008100,data/lafan1/aiming2_subject5.bvh,7500,8100,600,30.000300003000028,19.9998,24.911884325580033,1.2476861492611602,10.23315227673256,10.04641032484927,23,False,semantic_exclusion
aiming2_subject5_f007800_008400,data/lafan1/aiming2_subject5.bvh,7800,8400,600,30.000300003000028,19.9998,34.604626952869786,1.7331372121502409,13.531829628751321,10.42212989952139,10,False,semantic_exclusion
aiming2_subject5_f008100_008700,data/lafan1/aiming2_subject5.bvh,8100,8700,600,30.000300003000028,19.9998,39.43975695720326,1.9752997341594414,13.726325719231635,10.054272375118282,6,False,semantic_exclusion
aiming2_subject5_f008400_009000,data/lafan1/aiming2_subject5.bvh,8400,9000,600,30.000300003000028,19.9998,30.501845916717105,1.5276536363051663,9.282652123310509,9.888386349023083,12,False,semantic_exclusion
aiming2_subject5_f008572_009172,data/lafan1/aiming2_subject5.bvh,8572,9172,600,30.000300003000028,19.9998,20.681349874507056,1.0358041747950228,10.51412568213524,11.067021050196423,26,False,semantic_exclusion
dance1_subject1_f000000_000600,data/lafan1/dance1_subject1.bvh,0,600,600,30.000300003000028,19.9998,7.388133346761947,0.3700270732304291,10.756858648760561,3.928807965022587,57,True,
dance1_subject1_f000300_000900,data/lafan1/dance1_subject1.bvh,300,900,600,30.000300003000028,19.9998,10.872315113266449,0.5445287397748659,20.911831196841405,2.7998912620901555,58,True,
dance1_subject1_f000600_001200,data/lafan1/dance1_subject1.bvh,600,1200,600,30.000300003000028,19.9998,18.098142723997412,0.906426896856485,20.481839013577705,4.8685627562274005,41,True,
dance1_subject1_f000900_001500,data/lafan1/dance1_subject1.bvh,900,1500,600,30.000300003000028,19.9998,17.715892708424676,0.8872822972849765,19.651452338700686,4.981908056005128,20,True,
dance1_subject1_f001200_001800,data/lafan1/dance1_subject1.bvh,1200,1800,600,30.000300003000028,19.9998,14.01151707075168,0.7017524467774734,15.104005839629389,3.8109012903788537,10,True,
dance1_subject1_f001500_002100,data/lafan1/dance1_subject1.bvh,1500,2100,600,30.000300003000028,19.9998,17.222682724084407,0.8625803816010317,15.271143002419118,4.257898490207007,20,True,
dance1_subject1_f001800_002400,data/lafan1/dance1_subject1.bvh,1800,2400,600,30.000300003000028,19.9998,16.389108199797533,0.8208316573882366,27.85773976825713,4.739841608487376,14,True,
dance1_subject1_f002100_002700,data/lafan1/dance1_subject1.bvh,2100,2700,600,30.000300003000028,19.9998,16.45625473304105,0.8241946225659776,22.669738615383686,4.440434184059733,14,True,
dance1_subject1_f002400_003000,data/lafan1/dance1_subject1.bvh,2400,3000,600,30.000300003000028,19.9998,16.590705122695248,0.8309284322907626,16.168501869043965,4.717021679798011,18,True,
dance1_subject1_f002700_003300,data/lafan1/dance1_subject1.bvh,2700,3300,600,30.000300003000028,19.9998,19.216900363543274,0.9624587245977605,17.80697146677783,5.757573678102882,18,True,
dance1_subject1_f003000_003600,data/lafan1/dance1_subject1.bvh,3000,3600,600,30.000300003000028,19.9998,26.162707732182064,1.3103323553527053,21.444216784994016,7.0184472219484375,14,True,
dance1_subject1_f003300_003900,data/lafan1/dance1_subject1.bvh,3300,3900,600,30.000300003000028,19.9998,23.11125491653086,1.1575034740262693,16.85245990519257,7.0184472219484375,16,True,
dance1_subject1_f003345_003945,data/lafan1/dance1_subject1.bvh,3345,3945,600,30.000300003000028,19.9998,22.574676123191225,1.130629476070615,16.85245990519257,7.0184472219484375,19,True,
dance1_subject2_f000000_000600,data/lafan1/dance1_subject2.bvh,0,600,600,30.000300003000028,19.9998,4.4659499330350405,0.22367251717767797,16.015646889472606,1.3449380994919717,30,True,
dance1_subject2_f000300_000900,data/lafan1/dance1_subject2.bvh,300,900,600,30.000300003000028,19.9998,8.186384367988115,0.41000665605928754,19.0623657060003,3.425679471230027,20,True,
dance1_subject2_f000600_001200,data/lafan1/dance1_subject2.bvh,600,1200,600,30.000300003000028,19.9998,8.989461959003824,0.4502279726805861,17.920938209912237,3.016226225788645,6,True,
dance1_subject2_f000900_001500,data/lafan1/dance1_subject2.bvh,900,1500,600,30.000300003000028,19.9998,10.828860500672796,0.5423523601182321,12.460435610446838,3.674401115722983,8,True,
dance1_subject2_f001200_001800,data/lafan1/dance1_subject2.bvh,1200,1800,600,30.000300003000028,19.9998,9.755686093518651,0.48860352177070937,20.717652128835333,2.684386245856019,12,True,
dance1_subject2_f001500_002100,data/lafan1/dance1_subject2.bvh,1500,2100,600,30.000300003000028,19.9998,10.242043294229259,0.5129622228223579,15.967053080240632,2.9236054026473,10,True,
dance1_subject2_f001800_002400,data/lafan1/dance1_subject2.bvh,1800,2400,600,30.000300003000028,19.9998,14.656397724916129,0.7340506322383489,14.318010495359825,3.56443938292285,2,True,
dance1_subject2_f002100_002700,data/lafan1/dance1_subject2.bvh,2100,2700,600,30.000300003000028,19.9998,13.432427091603671,0.6727493197271041,15.579783335252497,2.909771616901751,2,True,
dance1_subject2_f002400_003000,data/lafan1/dance1_subject2.bvh,2400,3000,600,30.000300003000028,19.9998,9.910065952999252,0.49633547853003995,17.265973590102675,2.403914797416907,15,True,
dance1_subject2_f002700_003300,data/lafan1/dance1_subject2.bvh,2700,3300,600,30.000300003000028,19.9998,10.823180074368626,0.5420678617989164,20.133004007415995,3.4756890152634687,18,True,
dance1_subject2_f003000_003600,data/lafan1/dance1_subject2.bvh,3000,3600,600,30.000300003000028,19.9998,13.246332463563434,0.6634289613462128,19.096565014858616,4.274391972324233,3,True,
dance1_subject2_f003300_003900,data/lafan1/dance1_subject2.bvh,3300,3900,600,30.000300003000028,19.9998,13.104297854962564,0.6563153038022482,14.713491524935034,6.00411927012695,19,True,
dance1_subject2_f003345_003945,data/lafan1/dance1_subject2.bvh,3345,3945,600,30.000300003000028,19.9998,12.42538580042898,0.6223126905941337,11.124498538262712,6.333967195173767,26,True,
dance1_subject3_f000000_000600,data/lafan1/dance1_subject3.bvh,0,600,600,30.000300003000028,19.9998,2.1836278391561907,0.10936475837994726,3.9069384615946916,0.9071058141243127,48,True,
dance1_subject3_f000300_000900,data/lafan1/dance1_subject3.bvh,300,900,600,30.000300003000028,19.9998,4.210093254434893,0.21085819811962192,1.7999051317392567,0.8926169141579536,78,True,
dance1_subject3_f000600_001200,data/lafan1/dance1_subject3.bvh,600,1200,600,30.000300003000028,19.9998,5.1496037301439745,0.25791261569430257,3.3568935042981285,0.8780589619180083,61,True,
dance1_subject3_f000900_001500,data/lafan1/dance1_subject3.bvh,900,1500,600,30.000300003000028,19.9998,7.360616887527064,0.3686489396209686,10.91142661284617,1.914400057623231,20,True,
dance1_subject3_f001200_001800,data/lafan1/dance1_subject3.bvh,1200,1800,600,30.000300003000028,19.9998,10.040109072097449,0.5028485546339996,8.681184204267375,3.4663177782398416,12,True,
dance1_subject3_f001500_002100,data/lafan1/dance1_subject3.bvh,1500,2100,600,30.000300003000028,19.9998,12.17508285473772,0.6097765245467673,12.182931566948273,3.3709450581866944,8,True,
dance1_subject3_f001800_002400,data/lafan1/dance1_subject3.bvh,1800,2400,600,30.000300003000028,19.9998,14.689953669681708,0.7357312472798372,14.721849959346166,5.932998222366921,2,True,
dance1_subject3_f002100_002700,data/lafan1/dance1_subject3.bvh,2100,2700,600,30.000300003000028,19.9998,15.222963179161656,0.7624264813179846,8.332972545141546,6.559642973566297,8,True,
dance1_subject3_f002400_003000,data/lafan1/dance1_subject3.bvh,2400,3000,600,30.000300003000028,19.9998,13.551378197977973,0.6787068637620253,5.077824463099915,5.916012627154002,18,True,
dance1_subject3_f002700_003300,data/lafan1/dance1_subject3.bvh,2700,3300,600,30.000300003000028,19.9998,13.573469019148423,0.6798132598595646,10.57778023166719,4.943348000221773,16,True,
dance1_subject3_f003000_003600,data/lafan1/dance1_subject3.bvh,3000,3600,600,30.000300003000028,19.9998,14.24426714779267,0.7134094954201297,11.168582702410104,5.784418028287743,6,True,
dance1_subject3_f003300_003900,data/lafan1/dance1_subject3.bvh,3300,3900,600,30.000300003000028,19.9998,16.243232228521492,0.8135256091386369,9.88693194239137,6.6838530876936755,8,True,
dance1_subject3_f003345_003945,data/lafan1/dance1_subject3.bvh,3345,3945,600,30.000300003000028,19.9998,15.42454179445028,0.7725223393027058,9.88693194239137,6.688557329693998,18,True,
dance2_subject1_f000000_000600,data/lafan1/dance2_subject1.bvh,0,600,600,30.000300003000028,19.9998,3.042218325941165,0.15236638139041647,4.759566955006175,1.4249962867665504,38,True,
dance2_subject1_f000300_000900,data/lafan1/dance2_subject1.bvh,300,900,600,30.000300003000028,19.9998,7.562175554314907,0.37874379850550954,17.268889571799637,6.830472635805656,38,True,
dance2_subject1_f000600_001200,data/lafan1/dance2_subject1.bvh,600,1200,600,30.000300003000028,19.9998,14.734399237435435,0.7379572579082435,26.59371543524473,6.821221272704137,38,True,
dance2_subject1_f000900_001500,data/lafan1/dance2_subject1.bvh,900,1500,600,30.000300003000028,19.9998,13.84559499609429,0.693442410021477,14.111513543339228,5.96768149433981,17,True,
dance2_subject1_f001200_001800,data/lafan1/dance2_subject1.bvh,1200,1800,600,30.000300003000028,19.9998,9.470459015350404,0.47431821640505567,26.409002695566514,2.4809784667692982,4,True,
dance2_subject1_f001500_002100,data/lafan1/dance2_subject1.bvh,1500,2100,600,30.000300003000028,19.9998,6.454162616556557,0.32325010812161,20.341530316974527,1.8342727206452563,18,True,
dance2_subject1_f001800_002400,data/lafan1/dance2_subject1.bvh,1800,2400,600,30.000300003000028,19.9998,8.572000863792372,0.4293198623368056,14.601285955176866,2.886138453870479,32,True,
dance2_subject1_f002100_002700,data/lafan1/dance2_subject1.bvh,2100,2700,600,30.000300003000028,19.9998,13.102442482634961,0.6562223793841424,19.53439252169856,4.175232760115538,30,True,
dance2_subject1_f002400_003000,data/lafan1/dance2_subject1.bvh,2400,3000,600,30.000300003000028,19.9998,16.227137103813774,0.8127195013426147,25.347308260853005,3.891085248290644,14,True,
dance2_subject1_f002700_003300,data/lafan1/dance2_subject1.bvh,2700,3300,600,30.000300003000028,19.9998,17.503380996426362,0.8766388663766285,25.34730826085301,4.783931345203463,10,True,
dance2_subject1_f003000_003600,data/lafan1/dance2_subject1.bvh,3000,3600,600,30.000300003000028,19.9998,16.441721143929286,0.8234667226770408,14.976175188723895,3.5070668562457428,16,True,
dance2_subject1_f003300_003900,data/lafan1/dance2_subject1.bvh,3300,3900,600,30.000300003000028,19.9998,14.834819267662752,0.7429866920203134,17.20048102312076,2.3112123446984634,8,True,
dance2_subject1_f003600_004200,data/lafan1/dance2_subject1.bvh,3600,4200,600,30.000300003000028,19.9998,12.257414795984305,0.6139000352933899,37.45390522348201,3.2312762530012265,0,False,stance_swing
dance2_subject1_f003900_004500,data/lafan1/dance2_subject1.bvh,3900,4500,600,30.000300003000028,19.9998,13.12552642068971,0.6573785147211928,21.534785692271004,5.984696521232106,6,True,
dance2_subject1_f004200_004800,data/lafan1/dance2_subject1.bvh,4200,4800,600,30.000300003000028,19.9998,17.987457156237028,0.9008833238367623,19.633659122592142,5.197022897767229,8,True,
dance2_subject1_f004500_005100,data/lafan1/dance2_subject1.bvh,4500,5100,600,30.000300003000028,19.9998,22.193399723539706,1.1115336390529031,13.381031953253101,6.67228845952906,2,True,
dance2_subject1_f004800_005400,data/lafan1/dance2_subject1.bvh,4800,5400,600,30.000300003000028,19.9998,25.096308223705392,1.2569228308496136,15.651744119649816,7.31049847713628,0,False,stance_swing
dance2_subject1_f005100_005700,data/lafan1/dance2_subject1.bvh,5100,5700,600,30.000300003000028,19.9998,22.35155789882731,1.1194548288802073,21.580206600896478,5.7507030023352605,4,True,
dance2_subject1_f005400_006000,data/lafan1/dance2_subject1.bvh,5400,6000,600,30.000300003000028,19.9998,19.83991550373606,0.9936617982408232,13.221847548499436,5.04784625963587,12,True,
dance2_subject1_f005700_006300,data/lafan1/dance2_subject1.bvh,5700,6300,600,30.000300003000028,19.9998,19.841315373907968,0.9937319093011282,18.666722614397962,4.580004844912062,9,True,
dance2_subject1_f006000_006600,data/lafan1/dance2_subject1.bvh,6000,6600,600,30.000300003000028,19.9998,16.93085360739643,0.847964419914471,9.495141392326522,5.836677946882343,18,True,
dance2_subject1_f006171_006771,data/lafan1/dance2_subject1.bvh,6171,6771,600,30.000300003000028,19.9998,13.627467188443497,0.6825177027284545,8.912625551212448,5.900678735437412,27,True,
dance2_subject2_f000000_000600,data/lafan1/dance2_subject2.bvh,0,600,600,30.000300003000028,19.9998,4.978766950824969,0.24935643100128674,6.9178397881365985,2.3703990884141044,33,True,
dance2_subject2_f000300_000900,data/lafan1/dance2_subject2.bvh,300,900,600,30.000300003000028,19.9998,10.257387700071401,0.5137307316347655,12.913842537350853,4.067311048686692,54,True,
dance2_subject2_f000600_001200,data/lafan1/dance2_subject2.bvh,600,1200,600,30.000300003000028,19.9998,9.287072176077963,0.4651334748444962,30.119576808391017,3.9994705697932367,53,True,
dance2_subject2_f000900_001500,data/lafan1/dance2_subject2.bvh,900,1500,600,30.000300003000028,19.9998,9.906531197735173,0.4961584439417936,30.996356856336032,2.791125206229543,26,True,
dance2_subject2_f001200_001800,data/lafan1/dance2_subject2.bvh,1200,1800,600,30.000300003000028,19.9998,13.974457130908181,0.6998963377400809,15.094260946021155,2.7946912812085225,0,False,stance_swing
dance2_subject2_f001500_002100,data/lafan1/dance2_subject2.bvh,1500,2100,600,30.000300003000028,19.9998,14.532981222519913,0.7278694434283197,15.094260946021155,4.611763923410384,0,False,stance_swing
dance2_subject2_f001800_002400,data/lafan1/dance2_subject2.bvh,1800,2400,600,30.000300003000028,19.9998,12.542421029007729,0.6281742798567082,17.200366497885415,5.116297816637513,10,True,
dance2_subject2_f002100_002700,data/lafan1/dance2_subject2.bvh,2100,2700,600,30.000300003000028,19.9998,11.932632560428807,0.5976336504815202,15.709470230362903,4.257716580524952,12,True,
dance2_subject2_f002400_003000,data/lafan1/dance2_subject2.bvh,2400,3000,600,30.000300003000028,19.9998,13.148455865145941,0.6585269124049808,23.48114537507571,5.29092129960365,4,True,
dance2_subject2_f002700_003300,data/lafan1/dance2_subject2.bvh,2700,3300,600,30.000300003000028,19.9998,11.715074447621031,0.586737475769801,23.821632939660386,5.143734876477724,8,True,
dance2_subject2_f003000_003600,data/lafan1/dance2_subject2.bvh,3000,3600,600,30.000300003000028,19.9998,11.878124003449418,0.5949036453694796,28.575999997352817,4.728795907658865,10,True,
dance2_subject2_f003300_003900,data/lafan1/dance2_subject2.bvh,3300,3900,600,30.000300003000028,19.9998,14.226655281832041,0.7125274231957031,27.437527532123923,4.263517335154358,6,True,
dance2_subject2_f003600_004200,data/lafan1/dance2_subject2.bvh,3600,4200,600,30.000300003000028,19.9998,15.284034997467387,0.765485200635014,21.978991065396038,4.84788743911331,2,True,
dance2_subject2_f003900_004500,data/lafan1/dance2_subject2.bvh,3900,4500,600,30.000300003000028,19.9998,15.8284426815632,0.7927513005462208,19.065787114712748,4.840073820644158,2,True,
dance2_subject2_f004200_004800,data/lafan1/dance2_subject2.bvh,4200,4800,600,30.000300003000028,19.9998,14.937475714214736,0.7481281347478618,16.083851356028283,4.68631809287608,2,True,
dance2_subject2_f004500_005100,data/lafan1/dance2_subject2.bvh,4500,5100,600,30.000300003000028,19.9998,12.232816991987658,0.6126680795349352,11.50359541767175,3.696595625169912,8,True,
dance2_subject2_f004800_005400,data/lafan1/dance2_subject2.bvh,4800,5400,600,30.000300003000028,19.9998,12.973452895327,0.6497620683382292,18.03027585184396,5.761127278090615,16,True,
dance2_subject2_f005100_005700,data/lafan1/dance2_subject2.bvh,5100,5700,600,30.000300003000028,19.9998,14.517179982437488,0.7270780545420222,21.00472486254844,3.5226377715950155,10,True,
dance2_subject2_f005400_006000,data/lafan1/dance2_subject2.bvh,5400,6000,600,30.000300003000028,19.9998,13.200470944821685,0.6611320342663368,12.599613233044096,4.484031589281014,15,True,
dance2_subject2_f005700_006300,data/lafan1/dance2_subject2.bvh,5700,6300,600,30.000300003000028,19.9998,11.655367992971668,0.5837471392896735,16.43424203457652,3.7824348110854187,24,True,
dance2_subject2_f006000_006600,data/lafan1/dance2_subject2.bvh,6000,6600,600,30.000300003000028,19.9998,9.965085828941916,0.4990910925273819,25.370308413776414,3.2711915872995023,30,True,
dance2_subject2_f006171_006771,data/lafan1/dance2_subject2.bvh,6171,6771,600,30.000300003000028,19.9998,9.88972349371139,0.495316647342336,18.641818905199777,4.7173520727577785,33,True,
dance2_subject3_f000000_000600,data/lafan1/dance2_subject3.bvh,0,600,600,30.000300003000028,19.9998,3.2242390924402518,0.16148270459867795,7.481729386443719,1.4142847251683448,34,True,
dance2_subject3_f000300_000900,data/lafan1/dance2_subject3.bvh,300,900,600,30.000300003000028,19.9998,5.257199056252964,0.2633014171336854,8.049741742115994,1.1700726050073027,52,True,
dance2_subject3_f000600_001200,data/lafan1/dance2_subject3.bvh,600,1200,600,30.000300003000028,19.9998,5.564448231515476,0.2786896766220822,2.8609251997513407,0.8656065118596432,46,True,
dance2_subject3_f000900_001500,data/lafan1/dance2_subject3.bvh,900,1500,600,30.000300003000028,19.9998,5.516105385963568,0.276268474836513,5.651437123711503,1.2950673884943216,24,True,
dance2_subject3_f001200_001800,data/lafan1/dance2_subject3.bvh,1200,1800,600,30.000300003000028,19.9998,6.655602127981661,0.3333389992321456,13.319990916148987,1.8881469426253013,10,True,
dance2_subject3_f001500_002100,data/lafan1/dance2_subject3.bvh,1500,2100,600,30.000300003000028,19.9998,10.277670516832302,0.5147465756877418,10.755214593953113,4.66447167092897,12,True,
dance2_subject3_f001800_002400,data/lafan1/dance2_subject3.bvh,1800,2400,600,30.000300003000028,19.9998,12.077763493389915,0.6049023842520519,10.367133528752708,4.583590643986261,16,True,
dance2_subject3_f002100_002700,data/lafan1/dance2_subject3.bvh,2100,2700,600,30.000300003000028,19.9998,10.325575194736173,0.5171458322965286,7.160564484621178,4.603899353221472,14,True,
dance2_subject3_f002400_003000,data/lafan1/dance2_subject3.bvh,2400,3000,600,30.000300003000028,19.9998,7.6709146742668075,0.38418988568517437,3.808949367764576,2.2689467787032203,28,True,
dance2_subject3_f002700_003300,data/lafan1/dance2_subject3.bvh,2700,3300,600,30.000300003000028,19.9998,6.265567068529963,0.313804493730912,4.772783338286755,2.3322195304116207,34,True,
dance2_subject3_f003000_003600,data/lafan1/dance2_subject3.bvh,3000,3600,600,30.000300003000028,19.9998,6.739021624725962,0.33751697907927136,6.9612361865986765,2.351134266170961,14,True,
dance2_subject3_f003300_003900,data/lafan1/dance2_subject3.bvh,3300,3900,600,30.000300003000028,19.9998,8.878065646732525,0.44464880275175994,6.402119266439294,2.045760568552195,12,True,
dance2_subject3_f003600_004200,data/lafan1/dance2_subject3.bvh,3600,4200,600,30.000300003000028,19.9998,13.243601913609227,0.6632922045552289,21.278407772502675,2.894612720494467,10,True,
dance2_subject3_f003900_004500,data/lafan1/dance2_subject3.bvh,3900,4500,600,30.000300003000028,19.9998,11.448011044987055,0.5733618794445233,26.817023334823944,2.713641741510926,14,True,
dance2_subject3_f004200_004800,data/lafan1/dance2_subject3.bvh,4200,4800,600,30.000300003000028,19.9998,9.090641162968442,0.4552954292298403,13.260095115430595,5.0192065716750855,22,True,
dance2_subject3_f004500_005100,data/lafan1/dance2_subject3.bvh,4500,5100,600,30.000300003000028,19.9998,8.784957434161447,0.43998557351991446,9.419404913144431,5.41236016649397,34,True,
dance2_subject3_f004800_005400,data/lafan1/dance2_subject3.bvh,4800,5400,600,30.000300003000028,19.9998,6.374424320700836,0.31925649744147705,15.737470879500536,2.311976967246988,44,True,
dance2_subject3_f005100_005700,data/lafan1/dance2_subject3.bvh,5100,5700,600,30.000300003000028,19.9998,6.3897113992962336,0.32002213507758953,10.272111270699142,2.6012918385850656,28,True,
dance2_subject3_f005400_006000,data/lafan1/dance2_subject3.bvh,5400,6000,600,30.000300003000028,19.9998,8.185600950515822,0.4099674193995273,14.827083532363996,3.095668647437114,8,True,
dance2_subject3_f005700_006300,data/lafan1/dance2_subject3.bvh,5700,6300,600,30.000300003000028,19.9998,9.514272299803856,0.47651255977353707,41.73370629308949,2.7843794312071832,6,True,
dance2_subject3_f006000_006600,data/lafan1/dance2_subject3.bvh,6000,6600,600,30.000300003000028,19.9998,12.629269454835196,0.6325239940964617,28.393076350598122,7.076698760637829,16,True,
dance2_subject3_f006171_006771,data/lafan1/dance2_subject3.bvh,6171,6771,600,30.000300003000028,19.9998,12.379848786848543,0.6200320160220906,17.88045593416448,7.098401296381899,28,True,
dance2_subject4_f000000_000600,data/lafan1/dance2_subject4.bvh,0,600,600,30.000300003000028,19.9998,6.858625541854384,0.3435072184705678,8.660130025139765,2.1839712223222576,14,True,
dance2_subject4_f000300_000900,data/lafan1/dance2_subject4.bvh,300,900,600,30.000300003000028,19.9998,14.703292913528866,0.736399329612438,8.983295375360875,3.069747906979863,8,True,
dance2_subject4_f000600_001200,data/lafan1/dance2_subject4.bvh,600,1200,600,30.000300003000028,19.9998,14.222774967035207,0.7123330816130469,15.060281812638024,2.9132711467754735,6,True,
dance2_subject4_f000900_001500,data/lafan1/dance2_subject4.bvh,900,1500,600,30.000300003000028,19.9998,10.922473373653407,0.5470408647485511,9.62740453040935,1.8419337150081758,6,True,
dance2_subject4_f001200_001800,data/lafan1/dance2_subject4.bvh,1200,1800,600,30.000300003000028,19.9998,9.614147376035932,0.4815147004242629,9.69861461328567,2.8424359185550436,0,False,stance_swing
dance2_subject4_f001500_002100,data/lafan1/dance2_subject4.bvh,1500,2100,600,30.000300003000028,19.9998,9.133939047019583,0.45746395929833666,10.04241315035128,2.2349785602802656,6,True,
dance2_subject4_f001800_002400,data/lafan1/dance2_subject4.bvh,1800,2400,600,30.000300003000028,19.9998,7.424628041717925,0.3718548725579706,6.695807167074966,2.174291223124107,6,True,
dance2_subject4_f002100_002700,data/lafan1/dance2_subject4.bvh,2100,2700,600,30.000300003000028,19.9998,7.718969134137011,0.3865966439699628,19.628688361040822,2.1237028868325143,4,True,
dance2_subject4_f002400_003000,data/lafan1/dance2_subject4.bvh,2400,3000,600,30.000300003000028,19.9998,6.699043731681677,0.33551472735169807,19.39465587470466,2.0351951985853827,44,True,
dance2_subject4_f002700_003300,data/lafan1/dance2_subject4.bvh,2700,3300,600,30.000300003000028,19.9998,4.222750093783856,0.21149210292355958,10.362631112930256,1.1382306696276705,48,True,
dance2_subject4_f003000_003600,data/lafan1/dance2_subject4.bvh,3000,3600,600,30.000300003000028,19.9998,4.6995973556087405,0.23537450845002977,12.714669064029733,1.3143921127227756,8,True,
dance2_subject4_f003300_003900,data/lafan1/dance2_subject4.bvh,3300,3900,600,30.000300003000028,19.9998,7.986588143296184,0.4000000672776102,29.34026109446772,2.187814249285619,0,False,stance_swing
dance2_subject4_f003600_004200,data/lafan1/dance2_subject4.bvh,3600,4200,600,30.000300003000028,19.9998,10.65202109579851,0.5334955400872127,20.162715671472228,2.212255458309274,0,False,stance_swing
dance2_subject4_f003900_004500,data/lafan1/dance2_subject4.bvh,3900,4500,600,30.000300003000028,19.9998,9.413216209743176,0.47145126925775976,14.559223550763063,2.503444483129144,4,True,
dance2_subject4_f004200_004800,data/lafan1/dance2_subject4.bvh,4200,4800,600,30.000300003000028,19.9998,9.079347128705837,0.4547297791194525,13.797400960864653,1.5033572119610947,6,True,
dance2_subject4_f004500_005100,data/lafan1/dance2_subject4.bvh,4500,5100,600,30.000300003000028,19.9998,10.223358892585642,0.512026433749428,9.991591352042597,2.1756058651257515,8,True,
dance2_subject4_f004800_005400,data/lafan1/dance2_subject4.bvh,4800,5400,600,30.000300003000028,19.9998,8.948677918878936,0.448185345904157,10.01511772764637,2.856298397972319,14,True,
dance2_subject4_f005100_005700,data/lafan1/dance2_subject4.bvh,5100,5700,600,30.000300003000028,19.9998,7.732201984773744,0.38725939770785406,17.0423566340833,1.846701680904781,8,True,
dance2_subject4_f005400_006000,data/lafan1/dance2_subject4.bvh,5400,6000,600,30.000300003000028,19.9998,10.35700643025302,0.5187200334567462,11.477171872661712,1.857086891495248,0,False,stance_swing
dance2_subject4_f005700_006300,data/lafan1/dance2_subject4.bvh,5700,6300,600,30.000300003000028,19.9998,9.74972073225338,0.4883047527764115,11.153903620622621,2.7906580833966546,0,False,stance_swing
dance2_subject4_f006000_006600,data/lafan1/dance2_subject4.bvh,6000,6600,600,30.000300003000028,19.9998,6.450413234880539,0.3230623241898799,11.153903620622621,2.36685593999335,8,True,
dance2_subject4_f006171_006771,data/lafan1/dance2_subject4.bvh,6171,6771,600,30.000300003000028,19.9998,4.584256564647335,0.22959778335583028,8.897817936525058,1.8485219407625464,10,True,
dance2_subject5_f000000_000600,data/lafan1/dance2_subject5.bvh,0,600,600,30.000300003000028,19.9998,5.012871687485822,0.25106453172140175,5.182749679471126,1.2345337653693738,37,True,
dance2_subject5_f000300_000900,data/lafan1/dance2_subject5.bvh,300,900,600,30.000300003000028,19.9998,7.853925592784514,0.3933557996406933,5.8352806433322275,1.43653693172539,55,True,
dance2_subject5_f000600_001200,data/lafan1/dance2_subject5.bvh,600,1200,600,30.000300003000028,19.9998,8.223359960323997,0.41185854063836114,10.959871420484507,1.5286699204044791,52,True,
dance2_subject5_f000900_001500,data/lafan1/dance2_subject5.bvh,900,1500,600,30.000300003000028,19.9998,11.416963055845024,0.571806872785507,23.021347786463135,2.1665359410975897,26,True,
dance2_subject5_f001200_001800,data/lafan1/dance2_subject5.bvh,1200,1800,600,30.000300003000028,19.9998,15.990484387847214,0.8008669930362349,25.198286020216898,2.802451688467853,0,False,stance_swing
dance2_subject5_f001500_002100,data/lafan1/dance2_subject5.bvh,1500,2100,600,30.000300003000028,19.9998,16.191366463325814,0.8109279655397128,18.64622187436236,3.2302835510713397,6,True,
dance2_subject5_f001800_002400,data/lafan1/dance2_subject5.bvh,1800,2400,600,30.000300003000028,19.9998,13.51850889506975,0.6770606384729833,19.486607871619846,3.148872728789307,22,True,
dance2_subject5_f002100_002700,data/lafan1/dance2_subject5.bvh,2100,2700,600,30.000300003000028,19.9998,13.056477650904075,0.6539202779792777,10.956899043253744,1.8408034315219146,20,True,
dance2_subject5_f002400_003000,data/lafan1/dance2_subject5.bvh,2400,3000,600,30.000300003000028,19.9998,14.168268561981417,0.7096031842779905,19.331384124552777,1.9375988286004882,6,True,
dance2_subject5_f002700_003300,data/lafan1/dance2_subject5.bvh,2700,3300,600,30.000300003000028,19.9998,13.967034025056885,0.6995245591048673,12.949654974708464,2.292349812847375,6,True,
dance2_subject5_f003000_003600,data/lafan1/dance2_subject5.bvh,3000,3600,600,30.000300003000028,19.9998,14.71704890503311,0.7370882843235665,12.227722609992664,3.027921657832441,8,True,
dance2_subject5_f003300_003900,data/lafan1/dance2_subject5.bvh,3300,3900,600,30.000300003000028,19.9998,14.644424030967821,0.7334509420704134,26.88851835928413,3.027921657832441,4,True,
dance2_subject5_f003600_004200,data/lafan1/dance2_subject5.bvh,3600,4200,600,30.000300003000028,19.9998,14.544309223102022,0.7284367947069464,20.17172324860683,2.681487566304267,0,False,stance_swing
dance2_subject5_f003900_004500,data/lafan1/dance2_subject5.bvh,3900,4500,600,30.000300003000028,19.9998,18.852400139742876,0.9442031051233488,20.17771194111895,2.841254965387713,2,True,
dance2_subject5_f004200_004800,data/lafan1/dance2_subject5.bvh,4200,4800,600,30.000300003000028,19.9998,22.510783813976836,1.127429495362241,20.254409563495873,3.5045102407986346,2,True,
dance2_subject5_f004500_005100,data/lafan1/dance2_subject5.bvh,4500,5100,600,30.000300003000028,19.9998,17.95627509168773,0.8993216021486289,15.436329294021448,3.868849210453672,22,True,
dance2_subject5_f004800_005400,data/lafan1/dance2_subject5.bvh,4800,5400,600,30.000300003000028,19.9998,12.838099307672858,0.642983022868936,19.17437800499733,3.4506479566607666,32,True,
dance2_subject5_f005100_005700,data/lafan1/dance2_subject5.bvh,5100,5700,600,30.000300003000028,19.9998,15.985201937839376,0.8006024269511164,25.76140451129642,5.9485152813356175,10,True,
dance2_subject5_f005400_006000,data/lafan1/dance2_subject5.bvh,5400,6000,600,30.000300003000028,19.9998,16.783014046166972,0.8405600272780843,12.330644018497727,5.715106828560098,0,False,stance_swing
dance2_subject5_f005700_006300,data/lafan1/dance2_subject5.bvh,5700,6300,600,30.000300003000028,19.9998,15.80710471236219,0.7916826102666129,13.857615253106868,5.3438659033006655,4,True,
dance2_subject5_f006000_006600,data/lafan1/dance2_subject5.bvh,6000,6600,600,30.000300003000028,19.9998,14.565916245436915,0.7295189602365263,21.77269106594224,6.174344786446213,29,True,
dance2_subject5_f006171_006771,data/lafan1/dance2_subject5.bvh,6171,6771,600,30.000300003000028,19.9998,10.90798048475453,0.5463150032879892,18.216447636694028,6.504302898659319,42,True,
fallAndGetUp1_subject1_f000000_000600,data/lafan1/fallAndGetUp1_subject1.bvh,0,600,600,30.000300003000028,19.9998,13.300723669644736,0.6661530890590075,8.984581082415808,5.653409680981792,20,False,semantic_exclusion
fallAndGetUp1_subject1_f000300_000900,data/lafan1/fallAndGetUp1_subject1.bvh,300,900,600,30.000300003000028,19.9998,14.111381868791653,0.7067540726555005,9.489325445657844,4.288854723183457,22,False,semantic_exclusion
fallAndGetUp1_subject1_f000600_001200,data/lafan1/fallAndGetUp1_subject1.bvh,600,1200,600,30.000300003000028,19.9998,12.011741126827523,0.6015957218083461,7.172502041416154,2.4821944462294505,19,False,semantic_exclusion
fallAndGetUp1_subject1_f000900_001500,data/lafan1/fallAndGetUp1_subject1.bvh,900,1500,600,30.000300003000028,19.9998,12.769567261950764,0.6395506657212197,7.675420901227566,5.3165872862379455,38,False,semantic_exclusion
fallAndGetUp1_subject1_f001200_001800,data/lafan1/fallAndGetUp1_subject1.bvh,1200,1800,600,30.000300003000028,19.9998,13.650659130736749,0.6836792473469016,22.3615788821107,8.497421572769229,30,False,semantic_exclusion
fallAndGetUp1_subject1_f001500_002100,data/lafan1/fallAndGetUp1_subject1.bvh,1500,2100,600,30.000300003000028,19.9998,10.59974439949325,0.5308773154255708,16.98495886719545,5.006310434557411,26,False,semantic_exclusion
fallAndGetUp1_subject1_f001800_002400,data/lafan1/fallAndGetUp1_subject1.bvh,1800,2400,600,30.000300003000028,19.9998,7.201714525325274,0.3606904779561288,4.443784341956168,3.2135192050936947,24,False,semantic_exclusion
fallAndGetUp1_subject1_f002100_002700,data/lafan1/fallAndGetUp1_subject1.bvh,2100,2700,600,30.000300003000028,19.9998,7.532457769612209,0.3772554137701081,7.06036051663523,2.7481607847990626,38,False,semantic_exclusion
fallAndGetUp1_subject1_f002400_003000,data/lafan1/fallAndGetUp1_subject1.bvh,2400,3000,600,30.000300003000028,19.9998,12.996424288646505,0.6509125669877652,14.699678060188045,4.505066495367386,32,False,semantic_exclusion
fallAndGetUp1_subject1_f002700_003300,data/lafan1/fallAndGetUp1_subject1.bvh,2700,3300,600,30.000300003000028,19.9998,18.87544267417619,0.9453571668025287,11.013993840839856,7.20524475765014,18,False,semantic_exclusion
fallAndGetUp1_subject1_f003000_003600,data/lafan1/fallAndGetUp1_subject1.bvh,3000,3600,600,30.000300003000028,19.9998,23.529820757266407,1.1784669144153748,10.600776617147506,9.152477555819312,16,False,semantic_exclusion
fallAndGetUp1_subject1_f003300_003900,data/lafan1/fallAndGetUp1_subject1.bvh,3300,3900,600,30.000300003000028,19.9998,20.781221600043036,1.040806147629575,6.598601478115976,7.398795423280459,28,False,semantic_exclusion
fallAndGetUp1_subject1_f003600_004200,data/lafan1/fallAndGetUp1_subject1.bvh,3600,4200,600,30.000300003000028,19.9998,16.005788825230194,0.801633500069401,9.513248687877072,8.331877309496024,44,False,semantic_exclusion
fallAndGetUp1_subject1_f003900_004500,data/lafan1/fallAndGetUp1_subject1.bvh,3900,4500,600,30.000300003000028,19.9998,18.77821359029143,0.9404875479618617,11.739392365752268,11.085460959388968,32,False,semantic_exclusion
fallAndGetUp1_subject1_f004200_004800,data/lafan1/fallAndGetUp1_subject1.bvh,4200,4800,600,30.000300003000028,19.9998,21.388828280977705,1.0712375044106552,11.783499766046173,9.476744875374145,26,False,semantic_exclusion
fallAndGetUp1_subject1_f004447_005047,data/lafan1/fallAndGetUp1_subject1.bvh,4447,5047,600,30.000300003000028,19.9998,17.5198104910993,0.8774617207490589,13.08728253709832,9.246989908350207,32,False,semantic_exclusion
fallAndGetUp1_subject4_f000000_000600,data/lafan1/fallAndGetUp1_subject4.bvh,0,600,600,30.000300003000028,19.9998,17.013300712843925,0.8520936985418565,8.03021320404116,8.183754082656309,6,False,semantic_exclusion
fallAndGetUp1_subject4_f000300_000900,data/lafan1/fallAndGetUp1_subject4.bvh,300,900,600,30.000300003000028,19.9998,24.513360855881746,1.2277265104478294,12.458281583892006,7.3450078798364515,0,False,stance_swing;semantic_exclusion
fallAndGetUp1_subject4_f000600_001200,data/lafan1/fallAndGetUp1_subject4.bvh,600,1200,600,30.000300003000028,19.9998,17.795430007276675,0.891265841236543,6.232837274229446,6.508682415658784,4,False,semantic_exclusion
fallAndGetUp1_subject4_f000900_001500,data/lafan1/fallAndGetUp1_subject4.bvh,900,1500,600,30.000300003000028,19.9998,16.402395955087982,0.8214971609693383,9.34964903711029,10.422183653697292,6,False,semantic_exclusion
fallAndGetUp1_subject4_f001200_001800,data/lafan1/fallAndGetUp1_subject4.bvh,1200,1800,600,30.000300003000028,19.9998,17.102751790590183,0.8565737639308036,7.145144254430466,5.6623860837263615,10,False,semantic_exclusion
fallAndGetUp1_subject4_f001500_002100,data/lafan1/fallAndGetUp1_subject4.bvh,1500,2100,600,30.000300003000028,19.9998,17.332136617116458,0.8680622674565539,6.23717585916158,5.387350521507622,0,False,stance_swing;semantic_exclusion
fallAndGetUp1_subject4_f001800_002400,data/lafan1/fallAndGetUp1_subject4.bvh,1800,2400,600,30.000300003000028,19.9998,15.335342000504607,0.7680548592049162,8.39410043508002,6.622648576748788,8,False,semantic_exclusion
fallAndGetUp1_subject4_f002100_002700,data/lafan1/fallAndGetUp1_subject4.bvh,2100,2700,600,30.000300003000028,19.9998,12.013553219271532,0.6016864785979178,15.44855980159793,5.911552062714043,12,False,semantic_exclusion
fallAndGetUp1_subject4_f002400_003000,data/lafan1/fallAndGetUp1_subject4.bvh,2400,3000,600,30.000300003000028,19.9998,10.033316961995018,0.5025083787730206,8.563700687045829,4.846572479243035,6,False,semantic_exclusion
fallAndGetUp1_subject4_f002700_003300,data/lafan1/fallAndGetUp1_subject4.bvh,2700,3300,600,30.000300003000028,19.9998,8.83019070702692,0.4422510355501011,4.818037026262145,3.595006984849957,32,False,semantic_exclusion
fallAndGetUp1_subject4_f003000_003600,data/lafan1/fallAndGetUp1_subject4.bvh,3000,3600,600,30.000300003000028,19.9998,9.737526149699914,0.48769399962947446,3.688463701601192,3.6997475134824014,2,False,semantic_exclusion
fallAndGetUp1_subject4_f003300_003900,data/lafan1/fallAndGetUp1_subject4.bvh,3300,3900,600,30.000300003000028,19.9998,7.433966714294547,0.3723225903858978,5.480499087228049,3.3145101913603825,2,False,semantic_exclusion
fallAndGetUp1_subject4_f003600_004200,data/lafan1/fallAndGetUp1_subject4.bvh,3600,4200,600,30.000300003000028,19.9998,3.2219991743416,0.16137052060044474,4.636969956115821,3.2830104903141075,20,False,semantic_exclusion
fallAndGetUp1_subject4_f003900_004500,data/lafan1/fallAndGetUp1_subject4.bvh,3900,4500,600,30.000300003000028,19.9998,5.322408023603401,0.26656734131298243,7.254757788396997,2.8033471897369524,20,False,semantic_exclusion
fallAndGetUp1_subject4_f004200_004800,data/lafan1/fallAndGetUp1_subject4.bvh,4200,4800,600,30.000300003000028,19.9998,7.694509078641532,0.3853715872037618,10.863605708067427,2.6442457428938373,10,False,semantic_exclusion
fallAndGetUp1_subject4_f004447_005047,data/lafan1/fallAndGetUp1_subject4.bvh,4447,5047,600,30.000300003000028,19.9998,6.193717888128436,0.31020600129849896,7.697975815476419,1.7683548738594688,14,False,semantic_exclusion
fallAndGetUp1_subject5_f000000_000600,data/lafan1/fallAndGetUp1_subject5.bvh,0,600,600,30.000300003000028,19.9998,25.278279169149553,1.2660366588214906,8.598784061007777,9.176369407145462,4,False,semantic_exclusion
fallAndGetUp1_subject5_f000300_000900,data/lafan1/fallAndGetUp1_subject5.bvh,300,900,600,30.000300003000028,19.9998,31.142170636219937,1.5597236424561207,7.316860180593567,7.216010666841967,0,False,stance_swing;semantic_exclusion
fallAndGetUp1_subject5_f000600_001200,data/lafan1/fallAndGetUp1_subject5.bvh,600,1200,600,30.000300003000028,19.9998,28.93636294781689,1.4492480290988328,11.071380784131229,8.77472679464017,2,False,semantic_exclusion
fallAndGetUp1_subject5_f000900_001500,data/lafan1/fallAndGetUp1_subject5.bvh,900,1500,600,30.000300003000028,19.9998,22.098282675156412,1.1067697993418872,11.29646457883162,7.9179228629107525,8,False,semantic_exclusion
fallAndGetUp1_subject5_f001200_001800,data/lafan1/fallAndGetUp1_subject5.bvh,1200,1800,600,30.000300003000028,19.9998,14.339023728508007,0.7181552814780906,14.999597017150762,6.2184274906844506,0,False,stance_swing;semantic_exclusion
fallAndGetUp1_subject5_f001500_002100,data/lafan1/fallAndGetUp1_subject5.bvh,1500,2100,600,30.000300003000028,19.9998,15.282539399618276,0.7654102951522808,17.883345750099984,6.890087935109621,6,False,semantic_exclusion
fallAndGetUp1_subject5_f001800_002400,data/lafan1/fallAndGetUp1_subject5.bvh,1800,2400,600,30.000300003000028,19.9998,11.94519122369249,0.5982626382370245,11.301826026867662,5.58017049008789,8,False,semantic_exclusion
fallAndGetUp1_subject5_f002100_002700,data/lafan1/fallAndGetUp1_subject5.bvh,2100,2700,600,30.000300003000028,19.9998,6.645263725138501,0.332821210940248,9.532532905236469,3.1173018571947897,31,False,semantic_exclusion
fallAndGetUp1_subject5_f002400_003000,data/lafan1/fallAndGetUp1_subject5.bvh,2400,3000,600,30.000300003000028,19.9998,8.110356847353186,0.40619889574621215,9.532532905236469,5.105877928544429,14,False,semantic_exclusion
fallAndGetUp1_subject5_f002700_003300,data/lafan1/fallAndGetUp1_subject5.bvh,2700,3300,600,30.000300003000028,19.9998,13.684815337448713,0.6853899258916819,9.441948502012538,4.714135345901252,7,False,semantic_exclusion
fallAndGetUp1_subject5_f003000_003600,data/lafan1/fallAndGetUp1_subject5.bvh,3000,3600,600,30.000300003000028,19.9998,18.907598801775528,0.9469676734384469,10.863453756721833,5.116433613560873,0,False,stance_swing;semantic_exclusion
fallAndGetUp1_subject5_f003300_003900,data/lafan1/fallAndGetUp1_subject5.bvh,3300,3900,600,30.000300003000028,19.9998,19.542024401582488,0.9787422282360965,11.744403468969992,5.753852951048783,8,False,semantic_exclusion
fallAndGetUp1_subject5_f003600_004200,data/lafan1/fallAndGetUp1_subject5.bvh,3600,4200,600,30.000300003000028,19.9998,18.56396523104033,0.9297571388588843,12.279935799015782,4.8193320069332275,16,False,semantic_exclusion
fallAndGetUp1_subject5_f003900_004500,data/lafan1/fallAndGetUp1_subject5.bvh,3900,4500,600,30.000300003000028,19.9998,17.464966924161697,0.874714937007218,17.838030388562494,6.226097423553831,12,False,semantic_exclusion
fallAndGetUp1_subject5_f004200_004800,data/lafan1/fallAndGetUp1_subject5.bvh,4200,4800,600,30.000300003000028,19.9998,18.03327722901219,0.9031781751379545,10.777570803678444,6.014324702069134,2,False,semantic_exclusion
fallAndGetUp1_subject5_f004447_005047,data/lafan1/fallAndGetUp1_subject5.bvh,4447,5047,600,30.000300003000028,19.9998,13.329228438327155,0.6675807211324444,6.087070172946843,4.851937331195354,2,False,semantic_exclusion
fallAndGetUp2_subject2_f000000_000600,data/lafan1/fallAndGetUp2_subject2.bvh,0,600,600,30.000300003000028,19.9998,2.0934447677110235,0.10484803183813257,3.4731016974926328,1.6412447252606728,22,False,semantic_exclusion
fallAndGetUp2_subject2_f000300_000900,data/lafan1/fallAndGetUp2_subject2.bvh,300,900,600,30.000300003000028,19.9998,2.5550529046061405,0.12796720143859905,3.193822708841288,1.4611681839282822,11,False,semantic_exclusion
fallAndGetUp2_subject2_f000600_001200,data/lafan1/fallAndGetUp2_subject2.bvh,600,1200,600,30.000300003000028,19.9998,2.778346569059195,0.13915063536574573,2.7035016832728345,1.250513367187811,15,False,semantic_exclusion
fallAndGetUp2_subject2_f000900_001500,data/lafan1/fallAndGetUp2_subject2.bvh,900,1500,600,30.000300003000028,19.9998,3.693126718300695,0.1849664599300765,3.3170970519242218,1.5982266857054306,2,False,semantic_exclusion
fallAndGetUp2_subject2_f001200_001800,data/lafan1/fallAndGetUp2_subject2.bvh,1200,1800,600,30.000300003000028,19.9998,3.5364729638288934,0.17712061747473368,12.39688240724875,1.3280091034581112,1,False,stance_swing;semantic_exclusion
fallAndGetUp2_subject2_f001500_002100,data/lafan1/fallAndGetUp2_subject2.bvh,1500,2100,600,30.000300003000028,19.9998,5.120391773778662,0.25644956485184195,12.39688240724875,3.869233740221082,6,False,semantic_exclusion
fallAndGetUp2_subject2_f001800_002400,data/lafan1/fallAndGetUp2_subject2.bvh,1800,2400,600,30.000300003000028,19.9998,9.619195188695796,0.48176751493871184,12.671813923323718,5.2153180330284306,5,False,semantic_exclusion
fallAndGetUp2_subject2_f002100_002700,data/lafan1/fallAndGetUp2_subject2.bvh,2100,2700,600,30.000300003000028,19.9998,7.347841476148581,0.3680090962586711,10.829943462821916,4.921489336860464,16,False,semantic_exclusion
fallAndGetUp2_subject2_f002400_003000,data/lafan1/fallAndGetUp2_subject2.bvh,2400,3000,600,30.000300003000028,19.9998,10.833235500809545,0.5425714775082414,11.589394393775637,6.897691956457221,16,False,semantic_exclusion
fallAndGetUp2_subject2_f002700_003300,data/lafan1/fallAndGetUp2_subject2.bvh,2700,3300,600,30.000300003000028,19.9998,19.604089442583412,0.9818506920920668,16.56237220927222,5.822248288534215,20,False,semantic_exclusion
fallAndGetUp2_subject2_f003000_003600,data/lafan1/fallAndGetUp2_subject2.bvh,3000,3600,600,30.000300003000028,19.9998,17.818321278303856,0.89241232704333,10.051613145481355,6.4471623276798855,2,False,semantic_exclusion
fallAndGetUp2_subject2_f003300_003900,data/lafan1/fallAndGetUp2_subject2.bvh,3300,3900,600,30.000300003000028,19.9998,15.804870598609984,0.7915707169731121,9.7976228250559,7.459456101252511,2,False,semantic_exclusion
fallAndGetUp2_subject2_f003600_004200,data/lafan1/fallAndGetUp2_subject2.bvh,3600,4200,600,30.000300003000028,19.9998,17.733676095243744,0.8881729599554965,6.634201106271011,9.125977879279755,2,False,semantic_exclusion
fallAndGetUp2_subject2_f003900_004500,data/lafan1/fallAndGetUp2_subject2.bvh,3900,4500,600,30.000300003000028,19.9998,31.2038175066562,1.5628111626686985,7.730215530933248,9.445022678886605,4,False,semantic_exclusion
fallAndGetUp2_subject2_f004200_004800,data/lafan1/fallAndGetUp2_subject2.bvh,4200,4800,600,30.000300003000028,19.9998,37.15561799081297,1.8609009791673694,12.002048829224256,9.572494616524748,1,False,stance_swing;semantic_exclusion
fallAndGetUp2_subject2_f004318_004918,data/lafan1/fallAndGetUp2_subject2.bvh,4318,4918,600,30.000300003000028,19.9998,35.32805552379966,1.7693693893766815,9.554941105973283,9.642855135867393,0,False,stance_swing;semantic_exclusion
fallAndGetUp2_subject3_f000000_000600,data/lafan1/fallAndGetUp2_subject3.bvh,0,600,600,30.000300003000028,19.9998,3.2638355838516513,0.1634658542170556,9.51541566255528,1.550345105867811,34,False,semantic_exclusion
fallAndGetUp2_subject3_f000300_000900,data/lafan1/fallAndGetUp2_subject3.bvh,300,900,600,30.000300003000028,19.9998,3.050759274818713,0.1527941460459035,8.546647434151824,1.470244827550034,15,False,semantic_exclusion
fallAndGetUp2_subject3_f000600_001200,data/lafan1/fallAndGetUp2_subject3.bvh,600,1200,600,30.000300003000028,19.9998,3.454192358377372,0.1729996778287001,9.87219320468377,1.523011989959016,18,False,semantic_exclusion
fallAndGetUp2_subject3_f000900_001500,data/lafan1/fallAndGetUp2_subject3.bvh,900,1500,600,30.000300003000028,19.9998,4.358959063115914,0.21831398930596552,14.70984158049854,1.49510346183569,5,False,semantic_exclusion
fallAndGetUp2_subject3_f001200_001800,data/lafan1/fallAndGetUp2_subject3.bvh,1200,1800,600,30.000300003000028,19.9998,4.476129614126087,0.22418235605358158,14.571525426024834,1.5350890262663863,2,False,semantic_exclusion
fallAndGetUp2_subject3_f001500_002100,data/lafan1/fallAndGetUp2_subject3.bvh,1500,2100,600,30.000300003000028,19.9998,4.984479306515841,0.24964252847115315,15.215321183201533,2.033978831628672,14,False,semantic_exclusion
fallAndGetUp2_subject3_f001800_002400,data/lafan1/fallAndGetUp2_subject3.bvh,1800,2400,600,30.000300003000028,19.9998,8.162347434740362,0.4088027909364416,15.383513497825794,2.4837716464123143,14,False,semantic_exclusion
fallAndGetUp2_subject3_f002100_002700,data/lafan1/fallAndGetUp2_subject3.bvh,2100,2700,600,30.000300003000028,19.9998,9.779021136930481,0.4897722334617577,9.514988312813555,2.467032898696405,24,False,semantic_exclusion
fallAndGetUp2_subject3_f002400_003000,data/lafan1/fallAndGetUp2_subject3.bvh,2400,3000,600,30.000300003000028,19.9998,7.952281454970626,0.3982818520157134,9.18024893958122,1.7754831207783193,24,False,semantic_exclusion
fallAndGetUp2_subject3_f002700_003300,data/lafan1/fallAndGetUp2_subject3.bvh,2700,3300,600,30.000300003000028,19.9998,6.178034772788868,0.30942052856866803,7.785552458240161,2.768441508485526,18,False,semantic_exclusion
fallAndGetUp2_subject3_f003000_003600,data/lafan1/fallAndGetUp2_subject3.bvh,3000,3600,600,30.000300003000028,19.9998,7.130209561583683,0.3571092252617192,7.336026815291657,2.697142252285251,21,False,semantic_exclusion
fallAndGetUp2_subject3_f003300_003900,data/lafan1/fallAndGetUp2_subject3.bvh,3300,3900,600,30.000300003000028,19.9998,8.388900991767645,0.42014949323621675,6.814163585246604,3.074674098924582,21,False,semantic_exclusion
fallAndGetUp2_subject3_f003600_004200,data/lafan1/fallAndGetUp2_subject3.bvh,3600,4200,600,30.000300003000028,19.9998,6.451180107221106,0.3231007322037046,6.9596178915256415,3.265559919085919,39,False,semantic_exclusion
fallAndGetUp2_subject3_f003900_004500,data/lafan1/fallAndGetUp2_subject3.bvh,3900,4500,600,30.000300003000028,19.9998,7.858350050198959,0.393577394047678,4.53623183943085,3.2241186484833,42,False,semantic_exclusion
fallAndGetUp2_subject3_f004200_004800,data/lafan1/fallAndGetUp2_subject3.bvh,4200,4800,600,30.000300003000028,19.9998,7.702527309714382,0.3857731720746781,2.8789138655381032,3.3036295710668293,25,False,semantic_exclusion
fallAndGetUp2_subject3_f004318_004918,data/lafan1/fallAndGetUp2_subject3.bvh,4318,4918,600,30.000300003000028,19.9998,8.105264355240877,0.40594384350726026,3.799493373527508,3.2209634350578464,29,False,semantic_exclusion
fallAndGetUp3_subject1_f000000_000600,data/lafan1/fallAndGetUp3_subject1.bvh,0,600,600,30.000300003000028,19.9998,9.737534714438695,0.48769442858562284,8.883617652074843,4.192311195609086,36,False,semantic_exclusion
fallAndGetUp3_subject1_f000300_000900,data/lafan1/fallAndGetUp3_subject1.bvh,300,900,600,30.000300003000028,19.9998,13.074551450606933,0.6548254856809135,7.944315783226707,4.5303967981868105,46,False,semantic_exclusion
fallAndGetUp3_subject1_f000600_001200,data/lafan1/fallAndGetUp3_subject1.bvh,600,1200,600,30.000300003000028,19.9998,12.195717043001265,0.6108099666806984,8.48544336602286,5.731340773590832,43,False,semantic_exclusion
fallAndGetUp3_subject1_f000900_001500,data/lafan1/fallAndGetUp3_subject1.bvh,900,1500,600,30.000300003000028,19.9998,10.643078155200996,0.5330476420891586,11.799245066599244,4.32831403118446,30,False,semantic_exclusion
fallAndGetUp3_subject1_f001200_001800,data/lafan1/fallAndGetUp3_subject1.bvh,1200,1800,600,30.000300003000028,19.9998,12.07759175728562,0.6048937830255908,15.16429193828608,5.1612252596988935,38,False,semantic_exclusion
fallAndGetUp3_subject1_f001500_002100,data/lafan1/fallAndGetUp3_subject1.bvh,1500,2100,600,30.000300003000028,19.9998,13.501280977321555,0.6761977959005744,7.289341531929336,5.672923769338739,38,False,semantic_exclusion
fallAndGetUp3_subject1_f001800_002400,data/lafan1/fallAndGetUp3_subject1.bvh,1800,2400,600,30.000300003000028,19.9998,13.139907018110705,0.6580987521783751,9.268508437490103,5.956559426935652,44,False,semantic_exclusion
fallAndGetUp3_subject1_f002100_002700,data/lafan1/fallAndGetUp3_subject1.bvh,2100,2700,600,30.000300003000028,19.9998,11.256046314938644,0.5637475230314228,12.329490379967162,5.111109857876842,38,False,semantic_exclusion
fallAndGetUp3_subject1_f002400_003000,data/lafan1/fallAndGetUp3_subject1.bvh,2400,3000,600,30.000300003000028,19.9998,13.834600598168157,0.6928917668893629,11.144744459183258,4.500732995389001,43,False,semantic_exclusion
fallAndGetUp3_subject1_f002466_003066,data/lafan1/fallAndGetUp3_subject1.bvh,2466,3066,600,30.000300003000028,19.9998,13.160291236406733,0.6591196748231288,11.144744459183258,4.500732995389001,45,False,semantic_exclusion
fight1_subject2_f000000_000600,data/lafan1/fight1_subject2.bvh,0,600,600,30.000300003000028,19.9998,29.829523802473204,1.493981073490528,8.356297169206789,8.177132746933431,4,True,
fight1_subject2_f000300_000900,data/lafan1/fight1_subject2.bvh,300,900,600,30.000300003000028,19.9998,31.55117608251279,1.5802082603052803,12.524952111954414,7.921440030586985,2,True,
fight1_subject2_f000600_001200,data/lafan1/fight1_subject2.bvh,600,1200,600,30.000300003000028,19.9998,27.4787938852192,1.3762471790937876,19.445693127486468,8.025190647478087,2,True,
fight1_subject2_f000900_001500,data/lafan1/fight1_subject2.bvh,900,1500,600,30.000300003000028,19.9998,28.759834050873383,1.4404067605387263,14.511071477590079,5.817667842845021,0,False,stance_swing
fight1_subject2_f001200_001800,data/lafan1/fight1_subject2.bvh,1200,1800,600,30.000300003000028,19.9998,23.248347191174354,1.1643695998483035,12.700000854521736,6.092140997926672,2,True,
fight1_subject2_f001500_002100,data/lafan1/fight1_subject2.bvh,1500,2100,600,30.000300003000028,19.9998,25.943902357237626,1.299373712797443,17.610715532176656,6.560448434285817,2,True,
fight1_subject2_f001800_002400,data/lafan1/fight1_subject2.bvh,1800,2400,600,30.000300003000028,19.9998,32.84672429905143,1.6450944625832618,10.220554616370313,6.428751050935822,0,False,stance_swing
fight1_subject2_f002100_002700,data/lafan1/fight1_subject2.bvh,2100,2700,600,30.000300003000028,19.9998,29.411735364307688,1.4730565685109782,9.089615923928696,7.004532324349691,0,False,stance_swing
fight1_subject2_f002400_003000,data/lafan1/fight1_subject2.bvh,2400,3000,600,30.000300003000028,19.9998,21.933199578705324,1.0985017819479692,13.807881617817287,6.5098662416666695,4,True,
fight1_subject2_f002700_003300,data/lafan1/fight1_subject2.bvh,2700,3300,600,30.000300003000028,19.9998,16.28087117360818,0.8154107170591661,19.792591553164684,4.592388296187938,4,True,
fight1_subject2_f003000_003600,data/lafan1/fight1_subject2.bvh,3000,3600,600,30.000300003000028,19.9998,13.921406587502714,0.6972393557409388,19.792591553164684,3.3420885157082045,1,False,stance_swing
fight1_subject2_f003300_003900,data/lafan1/fight1_subject2.bvh,3300,3900,600,30.000300003000028,19.9998,16.821376680004303,0.842481380406674,28.69157668470376,8.202925963367953,6,True,
fight1_subject2_f003600_004200,data/lafan1/fight1_subject2.bvh,3600,4200,600,30.000300003000028,19.9998,20.826216913120874,1.0430596916881125,20.86175073730512,8.187785251495221,6,True,
fight1_subject2_f003900_004500,data/lafan1/fight1_subject2.bvh,3900,4500,600,30.000300003000028,19.9998,33.65216399837424,1.6854340829739303,10.739058344856796,11.60712912281352,4,True,
fight1_subject2_f004200_004800,data/lafan1/fight1_subject2.bvh,4200,4800,600,30.000300003000028,19.9998,37.13222679699054,1.8597294552406558,8.280373261033496,12.023785652150162,4,True,
fight1_subject2_f004500_005100,data/lafan1/fight1_subject2.bvh,4500,5100,600,30.000300003000028,19.9998,27.55833966457042,1.3802311477824503,10.379722234909732,8.26390942970285,5,True,
fight1_subject2_f004800_005400,data/lafan1/fight1_subject2.bvh,4800,5400,600,30.000300003000028,19.9998,16.710494061988904,0.8369279383272415,13.996944123180864,6.891206168990896,16,True,
fight1_subject2_f005100_005700,data/lafan1/fight1_subject2.bvh,5100,5700,600,30.000300003000028,19.9998,12.44813792694786,0.6234522074910829,13.996944123180862,5.948817552281304,24,True,
fight1_subject2_f005400_006000,data/lafan1/fight1_subject2.bvh,5400,6000,600,30.000300003000028,19.9998,19.95894754238965,0.9996233956858593,11.642960634990693,5.752021095434323,11,True,
fight1_subject2_f005700_006300,data/lafan1/fight1_subject2.bvh,5700,6300,600,30.000300003000028,19.9998,28.228958547309617,1.4138184059958938,10.066407105125286,8.797765281514465,0,False,stance_swing
fight1_subject2_f006000_006600,data/lafan1/fight1_subject2.bvh,6000,6600,600,30.000300003000028,19.9998,23.91197792502043,1.1976068637992106,16.421574873512682,9.042116196119428,2,True,
fight1_subject2_f006300_006900,data/lafan1/fight1_subject2.bvh,6300,6900,600,30.000300003000028,19.9998,20.172891658959433,1.0103385671065108,17.809555604041094,7.801406845640331,2,True,
fight1_subject2_f006600_007200,data/lafan1/fight1_subject2.bvh,6600,7200,600,30.000300003000028,19.9998,19.14735790844221,0.958975762133692,7.588960282643508,7.793525231159185,12,True,
fight1_subject2_f006747_007347,data/lafan1/fight1_subject2.bvh,6747,7347,600,30.000300003000028,19.9998,16.7568473594215,0.8392494956379363,8.567658015248316,6.296615054613158,26,True,
fight1_subject3_f000000_000600,data/lafan1/fight1_subject3.bvh,0,600,600,30.000300003000028,19.9998,20.586471365235013,1.0310522820704842,18.683421494419008,5.126608170874333,4,True,
fight1_subject3_f000300_000900,data/lafan1/fight1_subject3.bvh,300,900,600,30.000300003000028,19.9998,22.310086750777778,1.1173777890088306,11.486686176797896,5.126608170874333,16,True,
fight1_subject3_f000600_001200,data/lafan1/fight1_subject3.bvh,600,1200,600,30.000300003000028,19.9998,17.636244924938914,0.8832932198239636,12.690136534957848,4.980851687211718,22,True,
fight1_subject3_f000900_001500,data/lafan1/fight1_subject3.bvh,900,1500,600,30.000300003000028,19.9998,16.151126691568745,0.8089125978856823,11.893340960995335,4.734001392839623,6,True,
fight1_subject3_f001200_001800,data/lafan1/fight1_subject3.bvh,1200,1800,600,30.000300003000028,19.9998,17.853295410574628,0.8941639705499539,8.767721511120104,7.295249525279267,2,True,
fight1_subject3_f001500_002100,data/lafan1/fight1_subject3.bvh,1500,2100,600,30.000300003000028,19.9998,16.571342059143433,0.8299586531329469,4.486429169195775,5.710293973629685,2,True,
fight1_subject3_f001800_002400,data/lafan1/fight1_subject3.bvh,1800,2400,600,30.000300003000028,19.9998,13.502464531816607,0.6762570730122963,4.535614149946264,5.440979347022434,2,True,
fight1_subject3_f002100_002700,data/lafan1/fight1_subject3.bvh,2100,2700,600,30.000300003000028,19.9998,14.012300352328097,0.7017916766310283,4.6766096488193964,3.2238238992026145,14,True,
fight1_subject3_f002400_003000,data/lafan1/fight1_subject3.bvh,2400,3000,600,30.000300003000028,19.9998,12.702683697916129,0.6362008710863133,4.130476589224281,3.7725823434209564,34,True,
fight1_subject3_f002700_003300,data/lafan1/fight1_subject3.bvh,2700,3300,600,30.000300003000028,19.9998,12.938059553539551,0.6479894291533674,5.194151628590445,3.719072163669713,41,True,
fight1_subject3_f003000_003600,data/lafan1/fight1_subject3.bvh,3000,3600,600,30.000300003000028,19.9998,14.66862554925768,0.7346630502661126,4.500845040631896,2.755992745608916,36,True,
fight1_subject3_f003300_003900,data/lafan1/fight1_subject3.bvh,3300,3900,600,30.000300003000028,19.9998,11.077809610252594,0.5548207206739476,4.500845040631897,2.9359600351634896,31,True,
fight1_subject3_f003600_004200,data/lafan1/fight1_subject3.bvh,3600,4200,600,30.000300003000028,19.9998,8.222015622050893,0.41179121083619313,4.3150365824733665,1.8312149838044038,21,True,
fight1_subject3_f003900_004500,data/lafan1/fight1_subject3.bvh,3900,4500,600,30.000300003000028,19.9998,12.569983304968272,0.6295547081498329,8.631172281105062,6.055950290286903,16,True,
fight1_subject3_f004200_004800,data/lafan1/fight1_subject3.bvh,4200,4800,600,30.000300003000028,19.9998,29.560182125516015,1.4804913721348905,10.623909034763217,11.497918598364212,8,True,
fight1_subject3_f004500_005100,data/lafan1/fight1_subject3.bvh,4500,5100,600,30.000300003000028,19.9998,32.54579499103673,1.6300227271573249,12.695473557712493,11.758474489445156,2,True,
fight1_subject3_f004800_005400,data/lafan1/fight1_subject3.bvh,4800,5400,600,30.000300003000028,19.9998,18.312707079607723,0.917173132312678,5.422294817735973,4.8159556866345214,2,True,
fight1_subject3_f005100_005700,data/lafan1/fight1_subject3.bvh,5100,5700,600,30.000300003000028,19.9998,14.340028364216419,0.7182055976260807,5.244468683949205,4.886825449562545,2,True,
fight1_subject3_f005400_006000,data/lafan1/fight1_subject3.bvh,5400,6000,600,30.000300003000028,19.9998,19.88551563978895,0.9959456342370909,9.920004416597317,9.942983740021095,14,True,
fight1_subject3_f005700_006300,data/lafan1/fight1_subject3.bvh,5700,6300,600,30.000300003000028,19.9998,21.204941252379477,1.062027711381261,9.72592897157012,9.545456013620345,22,True,
fight1_subject3_f006000_006600,data/lafan1/fight1_subject3.bvh,6000,6600,600,30.000300003000028,19.9998,20.685753251718396,1.0360247134216782,8.962648912713398,8.048525514598776,12,True,
fight1_subject3_f006300_006900,data/lafan1/fight1_subject3.bvh,6300,6900,600,30.000300003000028,19.9998,17.36595969007444,0.8697562613392965,4.155033405205858,8.048525514598776,17,True,
fight1_subject3_f006600_007200,data/lafan1/fight1_subject3.bvh,6600,7200,600,30.000300003000028,19.9998,10.695406996588456,0.5356684783837049,9.589834899322963,3.462883906744471,25,True,
fight1_subject3_f006747_007347,data/lafan1/fight1_subject3.bvh,6747,7347,600,30.000300003000028,19.9998,9.588425138087938,0.48022642854581826,9.27461472240444,3.4999870675896814,30,True,
fight1_subject5_f000000_000600,data/lafan1/fight1_subject5.bvh,0,600,600,30.000300003000028,19.9998,19.153201334975186,0.959268424152114,14.124162837828806,4.381966800648321,6,True,
fight1_subject5_f000300_000900,data/lafan1/fight1_subject5.bvh,300,900,600,30.000300003000028,19.9998,21.264133905127828,1.0649923146207,15.361113471460518,5.49296784216598,0,False,stance_swing
fight1_subject5_f000600_001200,data/lafan1/fight1_subject5.bvh,600,1200,600,30.000300003000028,19.9998,23.659570563741152,1.1849653002577347,16.032542410498714,6.2211245475930514,4,True,
fight1_subject5_f000900_001500,data/lafan1/fight1_subject5.bvh,900,1500,600,30.000300003000028,19.9998,25.451814502777598,1.2747279978364523,24.275805726586977,6.2549662703336155,8,True,
fight1_subject5_f001200_001800,data/lafan1/fight1_subject5.bvh,1200,1800,600,30.000300003000028,19.9998,21.14632182058839,1.0590918173249373,24.94916362729015,4.135375532500107,6,True,
fight1_subject5_f001500_002100,data/lafan1/fight1_subject5.bvh,1500,2100,600,30.000300003000028,19.9998,17.22133282526577,0.8625127733046497,22.453684826624617,4.496694493214168,6,True,
fight1_subject5_f001800_002400,data/lafan1/fight1_subject5.bvh,1800,2400,600,30.000300003000028,19.9998,20.968038654408694,1.0501626879912553,18.226515345912908,8.530338446703574,8,True,
fight1_subject5_f002100_002700,data/lafan1/fight1_subject5.bvh,2100,2700,600,30.000300003000028,19.9998,23.12289089444701,1.1580862500334692,24.037880925507594,5.983044300715709,12,True,
fight1_subject5_f002400_003000,data/lafan1/fight1_subject5.bvh,2400,3000,600,30.000300003000028,19.9998,21.43617319741132,1.0736087259409148,21.87950515566879,5.692293306606221,20,True,
fight1_subject5_f002700_003300,data/lafan1/fight1_subject5.bvh,2700,3300,600,30.000300003000028,19.9998,22.368731629079118,1.1203149575274944,12.470275608606546,8.663489031993588,22,True,
fight1_subject5_f003000_003600,data/lafan1/fight1_subject5.bvh,3000,3600,600,30.000300003000028,19.9998,21.704659817824055,1.087055602667415,15.48511122607714,9.296863931900118,11,True,
fight1_subject5_f003300_003900,data/lafan1/fight1_subject5.bvh,3300,3900,600,30.000300003000028,19.9998,21.435076759726226,1.0735538119851762,24.999577050324543,8.607914469592146,8,True,
fight1_subject5_f003600_004200,data/lafan1/fight1_subject5.bvh,3600,4200,600,30.000300003000028,19.9998,22.5564398919582,1.12971613315256,19.335733338089682,5.5305678469833435,10,True,
fight1_subject5_f003900_004500,data/lafan1/fight1_subject5.bvh,3900,4500,600,30.000300003000028,19.9998,25.870888493577198,1.2957168883997954,14.276479520415457,11.058453355249394,4,True,
fight1_subject5_f004200_004800,data/lafan1/fight1_subject5.bvh,4200,4800,600,30.000300003000028,19.9998,27.07311014266324,1.3559289253658766,17.342393644872953,10.928449710506454,4,True,
fight1_subject5_f004500_005100,data/lafan1/fight1_subject5.bvh,4500,5100,600,30.000300003000028,19.9998,25.703039145846425,1.2873103261506618,15.031522625942477,11.276494489938568,8,True,
fight1_subject5_f004800_005400,data/lafan1/fight1_subject5.bvh,4800,5400,600,30.000300003000028,19.9998,22.080523423245907,1.1058803454434831,11.884719434140786,6.26528507781784,8,True,
fight1_subject5_f005100_005700,data/lafan1/fight1_subject5.bvh,5100,5700,600,30.000300003000028,19.9998,19.95781262405185,0.9995665544661381,18.75154537199481,6.608146632887938,12,True,
fight1_subject5_f005400_006000,data/lafan1/fight1_subject5.bvh,5400,6000,600,30.000300003000028,19.9998,20.03578070787416,1.0034715058940653,35.75710740235095,6.952448447831641,13,True,
fight1_subject5_f005700_006300,data/lafan1/fight1_subject5.bvh,5700,6300,600,30.000300003000028,19.9998,18.681746283582306,0.9356560819489149,20.564677464867884,6.551481919048319,16,True,
fight1_subject5_f006000_006600,data/lafan1/fight1_subject5.bvh,6000,6600,600,30.000300003000028,19.9998,18.580524679056456,0.9305865018110843,25.614788465963805,6.056079770103954,18,True,
fight1_subject5_f006300_006900,data/lafan1/fight1_subject5.bvh,6300,6900,600,30.000300003000028,19.9998,22.37547800843979,1.1206528430112241,21.511243098874335,5.6643812970212135,13,True,
fight1_subject5_f006600_007200,data/lafan1/fight1_subject5.bvh,6600,7200,600,30.000300003000028,19.9998,20.41066782428924,1.0222473422207965,13.751798833919267,5.684442815512723,24,True,
fight1_subject5_f006747_007347,data/lafan1/fight1_subject5.bvh,6747,7347,600,30.000300003000028,19.9998,17.88037292064678,0.8955201198412709,13.751798833919267,5.983524467296162,32,True,
fightAndSports1_subject1_f000000_000600,data/lafan1/fightAndSports1_subject1.bvh,0,600,600,30.000300003000028,19.9998,2.758885877481993,0.13817596660851383,4.172732154744649,1.7831655254597973,38,True,
fightAndSports1_subject1_f000300_000900,data/lafan1/fightAndSports1_subject1.bvh,300,900,600,30.000300003000028,19.9998,10.987039188576517,0.550274577298854,17.23441976200917,5.5329292157998795,32,True,
fightAndSports1_subject1_f000600_001200,data/lafan1/fightAndSports1_subject1.bvh,600,1200,600,30.000300003000028,19.9998,18.960429948356673,0.9496136671728991,21.355483589605058,6.373549054660565,8,True,
fightAndSports1_subject1_f000900_001500,data/lafan1/fightAndSports1_subject1.bvh,900,1500,600,30.000300003000028,19.9998,26.330293005755077,1.3187256917187742,16.47114394834389,9.3689170319122,12,True,
fightAndSports1_subject1_f001200_001800,data/lafan1/fightAndSports1_subject1.bvh,1200,1800,600,30.000300003000028,19.9998,37.58483016588588,1.882397630281105,19.22701269824226,10.863879720992784,9,True,
fightAndSports1_subject1_f001500_002100,data/lafan1/fightAndSports1_subject1.bvh,1500,2100,600,30.000300003000028,19.9998,44.06857209962439,2.207129188134505,16.598748588684686,11.468600519004378,4,True,
fightAndSports1_subject1_f001800_002400,data/lafan1/fightAndSports1_subject1.bvh,1800,2400,600,30.000300003000028,19.9998,34.554928756983294,1.7306481290347107,17.22128047150355,11.71055316821849,2,True,
fightAndSports1_subject1_f002100_002700,data/lafan1/fightAndSports1_subject1.bvh,2100,2700,600,30.000300003000028,19.9998,22.04158727894049,1.1039302686319261,29.83492911090159,5.861964239478121,0,False,stance_swing
fightAndSports1_subject1_f002400_003000,data/lafan1/fightAndSports1_subject1.bvh,2400,3000,600,30.000300003000028,19.9998,20.182612805812493,1.0108254407658848,18.368530794628775,6.394476248449191,6,True,
fightAndSports1_subject1_f002700_003300,data/lafan1/fightAndSports1_subject1.bvh,2700,3300,600,30.000300003000028,19.9998,16.98211379608268,0.8505317338356695,11.627745688474327,5.451229686309542,6,True,
fightAndSports1_subject1_f003000_003600,data/lafan1/fightAndSports1_subject1.bvh,3000,3600,600,30.000300003000028,19.9998,14.406576657116734,0.7215386005504495,21.22170695157875,3.3501013859221533,2,True,
fightAndSports1_subject1_f003300_003900,data/lafan1/fightAndSports1_subject1.bvh,3300,3900,600,30.000300003000028,19.9998,11.082506346869042,0.555055951905214,22.35053857563018,4.7759849229023255,2,True,
fightAndSports1_subject1_f003600_004200,data/lafan1/fightAndSports1_subject1.bvh,3600,4200,600,30.000300003000028,19.9998,12.09107421268251,0.6055690379616239,16.13293117901966,5.12924210652236,6,True,
fightAndSports1_subject1_f003900_004500,data/lafan1/fightAndSports1_subject1.bvh,3900,4500,600,30.000300003000028,19.9998,16.74096557231774,0.8384540726367734,13.143634452239672,5.12924210652236,18,True,
fightAndSports1_subject1_f004200_004800,data/lafan1/fightAndSports1_subject1.bvh,4200,4800,600,30.000300003000028,19.9998,16.366379578363407,0.8196933177193244,36.4395872663322,1.9358532955061185,20,True,
fightAndSports1_subject1_f004500_005100,data/lafan1/fightAndSports1_subject1.bvh,4500,5100,600,30.000300003000028,19.9998,16.104734729997027,0.8065891041212763,38.999515953788226,5.000498127320803,30,True,
fightAndSports1_subject1_f004800_005400,data/lafan1/fightAndSports1_subject1.bvh,4800,5400,600,30.000300003000028,19.9998,16.61679848361792,0.8322352914823599,32.031920342269686,6.107374528500989,42,True,
fightAndSports1_subject1_f005100_005700,data/lafan1/fightAndSports1_subject1.bvh,5100,5700,600,30.000300003000028,19.9998,18.429631191342846,0.923029156402224,19.81809445426584,5.309383390029865,47,True,
fightAndSports1_subject1_f005400_006000,data/lafan1/fightAndSports1_subject1.bvh,5400,6000,600,30.000300003000028,19.9998,19.66782933328901,0.9850430390759171,11.292462044390497,5.196087633065996,60,True,
fightAndSports1_subject1_f005700_006300,data/lafan1/fightAndSports1_subject1.bvh,5700,6300,600,30.000300003000028,19.9998,18.253049844607354,0.9141852609481363,10.126441448164693,5.607561085680159,43,True,
fightAndSports1_subject1_f006000_006600,data/lafan1/fightAndSports1_subject1.bvh,6000,6600,600,30.000300003000028,19.9998,23.190355431879205,1.1614651421245032,10.550158603304462,5.412044386333348,10,True,
fightAndSports1_subject1_f006300_006900,data/lafan1/fightAndSports1_subject1.bvh,6300,6900,600,30.000300003000028,19.9998,24.39063085369703,1.2215797042960594,9.471281443089053,5.267763109497374,11,True,
fightAndSports1_subject1_f006600_007200,data/lafan1/fightAndSports1_subject1.bvh,6600,7200,600,30.000300003000028,19.9998,22.492647866063862,1.1265211750313093,20.2643712695823,4.332244489877831,22,True,
fightAndSports1_subject1_f006755_007355,data/lafan1/fightAndSports1_subject1.bvh,6755,7355,600,30.000300003000028,19.9998,22.465480784931003,1.1251605396653799,20.2643712695823,4.935257429692589,26,True,
fightAndSports1_subject4_f000000_000600,data/lafan1/fightAndSports1_subject4.bvh,0,600,600,30.000300003000028,19.9998,6.874386125438042,0.3442965711178668,9.142996338633811,3.0478331833769285,38,True,
fightAndSports1_subject4_f000300_000900,data/lafan1/fightAndSports1_subject4.bvh,300,900,600,30.000300003000028,19.9998,12.043817618867475,0.6032022399790345,11.760901079338488,3.664252551895655,48,True,
fightAndSports1_subject4_f000600_001200,data/lafan1/fightAndSports1_subject4.bvh,600,1200,600,30.000300003000028,19.9998,12.288557659428912,0.6154597936344428,6.478160292619018,3.3508106984663404,32,True,
fightAndSports1_subject4_f000900_001500,data/lafan1/fightAndSports1_subject4.bvh,900,1500,600,30.000300003000028,19.9998,11.047117313599479,0.5532835285080469,5.564282830794637,2.409716313135447,16,True,
fightAndSports1_subject4_f001200_001800,data/lafan1/fightAndSports1_subject4.bvh,1200,1800,600,30.000300003000028,19.9998,13.132611539326835,0.657733365613798,9.232871504324761,4.248793112435356,12,True,
fightAndSports1_subject4_f001500_002100,data/lafan1/fightAndSports1_subject4.bvh,1500,2100,600,30.000300003000028,19.9998,11.073964132949431,0.554628123891394,7.997325709122302,4.248793112435356,26,True,
fightAndSports1_subject4_f001800_002400,data/lafan1/fightAndSports1_subject4.bvh,1800,2400,600,30.000300003000028,19.9998,5.504237991824343,0.27567410858537683,5.073672502410066,1.5759908466216777,54,True,
fightAndSports1_subject4_f002100_002700,data/lafan1/fightAndSports1_subject4.bvh,2100,2700,600,30.000300003000028,19.9998,5.91737334239769,0.29636556845022655,9.314034181520658,2.046454992529164,56,True,
fightAndSports1_subject4_f002400_003000,data/lafan1/fightAndSports1_subject4.bvh,2400,3000,600,30.000300003000028,19.9998,11.787266370088535,0.5903531340866931,16.312511551611216,3.286835218505667,38,True,
fightAndSports1_subject4_f002700_003300,data/lafan1/fightAndSports1_subject4.bvh,2700,3300,600,30.000300003000028,19.9998,16.202252131131722,0.8114731630353894,20.174257770666728,3.286835218505667,15,True,
fightAndSports1_subject4_f003000_003600,data/lafan1/fightAndSports1_subject4.bvh,3000,3600,600,30.000300003000028,19.9998,17.195856527918117,0.8612368191086643,20.752117259051225,4.487712501315697,12,True,
fightAndSports1_subject4_f003300_003900,data/lafan1/fightAndSports1_subject4.bvh,3300,3900,600,30.000300003000028,19.9998,16.29569103928373,0.8161529548158786,14.709433006395454,4.514427024849036,14,True,
fightAndSports1_subject4_f003600_004200,data/lafan1/fightAndSports1_subject4.bvh,3600,4200,600,30.000300003000028,19.9998,14.97633872117897,0.750074548550776,13.514150944472112,5.257684553172323,22,True,
fightAndSports1_subject4_f003900_004500,data/lafan1/fightAndSports1_subject4.bvh,3900,4500,600,30.000300003000028,19.9998,14.097078768483414,0.7060377165616437,10.098727357203252,5.983085891079597,28,True,
fightAndSports1_subject4_f004200_004800,data/lafan1/fightAndSports1_subject4.bvh,4200,4800,600,30.000300003000028,19.9998,11.611270895103118,0.5815385814176899,22.150340586314297,3.1355597649374536,20,True,
fightAndSports1_subject4_f004500_005100,data/lafan1/fightAndSports1_subject4.bvh,4500,5100,600,30.000300003000028,19.9998,13.755971154835017,0.6889536919493577,26.97138612971553,5.313266197603574,17,True,
fightAndSports1_subject4_f004800_005400,data/lafan1/fightAndSports1_subject4.bvh,4800,5400,600,30.000300003000028,19.9998,15.614895802638681,0.7820560243651858,22.80762059761275,4.973285256541297,24,True,
fightAndSports1_subject4_f005100_005700,data/lafan1/fightAndSports1_subject4.bvh,5100,5700,600,30.000300003000028,19.9998,14.91831804362564,0.7471686424857056,18.460692287770605,4.175139851786689,31,True,
fightAndSports1_subject4_f005400_006000,data/lafan1/fightAndSports1_subject4.bvh,5400,6000,600,30.000300003000028,19.9998,14.246942020031064,0.7135434636498817,11.123539067230979,3.639369135752088,37,True,
fightAndSports1_subject4_f005700_006300,data/lafan1/fightAndSports1_subject4.bvh,5700,6300,600,30.000300003000028,19.9998,14.848210476552312,0.7436573769687101,16.276578454225017,3.238035086863936,28,True,
fightAndSports1_subject4_f006000_006600,data/lafan1/fightAndSports1_subject4.bvh,6000,6600,600,30.000300003000028,19.9998,13.432473579271136,0.6727516480141997,18.130420080731678,3.290119154399212,18,True,
fightAndSports1_subject4_f006300_006900,data/lafan1/fightAndSports1_subject4.bvh,6300,6900,600,30.000300003000028,19.9998,12.371376429999675,0.6196076867279361,19.8904224608135,3.149434248110243,20,True,
fightAndSports1_subject4_f006600_007200,data/lafan1/fightAndSports1_subject4.bvh,6600,7200,600,30.000300003000028,19.9998,18.668250972443808,0.9349801831462625,15.138744695856515,4.270779254562622,12,True,
fightAndSports1_subject4_f006755_007355,data/lafan1/fightAndSports1_subject4.bvh,6755,7355,600,30.000300003000028,19.9998,17.81743507127699,0.8923679422742635,10.767337626138652,4.847270043510383,24,True,
ground1_subject1_f000000_000600,data/lafan1/ground1_subject1.bvh,0,600,600,30.000300003000028,19.9998,6.499303688012838,0.3255109523388809,9.818122874344866,4.37055171744505,22,False,semantic_exclusion
ground1_subject1_f000300_000900,data/lafan1/ground1_subject1.bvh,300,900,600,30.000300003000028,19.9998,2.7474569795398156,0.13760356198919996,1.8776146941412244,1.613536272255086,16,False,semantic_exclusion
ground1_subject1_f000600_001200,data/lafan1/ground1_subject1.bvh,600,1200,600,30.000300003000028,19.9998,3.167002929766638,0.1586160901558918,3.3050929393939894,1.924053703783816,9,False,semantic_exclusion
ground1_subject1_f000900_001500,data/lafan1/ground1_subject1.bvh,900,1500,600,30.000300003000028,19.9998,4.239784436689609,0.21234525049872913,1.6791234874715535,3.130490791387519,10,False,semantic_exclusion
ground1_subject1_f001200_001800,data/lafan1/ground1_subject1.bvh,1200,1800,600,30.000300003000028,19.9998,3.5572459264975844,0.17816100998226597,0.6482934692503257,2.0946458738167935,16,False,semantic_exclusion
ground1_subject1_f001500_002100,data/lafan1/ground1_subject1.bvh,1500,2100,600,30.000300003000028,19.9998,3.330875530404414,0.16682348110982348,0.6679479495094636,1.0789304990575996,10,False,semantic_exclusion
ground1_subject1_f001800_002400,data/lafan1/ground1_subject1.bvh,1800,2400,600,30.000300003000028,19.9998,3.562504510927231,0.1784243807844037,2.8914921058967327,1.569185945786447,4,False,semantic_exclusion
ground1_subject1_f002100_002700,data/lafan1/ground1_subject1.bvh,2100,2700,600,30.000300003000028,19.9998,4.04473828124216,0.20257656405823624,2.8566154415523664,1.7175030285738826,4,False,semantic_exclusion
ground1_subject1_f002400_003000,data/lafan1/ground1_subject1.bvh,2400,3000,600,30.000300003000028,19.9998,3.9831584508041575,0.19949240147514116,1.5283941737185045,2.6045595194637583,4,False,semantic_exclusion
ground1_subject1_f002700_003300,data/lafan1/ground1_subject1.bvh,2700,3300,600,30.000300003000028,19.9998,5.154917915846876,0.2581787712291251,2.448411486936013,2.9745771902791347,6,False,semantic_exclusion
ground1_subject1_f003000_003600,data/lafan1/ground1_subject1.bvh,3000,3600,600,30.000300003000028,19.9998,5.187198241145257,0.25979549817928516,1.611960773666516,2.514337082901587,13,False,semantic_exclusion
ground1_subject1_f003300_003900,data/lafan1/ground1_subject1.bvh,3300,3900,600,30.000300003000028,19.9998,3.7986722906726507,0.1902526015580348,2.1668682223553826,1.450021426805157,19,False,semantic_exclusion
ground1_subject1_f003600_004200,data/lafan1/ground1_subject1.bvh,3600,4200,600,30.000300003000028,19.9998,4.726789609907472,0.23673640458812628,1.946156229763754,1.5229214778844287,19,False,semantic_exclusion
ground1_subject1_f003900_004500,data/lafan1/ground1_subject1.bvh,3900,4500,600,30.000300003000028,19.9998,4.744871305505308,0.23764200774755534,3.4296912137790243,2.0642619188138824,13,False,semantic_exclusion
ground1_subject1_f004142_004742,data/lafan1/ground1_subject1.bvh,4142,4742,600,30.000300003000028,19.9998,4.92203594193311,0.24651511666701528,4.45482442715549,2.1325294899297935,18,False,semantic_exclusion
ground1_subject4_f000000_000600,data/lafan1/ground1_subject4.bvh,0,600,600,30.000300003000028,19.9998,6.976170230374435,0.34939432351123684,3.9851881793857826,4.35331878237173,12,False,semantic_exclusion
ground1_subject4_f000300_000900,data/lafan1/ground1_subject4.bvh,300,900,600,30.000300003000028,19.9998,7.196323229481121,0.3604204604390511,0.4452498715604314,6.119763073156665,0,False,stance_swing;semantic_exclusion
ground1_subject4_f000600_001200,data/lafan1/ground1_subject4.bvh,600,1200,600,30.000300003000028,19.9998,6.057023101101185,0.3033597832356213,0.5396994067305143,3.6518700114009626,0,False,stance_swing;semantic_exclusion
ground1_subject4_f000900_001500,data/lafan1/ground1_subject4.bvh,900,1500,600,30.000300003000028,19.9998,5.21451260818519,0.26116351020865086,0.5718066918911675,3.3490112133543852,8,False,semantic_exclusion
ground1_subject4_f001200_001800,data/lafan1/ground1_subject4.bvh,1200,1800,600,30.000300003000028,19.9998,5.08132917055195,0.25449315447504806,1.6410766056407404,2.206946157955467,6,False,semantic_exclusion
ground1_subject4_f001500_002100,data/lafan1/ground1_subject4.bvh,1500,2100,600,30.000300003000028,19.9998,5.593845693722244,0.28016201833415216,1.4367505869059891,3.9972642535751985,2,False,semantic_exclusion
ground1_subject4_f001800_002400,data/lafan1/ground1_subject4.bvh,1800,2400,600,30.000300003000028,19.9998,5.264661363525967,0.26367515913185674,2.9366187950547706,2.9521864302837404,0,False,stance_swing;semantic_exclusion
ground1_subject4_f002100_002700,data/lafan1/ground1_subject4.bvh,2100,2700,600,30.000300003000028,19.9998,4.685359193036408,0.23466140469600394,1.871950521976159,4.110100250572422,0,False,stance_swing;semantic_exclusion
ground1_subject4_f002400_003000,data/lafan1/ground1_subject4.bvh,2400,3000,600,30.000300003000028,19.9998,4.892841733463266,0.24505295470967728,0.5545939813702292,1.8646220540430924,0,False,stance_swing;semantic_exclusion
ground1_subject4_f002700_003300,data/lafan1/ground1_subject4.bvh,2700,3300,600,30.000300003000028,19.9998,5.575267441938686,0.27923154566797853,0.5545939813702292,2.709429481286657,0,False,stance_swing;semantic_exclusion
ground1_subject4_f003000_003600,data/lafan1/ground1_subject4.bvh,3000,3600,600,30.000300003000028,19.9998,4.812277616570572,0.24101798363078314,0.42049736802719107,2.1422653362512754,0,False,stance_swing;semantic_exclusion
ground1_subject4_f003300_003900,data/lafan1/ground1_subject4.bvh,3300,3900,600,30.000300003000028,19.9998,7.73222589553314,0.38726059525368906,0.8263740498389991,3.3362494052749416,2,False,semantic_exclusion
ground1_subject4_f003600_004200,data/lafan1/ground1_subject4.bvh,3600,4200,600,30.000300003000028,19.9998,19.470545944822565,0.9751623031166488,3.7078796942103307,4.987718734925137,2,False,semantic_exclusion
ground1_subject4_f003900_004500,data/lafan1/ground1_subject4.bvh,3900,4500,600,30.000300003000028,19.9998,22.640914629769618,1.1339469636651098,3.864962874394827,6.116732574645446,0,False,stance_swing;semantic_exclusion
ground1_subject4_f004142_004742,data/lafan1/ground1_subject4.bvh,4142,4742,600,30.000300003000028,19.9998,15.639262256451843,0.7832763931872295,3.516674924661963,3.357674027344104,4,False,semantic_exclusion
ground1_subject5_f000000_000600,data/lafan1/ground1_subject5.bvh,0,600,600,30.000300003000028,19.9998,10.364238848405659,0.5190822616943528,8.049709772235046,7.74009064802062,14,False,semantic_exclusion
ground1_subject5_f000300_000900,data/lafan1/ground1_subject5.bvh,300,900,600,30.000300003000028,19.9998,13.781521631864958,0.6902333613585697,4.931301861213392,6.19907852835023,0,False,stance_swing;semantic_exclusion
ground1_subject5_f000600_001200,data/lafan1/ground1_subject5.bvh,600,1200,600,30.000300003000028,19.9998,13.126400192818629,0.6574222767011625,7.094616556848492,4.9650657410694805,0,False,stance_swing;semantic_exclusion
ground1_subject5_f000900_001500,data/lafan1/ground1_subject5.bvh,900,1500,600,30.000300003000028,19.9998,10.1032486450703,0.5060108353205551,5.213057661568075,3.543979917497049,0,False,stance_swing;semantic_exclusion
ground1_subject5_f001200_001800,data/lafan1/ground1_subject5.bvh,1200,1800,600,30.000300003000028,19.9998,10.429212144867993,0.522336382539184,4.915990088236416,3.5977923733170982,0,False,stance_swing;semantic_exclusion
ground1_subject5_f001500_002100,data/lafan1/ground1_subject5.bvh,1500,2100,600,30.000300003000028,19.9998,8.250305469454016,0.41320807879801746,5.811044165801986,3.872792143236973,10,False,semantic_exclusion
ground1_subject5_f001800_002400,data/lafan1/ground1_subject5.bvh,1800,2400,600,30.000300003000028,19.9998,6.813016198246186,0.3412229213233461,2.028045254902275,2.2005119009055116,10,False,semantic_exclusion
ground1_subject5_f002100_002700,data/lafan1/ground1_subject5.bvh,2100,2700,600,30.000300003000028,19.9998,8.771026204351074,0.43928784217814165,1.5716822032837372,2.759685550384133,0,False,stance_swing;semantic_exclusion
ground1_subject5_f002400_003000,data/lafan1/ground1_subject5.bvh,2400,3000,600,30.000300003000028,19.9998,8.709975743731002,0.43623019253887035,1.4726760870593987,2.5506643856608346,0,False,stance_swing;semantic_exclusion
ground1_subject5_f002700_003300,data/lafan1/ground1_subject5.bvh,2700,3300,600,30.000300003000028,19.9998,8.59084344876037,0.43026357385912944,2.3676972435496193,2.4738972925704164,0,False,stance_swing;semantic_exclusion
ground1_subject5_f003000_003600,data/lafan1/ground1_subject5.bvh,3000,3600,600,30.000300003000028,19.9998,7.508980907176412,0.3760795992188509,3.6372928126120483,2.7823293878997353,0,False,stance_swing;semantic_exclusion
ground1_subject5_f003300_003900,data/lafan1/ground1_subject5.bvh,3300,3900,600,30.000300003000028,19.9998,9.725453088011815,0.487089332730313,4.2059412444969375,3.7618150891410145,0,False,stance_swing;semantic_exclusion
ground1_subject5_f003600_004200,data/lafan1/ground1_subject5.bvh,3600,4200,600,30.000300003000028,19.9998,12.47673816554,0.6248846210769287,3.2342384517521854,3.355876601428086,0,False,stance_swing;semantic_exclusion
ground1_subject5_f003900_004500,data/lafan1/ground1_subject5.bvh,3900,4500,600,30.000300003000028,19.9998,9.107045640234224,0.45611703063111886,5.088874170610913,2.434589209038256,0,False,stance_swing;semantic_exclusion
ground1_subject5_f004142_004742,data/lafan1/ground1_subject5.bvh,4142,4742,600,30.000300003000028,19.9998,5.5766616103062825,0.2793013711592683,4.247455750337456,2.235143364160023,4,False,semantic_exclusion
ground2_subject2_f000000_000600,data/lafan1/ground2_subject2.bvh,0,600,600,30.000300003000028,19.9998,3.4142205569947266,0.17099773119574566,6.532001617783764,1.3588344072221332,31,False,semantic_exclusion
ground2_subject2_f000300_000900,data/lafan1/ground2_subject2.bvh,300,900,600,30.000300003000028,19.9998,6.595528824776835,0.33033028951876336,3.6766594797093166,2.6205197415018135,19,False,semantic_exclusion
ground2_subject2_f000600_001200,data/lafan1/ground2_subject2.bvh,600,1200,600,30.000300003000028,19.9998,13.822163311189229,0.6922688581404627,3.790594402224816,7.555194286198339,11,False,semantic_exclusion
ground2_subject2_f000900_001500,data/lafan1/ground2_subject2.bvh,900,1500,600,30.000300003000028,19.9998,17.468354457714234,0.8748845981471952,7.482077896012007,10.547413509031065,4,False,semantic_exclusion
ground2_subject2_f001200_001800,data/lafan1/ground2_subject2.bvh,1200,1800,600,30.000300003000028,19.9998,12.78667528870886,0.6404075036764821,7.0999016777501955,5.347645054669119,4,False,semantic_exclusion
ground2_subject2_f001500_002100,data/lafan1/ground2_subject2.bvh,1500,2100,600,30.000300003000028,19.9998,13.215231105480015,0.6618712817585612,3.6497286236161113,5.346100537277337,4,False,semantic_exclusion
ground2_subject2_f001800_002400,data/lafan1/ground2_subject2.bvh,1800,2400,600,30.000300003000028,19.9998,14.63692625562186,0.7330754236902233,4.7023563671425155,4.959601280112333,0,False,stance_swing;semantic_exclusion
ground2_subject2_f002100_002700,data/lafan1/ground2_subject2.bvh,2100,2700,600,30.000300003000028,19.9998,10.377293673204262,0.5197360991909215,3.4907170690518874,5.307973025131945,6,False,semantic_exclusion
ground2_subject2_f002400_003000,data/lafan1/ground2_subject2.bvh,2400,3000,600,30.000300003000028,19.9998,11.306091322552884,0.5662539758562636,5.375203844442023,6.371582019860812,12,False,semantic_exclusion
ground2_subject2_f002700_003300,data/lafan1/ground2_subject2.bvh,2700,3300,600,30.000300003000028,19.9998,11.280403953342518,0.564967450342743,7.633652669811655,6.296065603356778,5,False,semantic_exclusion
ground2_subject2_f003000_003600,data/lafan1/ground2_subject2.bvh,3000,3600,600,30.000300003000028,19.9998,10.934162612555038,0.5476263082775253,4.711088810870022,6.431215611975348,0,False,stance_swing;semantic_exclusion
ground2_subject2_f003300_003900,data/lafan1/ground2_subject2.bvh,3300,3900,600,30.000300003000028,19.9998,11.73958889983684,0.5879652569398901,5.873702111819616,4.56058763313743,2,False,semantic_exclusion
ground2_subject2_f003600_004200,data/lafan1/ground2_subject2.bvh,3600,4200,600,30.000300003000028,19.9998,9.93753133658166,0.4977110540678859,7.79348194573776,3.4082430206310432,4,False,semantic_exclusion
ground2_subject2_f003900_004500,data/lafan1/ground2_subject2.bvh,3900,4500,600,30.000300003000028,19.9998,9.883921856500017,0.4950260782991811,5.248405291863609,3.881220376470977,2,False,semantic_exclusion
ground2_subject2_f004200_004800,data/lafan1/ground2_subject2.bvh,4200,4800,600,30.000300003000028,19.9998,7.9340025983797915,0.3973663742503764,3.9858000031969176,4.054662509392843,0,False,stance_swing;semantic_exclusion
ground2_subject2_f004500_005100,data/lafan1/ground2_subject2.bvh,4500,5100,600,30.000300003000028,19.9998,6.9660040256834765,0.34888515958699534,6.90586520579951,3.377313144821912,33,False,semantic_exclusion
ground2_subject2_f004800_005400,data/lafan1/ground2_subject2.bvh,4800,5400,600,30.000300003000028,19.9998,8.755010272144506,0.43848570065723225,7.7993558413408905,3.9991431774755593,43,False,semantic_exclusion
ground2_subject2_f004950_005550,data/lafan1/ground2_subject2.bvh,4950,5550,600,30.000300003000028,19.9998,8.539928605268525,0.4277135561974247,5.781178505720968,3.932557620363933,46,False,semantic_exclusion
ground2_subject3_f000000_000600,data/lafan1/ground2_subject3.bvh,0,600,600,30.000300003000028,19.9998,5.22112744206401,0.2614948073719808,4.404201705688859,2.5005205227477845,34,False,semantic_exclusion
ground2_subject3_f000300_000900,data/lafan1/ground2_subject3.bvh,300,900,600,30.000300003000028,19.9998,7.019871441558177,0.3515830538050711,3.2925256919508503,2.0182047194137143,18,False,semantic_exclusion
ground2_subject3_f000600_001200,data/lafan1/ground2_subject3.bvh,600,1200,600,30.000300003000028,19.9998,9.569719914122793,0.47928959660829296,6.760490538693852,2.4996650075281823,4,False,semantic_exclusion
ground2_subject3_f000900_001500,data/lafan1/ground2_subject3.bvh,900,1500,600,30.000300003000028,19.9998,13.191077540053815,0.6606615752328049,4.530938171828327,4.5786986074083345,2,False,semantic_exclusion
ground2_subject3_f001200_001800,data/lafan1/ground2_subject3.bvh,1200,1800,600,30.000300003000028,19.9998,13.429350248362741,0.672595219192396,6.846212637073215,5.864496525267192,2,False,semantic_exclusion
ground2_subject3_f001500_002100,data/lafan1/ground2_subject3.bvh,1500,2100,600,30.000300003000028,19.9998,9.534436669959383,0.4775224715498933,5.784769936773743,3.8883862570173564,20,False,semantic_exclusion
ground2_subject3_f001800_002400,data/lafan1/ground2_subject3.bvh,1800,2400,600,30.000300003000028,19.9998,6.513194697074775,0.3262066692657632,2.4342756911555954,2.5511361533079695,28,False,semantic_exclusion
ground2_subject3_f002100_002700,data/lafan1/ground2_subject3.bvh,2100,2700,600,30.000300003000028,19.9998,10.264498272571362,0.5140868573579573,4.369991000674901,3.30076430976834,10,False,semantic_exclusion
ground2_subject3_f002400_003000,data/lafan1/ground2_subject3.bvh,2400,3000,600,30.000300003000028,19.9998,13.582394822696026,0.6802602995660687,8.35220026547261,2.3328534606642766,2,False,semantic_exclusion
ground2_subject3_f002700_003300,data/lafan1/ground2_subject3.bvh,2700,3300,600,30.000300003000028,19.9998,10.548598689284274,0.5283157350413707,4.350085700413798,4.579878337485889,0,False,stance_swing;semantic_exclusion
ground2_subject3_f003000_003600,data/lafan1/ground2_subject3.bvh,3000,3600,600,30.000300003000028,19.9998,7.517780447499744,0.37652031516140255,0.7285770325160041,4.621665987296605,0,False,stance_swing;semantic_exclusion
ground2_subject3_f003300_003900,data/lafan1/ground2_subject3.bvh,3300,3900,600,30.000300003000028,19.9998,8.513202258983256,0.42637499458383177,4.512496639223779,1.8320221600232967,10,False,semantic_exclusion
ground2_subject3_f003600_004200,data/lafan1/ground2_subject3.bvh,3600,4200,600,30.000300003000028,19.9998,9.35722584947612,0.468647049549433,7.888502059372907,2.5890669568898703,24,False,semantic_exclusion
ground2_subject3_f003900_004500,data/lafan1/ground2_subject3.bvh,3900,4500,600,30.000300003000028,19.9998,10.826889633963875,0.5422536512826167,5.385870249245001,6.323150478320842,28,False,semantic_exclusion
ground2_subject3_f004200_004800,data/lafan1/ground2_subject3.bvh,4200,4800,600,30.000300003000028,19.9998,10.904221109155761,0.546126718820899,12.299812702113126,4.459134982804449,30,False,semantic_exclusion
ground2_subject3_f004500_005100,data/lafan1/ground2_subject3.bvh,4500,5100,600,30.000300003000028,19.9998,7.159275949348789,0.35856498545029464,8.65911293887256,2.9092285216450127,16,False,semantic_exclusion
ground2_subject3_f004800_005400,data/lafan1/ground2_subject3.bvh,4800,5400,600,30.000300003000028,19.9998,4.610524452821643,0.23091338356563748,0.4126312047941383,3.4113319542242158,0,False,stance_swing;semantic_exclusion
ground2_subject3_f004950_005550,data/lafan1/ground2_subject3.bvh,4950,5550,600,30.000300003000028,19.9998,4.776706294031694,0.23923643046272,4.818555330569076,2.8202786109176436,2,False,semantic_exclusion
jumps1_subject1_f000000_000600,data/lafan1/jumps1_subject1.bvh,0,600,600,30.000300003000028,19.9998,17.81509850910762,0.8922509179569735,16.224838936917624,5.1649181351216935,16,True,
jumps1_subject1_f000300_000900,data/lafan1/jumps1_subject1.bvh,300,900,600,30.000300003000028,19.9998,20.561005202828476,1.029776835472619,11.944728603874939,5.610106480188763,0,False,stance_swing
jumps1_subject1_f000600_001200,data/lafan1/jumps1_subject1.bvh,600,1200,600,30.000300003000028,19.9998,18.385206006193357,0.9208041666156239,35.8433378415062,5.516215261832961,6,True,
jumps1_subject1_f000900_001500,data/lafan1/jumps1_subject1.bvh,900,1500,600,30.000300003000028,19.9998,17.38962360545448,0.8709414442452177,42.15044449947284,5.234025304394372,10,True,
jumps1_subject1_f001200_001800,data/lafan1/jumps1_subject1.bvh,1200,1800,600,30.000300003000028,19.9998,21.695088995324063,1.0865762578489255,18.599846578930723,6.922159732233116,8,True,
jumps1_subject1_f001500_002100,data/lafan1/jumps1_subject1.bvh,1500,2100,600,30.000300003000028,19.9998,22.602972527329207,1.1320466724197729,16.553160807631986,6.101721361986797,17,True,
jumps1_subject1_f001800_002400,data/lafan1/jumps1_subject1.bvh,1800,2400,600,30.000300003000028,19.9998,16.70016680103442,0.8364107080653989,14.590941437687606,6.704022941432161,20,True,
jumps1_subject1_f002100_002700,data/lafan1/jumps1_subject1.bvh,2100,2700,600,30.000300003000028,19.9998,12.07810270785219,0.6049193734601214,12.771910979681651,7.514290065799015,19,True,
jumps1_subject1_f002400_003000,data/lafan1/jumps1_subject1.bvh,2400,3000,600,30.000300003000028,19.9998,14.068575516865803,0.7046101604688402,12.771910979681651,6.40866520017152,20,True,
jumps1_subject1_f002700_003300,data/lafan1/jumps1_subject1.bvh,2700,3300,600,30.000300003000028,19.9998,18.283870990439674,0.9157289063928873,10.260892080991937,5.206705051285136,14,True,
jumps1_subject1_f003000_003600,data/lafan1/jumps1_subject1.bvh,3000,3600,600,30.000300003000028,19.9998,18.573164706136463,0.9302178851239161,22.003718230339995,5.003960573710518,16,True,
jumps1_subject1_f003300_003900,data/lafan1/jumps1_subject1.bvh,3300,3900,600,30.000300003000028,19.9998,20.45236466826249,1.0243356858407895,32.03555668908404,5.68647756425379,12,True,
jumps1_subject1_f003600_004200,data/lafan1/jumps1_subject1.bvh,3600,4200,600,30.000300003000028,19.9998,23.100767948879724,1.1569782450184964,23.996922227790122,9.270399594831446,21,True,
jumps1_subject1_f003900_004500,data/lafan1/jumps1_subject1.bvh,3900,4500,600,30.000300003000028,19.9998,22.847772325264547,1.1443072189618997,7.616584121686289,9.72285635220193,48,True,
jumps1_subject1_f004200_004800,data/lafan1/jumps1_subject1.bvh,4200,4800,600,30.000300003000028,19.9998,26.66901351187292,1.3356901605012501,13.35821453228289,11.361032722737235,41,True,
jumps1_subject1_f004500_005100,data/lafan1/jumps1_subject1.bvh,4500,5100,600,30.000300003000028,19.9998,31.598277674257297,1.5825672951683087,23.192536262373206,11.361032722737235,25,True,
jumps1_subject1_f004800_005400,data/lafan1/jumps1_subject1.bvh,4800,5400,600,30.000300003000028,19.9998,21.88867427722529,1.096271777937744,17.343202165414226,6.256978496550037,46,True,
jumps1_subject1_f005100_005700,data/lafan1/jumps1_subject1.bvh,5100,5700,600,30.000300003000028,19.9998,12.820246344971086,0.6420888755617649,6.616554676979654,4.687468112174389,67,True,
jumps1_subject1_f005400_006000,data/lafan1/jumps1_subject1.bvh,5400,6000,600,30.000300003000028,19.9998,12.969178179979458,0.6495479736089244,10.620777400244515,2.372437304805124,69,True,
jumps1_subject1_f005700_006300,data/lafan1/jumps1_subject1.bvh,5700,6300,600,30.000300003000028,19.9998,15.381437409912852,0.7703635004586866,15.141328434787345,5.048503192167352,64,True,
jumps1_subject1_f006000_006600,data/lafan1/jumps1_subject1.bvh,6000,6600,600,30.000300003000028,19.9998,21.937281286659527,1.0987062101001406,17.042009281719157,5.0668641444604265,48,True,
jumps1_subject1_f006300_006900,data/lafan1/jumps1_subject1.bvh,6300,6900,600,30.000300003000028,19.9998,25.964950674437294,1.300427896153951,26.521398917211656,6.352791144966528,34,True,
jumps1_subject1_f006600_007200,data/lafan1/jumps1_subject1.bvh,6600,7200,600,30.000300003000028,19.9998,25.544019469691253,1.2793459889369136,19.46547818684562,7.99725892671726,34,True,
jumps1_subject1_f006734_007334,data/lafan1/jumps1_subject1.bvh,6734,7334,600,30.000300003000028,19.9998,23.276591662030043,1.1657841951723378,10.530649940253944,7.99725892671726,34,True,
jumps1_subject2_f000000_000600,data/lafan1/jumps1_subject2.bvh,0,600,600,30.000300003000028,19.9998,1.9397233622589845,0.0971490530727837,6.070001573623072,1.0506179630198305,46,True,
jumps1_subject2_f000300_000900,data/lafan1/jumps1_subject2.bvh,300,900,600,30.000300003000028,19.9998,8.464509230665286,0.4239362542539592,8.362949967741548,5.8728986333444215,41,True,
jumps1_subject2_f000600_001200,data/lafan1/jumps1_subject2.bvh,600,1200,600,30.000300003000028,19.9998,22.742544133435285,1.1390369730125658,5.739992877301966,7.429867182194549,10,True,
jumps1_subject2_f000900_001500,data/lafan1/jumps1_subject2.bvh,900,1500,600,30.000300003000028,19.9998,31.369921917121115,1.5711303315264094,6.553327761625225,9.697018681725398,0,False,stance_swing
jumps1_subject2_f001200_001800,data/lafan1/jumps1_subject2.bvh,1200,1800,600,30.000300003000028,19.9998,22.72137976058449,1.137976977127926,16.20657701570221,10.13816468796644,14,True,
jumps1_subject2_f001500_002100,data/lafan1/jumps1_subject2.bvh,1500,2100,600,30.000300003000028,19.9998,13.109067594366408,0.6565541913031688,17.55379408352777,6.598074584755764,34,True,
jumps1_subject2_f001800_002400,data/lafan1/jumps1_subject2.bvh,1800,2400,600,30.000300003000028,19.9998,11.892317441436688,0.5956145091385816,18.160176571303317,3.4837466869949383,40,True,
jumps1_subject2_f002100_002700,data/lafan1/jumps1_subject2.bvh,2100,2700,600,30.000300003000028,19.9998,11.822319813588168,0.5921087498147853,22.021346857893157,3.6474397618369383,49,True,
jumps1_subject2_f002400_003000,data/lafan1/jumps1_subject2.bvh,2400,3000,600,30.000300003000028,19.9998,9.963856158773616,0.4990295057595125,12.097613559111872,3.7080468440431047,56,True,
jumps1_subject2_f002700_003300,data/lafan1/jumps1_subject2.bvh,2700,3300,600,30.000300003000028,19.9998,13.90407324568322,0.6963712331121585,6.281646716537024,6.742739330166926,40,True,
jumps1_subject2_f003000_003600,data/lafan1/jumps1_subject2.bvh,3000,3600,600,30.000300003000028,19.9998,26.085513997262094,1.306466186394523,7.3453918050617295,6.060733723471177,12,True,
jumps1_subject2_f003300_003900,data/lafan1/jumps1_subject2.bvh,3300,3900,600,30.000300003000028,19.9998,30.98901878185329,1.5520531890721223,13.156109405877839,8.189192393224408,0,False,stance_swing
jumps1_subject2_f003600_004200,data/lafan1/jumps1_subject2.bvh,3600,4200,600,30.000300003000028,19.9998,25.4644343637878,1.275360050618259,18.322908274014562,8.605996697562327,16,True,
jumps1_subject2_f003900_004500,data/lafan1/jumps1_subject2.bvh,3900,4500,600,30.000300003000028,19.9998,19.346425398443,0.9689458529865599,9.876347312691639,8.26322921777621,36,True,
jumps1_subject2_f004200_004800,data/lafan1/jumps1_subject2.bvh,4200,4800,600,30.000300003000028,19.9998,18.214080224924274,0.9122335075566586,15.282508055482598,4.715988122476972,29,True,
jumps1_subject2_f004500_005100,data/lafan1/jumps1_subject2.bvh,4500,5100,600,30.000300003000028,19.9998,20.053690157664597,1.0043684822990766,25.443405492894005,5.069405108595051,14,True,
jumps1_subject2_f004800_005400,data/lafan1/jumps1_subject2.bvh,4800,5400,600,30.000300003000028,19.9998,20.991717700599587,1.051348628708303,18.70193479909629,4.834345090279582,13,True,
jumps1_subject2_f005100_005700,data/lafan1/jumps1_subject2.bvh,5100,5700,600,30.000300003000028,19.9998,15.8770134277827,0.7951839165027393,8.73659260432473,6.123927340771065,33,True,
jumps1_subject2_f005400_006000,data/lafan1/jumps1_subject2.bvh,5400,6000,600,30.000300003000028,19.9998,7.975987811920641,0.3994691605640918,6.771003149464906,3.571485516888722,0,False,stance_swing
jumps1_subject2_f005700_006300,data/lafan1/jumps1_subject2.bvh,5700,6300,600,30.000300003000028,19.9998,5.49439489275795,0.2751811270746071,0.6377792982977166,2.9362742100348767,10,True,
jumps1_subject2_f006000_006600,data/lafan1/jumps1_subject2.bvh,6000,6600,600,30.000300003000028,19.9998,4.962640603120193,0.24854875943351387,0.6077477276102381,2.7093335323018675,10,True,
jumps1_subject2_f006300_006900,data/lafan1/jumps1_subject2.bvh,6300,6900,600,30.000300003000028,19.9998,4.334301984927666,0.2170790648604816,1.277630361156572,1.183129216486017,0,False,stance_swing
jumps1_subject2_f006600_007200,data/lafan1/jumps1_subject2.bvh,6600,7200,600,30.000300003000028,19.9998,4.327266594987408,0.21672670457860208,13.72117789198393,1.7568195820852683,0,False,stance_swing
jumps1_subject2_f006734_007334,data/lafan1/jumps1_subject2.bvh,6734,7334,600,30.000300003000028,19.9998,4.729473912141898,0.2368708451095478,13.867809653919586,1.884034307611807,0,False,stance_swing
jumps1_subject5_f000000_000600,data/lafan1/jumps1_subject5.bvh,0,600,600,30.000300003000028,19.9998,22.35468841848889,1.119611617743334,13.382337163385323,6.419505284742326,2,True,
jumps1_subject5_f000300_000900,data/lafan1/jumps1_subject5.bvh,300,900,600,30.000300003000028,19.9998,16.07807513037639,0.8052538854458523,16.532620434141208,6.51691459663564,10,True,
jumps1_subject5_f000600_001200,data/lafan1/jumps1_subject5.bvh,600,1200,600,30.000300003000028,19.9998,9.471426690071322,0.4743666813999353,18.238491912041923,3.1912787338387685,30,True,
jumps1_subject5_f000900_001500,data/lafan1/jumps1_subject5.bvh,900,1500,600,30.000300003000028,19.9998,10.362768912183636,0.5190086414478653,16.369832342130966,3.265042339228245,30,True,
jumps1_subject5_f001200_001800,data/lafan1/jumps1_subject5.bvh,1200,1800,600,30.000300003000028,19.9998,11.857322690129271,0.5938618329486769,21.302747969766255,3.954690254666946,20,True,
jumps1_subject5_f001500_002100,data/lafan1/jumps1_subject5.bvh,1500,2100,600,30.000300003000028,19.9998,19.493384784716614,0.9763061629639642,14.626493483285763,4.996239932300847,10,True,
jumps1_subject5_f001800_002400,data/lafan1/jumps1_subject5.bvh,1800,2400,600,30.000300003000028,19.9998,21.756861924957597,1.0896700916069726,6.758282556066348,6.833967367751908,4,True,
jumps1_subject5_f002100_002700,data/lafan1/jumps1_subject5.bvh,2100,2700,600,30.000300003000028,19.9998,16.41996684052559,0.8223771807263442,7.512426886967126,6.15975924928615,14,True,
jumps1_subject5_f002400_003000,data/lafan1/jumps1_subject5.bvh,2400,3000,600,30.000300003000028,19.9998,15.031220391777172,0.7528232406753369,17.712775839458615,6.350087340590231,15,True,
jumps1_subject5_f002700_003300,data/lafan1/jumps1_subject5.bvh,2700,3300,600,30.000300003000028,19.9998,16.689068714964918,0.8358548718190814,14.704729995141847,6.374824856846898,14,True,
jumps1_subject5_f003000_003600,data/lafan1/jumps1_subject5.bvh,3000,3600,600,30.000300003000028,19.9998,18.756540416290854,0.9394020692940245,7.925901111437292,9.200914552713337,10,True,
jumps1_subject5_f003300_003900,data/lafan1/jumps1_subject5.bvh,3300,3900,600,30.000300003000028,19.9998,17.63571030261682,0.8832664438138613,15.289589113572227,5.00651603761291,12,True,
jumps1_subject5_f003600_004200,data/lafan1/jumps1_subject5.bvh,3600,4200,600,30.000300003000028,19.9998,16.01710540322326,0.8022002792593831,15.141418505067058,4.897370185557881,19,True,
jumps1_subject5_f003900_004500,data/lafan1/jumps1_subject5.bvh,3900,4500,600,30.000300003000028,19.9998,12.106435302981946,0.6063383823979448,16.784249089729663,5.429137570615113,30,True,
jumps1_subject5_f004200_004800,data/lafan1/jumps1_subject5.bvh,4200,4800,600,30.000300003000028,19.9998,9.28633839281408,0.4650967240631044,12.656900881574288,3.6474684617999475,46,True,
jumps1_subject5_f004500_005100,data/lafan1/jumps1_subject5.bvh,4500,5100,600,30.000300003000028,19.9998,15.128349058846535,0.7576878302429035,17.15171079819939,5.039182155056045,44,True,
jumps1_subject5_f004800_005400,data/lafan1/jumps1_subject5.bvh,4800,5400,600,30.000300003000028,19.9998,17.109316535451136,0.8569025524371003,13.053431532463053,6.426527045841588,28,True,
jumps1_subject5_f005100_005700,data/lafan1/jumps1_subject5.bvh,5100,5700,600,30.000300003000028,19.9998,17.193503120108883,0.8611189510947972,8.124413015031735,6.094952435978619,9,True,
jumps1_subject5_f005400_006000,data/lafan1/jumps1_subject5.bvh,5400,6000,600,30.000300003000028,19.9998,20.206645108429406,1.0120290739683393,11.749162724423881,6.9719956099638,10,True,
jumps1_subject5_f005700_006300,data/lafan1/jumps1_subject5.bvh,5700,6300,600,30.000300003000028,19.9998,24.159589100122925,1.2100082152802958,11.761177394395743,7.384456519597538,20,True,
jumps1_subject5_f006000_006600,data/lafan1/jumps1_subject5.bvh,6000,6600,600,30.000300003000028,19.9998,14.789088434185318,0.7406963101777253,12.960944414418133,7.489132067642443,24,True,
jumps1_subject5_f006300_006900,data/lafan1/jumps1_subject5.bvh,6300,6900,600,30.000300003000028,19.9998,2.9909485908194284,0.14979858934579804,18.204357706720938,1.0919048336654653,36,True,
jumps1_subject5_f006600_007200,data/lafan1/jumps1_subject5.bvh,6600,7200,600,30.000300003000028,19.9998,4.143906769688496,0.20754331598517134,19.31583358515565,1.2035775661250232,38,True,
jumps1_subject5_f006734_007334,data/lafan1/jumps1_subject5.bvh,6734,7334,600,30.000300003000028,19.9998,4.06340845853851,0.20351164071933758,22.969293242109583,1.4953595277575007,38,True,
multipleActions1_subject1_f000000_000600,data/lafan1/multipleActions1_subject1.bvh,0,600,600,30.000300003000028,19.9998,4.196270033807273,0.21016587630687353,9.489065814715246,1.784980112191131,33,True,
multipleActions1_subject1_f000300_000900,data/lafan1/multipleActions1_subject1.bvh,300,900,600,30.000300003000028,19.9998,4.968845519890024,0.2488595263193045,3.6257888785944212,1.5034974132193948,40,True,
multipleActions1_subject1_f000600_001200,data/lafan1/multipleActions1_subject1.bvh,600,1200,600,30.000300003000028,19.9998,4.761970495302785,0.2384984031127182,4.026584013064355,1.3488258020692299,44,True,
multipleActions1_subject1_f000900_001500,data/lafan1/multipleActions1_subject1.bvh,900,1500,600,30.000300003000028,19.9998,7.889719272411993,0.39514848933524355,5.590203811544704,2.9833605083101844,55,True,
multipleActions1_subject1_f001200_001800,data/lafan1/multipleActions1_subject1.bvh,1200,1800,600,30.000300003000028,19.9998,13.417222216293514,0.6719877991581341,8.168838780751138,3.447394514572134,60,True,
multipleActions1_subject1_f001500_002100,data/lafan1/multipleActions1_subject1.bvh,1500,2100,600,30.000300003000028,19.9998,14.804818664043301,0.7414841425898383,18.17430020619784,4.989191967846935,51,True,
multipleActions1_subject1_f001800_002400,data/lafan1/multipleActions1_subject1.bvh,1800,2400,600,30.000300003000028,19.9998,13.106899924602047,0.6564456257885807,17.205520309057196,5.98634831301771,44,True,
multipleActions1_subject1_f002100_002700,data/lafan1/multipleActions1_subject1.bvh,2100,2700,600,30.000300003000028,19.9998,12.881164122769125,0.6451398799181209,12.827149762967611,5.731894343514243,51,True,
multipleActions1_subject1_f002400_003000,data/lafan1/multipleActions1_subject1.bvh,2400,3000,600,30.000300003000028,19.9998,13.586343852899907,0.6804580826893364,22.934803599879718,7.798209432574581,55,True,
multipleActions1_subject1_f002700_003300,data/lafan1/multipleActions1_subject1.bvh,2700,3300,600,30.000300003000028,19.9998,22.006649292642226,1.102180435459224,15.699906192357467,9.47294678698404,37,True,
multipleActions1_subject1_f003000_003600,data/lafan1/multipleActions1_subject1.bvh,3000,3600,600,30.000300003000028,19.9998,36.900656995335474,1.8481315194789079,12.735550797013325,11.720407420016564,10,True,
multipleActions1_subject1_f003300_003900,data/lafan1/multipleActions1_subject1.bvh,3300,3900,600,30.000300003000028,19.9998,42.56379433763891,2.1317639388900855,12.745847971675357,11.984926138661251,0,False,stance_swing
multipleActions1_subject1_f003600_004200,data/lafan1/multipleActions1_subject1.bvh,3600,4200,600,30.000300003000028,19.9998,44.49756802298926,2.2286150085034704,17.426830800705346,11.880590961046174,6,True,
multipleActions1_subject1_f003900_004500,data/lafan1/multipleActions1_subject1.bvh,3900,4500,600,30.000300003000028,19.9998,42.22072121299519,2.114581473677601,15.097230005528834,12.37269319801302,17,True,
multipleActions1_subject1_f003987_004587,data/lafan1/multipleActions1_subject1.bvh,3987,4587,600,30.000300003000028,19.9998,33.37286230288733,1.6714455443162441,13.704844406524966,12.37269319801302,22,True,
multipleActions1_subject2_f000000_000600,data/lafan1/multipleActions1_subject2.bvh,0,600,600,30.000300003000028,19.9998,14.450975899816587,0.723762291036095,11.133336733623818,3.155492259798148,0,False,stance_swing
multipleActions1_subject2_f000300_000900,data/lafan1/multipleActions1_subject2.bvh,300,900,600,30.000300003000028,19.9998,13.169558001254908,0.659583791226305,8.248369601512431,3.7276453657586948,0,False,stance_swing
multipleActions1_subject2_f000600_001200,data/lafan1/multipleActions1_subject2.bvh,600,1200,600,30.000300003000028,19.9998,14.166853751114422,0.7095323249283121,9.568486750790786,4.677408767071093,4,True,
multipleActions1_subject2_f000900_001500,data/lafan1/multipleActions1_subject2.bvh,900,1500,600,30.000300003000028,19.9998,28.939421059689863,1.4494011914922085,10.445010194593007,6.747555778718432,10,True,
multipleActions1_subject2_f001200_001800,data/lafan1/multipleActions1_subject2.bvh,1200,1800,600,30.000300003000028,19.9998,42.89826992602584,2.148515805326292,29.148279677516324,7.987523094244764,0,False,stance_swing
multipleActions1_subject2_f001500_002100,data/lafan1/multipleActions1_subject2.bvh,1500,2100,600,30.000300003000028,19.9998,29.67830036992861,1.4864072031335644,25.431997473926028,7.975930150120144,22,True,
multipleActions1_subject2_f001800_002400,data/lafan1/multipleActions1_subject2.bvh,1800,2400,600,30.000300003000028,19.9998,17.033174390237505,0.8530890512696866,6.929724883949781,5.3870013916408706,34,True,
multipleActions1_subject2_f002100_002700,data/lafan1/multipleActions1_subject2.bvh,2100,2700,600,30.000300003000028,19.9998,19.336812132758354,0.9684643824447438,8.513862314343402,5.536375669842288,17,True,
multipleActions1_subject2_f002400_003000,data/lafan1/multipleActions1_subject2.bvh,2400,3000,600,30.000300003000028,19.9998,20.268796954313828,1.0151418853577765,8.88441760486621,7.212662400212403,16,True,
multipleActions1_subject2_f002700_003300,data/lafan1/multipleActions1_subject2.bvh,2700,3300,600,30.000300003000028,19.9998,17.392806748062945,0.8711008686746105,11.387181948415412,7.245816143658868,24,True,
multipleActions1_subject2_f003000_003600,data/lafan1/multipleActions1_subject2.bvh,3000,3600,600,30.000300003000028,19.9998,29.41744023683269,1.4733422911941652,11.554394942714524,10.30465639854507,22,True,
multipleActions1_subject2_f003300_003900,data/lafan1/multipleActions1_subject2.bvh,3300,3900,600,30.000300003000028,19.9998,36.804378906118124,1.8433095302297657,7.7761963972823445,10.143963291210468,16,True,
multipleActions1_subject2_f003600_004200,data/lafan1/multipleActions1_subject2.bvh,3600,4200,600,30.000300003000028,19.9998,29.47495579478909,1.4762228988628328,7.834008594871934,10.536460004151026,22,True,
multipleActions1_subject2_f003900_004500,data/lafan1/multipleActions1_subject2.bvh,3900,4500,600,30.000300003000028,19.9998,18.90893171045255,0.9470344308010299,7.930610692509141,9.467165869680894,35,True,
multipleActions1_subject2_f003987_004587,data/lafan1/multipleActions1_subject2.bvh,3987,4587,600,30.000300003000028,19.9998,18.674406222867717,0.9352884625441104,9.01291441641756,9.104270854818983,36,True,
multipleActions1_subject3_f000000_000600,data/lafan1/multipleActions1_subject3.bvh,0,600,600,30.000300003000028,19.9998,8.602916244497422,0.4308682274384057,12.353997088269999,3.023780082884948,8,True,
multipleActions1_subject3_f000300_000900,data/lafan1/multipleActions1_subject3.bvh,300,900,600,30.000300003000028,19.9998,13.604010588811288,0.681342903018911,8.444443628768987,3.30336099943729,32,True,
multipleActions1_subject3_f000600_001200,data/lafan1/multipleActions1_subject3.bvh,600,1200,600,30.000300003000028,19.9998,21.11711332604697,1.0576289398643721,12.883178293987253,5.276856918646997,24,True,
multipleActions1_subject3_f000900_001500,data/lafan1/multipleActions1_subject3.bvh,900,1500,600,30.000300003000028,19.9998,38.814866166172905,1.9440027204699213,12.883178293987253,7.502642193309477,8,True,
multipleActions1_subject3_f001200_001800,data/lafan1/multipleActions1_subject3.bvh,1200,1800,600,30.000300003000028,19.9998,47.01368137743771,2.354631962551898,42.7506910627348,8.291236913970076,0,False,stance_swing
multipleActions1_subject3_f001500_002100,data/lafan1/multipleActions1_subject3.bvh,1500,2100,600,30.000300003000028,19.9998,31.378241072870942,1.571546987900811,38.37660887820863,8.092637843176076,8,True,
multipleActions1_subject3_f001800_002400,data/lafan1/multipleActions1_subject3.bvh,1800,2400,600,30.000300003000028,19.9998,20.090930549864186,1.0062336291074523,8.377774508601263,6.570080523098097,20,True,
multipleActions1_subject3_f002100_002700,data/lafan1/multipleActions1_subject3.bvh,2100,2700,600,30.000300003000028,19.9998,23.680490549277867,1.1860130562546625,8.742640620084654,6.744247322368364,11,True,
multipleActions1_subject3_f002400_003000,data/lafan1/multipleActions1_subject3.bvh,2400,3000,600,30.000300003000028,19.9998,25.914797984298563,1.2979160501604294,7.956468817074354,7.462262937442003,4,True,
multipleActions1_subject3_f002700_003300,data/lafan1/multipleActions1_subject3.bvh,2700,3300,600,30.000300003000028,19.9998,20.78710454994523,1.0411007891353654,7.880225614007495,7.545284307714402,15,True,
multipleActions1_subject3_f003000_003600,data/lafan1/multipleActions1_subject3.bvh,3000,3600,600,30.000300003000028,19.9998,28.07982632987428,1.4063492720006139,4.947266882860824,10.60173014821089,16,True,
multipleActions1_subject3_f003300_003900,data/lafan1/multipleActions1_subject3.bvh,3300,3900,600,30.000300003000028,19.9998,40.5160352549461,2.029204027680315,8.832146842483459,11.466895579934686,17,True,
multipleActions1_subject3_f003600_004200,data/lafan1/multipleActions1_subject3.bvh,3600,4200,600,30.000300003000028,19.9998,37.911381254850156,1.89875260629986,5.8742158773142945,11.84663480222696,28,True,
multipleActions1_subject3_f003900_004500,data/lafan1/multipleActions1_subject3.bvh,3900,4500,600,30.000300003000028,19.9998,22.953928788059773,1.1496239564095025,4.989452087783711,11.148204087135383,4,True,
multipleActions1_subject3_f003987_004587,data/lafan1/multipleActions1_subject3.bvh,3987,4587,600,30.000300003000028,19.9998,22.596891292485413,1.1317421000162629,5.202325323436579,10.597598098303893,4,True,
multipleActions1_subject4_f000000_000600,data/lafan1/multipleActions1_subject4.bvh,0,600,600,30.000300003000028,19.9998,5.916080554338409,0.29630082048759093,9.04991868080645,2.8388056186174238,46,True,
multipleActions1_subject4_f000300_000900,data/lafan1/multipleActions1_subject4.bvh,300,900,600,30.000300003000028,19.9998,8.140053003835144,0.4076861972543837,8.557528761055156,2.2993521285446668,54,True,
multipleActions1_subject4_f000600_001200,data/lafan1/multipleActions1_subject4.bvh,600,1200,600,30.000300003000028,19.9998,9.44117895925988,0.4728517548577763,10.552383652832562,2.3310165830157445,36,True,
multipleActions1_subject4_f000900_001500,data/lafan1/multipleActions1_subject4.bvh,900,1500,600,30.000300003000028,19.9998,6.868151902396936,0.3439843364575683,11.626730336668247,2.5599348188198245,12,True,
multipleActions1_subject4_f001200_001800,data/lafan1/multipleActions1_subject4.bvh,1200,1800,600,30.000300003000028,19.9998,8.624138821942987,0.4319311384404155,8.916791075800104,4.078644260442549,12,True,
multipleActions1_subject4_f001500_002100,data/lafan1/multipleActions1_subject4.bvh,1500,2100,600,30.000300003000028,19.9998,12.500024725951025,0.6260509045466595,16.61435816107957,4.916877063943637,24,True,
multipleActions1_subject4_f001800_002400,data/lafan1/multipleActions1_subject4.bvh,1800,2400,600,30.000300003000028,19.9998,8.150436742973552,0.4082062561680818,16.154041799749777,4.894626351884632,32,True,
multipleActions1_subject4_f002100_002700,data/lafan1/multipleActions1_subject4.bvh,2100,2700,600,30.000300003000028,19.9998,7.4006086550392425,0.3706518862370214,12.752062195935595,6.757063797159362,40,True,
multipleActions1_subject4_f002400_003000,data/lafan1/multipleActions1_subject4.bvh,2400,3000,600,30.000300003000028,19.9998,12.105888991745136,0.6063110209605502,16.313227209102685,6.947452908565456,38,True,
multipleActions1_subject4_f002700_003300,data/lafan1/multipleActions1_subject4.bvh,2700,3300,600,30.000300003000028,19.9998,11.352112077645835,0.5685588781253005,22.39826422597706,5.918087828203347,40,True,
multipleActions1_subject4_f003000_003600,data/lafan1/multipleActions1_subject4.bvh,3000,3600,600,30.000300003000028,19.9998,8.04397862067244,0.40287441041384237,28.64229083116113,6.598716692200188,64,True,
multipleActions1_subject4_f003300_003900,data/lafan1/multipleActions1_subject4.bvh,3300,3900,600,30.000300003000028,19.9998,8.396480821059889,0.4205291212040612,13.715945328821507,5.750404509993144,70,True,
multipleActions1_subject4_f003600_004200,data/lafan1/multipleActions1_subject4.bvh,3600,4200,600,30.000300003000028,19.9998,17.13382025685773,0.8581297961656276,13.710700067019719,11.145302472111204,46,True,
multipleActions1_subject4_f003900_004500,data/lafan1/multipleActions1_subject4.bvh,3900,4500,600,30.000300003000028,19.9998,23.61953756478713,1.1829602886072499,12.170117335282375,9.18980252038065,22,True,
multipleActions1_subject4_f003987_004587,data/lafan1/multipleActions1_subject4.bvh,3987,4587,600,30.000300003000028,19.9998,19.961010172485352,0.9997267003964874,12.170117335282375,7.357879506499154,20,True,
obstacles1_subject1_f000000_000600,data/lafan1/obstacles1_subject1.bvh,0,600,600,30.000300003000028,19.9998,10.148702667898332,0.5082873533859712,18.76198272332033,5.024277593178024,15,False,semantic_exclusion
obstacles1_subject1_f000300_000900,data/lafan1/obstacles1_subject1.bvh,300,900,600,30.000300003000028,19.9998,12.520632742741672,0.6270830359092407,21.313982075173644,5.252284930431958,12,False,semantic_exclusion
obstacles1_subject1_f000600_001200,data/lafan1/obstacles1_subject1.bvh,600,1200,600,30.000300003000028,19.9998,14.160613574067803,0.7092197920677605,21.153394472586157,5.142527997245537,21,False,semantic_exclusion
obstacles1_subject1_f000900_001500,data/lafan1/obstacles1_subject1.bvh,900,1500,600,30.000300003000028,19.9998,18.91614538301004,0.9473957201847497,27.61184348203846,6.257203831574325,34,False,semantic_exclusion
obstacles1_subject1_f001200_001800,data/lafan1/obstacles1_subject1.bvh,1200,1800,600,30.000300003000028,19.9998,18.645250513135434,0.9338282287565163,27.762902821014446,6.319493547721871,30,False,semantic_exclusion
obstacles1_subject1_f001500_002100,data/lafan1/obstacles1_subject1.bvh,1500,2100,600,30.000300003000028,19.9998,20.18088244456038,1.0107387773991452,12.219339840890637,9.533119561476227,24,False,semantic_exclusion
obstacles1_subject1_f001800_002400,data/lafan1/obstacles1_subject1.bvh,1800,2400,600,30.000300003000028,19.9998,22.612550240738482,1.132526362362379,17.95580682575925,6.805179363105842,20,False,semantic_exclusion
obstacles1_subject1_f002100_002700,data/lafan1/obstacles1_subject1.bvh,2100,2700,600,30.000300003000028,19.9998,16.403908603473017,0.8215729204106573,16.25039214047667,5.737075513803766,16,False,semantic_exclusion
obstacles1_subject1_f002400_003000,data/lafan1/obstacles1_subject1.bvh,2400,3000,600,30.000300003000028,19.9998,17.968513104828375,0.8999345304719344,10.694359771228969,8.037280861634505,34,False,semantic_exclusion
obstacles1_subject1_f002700_003300,data/lafan1/obstacles1_subject1.bvh,2700,3300,600,30.000300003000028,19.9998,15.947006352569133,0.7986894402784995,13.942725710080229,7.013884502468729,36,False,semantic_exclusion
obstacles1_subject1_f003000_003600,data/lafan1/obstacles1_subject1.bvh,3000,3600,600,30.000300003000028,19.9998,7.36745380193962,0.36899135945981926,29.092561631064594,3.659791004895351,12,False,semantic_exclusion
obstacles1_subject1_f003300_003900,data/lafan1/obstacles1_subject1.bvh,3300,3900,600,30.000300003000028,19.9998,9.556369732015511,0.47862096644416413,21.33290830323924,4.198616382875305,18,False,semantic_exclusion
obstacles1_subject1_f003600_004200,data/lafan1/obstacles1_subject1.bvh,3600,4200,600,30.000300003000028,19.9998,18.838941298692152,0.9435290328875986,12.28857083351793,6.9147508908222015,43,False,semantic_exclusion
obstacles1_subject1_f003900_004500,data/lafan1/obstacles1_subject1.bvh,3900,4500,600,30.000300003000028,19.9998,27.491420441948186,1.376879567223795,9.569186628641488,9.327051758975472,41,False,semantic_exclusion
obstacles1_subject1_f004200_004800,data/lafan1/obstacles1_subject1.bvh,4200,4800,600,30.000300003000028,19.9998,26.97425686799523,1.350977960597397,11.65158735298095,11.108493389572782,42,False,semantic_exclusion
obstacles1_subject1_f004500_005100,data/lafan1/obstacles1_subject1.bvh,4500,5100,600,30.000300003000028,19.9998,17.31866260752752,0.8673874355201409,15.19341080380578,6.515456333673055,43,False,semantic_exclusion
obstacles1_subject1_f004791_005391,data/lafan1/obstacles1_subject1.bvh,4791,5391,600,30.000300003000028,19.9998,16.29982372582084,0.8163599361780348,10.25811035914154,4.752003663608617,44,False,semantic_exclusion
obstacles1_subject2_f000000_000600,data/lafan1/obstacles1_subject2.bvh,0,600,600,30.000300003000028,19.9998,21.844288644647303,1.0940487691010783,10.55446391002038,6.615949168095935,10,False,semantic_exclusion
obstacles1_subject2_f000300_000900,data/lafan1/obstacles1_subject2.bvh,300,900,600,30.000300003000028,19.9998,25.83070371952235,1.2937042752492143,11.868493142176249,6.470661977320795,0,False,stance_swing;semantic_exclusion
obstacles1_subject2_f000600_001200,data/lafan1/obstacles1_subject2.bvh,600,1200,600,30.000300003000028,19.9998,22.9853740244389,1.151198858788533,14.112057027278642,4.644774879752364,0,False,stance_swing;semantic_exclusion
obstacles1_subject2_f000900_001500,data/lafan1/obstacles1_subject2.bvh,900,1500,600,30.000300003000028,19.9998,17.974209163858283,0.9002198117402684,12.739659224903338,3.8102256782110895,0,False,stance_swing;semantic_exclusion
obstacles1_subject2_f001200_001800,data/lafan1/obstacles1_subject2.bvh,1200,1800,600,30.000300003000028,19.9998,18.580795258362034,0.9306000534977987,10.938799881256662,4.775369247297208,0,False,stance_swing;semantic_exclusion
obstacles1_subject2_f001500_002100,data/lafan1/obstacles1_subject2.bvh,1500,2100,600,30.000300003000028,19.9998,22.80613866047957,1.142222039606685,10.307085797125886,9.514436650967323,2,False,semantic_exclusion
obstacles1_subject2_f001800_002400,data/lafan1/obstacles1_subject2.bvh,1800,2400,600,30.000300003000028,19.9998,15.718559034143032,0.7872478908834013,6.883566909463299,8.331104796700256,2,False,semantic_exclusion
obstacles1_subject2_f002100_002700,data/lafan1/obstacles1_subject2.bvh,2100,2700,600,30.000300003000028,19.9998,14.706913204769254,0.7365806481822375,8.001113984544622,7.481360834645604,4,False,semantic_exclusion
obstacles1_subject2_f002400_003000,data/lafan1/obstacles1_subject2.bvh,2400,3000,600,30.000300003000028,19.9998,22.193669340420705,1.111547142537571,7.883578964723471,8.808995007445414,8,False,semantic_exclusion
obstacles1_subject2_f002700_003300,data/lafan1/obstacles1_subject2.bvh,2700,3300,600,30.000300003000028,19.9998,20.593230740962536,1.0313908184639042,13.920470332269987,8.808995007445414,10,False,semantic_exclusion
obstacles1_subject2_f003000_003600,data/lafan1/obstacles1_subject2.bvh,3000,3600,600,30.000300003000028,19.9998,16.500989015345827,0.8264350931662485,13.04791639657411,5.634655206530631,6,False,semantic_exclusion
obstacles1_subject2_f003300_003900,data/lafan1/obstacles1_subject2.bvh,3300,3900,600,30.000300003000028,19.9998,13.61983143487251,0.6821352738505269,27.094932687749946,4.263073459305662,4,False,semantic_exclusion
obstacles1_subject2_f003600_004200,data/lafan1/obstacles1_subject2.bvh,3600,4200,600,30.000300003000028,19.9998,15.958863382558405,0.7992832874518263,18.784409040301583,4.069925993416672,10,False,semantic_exclusion
obstacles1_subject2_f003900_004500,data/lafan1/obstacles1_subject2.bvh,3900,4500,600,30.000300003000028,19.9998,27.171656242225822,1.3608645055845796,7.841304532092947,9.944492323049516,8,False,semantic_exclusion
obstacles1_subject2_f004200_004800,data/lafan1/obstacles1_subject2.bvh,4200,4800,600,30.000300003000028,19.9998,31.19809937682833,1.5625247760071088,7.841304532092947,10.726891841024479,2,False,semantic_exclusion
obstacles1_subject2_f004500_005100,data/lafan1/obstacles1_subject2.bvh,4500,5100,600,30.000300003000028,19.9998,24.395289120800154,1.2218130088212478,7.448837646216125,10.278921777445323,0,False,stance_swing;semantic_exclusion
obstacles1_subject2_f004791_005391,data/lafan1/obstacles1_subject2.bvh,4791,5391,600,30.000300003000028,19.9998,22.605961153099184,1.1321963546730216,8.560576009913696,5.991520545532872,2,False,semantic_exclusion
obstacles1_subject5_f000000_000600,data/lafan1/obstacles1_subject5.bvh,0,600,600,30.000300003000028,19.9998,10.074096938494318,0.5045508020269343,11.770130169431773,5.757337707974805,12,False,semantic_exclusion
obstacles1_subject5_f000300_000900,data/lafan1/obstacles1_subject5.bvh,300,900,600,30.000300003000028,19.9998,8.414753547910772,0.42144429196766614,16.121734831811576,2.866741037821826,8,False,semantic_exclusion
obstacles1_subject5_f000600_001200,data/lafan1/obstacles1_subject5.bvh,600,1200,600,30.000300003000028,19.9998,10.863819192097374,0.5441032302859276,18.432838612732347,4.332167315142218,8,False,semantic_exclusion
obstacles1_subject5_f000900_001500,data/lafan1/obstacles1_subject5.bvh,900,1500,600,30.000300003000028,19.9998,14.88441778911811,0.7454707830442967,12.986220692484459,7.402162856375807,10,False,semantic_exclusion
obstacles1_subject5_f001200_001800,data/lafan1/obstacles1_subject5.bvh,1200,1800,600,30.000300003000028,19.9998,13.956321639451577,0.698988040270298,13.256540408496715,4.566415240146464,8,False,semantic_exclusion
obstacles1_subject5_f001500_002100,data/lafan1/obstacles1_subject5.bvh,1500,2100,600,30.000300003000028,19.9998,17.192058670186793,0.8610466073034749,15.140775041865261,6.538399950849992,2,False,semantic_exclusion
obstacles1_subject5_f001800_002400,data/lafan1/obstacles1_subject5.bvh,1800,2400,600,30.000300003000028,19.9998,22.055399314542043,1.1046220302541276,16.08175423673685,5.971346923508349,0,False,stance_swing;semantic_exclusion
obstacles1_subject5_f002100_002700,data/lafan1/obstacles1_subject5.bvh,2100,2700,600,30.000300003000028,19.9998,17.515617559558038,0.8772517220777235,11.312209689054887,5.832350220114611,0,False,stance_swing;semantic_exclusion
obstacles1_subject5_f002400_003000,data/lafan1/obstacles1_subject5.bvh,2400,3000,600,30.000300003000028,19.9998,13.278048699553423,0.665017436462516,19.374429764452408,3.0126893729833837,0,False,stance_swing;semantic_exclusion
obstacles1_subject5_f002700_003300,data/lafan1/obstacles1_subject5.bvh,2700,3300,600,30.000300003000028,19.9998,14.611703563124651,0.7318121710327946,17.57654514686184,5.364841100674943,4,False,semantic_exclusion
obstacles1_subject5_f003000_003600,data/lafan1/obstacles1_subject5.bvh,3000,3600,600,30.000300003000028,19.9998,15.733530183488446,0.7879977055273948,23.167383811364807,5.505312868415879,6,False,semantic_exclusion
obstacles1_subject5_f003300_003900,data/lafan1/obstacles1_subject5.bvh,3300,3900,600,30.000300003000028,19.9998,14.580493798133809,0.7302490619964868,22.92538275762868,5.385819963507442,8,False,semantic_exclusion
obstacles1_subject5_f003600_004200,data/lafan1/obstacles1_subject5.bvh,3600,4200,600,30.000300003000028,19.9998,17.601424574754223,0.8815492783352319,13.382849522804394,10.138372391545346,8,False,semantic_exclusion
obstacles1_subject5_f003900_004500,data/lafan1/obstacles1_subject5.bvh,3900,4500,600,30.000300003000028,19.9998,22.286586924106672,1.1162008243174253,13.382849522804392,10.339927205108314,4,False,semantic_exclusion
obstacles1_subject5_f004200_004800,data/lafan1/obstacles1_subject5.bvh,4200,4800,600,30.000300003000028,19.9998,20.73041353309864,1.038261477761621,10.907248071593079,7.803131047036547,4,False,semantic_exclusion
obstacles1_subject5_f004500_005100,data/lafan1/obstacles1_subject5.bvh,4500,5100,600,30.000300003000028,19.9998,12.489109789639482,0.6255042411679282,8.812639247410447,4.4239179160955135,2,False,semantic_exclusion
obstacles1_subject5_f004791_005391,data/lafan1/obstacles1_subject5.bvh,4791,5391,600,30.000300003000028,19.9998,6.52537732952791,0.3268168239041944,7.849215766124486,1.4149092988555378,2,False,semantic_exclusion
obstacles2_subject1_f000000_000600,data/lafan1/obstacles2_subject1.bvh,0,600,600,30.000300003000028,19.9998,6.625398114994761,0.3318262622523434,8.711972508056714,3.4395865581721763,50,False,semantic_exclusion
obstacles2_subject1_f000300_000900,data/lafan1/obstacles2_subject1.bvh,300,900,600,30.000300003000028,19.9998,22.55625852515716,1.1297070495825403,11.875912285679494,10.341419457808168,46,False,semantic_exclusion
obstacles2_subject1_f000600_001200,data/lafan1/obstacles2_subject1.bvh,600,1200,600,30.000300003000028,19.9998,27.691213699336494,1.386886007391117,12.351471345423029,10.9585800446842,35,False,semantic_exclusion
obstacles2_subject1_f000900_001500,data/lafan1/obstacles2_subject1.bvh,900,1500,600,30.000300003000028,19.9998,14.028143709063896,0.7025851748866685,10.988110541482625,8.761159781924343,46,False,semantic_exclusion
obstacles2_subject1_f001200_001800,data/lafan1/obstacles2_subject1.bvh,1200,1800,600,30.000300003000028,19.9998,12.668204998379064,0.6344740408194932,9.699666753397397,7.2769508502155995,56,False,semantic_exclusion
obstacles2_subject1_f001500_002100,data/lafan1/obstacles2_subject1.bvh,1500,2100,600,30.000300003000028,19.9998,11.905442043915816,0.5962718413786383,11.751129221046645,9.585638389736381,40,False,semantic_exclusion
obstacles2_subject1_f001800_002400,data/lafan1/obstacles2_subject1.bvh,1800,2400,600,30.000300003000028,19.9998,11.566105202409585,0.5792765040710299,11.340464561687428,8.203532198504709,15,False,semantic_exclusion
obstacles2_subject1_f002100_002700,data/lafan1/obstacles2_subject1.bvh,2100,2700,600,30.000300003000028,19.9998,15.319771162190923,0.7672750097546512,8.736592596354267,8.890675430115623,36,False,semantic_exclusion
obstacles2_subject1_f002400_003000,data/lafan1/obstacles2_subject1.bvh,2400,3000,600,30.000300003000028,19.9998,13.126458046161883,0.6574251742264609,14.729805358490168,6.415648736429214,53,False,semantic_exclusion
obstacles2_subject1_f002700_003300,data/lafan1/obstacles2_subject1.bvh,2700,3300,600,30.000300003000028,19.9998,11.643237700052033,0.5831396060230403,16.240088617686546,5.407818617205649,58,False,semantic_exclusion
obstacles2_subject1_f003000_003600,data/lafan1/obstacles2_subject1.bvh,3000,3600,600,30.000300003000028,19.9998,9.348415938487793,0.46820581420277274,14.232920902769461,3.878839757910272,59,False,semantic_exclusion
obstacles2_subject1_f003300_003900,data/lafan1/obstacles2_subject1.bvh,3300,3900,600,30.000300003000028,19.9998,12.098910512587157,0.6059615109967705,14.36492603775407,7.25856643776369,55,False,semantic_exclusion
obstacles2_subject1_f003600_004200,data/lafan1/obstacles2_subject1.bvh,3600,4200,600,30.000300003000028,19.9998,13.725850363799768,0.6874451230555595,8.589735915401882,6.0659877907532795,60,False,semantic_exclusion
obstacles2_subject1_f003900_004500,data/lafan1/obstacles2_subject1.bvh,3900,4500,600,30.000300003000028,19.9998,13.884529273382288,0.6953923933253834,13.733856568677654,5.447472447330882,59,False,semantic_exclusion
obstacles2_subject1_f004200_004800,data/lafan1/obstacles2_subject1.bvh,4200,4800,600,30.000300003000028,19.9998,13.64045727457607,0.6831682978554028,16.844561939774557,7.579957620341138,34,False,semantic_exclusion
obstacles2_subject1_f004500_005100,data/lafan1/obstacles2_subject1.bvh,4500,5100,600,30.000300003000028,19.9998,12.628622381753956,0.6324915861055417,7.568916436849566,3.1971998253196503,24,False,semantic_exclusion
obstacles2_subject1_f004800_005400,data/lafan1/obstacles2_subject1.bvh,4800,5400,600,30.000300003000028,19.9998,11.730835560517596,0.5875268549271935,7.473004750073882,3.6979779213343402,26,False,semantic_exclusion
obstacles2_subject1_f005100_005700,data/lafan1/obstacles2_subject1.bvh,5100,5700,600,30.000300003000028,19.9998,10.995129592820266,0.5506797768889341,17.127054180963405,3.885885316612472,28,False,semantic_exclusion
obstacles2_subject1_f005400_006000,data/lafan1/obstacles2_subject1.bvh,5400,6000,600,30.000300003000028,19.9998,10.102463419095765,0.505971508083817,15.766841447367344,3.885885316612472,22,False,semantic_exclusion
obstacles2_subject1_f005700_006300,data/lafan1/obstacles2_subject1.bvh,5700,6300,600,30.000300003000028,19.9998,10.011412925819421,0.5014113376101751,8.121860432325297,7.742839668165798,10,False,semantic_exclusion
obstacles2_subject1_f006000_006600,data/lafan1/obstacles2_subject1.bvh,6000,6600,600,30.000300003000028,19.9998,11.799723524268092,0.5909770378639392,10.027180712528839,7.278376787782906,36,False,semantic_exclusion
obstacles2_subject1_f006300_006900,data/lafan1/obstacles2_subject1.bvh,6300,6900,600,30.000300003000028,19.9998,12.738333752363197,0.6379863674611636,19.082615101481935,7.0016786348422375,42,False,semantic_exclusion
obstacles2_subject1_f006600_007200,data/lafan1/obstacles2_subject1.bvh,6600,7200,600,30.000300003000028,19.9998,17.72038526545018,0.8875073023910629,17.855768315833682,5.961803888127893,44,False,semantic_exclusion
obstacles2_subject1_f006723_007323,data/lafan1/obstacles2_subject1.bvh,6723,7323,600,30.000300003000028,19.9998,16.58249154859013,0.8305170638646352,17.855768315833682,5.961803888127893,50,False,semantic_exclusion
obstacles2_subject2_f000000_000600,data/lafan1/obstacles2_subject2.bvh,0,600,600,30.000300003000028,19.9998,12.680854595079595,0.6351075828828201,9.564258060241837,5.996440443089526,22,False,semantic_exclusion
obstacles2_subject2_f000300_000900,data/lafan1/obstacles2_subject2.bvh,300,900,600,30.000300003000028,19.9998,17.903485829394903,0.8966777061457544,9.943072479026892,4.412256891607909,14,False,semantic_exclusion
obstacles2_subject2_f000600_001200,data/lafan1/obstacles2_subject2.bvh,600,1200,600,30.000300003000028,19.9998,35.35384760844612,1.7706611594553066,14.761329603622226,10.9244526638639,14,False,semantic_exclusion
obstacles2_subject2_f000900_001500,data/lafan1/obstacles2_subject2.bvh,900,1500,600,30.000300003000028,19.9998,40.697322276403824,2.0382836020215205,16.64723231286967,11.810486068176,6,False,semantic_exclusion
obstacles2_subject2_f001200_001800,data/lafan1/obstacles2_subject2.bvh,1200,1800,600,30.000300003000028,19.9998,19.736141116209268,0.9884643645873488,12.988492415058863,5.62535357650178,20,False,semantic_exclusion
obstacles2_subject2_f001500_002100,data/lafan1/obstacles2_subject2.bvh,1500,2100,600,30.000300003000028,19.9998,13.032309806020915,0.6527098562815803,10.454247959994174,3.692087947144481,22,False,semantic_exclusion
obstacles2_subject2_f001800_002400,data/lafan1/obstacles2_subject2.bvh,1800,2400,600,30.000300003000028,19.9998,12.99664089789633,0.6509234156396487,9.661655724320816,3.411040371118445,18,False,semantic_exclusion
obstacles2_subject2_f002100_002700,data/lafan1/obstacles2_subject2.bvh,2100,2700,600,30.000300003000028,19.9998,9.282063418148438,0.4648826163461186,8.143616208712864,3.0850268120853133,11,False,semantic_exclusion
obstacles2_subject2_f002400_003000,data/lafan1/obstacles2_subject2.bvh,2400,3000,600,30.000300003000028,19.9998,12.157266566992257,0.6088842140671284,18.748817932927064,5.649490728499817,8,False,semantic_exclusion
obstacles2_subject2_f002700_003300,data/lafan1/obstacles2_subject2.bvh,2700,3300,600,30.000300003000028,19.9998,17.112358395505908,0.8570549008748471,17.42557762012936,7.480393591818056,21,False,semantic_exclusion
obstacles2_subject2_f003000_003600,data/lafan1/obstacles2_subject2.bvh,3000,3600,600,30.000300003000028,19.9998,14.068247874382498,0.7045937508314565,8.884492654854192,6.192165997902788,30,False,semantic_exclusion
obstacles2_subject2_f003300_003900,data/lafan1/obstacles2_subject2.bvh,3300,3900,600,30.000300003000028,19.9998,12.767726186312064,0.639458457338099,7.33546260355088,6.087884132902144,21,False,semantic_exclusion
obstacles2_subject2_f003600_004200,data/lafan1/obstacles2_subject2.bvh,3600,4200,600,30.000300003000028,19.9998,13.586253530308657,0.6804535589750884,6.416910377333406,5.6968172762952385,12,False,semantic_exclusion
obstacles2_subject2_f003900_004500,data/lafan1/obstacles2_subject2.bvh,3900,4500,600,30.000300003000028,19.9998,14.402900985645097,0.7213545083186272,7.08664946609001,7.377997013106144,40,False,semantic_exclusion
obstacles2_subject2_f004200_004800,data/lafan1/obstacles2_subject2.bvh,4200,4800,600,30.000300003000028,19.9998,19.53375699479202,0.9783281636551935,19.75168210574448,7.879676573793014,49,False,semantic_exclusion
obstacles2_subject2_f004500_005100,data/lafan1/obstacles2_subject2.bvh,4500,5100,600,30.000300003000028,19.9998,40.25439729391011,2.0161001590271383,19.916418673606337,11.359342665398904,18,False,semantic_exclusion
obstacles2_subject2_f004800_005400,data/lafan1/obstacles2_subject2.bvh,4800,5400,600,30.000300003000028,19.9998,46.870399456531985,2.347455834651768,11.141641130329482,11.774990945922857,4,False,semantic_exclusion
obstacles2_subject2_f005100_005700,data/lafan1/obstacles2_subject2.bvh,5100,5700,600,30.000300003000028,19.9998,29.281431885815756,1.466530452574096,11.303237589789966,11.738164558307298,6,False,semantic_exclusion
obstacles2_subject2_f005400_006000,data/lafan1/obstacles2_subject2.bvh,5400,6000,600,30.000300003000028,19.9998,17.523514869398788,0.8776472507328806,19.735581378488934,3.74343708353775,31,False,semantic_exclusion
obstacles2_subject2_f005700_006300,data/lafan1/obstacles2_subject2.bvh,5700,6300,600,30.000300003000028,19.9998,15.693785744499204,0.7860071461064796,25.495983078645438,5.8286216011677805,57,False,semantic_exclusion
obstacles2_subject2_f006000_006600,data/lafan1/obstacles2_subject2.bvh,6000,6600,600,30.000300003000028,19.9998,13.151634083309931,0.658686090198628,13.226653860216752,5.35457712884841,48,False,semantic_exclusion
obstacles2_subject2_f006300_006900,data/lafan1/obstacles2_subject2.bvh,6300,6900,600,30.000300003000028,19.9998,13.937834882850161,0.6980621500463834,8.649110476391298,5.573089378616405,20,False,semantic_exclusion
obstacles2_subject2_f006600_007200,data/lafan1/obstacles2_subject2.bvh,6600,7200,600,30.000300003000028,19.9998,21.421293232745608,1.0728634781879842,9.311748262700167,10.27545579217944,6,False,semantic_exclusion
obstacles2_subject2_f006723_007323,data/lafan1/obstacles2_subject2.bvh,6723,7323,600,30.000300003000028,19.9998,20.167121840555268,1.0100495916756462,11.881479279054894,10.280739976784721,16,False,semantic_exclusion
obstacles2_subject5_f000000_000600,data/lafan1/obstacles2_subject5.bvh,0,600,600,30.000300003000028,19.9998,33.78827779196273,1.692251202576937,8.892554366669543,12.7141799958572,4,False,semantic_exclusion
obstacles2_subject5_f000300_000900,data/lafan1/obstacles2_subject5.bvh,300,900,600,30.000300003000028,19.9998,40.04682136838588,2.005703931916742,35.38353429347656,12.25461121733997,0,False,stance_swing;semantic_exclusion
obstacles2_subject5_f000600_001200,data/lafan1/obstacles2_subject5.bvh,600,1200,600,30.000300003000028,19.9998,31.62255626578778,1.583783263498133,39.34649513681276,11.51423079141028,0,False,stance_swing;semantic_exclusion
obstacles2_subject5_f000900_001500,data/lafan1/obstacles2_subject5.bvh,900,1500,600,30.000300003000028,19.9998,27.591321943384834,1.381883031353761,19.645828863090973,8.560690242019461,0,False,stance_swing;semantic_exclusion
obstacles2_subject5_f001200_001800,data/lafan1/obstacles2_subject5.bvh,1200,1800,600,30.000300003000028,19.9998,25.755164944512703,1.2899209932589828,10.514787320131457,8.9116848116916,0,False,stance_swing;semantic_exclusion
obstacles2_subject5_f001500_002100,data/lafan1/obstacles2_subject5.bvh,1500,2100,600,30.000300003000028,19.9998,22.23192817623155,1.113463297048574,7.959656574263163,8.344479796213372,6,False,semantic_exclusion
obstacles2_subject5_f001800_002400,data/lafan1/obstacles2_subject5.bvh,1800,2400,600,30.000300003000028,19.9998,19.97690765860949,1.0005229096669674,7.137514959226354,11.299506498967574,6,False,semantic_exclusion
obstacles2_subject5_f002100_002700,data/lafan1/obstacles2_subject5.bvh,2100,2700,600,30.000300003000028,19.9998,23.299556620382393,1.1669343715331506,7.3676579024560125,7.383710753560127,3,False,semantic_exclusion
obstacles2_subject5_f002400_003000,data/lafan1/obstacles2_subject5.bvh,2400,3000,600,30.000300003000028,19.9998,22.705432442567805,1.1371782720782702,8.440616406181867,11.884101070704306,6,False,semantic_exclusion
obstacles2_subject5_f002700_003300,data/lafan1/obstacles2_subject5.bvh,2700,3300,600,30.000300003000028,19.9998,15.381850386008564,0.7703841839424352,9.54811019390225,5.642681748828222,3,False,semantic_exclusion
obstacles2_subject5_f003000_003600,data/lafan1/obstacles2_subject5.bvh,3000,3600,600,30.000300003000028,19.9998,15.163375274318698,0.759442082283195,14.556018317725176,6.91682521950819,0,False,stance_swing;semantic_exclusion
obstacles2_subject5_f003300_003900,data/lafan1/obstacles2_subject5.bvh,3300,3900,600,30.000300003000028,19.9998,17.193245551725575,0.8611060510467662,9.058341632142024,11.81271683673108,10,False,semantic_exclusion
obstacles2_subject5_f003600_004200,data/lafan1/obstacles2_subject5.bvh,3600,4200,600,30.000300003000028,19.9998,22.799329098127657,1.1418809896677091,11.903834643027377,6.293315865788847,10,False,semantic_exclusion
obstacles2_subject5_f003900_004500,data/lafan1/obstacles2_subject5.bvh,3900,4500,600,30.000300003000028,19.9998,26.531857180263962,1.3288208264518684,17.76145781366697,10.961725827882976,0,False,stance_swing;semantic_exclusion
obstacles2_subject5_f004200_004800,data/lafan1/obstacles2_subject5.bvh,4200,4800,600,30.000300003000028,19.9998,18.246986074178572,0.9138815632319214,15.047704802960155,10.660663088816554,0,False,stance_swing;semantic_exclusion
obstacles2_subject5_f004500_005100,data/lafan1/obstacles2_subject5.bvh,4500,5100,600,30.000300003000028,19.9998,11.384290005369525,0.5701704765980644,8.928178521255646,5.136111828052899,0,False,stance_swing;semantic_exclusion
obstacles2_subject5_f004800_005400,data/lafan1/obstacles2_subject5.bvh,4800,5400,600,30.000300003000028,19.9998,9.467710958957463,0.47418058282206177,17.07691260776492,2.697317417980048,0,False,stance_swing;semantic_exclusion
obstacles2_subject5_f005100_005700,data/lafan1/obstacles2_subject5.bvh,5100,5700,600,30.000300003000028,19.9998,13.278276253260456,0.6650288332563019,21.001106173414676,6.247768705240918,2,False,semantic_exclusion
obstacles2_subject5_f005400_006000,data/lafan1/obstacles2_subject5.bvh,5400,6000,600,30.000300003000028,19.9998,11.096472256990067,0.5557554201747393,23.5545242248301,6.598337991347046,3,False,semantic_exclusion
obstacles2_subject5_f005700_006300,data/lafan1/obstacles2_subject5.bvh,5700,6300,600,30.000300003000028,19.9998,8.939507188763788,0.44772603930198507,12.4055725729746,7.160207049661102,0,False,stance_swing;semantic_exclusion
obstacles2_subject5_f006000_006600,data/lafan1/obstacles2_subject5.bvh,6000,6600,600,30.000300003000028,19.9998,13.161280340286908,0.6591692130754483,21.844141626390705,8.346173533794676,0,False,stance_swing;semantic_exclusion
obstacles2_subject5_f006300_006900,data/lafan1/obstacles2_subject5.bvh,6300,6900,600,30.000300003000028,19.9998,12.669743790140977,0.6345511096250016,22.635934480740712,5.816085002310544,10,False,semantic_exclusion
obstacles2_subject5_f006600_007200,data/lafan1/obstacles2_subject5.bvh,6600,7200,600,30.000300003000028,19.9998,16.39580611556974,0.8211671156228961,20.433032466554693,8.858045836114863,14,False,semantic_exclusion
obstacles2_subject5_f006723_007323,data/lafan1/obstacles2_subject5.bvh,6723,7323,600,30.000300003000028,19.9998,17.04811956330613,0.8538375649185271,11.36734086461062,8.181218680420812,12,False,semantic_exclusion
obstacles3_subject3_f000000_000600,data/lafan1/obstacles3_subject3.bvh,0,600,600,30.000300003000028,19.9998,23.72259927988405,1.1881220287937795,11.388694672619051,11.187117919828893,8,False,semantic_exclusion
obstacles3_subject3_f000300_000900,data/lafan1/obstacles3_subject3.bvh,300,900,600,30.000300003000028,19.9998,25.639088684374833,1.284107432946191,6.488588432234736,11.187117919828893,14,False,semantic_exclusion
obstacles3_subject3_f000600_001200,data/lafan1/obstacles3_subject3.bvh,600,1200,600,30.000300003000028,19.9998,13.355590048741183,0.6689010153244028,9.954799052365091,6.2246440994697405,43,False,semantic_exclusion
obstacles3_subject3_f000900_001500,data/lafan1/obstacles3_subject3.bvh,900,1500,600,30.000300003000028,19.9998,3.743013274667601,0.18746497688687744,14.067742729507763,1.0686695063578209,48,False,semantic_exclusion
obstacles3_subject3_f001200_001800,data/lafan1/obstacles3_subject3.bvh,1200,1800,600,30.000300003000028,19.9998,2.6975091235186657,0.13510197490215298,14.445097577130857,0.7309998791227226,43,False,semantic_exclusion
obstacles3_subject3_f001500_002100,data/lafan1/obstacles3_subject3.bvh,1500,2100,600,30.000300003000028,19.9998,3.102126468989203,0.15536681922691695,4.709993690049849,1.11282172817047,50,False,semantic_exclusion
obstacles3_subject3_f001800_002400,data/lafan1/obstacles3_subject3.bvh,1800,2400,600,30.000300003000028,19.9998,2.588119176063539,0.1296232916951977,6.312703527576872,0.9309258719820424,51,False,semantic_exclusion
obstacles3_subject3_f002100_002700,data/lafan1/obstacles3_subject3.bvh,2100,2700,600,30.000300003000028,19.9998,2.299794393861075,0.11518284100342213,9.747287984874543,0.9381411495829609,50,False,semantic_exclusion
obstacles3_subject3_f002400_003000,data/lafan1/obstacles3_subject3.bvh,2400,3000,600,30.000300003000028,19.9998,13.046674643361268,0.6534293044113046,7.674720647207397,9.48309645906411,35,False,semantic_exclusion
obstacles3_subject3_f002700_003300,data/lafan1/obstacles3_subject3.bvh,2700,3300,600,30.000300003000028,19.9998,27.180878694924825,1.36132640265926,10.154252545567656,12.509203729617123,10,False,semantic_exclusion
obstacles3_subject3_f003000_003600,data/lafan1/obstacles3_subject3.bvh,3000,3600,600,30.000300003000028,19.9998,29.425675615584858,1.4737547516836533,13.311459858318376,13.192378834633464,0,False,stance_swing;semantic_exclusion
obstacles3_subject3_f003300_003900,data/lafan1/obstacles3_subject3.bvh,3300,3900,600,30.000300003000028,19.9998,25.853299761177492,1.2948359747960163,15.345354545618566,13.195800822862765,0,False,stance_swing;semantic_exclusion
obstacles3_subject3_f003333_003933,data/lafan1/obstacles3_subject3.bvh,3333,3933,600,30.000300003000028,19.9998,25.732194019114036,1.2887705180447817,15.345354545618566,13.195800822862765,2,False,semantic_exclusion
obstacles3_subject4_f000000_000600,data/lafan1/obstacles3_subject4.bvh,0,600,600,30.000300003000028,19.9998,21.344952938518677,1.06904005293068,8.33121963654404,9.408042820897576,4,False,semantic_exclusion
obstacles3_subject4_f000300_000900,data/lafan1/obstacles3_subject4.bvh,300,900,600,30.000300003000028,19.9998,24.63752594717281,1.2339451915640764,13.365375991766605,9.408042820897576,0,False,stance_swing;semantic_exclusion
obstacles3_subject4_f000600_001200,data/lafan1/obstacles3_subject4.bvh,600,1200,600,30.000300003000028,19.9998,25.948373830190768,1.2995976619294123,16.697429895595516,11.665487471435053,0,False,stance_swing;semantic_exclusion
obstacles3_subject4_f000900_001500,data/lafan1/obstacles3_subject4.bvh,900,1500,600,30.000300003000028,19.9998,32.63910723541746,1.6346961751128761,16.697429895595516,11.533833995065594,0,False,stance_swing;semantic_exclusion
obstacles3_subject4_f001200_001800,data/lafan1/obstacles3_subject4.bvh,1200,1800,600,30.000300003000028,19.9998,31.171137858214742,1.5611744360289048,10.288351087154311,9.46061627024108,0,False,stance_swing;semantic_exclusion
obstacles3_subject4_f001500_002100,data/lafan1/obstacles3_subject4.bvh,1500,2100,600,30.000300003000028,19.9998,28.538243612825,1.4293086309573446,18.531226116426975,9.531307272176932,2,False,semantic_exclusion
obstacles3_subject4_f001800_002400,data/lafan1/obstacles3_subject4.bvh,1800,2400,600,30.000300003000028,19.9998,28.077588336315152,1.4062371843909667,16.43107141143686,9.733038543698157,2,False,semantic_exclusion
obstacles3_subject4_f002100_002700,data/lafan1/obstacles3_subject4.bvh,2100,2700,600,30.000300003000028,19.9998,23.86207253569227,1.1951074036128808,12.563338288433473,10.802216032527912,0,False,stance_swing;semantic_exclusion
obstacles3_subject4_f002400_003000,data/lafan1/obstacles3_subject4.bvh,2400,3000,600,30.000300003000028,19.9998,35.1838388300779,1.7621464443397974,20.367997629215154,11.972166609479379,0,False,stance_swing;semantic_exclusion
obstacles3_subject4_f002700_003300,data/lafan1/obstacles3_subject4.bvh,2700,3300,600,30.000300003000028,19.9998,45.14090998804238,2.2608361302999866,20.367997629215154,12.068370685284814,0,False,stance_swing;semantic_exclusion
obstacles3_subject4_f003000_003600,data/lafan1/obstacles3_subject4.bvh,3000,3600,600,30.000300003000028,19.9998,34.296097765952766,1.717684844592324,13.103376030097873,11.035214095713386,2,False,semantic_exclusion
obstacles3_subject4_f003300_003900,data/lafan1/obstacles3_subject4.bvh,3300,3900,600,30.000300003000028,19.9998,29.204582183353484,1.4626815141283374,9.916203244025404,9.43038780613741,2,False,semantic_exclusion
obstacles3_subject4_f003333_003933,data/lafan1/obstacles3_subject4.bvh,3333,3933,600,30.000300003000028,19.9998,28.125957944600067,1.4086597265605412,9.916203244025404,9.43038780613741,2,False,semantic_exclusion
obstacles4_subject2_f000000_000600,data/lafan1/obstacles4_subject2.bvh,0,600,600,30.000300003000028,19.9998,9.036820177138752,0.4525998604128989,8.174159090274127,6.616388031806034,20,False,semantic_exclusion
obstacles4_subject2_f000300_000900,data/lafan1/obstacles4_subject2.bvh,300,900,600,30.000300003000028,19.9998,8.22192579376865,0.4117867118789042,11.004379725054651,2.886196191434595,4,False,semantic_exclusion
obstacles4_subject2_f000600_001200,data/lafan1/obstacles4_subject2.bvh,600,1200,600,30.000300003000028,19.9998,8.821422839627683,0.4418119059134339,7.531730207846852,1.7696748885504743,2,False,semantic_exclusion
obstacles4_subject2_f000900_001500,data/lafan1/obstacles4_subject2.bvh,900,1500,600,30.000300003000028,19.9998,10.012171066127763,0.5014493082891311,11.395106110683832,1.8595080588133022,2,False,semantic_exclusion
obstacles4_subject2_f001200_001800,data/lafan1/obstacles4_subject2.bvh,1200,1800,600,30.000300003000028,19.9998,10.103710003273717,0.506033941972494,13.47731092435658,2.1586653008045547,0,False,stance_swing;semantic_exclusion
obstacles4_subject2_f001500_002100,data/lafan1/obstacles4_subject2.bvh,1500,2100,600,30.000300003000028,19.9998,11.952156752634993,0.5986114996025582,9.114220080144822,2.1667721874145442,0,False,stance_swing;semantic_exclusion
obstacles4_subject2_f001800_002400,data/lafan1/obstacles4_subject2.bvh,1800,2400,600,30.000300003000028,19.9998,20.667876990391854,1.0351293992268062,11.615264524907664,8.120727611927066,4,False,semantic_exclusion
obstacles4_subject2_f002100_002700,data/lafan1/obstacles4_subject2.bvh,2100,2700,600,30.000300003000028,19.9998,22.850007007853225,1.1444191407449913,17.068236469186097,8.091455061245625,4,False,semantic_exclusion
obstacles4_subject2_f002400_003000,data/lafan1/obstacles4_subject2.bvh,2400,3000,600,30.000300003000028,19.9998,13.507499341354475,0.6765092362787304,16.559974104220522,5.400115574262815,0,False,stance_swing;semantic_exclusion
obstacles4_subject2_f002700_003300,data/lafan1/obstacles4_subject2.bvh,2700,3300,600,30.000300003000028,19.9998,10.220466786860058,0.5118815856035049,18.919896904127572,3.1496291301120203,29,False,semantic_exclusion
obstacles4_subject2_f003000_003600,data/lafan1/obstacles4_subject2.bvh,3000,3600,600,30.000300003000028,19.9998,8.533591051453573,0.42739614632140843,28.267281707227063,3.3187479130570208,60,False,semantic_exclusion
obstacles4_subject2_f003300_003900,data/lafan1/obstacles4_subject2.bvh,3300,3900,600,30.000300003000028,19.9998,5.594078875278124,0.28017369699296946,13.830412142316924,1.3070722296118071,63,False,semantic_exclusion
obstacles4_subject2_f003600_004200,data/lafan1/obstacles4_subject2.bvh,3600,4200,600,30.000300003000028,19.9998,3.4483015794330054,0.17270464421337062,12.792639885782677,1.114419154293814,42,False,semantic_exclusion
obstacles4_subject2_f003900_004500,data/lafan1/obstacles4_subject2.bvh,3900,4500,600,30.000300003000028,19.9998,3.505137999389041,0.17555123795256522,19.054215308527606,1.0277875117086808,46,False,semantic_exclusion
obstacles4_subject2_f004200_004800,data/lafan1/obstacles4_subject2.bvh,4200,4800,600,30.000300003000028,19.9998,5.896390574365672,0.2953146680564805,18.341160225431285,2.0650556847695145,59,False,semantic_exclusion
obstacles4_subject2_f004500_005100,data/lafan1/obstacles4_subject2.bvh,4500,5100,600,30.000300003000028,19.9998,14.823942100723404,0.7424419202818107,13.06481172250195,6.737855405297578,42,False,semantic_exclusion
obstacles4_subject2_f004800_005400,data/lafan1/obstacles4_subject2.bvh,4800,5400,600,30.000300003000028,19.9998,23.17638876646734,1.1607656360270115,24.582601835115657,6.750110218318524,32,False,semantic_exclusion
obstacles4_subject2_f005100_005700,data/lafan1/obstacles4_subject2.bvh,5100,5700,600,30.000300003000028,19.9998,16.577609819252153,0.8302725674628443,23.127329455300696,6.158318535525802,30,False,semantic_exclusion
obstacles4_subject2_f005400_006000,data/lafan1/obstacles4_subject2.bvh,5400,6000,600,30.000300003000028,19.9998,7.628859010204927,0.38208357092944517,14.362870335366464,4.530686585533656,18,False,semantic_exclusion
obstacles4_subject2_f005700_006300,data/lafan1/obstacles4_subject2.bvh,5700,6300,600,30.000300003000028,19.9998,10.134532581154396,0.5075776591399167,10.042062634809493,5.052358021340623,10,False,semantic_exclusion
obstacles4_subject2_f006000_006600,data/lafan1/obstacles4_subject2.bvh,6000,6600,600,30.000300003000028,19.9998,12.58064779204621,0.6300888280358369,12.612683583675107,4.971585729425954,14,False,semantic_exclusion
obstacles4_subject2_f006300_006900,data/lafan1/obstacles4_subject2.bvh,6300,6900,600,30.000300003000028,19.9998,8.576305875671933,0.4295354744368111,13.75450124616744,3.153549662945583,4,False,semantic_exclusion
obstacles4_subject2_f006600_007200,data/lafan1/obstacles4_subject2.bvh,6600,7200,600,30.000300003000028,19.9998,11.712124402275261,0.5865897257774879,14.060351369831395,4.421546450672441,16,False,semantic_exclusion
obstacles4_subject2_f006801_007401,data/lafan1/obstacles4_subject2.bvh,6801,7401,600,30.000300003000028,19.9998,10.927174462300666,0.5472763139468122,22.255551958020202,4.40711329284847,28,False,semantic_exclusion
obstacles4_subject3_f000000_000600,data/lafan1/obstacles4_subject3.bvh,0,600,600,30.000300003000028,19.9998,10.900481184997883,0.5459394085592549,4.86039589879427,8.511988838228543,2,False,semantic_exclusion
obstacles4_subject3_f000300_000900,data/lafan1/obstacles4_subject3.bvh,300,900,600,30.000300003000028,19.9998,22.37855219542825,1.1208068105102544,7.724806963305225,10.917040023080315,0,False,stance_swing;semantic_exclusion
obstacles4_subject3_f000600_001200,data/lafan1/obstacles4_subject3.bvh,600,1200,600,30.000300003000028,19.9998,23.13128322693679,1.15850657138976,17.50771523355789,11.084306044002629,0,False,stance_swing;semantic_exclusion
obstacles4_subject3_f000900_001500,data/lafan1/obstacles4_subject3.bvh,900,1500,600,30.000300003000028,19.9998,15.877916559313558,0.7952291489182116,16.284121273308127,5.974529206254815,6,False,semantic_exclusion
obstacles4_subject3_f001200_001800,data/lafan1/obstacles4_subject3.bvh,1200,1800,600,30.000300003000028,19.9998,12.49950416995619,0.626024833034116,14.804826956056111,5.031809747366788,18,False,semantic_exclusion
obstacles4_subject3_f001500_002100,data/lafan1/obstacles4_subject3.bvh,1500,2100,600,30.000300003000028,19.9998,11.66084542562945,0.5840214708806244,9.523427138191739,3.7740916283347543,12,False,semantic_exclusion
obstacles4_subject3_f001800_002400,data/lafan1/obstacles4_subject3.bvh,1800,2400,600,30.000300003000028,19.9998,7.083751165938336,0.3547824042149438,8.840303177834118,2.794840925642273,4,False,semantic_exclusion
obstacles4_subject3_f002100_002700,data/lafan1/obstacles4_subject3.bvh,2100,2700,600,30.000300003000028,19.9998,17.705395666102806,0.886756563697664,11.39511045125775,11.45104282193356,8,False,semantic_exclusion
obstacles4_subject3_f002400_003000,data/lafan1/obstacles4_subject3.bvh,2400,3000,600,30.000300003000028,19.9998,21.293434684625332,1.0664598140785413,11.828967174093462,10.922787076461104,14,False,semantic_exclusion
obstacles4_subject3_f002700_003300,data/lafan1/obstacles4_subject3.bvh,2700,3300,600,30.000300003000028,19.9998,11.579925896834396,0.5799686993615043,17.641858309186105,3.485496221324511,12,False,semantic_exclusion
obstacles4_subject3_f003000_003600,data/lafan1/obstacles4_subject3.bvh,3000,3600,600,30.000300003000028,19.9998,8.53212286191545,0.4273226135557908,9.237809839998823,3.6159615209665383,18,False,semantic_exclusion
obstacles4_subject3_f003300_003900,data/lafan1/obstacles4_subject3.bvh,3300,3900,600,30.000300003000028,19.9998,3.847117265572048,0.19267891838711615,4.909136867136276,2.2090324935366463,16,False,semantic_exclusion
obstacles4_subject3_f003600_004200,data/lafan1/obstacles4_subject3.bvh,3600,4200,600,30.000300003000028,19.9998,1.990555585474285,0.09969493278276446,0.34936023865692634,0.6287181868754961,2,False,semantic_exclusion
obstacles4_subject3_f003900_004500,data/lafan1/obstacles4_subject3.bvh,3900,4500,600,30.000300003000028,19.9998,6.103405605408619,0.3056828033426554,9.219261494064112,3.4731619619022096,10,False,semantic_exclusion
obstacles4_subject3_f004200_004800,data/lafan1/obstacles4_subject3.bvh,4200,4800,600,30.000300003000028,19.9998,10.30626424617277,0.5161786632644007,13.784760388880784,5.280994492304659,14,False,semantic_exclusion
obstacles4_subject3_f004500_005100,data/lafan1/obstacles4_subject3.bvh,4500,5100,600,30.000300003000028,19.9998,11.338124340884175,0.5678583166908885,21.020186964827328,4.046901605498095,4,False,semantic_exclusion
obstacles4_subject3_f004800_005400,data/lafan1/obstacles4_subject3.bvh,4800,5400,600,30.000300003000028,19.9998,20.85774251193245,1.0446386189370633,16.72202472795778,11.318045355438514,4,False,semantic_exclusion
obstacles4_subject3_f005100_005700,data/lafan1/obstacles4_subject3.bvh,5100,5700,600,30.000300003000028,19.9998,20.025219541776178,1.0029425607332623,24.728747757202363,10.79901223849067,6,False,semantic_exclusion
obstacles4_subject3_f005400_006000,data/lafan1/obstacles4_subject3.bvh,5400,6000,600,30.000300003000028,19.9998,13.705852176668305,0.6864435343853424,16.233552258585505,7.683415035599891,6,False,semantic_exclusion
obstacles4_subject3_f005700_006300,data/lafan1/obstacles4_subject3.bvh,5700,6300,600,30.000300003000028,19.9998,16.596189510746562,0.8312031122354577,15.463988630980884,6.794902159947938,4,False,semantic_exclusion
obstacles4_subject3_f006000_006600,data/lafan1/obstacles4_subject3.bvh,6000,6600,600,30.000300003000028,19.9998,18.245594225087665,0.9138118538992233,6.299293928777077,7.525054254363406,0,False,stance_swing;semantic_exclusion
obstacles4_subject3_f006300_006900,data/lafan1/obstacles4_subject3.bvh,6300,6900,600,30.000300003000028,19.9998,15.69200767443524,0.7859180932928815,8.866418073139863,8.257713322497377,30,False,semantic_exclusion
obstacles4_subject3_f006600_007200,data/lafan1/obstacles4_subject3.bvh,6600,7200,600,30.000300003000028,19.9998,7.44625370039592,0.37293797146966057,9.723102181044652,3.1055495014330123,51,False,semantic_exclusion
obstacles4_subject3_f006801_007401,data/lafan1/obstacles4_subject3.bvh,6801,7401,600,30.000300003000028,19.9998,5.444028706564124,0.27265858835036383,9.81654099747357,3.201573427641126,41,False,semantic_exclusion
obstacles4_subject4_f000000_000600,data/lafan1/obstacles4_subject4.bvh,0,600,600,30.000300003000028,19.9998,14.237755421832283,0.713083362311033,21.295347149072914,6.9634700149870055,16,False,semantic_exclusion
obstacles4_subject4_f000300_000900,data/lafan1/obstacles4_subject4.bvh,300,900,600,30.000300003000028,19.9998,20.391317629735003,1.0212782075935118,24.63823254598594,12.268275386102834,0,False,stance_swing;semantic_exclusion
obstacles4_subject4_f000600_001200,data/lafan1/obstacles4_subject4.bvh,600,1200,600,30.000300003000028,19.9998,15.729162049883211,0.7877789320405663,22.252930361641194,9.690449910518165,0,False,stance_swing;semantic_exclusion
obstacles4_subject4_f000900_001500,data/lafan1/obstacles4_subject4.bvh,900,1500,600,30.000300003000028,19.9998,11.225241559401852,0.5622046984777954,40.71639267855434,8.575866094220137,0,False,stance_swing;semantic_exclusion
obstacles4_subject4_f001200_001800,data/lafan1/obstacles4_subject4.bvh,1200,1800,600,30.000300003000028,19.9998,13.682155234747908,0.6852566973790559,23.66455821745008,6.122702617132991,4,False,semantic_exclusion
obstacles4_subject4_f001500_002100,data/lafan1/obstacles4_subject4.bvh,1500,2100,600,30.000300003000028,19.9998,23.344526901398908,1.1691866618865974,7.459200750312371,11.944200855230402,4,False,semantic_exclusion
obstacles4_subject4_f001800_002400,data/lafan1/obstacles4_subject4.bvh,1800,2400,600,30.000300003000028,19.9998,32.45614548106011,1.6255327234938515,11.559603442230843,11.498025728646867,0,False,stance_swing;semantic_exclusion
obstacles4_subject4_f002100_002700,data/lafan1/obstacles4_subject4.bvh,2100,2700,600,30.000300003000028,19.9998,38.30290292464802,1.9183615671539698,15.940153968047316,11.552459537458965,2,False,semantic_exclusion
obstacles4_subject4_f002400_003000,data/lafan1/obstacles4_subject4.bvh,2400,3000,600,30.000300003000028,19.9998,30.28332276633481,1.5167091286773373,10.752067576441746,11.98108615821002,2,False,semantic_exclusion
obstacles4_subject4_f002700_003300,data/lafan1/obstacles4_subject4.bvh,2700,3300,600,30.000300003000028,19.9998,14.221779236052996,0.7122832114491259,13.59863103028755,6.946216943069357,0,False,stance_swing;semantic_exclusion
obstacles4_subject4_f003000_003600,data/lafan1/obstacles4_subject4.bvh,3000,3600,600,30.000300003000028,19.9998,10.938480716984024,0.5478425761044267,8.86766120924807,6.273164725083511,14,False,semantic_exclusion
obstacles4_subject4_f003300_003900,data/lafan1/obstacles4_subject4.bvh,3300,3900,600,30.000300003000028,19.9998,11.236720378526353,0.5627796033482715,12.30662470561612,4.58203609541096,26,False,semantic_exclusion
obstacles4_subject4_f003600_004200,data/lafan1/obstacles4_subject4.bvh,3600,4200,600,30.000300003000028,19.9998,14.125067943688641,0.7074395256651386,11.76246622866691,8.870654753751042,12,False,semantic_exclusion
obstacles4_subject4_f003900_004500,data/lafan1/obstacles4_subject4.bvh,3900,4500,600,30.000300003000028,19.9998,17.354054023095518,0.869159978232279,7.787765601982844,10.660087065595775,6,False,semantic_exclusion
obstacles4_subject4_f004200_004800,data/lafan1/obstacles4_subject4.bvh,4200,4800,600,30.000300003000028,19.9998,14.051211457945339,0.7037404994055952,11.996250360141751,9.2328483384312,10,False,semantic_exclusion
obstacles4_subject4_f004500_005100,data/lafan1/obstacles4_subject4.bvh,4500,5100,600,30.000300003000028,19.9998,15.292879730826735,0.7659281800243746,14.724350794333073,9.347970932653624,12,False,semantic_exclusion
obstacles4_subject4_f004800_005400,data/lafan1/obstacles4_subject4.bvh,4800,5400,600,30.000300003000028,19.9998,21.80409109639356,1.0920355161678608,16.422203151811754,8.161668449287545,12,False,semantic_exclusion
obstacles4_subject4_f005100_005700,data/lafan1/obstacles4_subject4.bvh,5100,5700,600,30.000300003000028,19.9998,32.283478243025826,1.6168848621554242,18.064780271132626,8.161668449287545,4,False,semantic_exclusion
obstacles4_subject4_f005400_006000,data/lafan1/obstacles4_subject4.bvh,5400,6000,600,30.000300003000028,19.9998,34.06951591359217,1.706336725149831,10.919419787094807,7.593268482976449,8,False,semantic_exclusion
obstacles4_subject4_f005700_006300,data/lafan1/obstacles4_subject4.bvh,5700,6300,600,30.000300003000028,19.9998,35.26656831650382,1.7662898657285648,14.927337417333966,12.31171407938189,10,False,semantic_exclusion
obstacles4_subject4_f006000_006600,data/lafan1/obstacles4_subject4.bvh,6000,6600,600,30.000300003000028,19.9998,24.838762525613376,1.244023918984434,18.44468839189608,12.31171407938189,4,False,semantic_exclusion
obstacles4_subject4_f006300_006900,data/lafan1/obstacles4_subject4.bvh,6300,6900,600,30.000300003000028,19.9998,9.163622683480261,0.45895063375409684,16.731600767983203,6.091775003809488,7,False,semantic_exclusion
obstacles4_subject4_f006600_007200,data/lafan1/obstacles4_subject4.bvh,6600,7200,600,30.000300003000028,19.9998,11.226129583512341,0.5622491742536294,22.488225218242597,10.969429601072859,8,False,semantic_exclusion
obstacles4_subject4_f006801_007401,data/lafan1/obstacles4_subject4.bvh,6801,7401,600,30.000300003000028,19.9998,12.555154386908338,0.628812017013743,22.4882252182426,8.724807049947202,18,False,semantic_exclusion
obstacles5_subject2_f000000_000600,data/lafan1/obstacles5_subject2.bvh,0,600,600,30.000300003000028,19.9998,2.915623957096352,0.14602603240204448,3.0416154934913493,1.4285416539875768,8,False,semantic_exclusion
obstacles5_subject2_f000300_000900,data/lafan1/obstacles5_subject2.bvh,300,900,600,30.000300003000028,19.9998,6.807685346215547,0.34095593107261024,6.5521252119114335,4.5931756377021715,6,False,semantic_exclusion
obstacles5_subject2_f000600_001200,data/lafan1/obstacles5_subject2.bvh,600,1200,600,30.000300003000028,19.9998,9.853407779085334,0.4934978120608585,7.756981946023929,8.143054430745954,0,False,stance_swing;semantic_exclusion
obstacles5_subject2_f000900_001500,data/lafan1/obstacles5_subject2.bvh,900,1500,600,30.000300003000028,19.9998,8.395138704822715,0.4204619026902814,6.201314551420154,4.4566161755590805,2,False,semantic_exclusion
obstacles5_subject2_f001200_001800,data/lafan1/obstacles5_subject2.bvh,1200,1800,600,30.000300003000028,19.9998,6.565731798185503,0.3288379360347278,7.711104187707743,3.477909737167966,2,False,semantic_exclusion
obstacles5_subject2_f001500_002100,data/lafan1/obstacles5_subject2.bvh,1500,2100,600,30.000300003000028,19.9998,8.00713809859917,0.40102929069019416,5.382606832480535,2.4003924472373,0,False,stance_swing;semantic_exclusion
obstacles5_subject2_f001800_002400,data/lafan1/obstacles5_subject2.bvh,1800,2400,600,30.000300003000028,19.9998,12.440145540926807,0.6230519170430505,8.163415977252978,5.162510162171035,0,False,stance_swing;semantic_exclusion
obstacles5_subject2_f002100_002700,data/lafan1/obstacles5_subject2.bvh,2100,2700,600,30.000300003000028,19.9998,14.463839441813171,0.7244065483299159,8.665702309104157,5.800340837363146,0,False,stance_swing;semantic_exclusion
obstacles5_subject2_f002400_003000,data/lafan1/obstacles5_subject2.bvh,2400,3000,600,30.000300003000028,19.9998,12.935896893724765,0.6478811145569602,7.06943764752063,5.33676964251584,0,False,stance_swing;semantic_exclusion
obstacles5_subject2_f002700_003300,data/lafan1/obstacles5_subject2.bvh,2700,3300,600,30.000300003000028,19.9998,8.757872042209964,0.4386290294727637,6.219466814775066,3.687362687624848,2,False,semantic_exclusion
obstacles5_subject2_f003000_003600,data/lafan1/obstacles5_subject2.bvh,3000,3600,600,30.000300003000028,19.9998,10.842690810229549,0.5430450369727177,7.037552942290855,4.9435473315894995,20,False,semantic_exclusion
obstacles5_subject2_f003300_003900,data/lafan1/obstacles5_subject2.bvh,3300,3900,600,30.000300003000028,19.9998,12.812751351628794,0.6417134965153722,16.84992918998159,4.9435473315894995,18,False,semantic_exclusion
obstacles5_subject2_f003600_004200,data/lafan1/obstacles5_subject2.bvh,3600,4200,600,30.000300003000028,19.9998,7.844350837454637,0.39287625785045677,12.356806552651705,2.910479543227356,0,False,stance_swing;semantic_exclusion
obstacles5_subject2_f003900_004500,data/lafan1/obstacles5_subject2.bvh,3900,4500,600,30.000300003000028,19.9998,12.961843672923687,0.6491806323534197,9.047507527568257,5.044492360200447,2,False,semantic_exclusion
obstacles5_subject2_f004200_004800,data/lafan1/obstacles5_subject2.bvh,4200,4800,600,30.000300003000028,19.9998,27.226482747317846,1.363610434801402,17.93157907240209,12.143954223815328,4,False,semantic_exclusion
obstacles5_subject2_f004500_005100,data/lafan1/obstacles5_subject2.bvh,4500,5100,600,30.000300003000028,19.9998,25.747802350739583,1.2895522453090764,17.515961024411652,11.857616689216446,6,False,semantic_exclusion
obstacles5_subject2_f004800_005400,data/lafan1/obstacles5_subject2.bvh,4800,5400,600,30.000300003000028,19.9998,15.659937943402577,0.7843119137403015,9.337368184263253,5.501687508447519,10,False,semantic_exclusion
obstacles5_subject2_f005100_005700,data/lafan1/obstacles5_subject2.bvh,5100,5700,600,30.000300003000028,19.9998,14.27731705963672,0.7150647663222902,12.845011420787035,5.31688120261941,14,False,semantic_exclusion
obstacles5_subject2_f005400_006000,data/lafan1/obstacles5_subject2.bvh,5400,6000,600,30.000300003000028,19.9998,18.06611131818258,0.9048226367830913,18.451914924458713,8.203357271139422,32,False,semantic_exclusion
obstacles5_subject2_f005700_006300,data/lafan1/obstacles5_subject2.bvh,5700,6300,600,30.000300003000028,19.9998,24.347392672982167,1.2194141644078627,20.674957343707185,8.54799028372589,24,False,semantic_exclusion
obstacles5_subject2_f006000_006600,data/lafan1/obstacles5_subject2.bvh,6000,6600,600,30.000300003000028,19.9998,21.12649795389877,1.058098959315074,9.06720240534555,3.4212585826345556,0,False,stance_swing;semantic_exclusion
obstacles5_subject2_f006300_006900,data/lafan1/obstacles5_subject2.bvh,6300,6900,600,30.000300003000028,19.9998,16.94426254079482,0.8486359925766948,9.751730555772989,3.607776826783133,2,False,semantic_exclusion
obstacles5_subject2_f006600_007200,data/lafan1/obstacles5_subject2.bvh,6600,7200,600,30.000300003000028,19.9998,15.751182498805669,0.7888818036163168,5.383876487542786,3.5717237624308424,2,False,semantic_exclusion
obstacles5_subject2_f006786_007386,data/lafan1/obstacles5_subject2.bvh,6786,7386,600,30.000300003000028,19.9998,11.796653711125975,0.5908232894245123,3.4694079651503267,2.687718482702457,0,False,stance_swing;semantic_exclusion
obstacles5_subject3_f000000_000600,data/lafan1/obstacles5_subject3.bvh,0,600,600,30.000300003000028,19.9998,5.006302181547377,0.2507355047614271,9.777327590239441,3.5867495399834812,29,False,semantic_exclusion
obstacles5_subject3_f000300_000900,data/lafan1/obstacles5_subject3.bvh,300,900,600,30.000300003000028,19.9998,3.863161121841687,0.1934824584560547,7.391314677888303,3.0908854087891386,34,False,semantic_exclusion
obstacles5_subject3_f000600_001200,data/lafan1/obstacles5_subject3.bvh,600,1200,600,30.000300003000028,19.9998,3.2543317454349703,0.16298986422760572,2.5715454777862323,2.2996399699670604,32,False,semantic_exclusion
obstacles5_subject3_f000900_001500,data/lafan1/obstacles5_subject3.bvh,900,1500,600,30.000300003000028,19.9998,2.3140484547342792,0.11589674100752423,3.060212624745339,1.2110861180813417,15,False,semantic_exclusion
obstacles5_subject3_f001200_001800,data/lafan1/obstacles5_subject3.bvh,1200,1800,600,30.000300003000028,19.9998,3.138377290537122,0.1571824044052021,3.2597341346260924,1.3337114195248754,6,False,semantic_exclusion
obstacles5_subject3_f001500_002100,data/lafan1/obstacles5_subject3.bvh,1500,2100,600,30.000300003000028,19.9998,17.525930704363816,0.8777682453467515,5.630249473837344,6.600741508204386,18,False,semantic_exclusion
obstacles5_subject3_f001800_002400,data/lafan1/obstacles5_subject3.bvh,1800,2400,600,30.000300003000028,19.9998,20.53616418848385,1.0285326987735912,12.338428190169072,6.727398886754113,20,False,semantic_exclusion
obstacles5_subject3_f002100_002700,data/lafan1/obstacles5_subject3.bvh,2100,2700,600,30.000300003000028,19.9998,14.071071570824682,0.7047351727686566,22.710002563531877,7.302515714702475,4,False,semantic_exclusion
obstacles5_subject3_f002400_003000,data/lafan1/obstacles5_subject3.bvh,2400,3000,600,30.000300003000028,19.9998,16.975834476531528,0.8502172405629662,17.449111656637708,4.647809865177809,4,False,semantic_exclusion
obstacles5_subject3_f002700_003300,data/lafan1/obstacles5_subject3.bvh,2700,3300,600,30.000300003000028,19.9998,22.060889102655324,1.1048969806553819,12.524831709100708,10.346459661140848,4,False,semantic_exclusion
obstacles5_subject3_f003000_003600,data/lafan1/obstacles5_subject3.bvh,3000,3600,600,30.000300003000028,19.9998,34.223933251345926,1.7140705589699932,11.42515652478761,12.624878765432928,2,False,semantic_exclusion
obstacles5_subject3_f003300_003900,data/lafan1/obstacles5_subject3.bvh,3300,3900,600,30.000300003000028,19.9998,41.66505592691159,2.0867515483290853,13.022474294099394,12.589769711051737,4,False,semantic_exclusion
obstacles5_subject3_f003600_004200,data/lafan1/obstacles5_subject3.bvh,3600,4200,600,30.000300003000028,19.9998,43.51568719819572,2.1794385154967935,21.42912554136826,12.72497469432876,10,False,semantic_exclusion
obstacles5_subject3_f003900_004500,data/lafan1/obstacles5_subject3.bvh,3900,4500,600,30.000300003000028,19.9998,40.50244161725336,2.028523204293146,13.042659827051466,13.434912965423436,8,False,semantic_exclusion
obstacles5_subject3_f004200_004800,data/lafan1/obstacles5_subject3.bvh,4200,4800,600,30.000300003000028,19.9998,42.35102520934197,2.1211076155507116,12.348635417826134,12.932523992255092,2,False,semantic_exclusion
obstacles5_subject3_f004500_005100,data/lafan1/obstacles5_subject3.bvh,4500,5100,600,30.000300003000028,19.9998,40.83387004271637,2.0451224567028494,9.02790515030555,12.773505086488925,8,False,semantic_exclusion
obstacles5_subject3_f004800_005400,data/lafan1/obstacles5_subject3.bvh,4800,5400,600,30.000300003000028,19.9998,19.887840911646794,0.9960620930907202,9.193431131217125,11.619864375615908,8,False,semantic_exclusion
obstacles5_subject3_f005100_005700,data/lafan1/obstacles5_subject3.bvh,5100,5700,600,30.000300003000028,19.9998,16.055238949724078,0.8041101587839289,9.05183931563165,9.426196769583969,10,False,semantic_exclusion
obstacles5_subject3_f005400_006000,data/lafan1/obstacles5_subject3.bvh,5400,6000,600,30.000300003000028,19.9998,18.32841621056302,0.9179599080079124,8.328684019704609,10.401726925603437,32,False,semantic_exclusion
obstacles5_subject3_f005700_006300,data/lafan1/obstacles5_subject3.bvh,5700,6300,600,30.000300003000028,19.9998,14.683866571847737,0.7354263812344837,6.052570893663553,7.7736643585268705,40,False,semantic_exclusion
obstacles5_subject3_f006000_006600,data/lafan1/obstacles5_subject3.bvh,6000,6600,600,30.000300003000028,19.9998,17.865342481388044,0.894767335722842,13.720542014777559,7.9009036745673935,28,False,semantic_exclusion
obstacles5_subject3_f006300_006900,data/lafan1/obstacles5_subject3.bvh,6300,6900,600,30.000300003000028,19.9998,17.41983496904535,0.8724545493724728,8.994793039485536,9.296134862251634,28,False,semantic_exclusion
obstacles5_subject3_f006600_007200,data/lafan1/obstacles5_subject3.bvh,6600,7200,600,30.000300003000028,19.9998,19.429987420113285,0.9731309710482722,9.806758630406113,9.129119839816198,20,False,semantic_exclusion
obstacles5_subject3_f006786_007386,data/lafan1/obstacles5_subject3.bvh,6786,7386,600,30.000300003000028,19.9998,19.190701540468016,0.9611465834425297,13.411965031402335,8.967734533213289,6,False,semantic_exclusion
obstacles5_subject4_f000000_000600,data/lafan1/obstacles5_subject4.bvh,0,600,600,30.000300003000028,19.9998,8.818357693637436,0.44165839122351674,7.033332028493428,7.05062832725727,16,False,semantic_exclusion
obstacles5_subject4_f000300_000900,data/lafan1/obstacles5_subject4.bvh,300,900,600,30.000300003000028,19.9998,7.952571910348562,0.398296399175105,5.321606149023758,4.249508933625441,14,False,semantic_exclusion
obstacles5_subject4_f000600_001200,data/lafan1/obstacles5_subject4.bvh,600,1200,600,30.000300003000028,19.9998,6.454544999310872,0.32326925936926504,6.186808883722243,1.9459493576471907,24,False,semantic_exclusion
obstacles5_subject4_f000900_001500,data/lafan1/obstacles5_subject4.bvh,900,1500,600,30.000300003000028,19.9998,5.408799227156153,0.2708941560445397,4.995352188490912,1.6052410961294914,26,False,semantic_exclusion
obstacles5_subject4_f001200_001800,data/lafan1/obstacles5_subject4.bvh,1200,1800,600,30.000300003000028,19.9998,5.010965012749417,0.25096903787482366,9.180127589752836,2.180193183181341,20,False,semantic_exclusion
obstacles5_subject4_f001500_002100,data/lafan1/obstacles5_subject4.bvh,1500,2100,600,30.000300003000028,19.9998,5.321641366830392,0.26652894409563754,14.10309073907295,2.0408484626508274,12,False,semantic_exclusion
obstacles5_subject4_f001800_002400,data/lafan1/obstacles5_subject4.bvh,1800,2400,600,30.000300003000028,19.9998,8.994111260524027,0.4504608281737589,16.45790242617924,3.2910718663791787,17,False,semantic_exclusion
obstacles5_subject4_f002100_002700,data/lafan1/obstacles5_subject4.bvh,2100,2700,600,30.000300003000028,19.9998,10.09806124083363,0.5057510295053015,11.725000276946895,2.793734047194559,32,False,semantic_exclusion
obstacles5_subject4_f002400_003000,data/lafan1/obstacles5_subject4.bvh,2400,3000,600,30.000300003000028,19.9998,10.971068901405367,0.5494747218626793,12.942444021273994,4.190195051547505,35,False,semantic_exclusion
obstacles5_subject4_f002700_003300,data/lafan1/obstacles5_subject4.bvh,2700,3300,600,30.000300003000028,19.9998,10.917596727330583,0.5467966229243553,10.142746342445733,3.191140167170044,44,False,semantic_exclusion
obstacles5_subject4_f003000_003600,data/lafan1/obstacles5_subject4.bvh,3000,3600,600,30.000300003000028,19.9998,9.42370584212754,0.47197663172596027,4.649890574346302,2.8099440829623097,61,False,semantic_exclusion
obstacles5_subject4_f003300_003900,data/lafan1/obstacles5_subject4.bvh,3300,3900,600,30.000300003000028,19.9998,15.398885482390735,0.7712373692546977,11.09323809945908,5.061180656916425,36,False,semantic_exclusion
obstacles5_subject4_f003600_004200,data/lafan1/obstacles5_subject4.bvh,3600,4200,600,30.000300003000028,19.9998,19.004042215868758,0.9517979428142573,7.824734080187587,6.791437554890894,14,False,semantic_exclusion
obstacles5_subject4_f003900_004500,data/lafan1/obstacles5_subject4.bvh,3900,4500,600,30.000300003000028,19.9998,15.694843297843057,0.78606011257991,9.24102131472961,8.366623743847006,18,False,semantic_exclusion
obstacles5_subject4_f004200_004800,data/lafan1/obstacles5_subject4.bvh,4200,4800,600,30.000300003000028,19.9998,13.307899020408254,0.6665124591350213,8.164025197345557,4.252345653483863,18,False,semantic_exclusion
obstacles5_subject4_f004500_005100,data/lafan1/obstacles5_subject4.bvh,4500,5100,600,30.000300003000028,19.9998,14.268560183779478,0.7146261871857188,8.164025197345557,6.148484772953754,24,False,semantic_exclusion
obstacles5_subject4_f004800_005400,data/lafan1/obstacles5_subject4.bvh,4800,5400,600,30.000300003000028,19.9998,15.60643372538637,0.7816322099140709,13.71578361799818,7.514726237755501,30,False,semantic_exclusion
obstacles5_subject4_f005100_005700,data/lafan1/obstacles5_subject4.bvh,5100,5700,600,30.000300003000028,19.9998,15.844706178094658,0.7935658410721665,10.273399239683673,7.318825930483703,20,False,semantic_exclusion
obstacles5_subject4_f005400_006000,data/lafan1/obstacles5_subject4.bvh,5400,6000,600,30.000300003000028,19.9998,16.485331334905773,0.8256508943172456,13.72073126762698,7.687535138741417,16,False,semantic_exclusion
obstacles5_subject4_f005700_006300,data/lafan1/obstacles5_subject4.bvh,5700,6300,600,30.000300003000028,19.9998,17.273616954951244,0.8651313702595077,12.974513576149146,6.8553108810559245,22,False,semantic_exclusion
obstacles5_subject4_f006000_006600,data/lafan1/obstacles5_subject4.bvh,6000,6600,600,30.000300003000028,19.9998,14.09452766186259,0.7059099470057768,12.446365247877218,5.94960121282986,30,False,semantic_exclusion
obstacles5_subject4_f006300_006900,data/lafan1/obstacles5_subject4.bvh,6300,6900,600,30.000300003000028,19.9998,10.23145553185763,0.512431945614496,5.973185005753173,6.652502620717732,20,False,semantic_exclusion
obstacles5_subject4_f006600_007200,data/lafan1/obstacles5_subject4.bvh,6600,7200,600,30.000300003000028,19.9998,9.036377538969015,0.45257769133462694,5.357294802133757,4.968480533706095,4,False,semantic_exclusion
obstacles5_subject4_f006786_007386,data/lafan1/obstacles5_subject4.bvh,6786,7386,600,30.000300003000028,19.9998,7.145453504787903,0.35787270250605185,6.11431154394718,3.5042140388096827,12,False,semantic_exclusion
obstacles6_subject1_f000000_000600,data/lafan1/obstacles6_subject1.bvh,0,600,600,30.000300003000028,19.9998,4.322047106513896,0.2164652918572873,5.662156118087786,3.2871477402797384,14,False,semantic_exclusion
obstacles6_subject1_f000300_000900,data/lafan1/obstacles6_subject1.bvh,300,900,600,30.000300003000028,19.9998,4.490227949491496,0.2248884567055101,4.599768997795235,2.2675120262185584,16,False,semantic_exclusion
obstacles6_subject1_f000600_001200,data/lafan1/obstacles6_subject1.bvh,600,1200,600,30.000300003000028,19.9998,3.807846561741729,0.19071208550524882,4.8989761817319195,1.2387761615101516,11,False,semantic_exclusion
obstacles6_subject1_f000900_001500,data/lafan1/obstacles6_subject1.bvh,900,1500,600,30.000300003000028,19.9998,8.144273257758595,0.407897564339179,10.527853843643344,3.8345254394020563,6,False,semantic_exclusion
obstacles6_subject1_f001200_001800,data/lafan1/obstacles6_subject1.bvh,1200,1800,600,30.000300003000028,19.9998,12.074687504152731,0.6047483264892447,9.952098690691464,3.8360960668867286,12,False,semantic_exclusion
obstacles6_subject1_f001500_002100,data/lafan1/obstacles6_subject1.bvh,1500,2100,600,30.000300003000028,19.9998,8.674566753308929,0.43445676960821,10.779217127018837,2.685191557701218,6,False,semantic_exclusion
obstacles6_subject1_f001800_002400,data/lafan1/obstacles6_subject1.bvh,1800,2400,600,30.000300003000028,19.9998,6.588956043238685,0.33000109850374054,9.986998089073976,1.6906480309214618,3,False,semantic_exclusion
obstacles6_subject1_f002100_002700,data/lafan1/obstacles6_subject1.bvh,2100,2700,600,30.000300003000028,19.9998,7.154578428679864,0.35832971495056504,11.066443816623273,2.002950716220947,4,False,semantic_exclusion
obstacles6_subject1_f002400_003000,data/lafan1/obstacles6_subject1.bvh,2400,3000,600,30.000300003000028,19.9998,10.559605125341832,0.5288669810909377,5.949664644496874,5.654269715805521,8,False,semantic_exclusion
obstacles6_subject1_f002700_003300,data/lafan1/obstacles6_subject1.bvh,2700,3300,600,30.000300003000028,19.9998,16.142342946491155,0.8084726730317965,5.124834661600591,7.265562501400887,14,False,semantic_exclusion
obstacles6_subject1_f003000_003600,data/lafan1/obstacles6_subject1.bvh,3000,3600,600,30.000300003000028,19.9998,27.87117616769654,1.3958992428503518,10.386199102533418,10.944540920414795,14,False,semantic_exclusion
obstacles6_subject1_f003300_003900,data/lafan1/obstacles6_subject1.bvh,3300,3900,600,30.000300003000028,19.9998,35.55846195750184,1.7809090590489465,24.641771295058327,11.334796818830203,4,False,semantic_exclusion
obstacles6_subject1_f003600_004200,data/lafan1/obstacles6_subject1.bvh,3600,4200,600,30.000300003000028,19.9998,29.740253168627802,1.4895100454490922,14.732693366126465,7.814268911810826,18,False,semantic_exclusion
obstacles6_subject1_f003900_004500,data/lafan1/obstacles6_subject1.bvh,3900,4500,600,30.000300003000028,19.9998,31.64513754020983,1.5849142234432276,11.869507003641047,9.265930503008978,27,False,semantic_exclusion
obstacles6_subject1_f004200_004800,data/lafan1/obstacles6_subject1.bvh,4200,4800,600,30.000300003000028,19.9998,28.753049223461932,1.440066949423848,17.862773594539448,11.598167043175087,30,False,semantic_exclusion
obstacles6_subject1_f004500_005100,data/lafan1/obstacles6_subject1.bvh,4500,5100,600,30.000300003000028,19.9998,22.38570114298786,1.1211648582089089,15.426845067117933,9.525233673109815,32,False,semantic_exclusion
obstacles6_subject1_f004800_005400,data/lafan1/obstacles6_subject1.bvh,4800,5400,600,30.000300003000028,19.9998,20.999905076133786,1.0517586850059044,9.113751631853177,9.169887755485911,18,False,semantic_exclusion
obstacles6_subject1_f005100_005700,data/lafan1/obstacles6_subject1.bvh,5100,5700,600,30.000300003000028,19.9998,14.263686257918197,0.7143820816130464,5.271060762391257,3.7392738367980236,26,False,semantic_exclusion
obstacles6_subject1_f005400_006000,data/lafan1/obstacles6_subject1.bvh,5400,6000,600,30.000300003000028,19.9998,11.213114236472776,0.5615973139600899,15.473673781439434,3.3769849934782075,22,False,semantic_exclusion
obstacles6_subject1_f005700_006300,data/lafan1/obstacles6_subject1.bvh,5700,6300,600,30.000300003000028,19.9998,10.499190906023276,0.52584119694402,12.567610344158329,2.6210816709334592,12,False,semantic_exclusion
obstacles6_subject1_f006000_006600,data/lafan1/obstacles6_subject1.bvh,6000,6600,600,30.000300003000028,19.9998,9.199756894765294,0.46076037862708974,10.547962139772292,2.081002147843442,26,False,semantic_exclusion
obstacles6_subject1_f006300_006900,data/lafan1/obstacles6_subject1.bvh,6300,6900,600,30.000300003000028,19.9998,6.006782990988427,0.3008435589024551,5.014930173444507,1.498976608404436,33,False,semantic_exclusion
obstacles6_subject1_f006600_007200,data/lafan1/obstacles6_subject1.bvh,6600,7200,600,30.000300003000028,19.9998,12.804345609140046,0.641292503533051,4.98178412514276,7.968695805802611,36,False,semantic_exclusion
obstacles6_subject1_f006900_007500,data/lafan1/obstacles6_subject1.bvh,6900,7500,600,30.000300003000028,19.9998,14.064347440356215,0.7043984015978498,6.2621556187435665,7.145519526168413,39,False,semantic_exclusion
obstacles6_subject1_f006951_007551,data/lafan1/obstacles6_subject1.bvh,6951,7551,600,30.000300003000028,19.9998,12.484059471885875,0.6252513011884312,6.262155618743567,5.6447496613497,36,False,semantic_exclusion
obstacles6_subject4_f000000_000600,data/lafan1/obstacles6_subject4.bvh,0,600,600,30.000300003000028,19.9998,7.3812610436379575,0.3696828809843002,5.7458356843785925,3.480748969631509,14,False,semantic_exclusion
obstacles6_subject4_f000300_000900,data/lafan1/obstacles6_subject4.bvh,300,900,600,30.000300003000028,19.9998,6.82093654253485,0.34161960363517735,2.787561010996507,3.4553476200942876,4,False,semantic_exclusion
obstacles6_subject4_f000600_001200,data/lafan1/obstacles6_subject4.bvh,600,1200,600,30.000300003000028,19.9998,7.453822462357621,0.37331704514161773,2.343752423024875,5.779715158368791,2,False,semantic_exclusion
obstacles6_subject4_f000900_001500,data/lafan1/obstacles6_subject4.bvh,900,1500,600,30.000300003000028,19.9998,10.657206027136388,0.5337552220498692,1.807814426457819,9.183001574760603,2,False,semantic_exclusion
obstacles6_subject4_f001200_001800,data/lafan1/obstacles6_subject4.bvh,1200,1800,600,30.000300003000028,19.9998,13.954417102504683,0.6988926534927127,5.190501731045677,6.757423128162992,6,False,semantic_exclusion
obstacles6_subject4_f001500_002100,data/lafan1/obstacles6_subject4.bvh,1500,2100,600,30.000300003000028,19.9998,17.749370996296328,0.8889590229606633,5.190501731045677,11.72514609032189,6,False,semantic_exclusion
obstacles6_subject4_f001800_002400,data/lafan1/obstacles6_subject4.bvh,1800,2400,600,30.000300003000028,19.9998,15.064649858411315,0.754497521189468,4.034254685865039,8.67533296510517,0,False,stance_swing;semantic_exclusion
obstacles6_subject4_f002100_002700,data/lafan1/obstacles6_subject4.bvh,2100,2700,600,30.000300003000028,19.9998,11.08429605518439,0.5551455876086836,8.695012478849485,7.140002060210769,2,False,semantic_exclusion
obstacles6_subject4_f002400_003000,data/lafan1/obstacles6_subject4.bvh,2400,3000,600,30.000300003000028,19.9998,9.660863997576152,0.48385445444986097,9.317633934393596,7.007510438210607,4,False,semantic_exclusion
obstacles6_subject4_f002700_003300,data/lafan1/obstacles6_subject4.bvh,2700,3300,600,30.000300003000028,19.9998,9.811468882798525,0.49139734549925757,6.540167601933966,5.6300822599781455,4,False,semantic_exclusion
obstacles6_subject4_f003000_003600,data/lafan1/obstacles6_subject4.bvh,3000,3600,600,30.000300003000028,19.9998,12.328264208849847,0.6174484553952307,4.173091869359839,6.83106903086468,2,False,semantic_exclusion
obstacles6_subject4_f003300_003900,data/lafan1/obstacles6_subject4.bvh,3300,3900,600,30.000300003000028,19.9998,8.336526741281599,0.4175263826735896,4.225614170087971,2.748377881431704,6,False,semantic_exclusion
obstacles6_subject4_f003600_004200,data/lafan1/obstacles6_subject4.bvh,3600,4200,600,30.000300003000028,19.9998,4.572922575037578,0.22903013212290274,10.488110403170417,2.259097047725702,6,False,semantic_exclusion
obstacles6_subject4_f003900_004500,data/lafan1/obstacles6_subject4.bvh,3900,4500,600,30.000300003000028,19.9998,8.613005437759742,0.43137353432431197,14.577813519860008,4.56983699194749,6,False,semantic_exclusion
obstacles6_subject4_f004200_004800,data/lafan1/obstacles6_subject4.bvh,4200,4800,600,30.000300003000028,19.9998,14.561829605058481,0.7293142850489513,4.040463741884256,7.8994060782713875,10,False,semantic_exclusion
obstacles6_subject4_f004500_005100,data/lafan1/obstacles6_subject4.bvh,4500,5100,600,30.000300003000028,19.9998,14.17948932464169,0.7101651646554039,4.718186437671099,7.309032057010637,4,False,semantic_exclusion
obstacles6_subject4_f004800_005400,data/lafan1/obstacles6_subject4.bvh,4800,5400,600,30.000300003000028,19.9998,13.554845754385473,0.6788805327645333,10.877129086124274,5.4206814532128025,6,False,semantic_exclusion
obstacles6_subject4_f005100_005700,data/lafan1/obstacles6_subject4.bvh,5100,5700,600,30.000300003000028,19.9998,15.808664054035901,0.7917607082933551,17.02500916709375,3.879696509917182,6,False,semantic_exclusion
obstacles6_subject4_f005400_006000,data/lafan1/obstacles6_subject4.bvh,5400,6000,600,30.000300003000028,19.9998,15.388072525335158,0.7706958134022989,14.60790236933665,5.22195466866193,6,False,semantic_exclusion
obstacles6_subject4_f005700_006300,data/lafan1/obstacles6_subject4.bvh,5700,6300,600,30.000300003000028,19.9998,11.77780774031623,0.5898794083257809,8.551852222071343,4.210626061192888,8,False,semantic_exclusion
obstacles6_subject4_f006000_006600,data/lafan1/obstacles6_subject4.bvh,6000,6600,600,30.000300003000028,19.9998,9.11597446164069,0.45656422148398557,4.515227236202324,5.5745190141504946,2,False,semantic_exclusion
obstacles6_subject4_f006300_006900,data/lafan1/obstacles6_subject4.bvh,6300,6900,600,30.000300003000028,19.9998,9.23410984541341,0.46248091088991405,5.740309165578838,5.959297159147917,2,False,semantic_exclusion
obstacles6_subject4_f006600_007200,data/lafan1/obstacles6_subject4.bvh,6600,7200,600,30.000300003000028,19.9998,9.31685031757328,0.4666248824878873,6.196469691202241,3.579025915912525,8,False,semantic_exclusion
obstacles6_subject4_f006900_007500,data/lafan1/obstacles6_subject4.bvh,6900,7500,600,30.000300003000028,19.9998,12.521198090532831,0.6271113507729149,5.338857814271636,5.08459851030114,10,False,semantic_exclusion
obstacles6_subject4_f006951_007551,data/lafan1/obstacles6_subject4.bvh,6951,7551,600,30.000300003000028,19.9998,11.70177100250432,0.5860711863798597,5.338857814271636,5.179076477770142,14,False,semantic_exclusion
obstacles6_subject5_f000000_000600,data/lafan1/obstacles6_subject5.bvh,0,600,600,30.000300003000028,19.9998,14.272884036487245,0.7148427429092611,6.664225047705903,8.624576357535307,4,False,semantic_exclusion
obstacles6_subject5_f000300_000900,data/lafan1/obstacles6_subject5.bvh,300,900,600,30.000300003000028,19.9998,14.518930775325636,0.7271657412062752,5.362348625657706,11.89464103337792,4,False,semantic_exclusion
obstacles6_subject5_f000600_001200,data/lafan1/obstacles6_subject5.bvh,600,1200,600,30.000300003000028,19.9998,15.922516414926047,0.7974628868956158,6.2577534168051,9.04395749065438,8,False,semantic_exclusion
obstacles6_subject5_f000900_001500,data/lafan1/obstacles6_subject5.bvh,900,1500,600,30.000300003000028,19.9998,16.294745989458644,0.8161056229656775,6.493207721264328,10.413645111059735,14,False,semantic_exclusion
obstacles6_subject5_f001200_001800,data/lafan1/obstacles6_subject5.bvh,1200,1800,600,30.000300003000028,19.9998,13.392535689149394,0.6707513997919309,5.203721027030812,4.164425644093864,17,False,semantic_exclusion
obstacles6_subject5_f001500_002100,data/lafan1/obstacles6_subject5.bvh,1500,2100,600,30.000300003000028,19.9998,13.632584849444363,0.6827740155253487,5.355765874584603,5.4613882799526605,10,False,semantic_exclusion
obstacles6_subject5_f001800_002400,data/lafan1/obstacles6_subject5.bvh,1800,2400,600,30.000300003000028,19.9998,16.35147344730126,0.8189467594492936,5.999258680677044,7.923732310967633,4,False,semantic_exclusion
obstacles6_subject5_f002100_002700,data/lafan1/obstacles6_subject5.bvh,2100,2700,600,30.000300003000028,19.9998,19.077936208432035,0.9554988475643706,12.414688107544613,9.967389533044821,6,False,semantic_exclusion
obstacles6_subject5_f002400_003000,data/lafan1/obstacles6_subject5.bvh,2400,3000,600,30.000300003000028,19.9998,18.48693408130156,0.9258991128125751,11.510712953336515,7.484516734907503,2,False,semantic_exclusion
obstacles6_subject5_f002700_003300,data/lafan1/obstacles6_subject5.bvh,2700,3300,600,30.000300003000028,19.9998,15.657364804164892,0.78418304070344,6.036846734983719,6.90726828505049,0,False,stance_swing;semantic_exclusion
obstacles6_subject5_f003000_003600,data/lafan1/obstacles6_subject5.bvh,3000,3600,600,30.000300003000028,19.9998,13.146628054737086,0.6584353683972776,6.549860109418174,3.9851920233116696,4,False,semantic_exclusion
obstacles6_subject5_f003300_003900,data/lafan1/obstacles6_subject5.bvh,3300,3900,600,30.000300003000028,19.9998,16.701727200532424,0.8364888590721845,7.983530794217932,8.642015418610955,6,False,semantic_exclusion
obstacles6_subject5_f003600_004200,data/lafan1/obstacles6_subject5.bvh,3600,4200,600,30.000300003000028,19.9998,17.008216688663186,0.8518390704105632,9.167807554612702,8.4018914779377,14,False,semantic_exclusion
obstacles6_subject5_f003900_004500,data/lafan1/obstacles6_subject5.bvh,3900,4500,600,30.000300003000028,19.9998,10.79758172231085,0.540785794618089,6.574448713167817,2.4170032087610602,34,False,semantic_exclusion
obstacles6_subject5_f004200_004800,data/lafan1/obstacles6_subject5.bvh,4200,4800,600,30.000300003000028,19.9998,10.895899959643977,0.5457099625909769,10.56643979008244,5.366968762839102,34,False,semantic_exclusion
obstacles6_subject5_f004500_005100,data/lafan1/obstacles6_subject5.bvh,4500,5100,600,30.000300003000028,19.9998,12.102572341362826,0.6061449099313778,11.934430540790256,5.309667653076414,20,False,semantic_exclusion
obstacles6_subject5_f004800_005400,data/lafan1/obstacles6_subject5.bvh,4800,5400,600,30.000300003000028,19.9998,11.28315274478484,0.5651051207399306,12.171641626240245,4.158348046306343,12,False,semantic_exclusion
obstacles6_subject5_f005100_005700,data/lafan1/obstacles6_subject5.bvh,5100,5700,600,30.000300003000028,19.9998,13.707434307363481,0.686522773776827,6.93580376021524,9.658147944200206,8,False,semantic_exclusion
obstacles6_subject5_f005400_006000,data/lafan1/obstacles6_subject5.bvh,5400,6000,600,30.000300003000028,19.9998,14.755950255274879,0.739036618510169,8.266434481804072,7.702965886775074,4,False,semantic_exclusion
obstacles6_subject5_f005700_006300,data/lafan1/obstacles6_subject5.bvh,5700,6300,600,30.000300003000028,19.9998,14.415489359494261,0.7219849840983015,9.692399532853019,8.91627354785003,6,False,semantic_exclusion
obstacles6_subject5_f006000_006600,data/lafan1/obstacles6_subject5.bvh,6000,6600,600,30.000300003000028,19.9998,13.302816034310528,0.66625788299505,14.759009839281664,6.840534766134689,14,False,semantic_exclusion
obstacles6_subject5_f006300_006900,data/lafan1/obstacles6_subject5.bvh,6300,6900,600,30.000300003000028,19.9998,14.993067426351299,0.7509123885738673,15.649335625921234,4.48086241414829,10,False,semantic_exclusion
obstacles6_subject5_f006600_007200,data/lafan1/obstacles6_subject5.bvh,6600,7200,600,30.000300003000028,19.9998,20.4368238214165,1.0235573384823915,12.796240976804075,8.827060690725437,2,False,semantic_exclusion
obstacles6_subject5_f006900_007500,data/lafan1/obstacles6_subject5.bvh,6900,7500,600,30.000300003000028,19.9998,19.161415748300783,0.9596798346097376,14.233055825984376,8.908272449140584,2,False,semantic_exclusion
obstacles6_subject5_f006951_007551,data/lafan1/obstacles6_subject5.bvh,6951,7551,600,30.000300003000028,19.9998,16.934652655872252,0.848154691356876,14.233055825984376,6.611142632638759,6,False,semantic_exclusion
push1_subject2_f000000_000600,data/lafan1/push1_subject2.bvh,0,600,600,30.000300003000028,19.9998,7.927465833939966,0.3970389871147442,16.444813662440968,2.6816635334920407,55,False,semantic_exclusion
push1_subject2_f000300_000900,data/lafan1/push1_subject2.bvh,300,900,600,30.000300003000028,19.9998,9.417958019580203,0.4716887579350018,22.31100196164202,3.3622350677011212,60,False,semantic_exclusion
push1_subject2_f000600_001200,data/lafan1/push1_subject2.bvh,600,1200,600,30.000300003000028,19.9998,10.621948067927965,0.5319893633624799,9.847560123114079,4.698677411157835,64,False,semantic_exclusion
push1_subject2_f000900_001500,data/lafan1/push1_subject2.bvh,900,1500,600,30.000300003000028,19.9998,11.844065695309697,0.593197869974177,9.997896474378182,5.199147239856972,49,False,semantic_exclusion
push1_subject2_f001200_001800,data/lafan1/push1_subject2.bvh,1200,1800,600,30.000300003000028,19.9998,12.186889322095428,0.6103678393426051,11.403920084200516,4.815229217151447,41,False,semantic_exclusion
push1_subject2_f001500_002100,data/lafan1/push1_subject2.bvh,1500,2100,600,30.000300003000028,19.9998,12.371369939553743,0.6196073616606154,9.706251526554327,6.596382349399321,21,False,semantic_exclusion
push1_subject2_f001800_002400,data/lafan1/push1_subject2.bvh,1800,2400,600,30.000300003000028,19.9998,10.709456141690701,0.5363721153918067,3.980863497791037,5.469282332159031,0,False,stance_swing;semantic_exclusion
push1_subject2_f002100_002700,data/lafan1/push1_subject2.bvh,2100,2700,600,30.000300003000028,19.9998,7.842465268866112,0.39278182108362547,7.457161124171336,2.7677403334187143,12,False,semantic_exclusion
push1_subject2_f002400_003000,data/lafan1/push1_subject2.bvh,2400,3000,600,30.000300003000028,19.9998,5.790437265638124,0.29000810537177774,6.520418608557444,2.157225142249489,46,False,semantic_exclusion
push1_subject2_f002466_003066,data/lafan1/push1_subject2.bvh,2466,3066,600,30.000300003000028,19.9998,5.027363896942307,0.2517903591527889,4.831471868767699,2.232187829167891,47,False,semantic_exclusion
pushAndFall1_subject1_f000000_000600,data/lafan1/pushAndFall1_subject1.bvh,0,600,600,30.000300003000028,19.9998,10.702222639140732,0.5360098328432732,9.702245818068839,3.898115650376468,38,False,semantic_exclusion
pushAndFall1_subject1_f000300_000900,data/lafan1/pushAndFall1_subject1.bvh,300,900,600,30.000300003000028,19.9998,14.019281883974752,0.7021413394755693,10.074315895520622,3.898115650376468,54,False,semantic_exclusion
pushAndFall1_subject1_f000600_001200,data/lafan1/pushAndFall1_subject1.bvh,600,1200,600,30.000300003000028,19.9998,11.508414472272102,0.5763871230835231,9.78992952422567,2.510527908822266,64,False,semantic_exclusion
pushAndFall1_subject1_f000900_001500,data/lafan1/pushAndFall1_subject1.bvh,900,1500,600,30.000300003000028,19.9998,12.838737323019867,0.6430149772125366,5.396534331770981,3.322790214731506,64,False,semantic_exclusion
pushAndFall1_subject1_f001200_001800,data/lafan1/pushAndFall1_subject1.bvh,1200,1800,600,30.000300003000028,19.9998,14.125098678216114,0.7074410649723916,12.444128567002576,4.252043166448549,47,False,semantic_exclusion
pushAndFall1_subject1_f001500_002100,data/lafan1/pushAndFall1_subject1.bvh,1500,2100,600,30.000300003000028,19.9998,13.701939130291878,0.6862475534751279,11.28750810284069,4.454461584027955,42,False,semantic_exclusion
pushAndFall1_subject1_f001800_002400,data/lafan1/pushAndFall1_subject1.bvh,1800,2400,600,30.000300003000028,19.9998,14.937197670327347,0.7481142092052312,15.739872429555485,4.0106039151181205,38,False,semantic_exclusion
pushAndFall1_subject1_f002100_002700,data/lafan1/pushAndFall1_subject1.bvh,2100,2700,600,30.000300003000028,19.9998,13.188495502169744,0.6605322565163754,16.798404978524037,3.630074137430746,54,False,semantic_exclusion
pushAndFall1_subject1_f002400_003000,data/lafan1/pushAndFall1_subject1.bvh,2400,3000,600,30.000300003000028,19.9998,8.93007314158647,0.4472535447351036,13.19194787270253,3.1561136128335763,67,False,semantic_exclusion
pushAndFall1_subject1_f002700_003300,data/lafan1/pushAndFall1_subject1.bvh,2700,3300,600,30.000300003000028,19.9998,9.97174733349124,0.4994247271433268,15.230234599879608,3.2421277685581753,62,False,semantic_exclusion
pushAndFall1_subject1_f003000_003600,data/lafan1/pushAndFall1_subject1.bvh,3000,3600,600,30.000300003000028,19.9998,12.160061770257517,0.6090242089528165,15.711564421387026,4.066134192569317,55,False,semantic_exclusion
pushAndFall1_subject1_f003300_003900,data/lafan1/pushAndFall1_subject1.bvh,3300,3900,600,30.000300003000028,19.9998,15.381922847278503,0.7703878130907438,15.711564421387026,7.642681281325624,52,False,semantic_exclusion
pushAndFall1_subject1_f003600_004200,data/lafan1/pushAndFall1_subject1.bvh,3600,4200,600,30.000300003000028,19.9998,20.515491895547868,1.0274973482062633,10.759089996910877,7.489037428922552,54,False,semantic_exclusion
pushAndFall1_subject1_f003900_004500,data/lafan1/pushAndFall1_subject1.bvh,3900,4500,600,30.000300003000028,19.9998,22.361763325023436,1.1199659571732663,7.36663813362383,8.262672988814508,58,False,semantic_exclusion
pushAndFall1_subject1_f004200_004800,data/lafan1/pushAndFall1_subject1.bvh,4200,4800,600,30.000300003000028,19.9998,19.30718949865157,0.9669807632292468,17.5908852046104,8.400184151543442,54,False,semantic_exclusion
pushAndFall1_subject1_f004359_004959,data/lafan1/pushAndFall1_subject1.bvh,4359,4959,600,30.000300003000028,19.9998,16.26997005964109,0.8148647459583654,18.046820294600835,5.66818715119366,48,False,semantic_exclusion
pushAndFall1_subject4_f000000_000600,data/lafan1/pushAndFall1_subject4.bvh,0,600,600,30.000300003000028,19.9998,15.355428933587106,0.7690608926249749,6.660609129023868,7.198377702675309,26,False,semantic_exclusion
pushAndFall1_subject4_f000300_000900,data/lafan1/pushAndFall1_subject4.bvh,300,900,600,30.000300003000028,19.9998,21.012545816773923,1.0523917835225391,16.06871658632209,7.334158350684171,18,False,semantic_exclusion
pushAndFall1_subject4_f000600_001200,data/lafan1/pushAndFall1_subject4.bvh,600,1200,600,30.000300003000028,19.9998,20.132220320016025,1.008301584853045,16.78191922336878,7.4267855537361775,12,False,semantic_exclusion
pushAndFall1_subject4_f000900_001500,data/lafan1/pushAndFall1_subject4.bvh,900,1500,600,30.000300003000028,19.9998,18.46178703944507,0.9246396490398161,9.556170437314824,7.414857076538917,0,False,stance_swing;semantic_exclusion
pushAndFall1_subject4_f001200_001800,data/lafan1/pushAndFall1_subject4.bvh,1200,1800,600,30.000300003000028,19.9998,13.146171456192853,0.6584125001279821,9.700454306764843,7.282081672797204,0,False,stance_swing;semantic_exclusion
pushAndFall1_subject4_f001500_002100,data/lafan1/pushAndFall1_subject4.bvh,1500,2100,600,30.000300003000028,19.9998,6.050987496544485,0.3030574961781914,9.74860451804055,3.016603857185367,51,False,semantic_exclusion
pushAndFall1_subject4_f001800_002400,data/lafan1/pushAndFall1_subject4.bvh,1800,2400,600,30.000300003000028,19.9998,5.1115475478368815,0.25600661087596926,13.395435124353913,2.119362286680736,47,False,semantic_exclusion
pushAndFall1_subject4_f002100_002700,data/lafan1/pushAndFall1_subject4.bvh,2100,2700,600,30.000300003000028,19.9998,6.602168866171329,0.33066284917463507,11.219917273388068,2.495137591568317,2,False,semantic_exclusion
pushAndFall1_subject4_f002400_003000,data/lafan1/pushAndFall1_subject4.bvh,2400,3000,600,30.000300003000028,19.9998,9.628813073416701,0.48224921682021665,3.459622647390716,3.1318449777694526,2,False,semantic_exclusion
pushAndFall1_subject4_f002700_003300,data/lafan1/pushAndFall1_subject4.bvh,2700,3300,600,30.000300003000028,19.9998,13.549491799527898,0.6786123854324302,3.7691256746752106,3.739802675985077,0,False,stance_swing;semantic_exclusion
pushAndFall1_subject4_f003000_003600,data/lafan1/pushAndFall1_subject4.bvh,3000,3600,600,30.000300003000028,19.9998,11.718506779774913,0.5869093806017315,14.356808555599304,3.1948887818664993,0,False,stance_swing;semantic_exclusion
pushAndFall1_subject4_f003300_003900,data/lafan1/pushAndFall1_subject4.bvh,3300,3900,600,30.000300003000028,19.9998,9.11732356022919,0.4566317897016628,14.567600200572215,4.84331918264534,44,False,semantic_exclusion
pushAndFall1_subject4_f003600_004200,data/lafan1/pushAndFall1_subject4.bvh,3600,4200,600,30.000300003000028,19.9998,10.966393022161132,0.549240535251486,4.22621349294385,5.171633773964476,0,False,stance_swing;semantic_exclusion
pushAndFall1_subject4_f003900_004500,data/lafan1/pushAndFall1_subject4.bvh,3900,4500,600,30.000300003000028,19.9998,11.899082908682688,0.5959533506194504,10.35388207162833,3.7392556307456832,4,False,semantic_exclusion
pushAndFall1_subject4_f004200_004800,data/lafan1/pushAndFall1_subject4.bvh,4200,4800,600,30.000300003000028,19.9998,13.537840993251093,0.6780288667620111,7.165318400161952,8.399108793786535,3,False,semantic_exclusion
pushAndFall1_subject4_f004359_004959,data/lafan1/pushAndFall1_subject4.bvh,4359,4959,600,30.000300003000028,19.9998,15.855446031278328,0.794103735592197,9.774084352672492,8.399108793786535,0,False,stance_swing;semantic_exclusion
pushAndStumble1_subject2_f000000_000600,data/lafan1/pushAndStumble1_subject2.bvh,0,600,600,30.000300003000028,19.9998,5.772535901664201,0.2891115339365848,17.51157206052795,1.7944674889828764,46,False,semantic_exclusion
pushAndStumble1_subject2_f000300_000900,data/lafan1/pushAndStumble1_subject2.bvh,300,900,600,30.000300003000028,19.9998,9.769623756807444,0.4893015753266436,12.275232407207636,3.4421757298860207,44,False,semantic_exclusion
pushAndStumble1_subject2_f000600_001200,data/lafan1/pushAndStumble1_subject2.bvh,600,1200,600,30.000300003000028,19.9998,15.242752018505668,0.7634175850192058,14.518067737709377,3.1073102497770373,26,False,semantic_exclusion
pushAndStumble1_subject2_f000900_001500,data/lafan1/pushAndStumble1_subject2.bvh,900,1500,600,30.000300003000028,19.9998,14.566469041504037,0.729546646459989,10.889883963674514,4.120442335580707,14,False,semantic_exclusion
pushAndStumble1_subject2_f001200_001800,data/lafan1/pushAndStumble1_subject2.bvh,1200,1800,600,30.000300003000028,19.9998,12.235370580520089,0.6127959733947967,17.303183081308518,5.408387005352939,10,False,semantic_exclusion
pushAndStumble1_subject2_f001500_002100,data/lafan1/pushAndStumble1_subject2.bvh,1500,2100,600,30.000300003000028,19.9998,10.673327606665275,0.5345626548084482,27.60065031741848,2.450314923551213,16,False,semantic_exclusion
pushAndStumble1_subject2_f001800_002400,data/lafan1/pushAndStumble1_subject2.bvh,1800,2400,600,30.000300003000028,19.9998,14.999488496549578,0.7512339812821957,12.934333313014188,4.3884437795704905,22,False,semantic_exclusion
pushAndStumble1_subject2_f002100_002700,data/lafan1/pushAndStumble1_subject2.bvh,2100,2700,600,30.000300003000028,19.9998,20.926460421530486,1.0480802848861788,19.86342915253061,5.498518417473585,22,False,semantic_exclusion
pushAndStumble1_subject2_f002400_003000,data/lafan1/pushAndStumble1_subject2.bvh,2400,3000,600,30.000300003000028,19.9998,17.29179566194746,0.8660418321352225,16.185496075178794,5.498518417473585,26,False,semantic_exclusion
pushAndStumble1_subject2_f002700_003300,data/lafan1/pushAndStumble1_subject2.bvh,2700,3300,600,30.000300003000028,19.9998,17.833913643128245,0.8931932546267822,16.149042793430148,5.766248266588148,29,False,semantic_exclusion
pushAndStumble1_subject2_f003000_003600,data/lafan1/pushAndStumble1_subject2.bvh,3000,3600,600,30.000300003000028,19.9998,33.04953420098933,1.6552519882956422,11.821804178318542,10.273363685471974,16,False,semantic_exclusion
pushAndStumble1_subject2_f003300_003900,data/lafan1/pushAndStumble1_subject2.bvh,3300,3900,600,30.000300003000028,19.9998,44.85404271050905,2.246468677233135,9.564749593011106,11.01611225529791,2,False,semantic_exclusion
pushAndStumble1_subject2_f003600_004200,data/lafan1/pushAndStumble1_subject2.bvh,3600,4200,600,30.000300003000028,19.9998,35.82842556827214,1.79442990932107,10.303474824427497,10.474476925189371,12,False,semantic_exclusion
pushAndStumble1_subject2_f003900_004500,data/lafan1/pushAndStumble1_subject2.bvh,3900,4500,600,30.000300003000028,19.9998,20.668489863565632,1.0351600943504742,15.848988472686662,6.822580568833251,42,False,semantic_exclusion
pushAndStumble1_subject2_f004200_004800,data/lafan1/pushAndStumble1_subject2.bvh,4200,4800,600,30.000300003000028,19.9998,20.94489527938162,1.0490035758144702,11.884470649031226,8.638044930001199,0,False,stance_swing;semantic_exclusion
pushAndStumble1_subject2_f004500_005100,data/lafan1/pushAndStumble1_subject2.bvh,4500,5100,600,30.000300003000028,19.9998,31.377137576216143,1.5714917204038221,9.263976039416924,10.760525484930335,0,False,stance_swing;semantic_exclusion
pushAndStumble1_subject2_f004800_005400,data/lafan1/pushAndStumble1_subject2.bvh,4800,5400,600,30.000300003000028,19.9998,33.5465556693256,1.6801447982422528,11.136112734362413,9.245444553117405,4,False,semantic_exclusion
pushAndStumble1_subject2_f005100_005700,data/lafan1/pushAndStumble1_subject2.bvh,5100,5700,600,30.000300003000028,19.9998,26.165605300744204,1.3104774770991885,8.75110989193641,10.941563133672757,0,False,stance_swing;semantic_exclusion
pushAndStumble1_subject2_f005400_006000,data/lafan1/pushAndStumble1_subject2.bvh,5400,6000,600,30.000300003000028,19.9998,16.740380113228106,0.8384247505193636,11.512255835939118,7.027158640491875,0,False,stance_swing;semantic_exclusion
pushAndStumble1_subject2_f005700_006300,data/lafan1/pushAndStumble1_subject2.bvh,5700,6300,600,30.000300003000028,19.9998,8.8961898579003,0.44555653525985844,8.800015392555167,5.651355774391818,45,False,semantic_exclusion
pushAndStumble1_subject2_f006000_006600,data/lafan1/pushAndStumble1_subject2.bvh,6000,6600,600,30.000300003000028,19.9998,7.524591308894619,0.37686143016161144,5.202338216044222,1.601273357226273,54,False,semantic_exclusion
pushAndStumble1_subject2_f006201_006801,data/lafan1/pushAndStumble1_subject2.bvh,6201,6801,600,30.000300003000028,19.9998,10.092869655283977,0.50549101427328,9.216152212301255,3.0838786476317686,58,False,semantic_exclusion
pushAndStumble1_subject3_f000000_000600,data/lafan1/pushAndStumble1_subject3.bvh,0,600,600,30.000300003000028,19.9998,5.159366341350538,0.2584015660532501,5.210857751108703,2.4514765165752306,38,False,semantic_exclusion
pushAndStumble1_subject3_f000300_000900,data/lafan1/pushAndStumble1_subject3.bvh,300,900,600,30.000300003000028,19.9998,9.545857142147963,0.47809445417398894,6.807647981267786,3.6773582497223583,37,False,semantic_exclusion
pushAndStumble1_subject3_f000600_001200,data/lafan1/pushAndStumble1_subject3.bvh,600,1200,600,30.000300003000028,19.9998,11.598014857746975,0.5808746663967629,19.03035799206038,2.9961808816752167,24,False,semantic_exclusion
pushAndStumble1_subject3_f000900_001500,data/lafan1/pushAndStumble1_subject3.bvh,900,1500,600,30.000300003000028,19.9998,12.273834618555831,0.6147224052485516,18.397888008770053,4.422693077265254,32,False,semantic_exclusion
pushAndStumble1_subject3_f001200_001800,data/lafan1/pushAndStumble1_subject3.bvh,1200,1800,600,30.000300003000028,19.9998,14.961336908773863,0.7493231981789198,14.099885405724763,6.445121375757976,40,False,semantic_exclusion
pushAndStumble1_subject3_f001500_002100,data/lafan1/pushAndStumble1_subject3.bvh,1500,2100,600,30.000300003000028,19.9998,20.322831532162247,1.0178481517116797,19.419767527779538,7.225554015736251,24,False,semantic_exclusion
pushAndStumble1_subject3_f001800_002400,data/lafan1/pushAndStumble1_subject3.bvh,1800,2400,600,30.000300003000028,19.9998,28.129379639299238,1.4088310986264738,13.029727721219011,7.622020261554773,6,False,semantic_exclusion
pushAndStumble1_subject3_f002100_002700,data/lafan1/pushAndStumble1_subject3.bvh,2100,2700,600,30.000300003000028,19.9998,21.9128275568699,1.0974814701504227,13.597848051828672,6.865633604966638,23,False,semantic_exclusion
pushAndStumble1_subject3_f002400_003000,data/lafan1/pushAndStumble1_subject3.bvh,2400,3000,600,30.000300003000028,19.9998,12.616928115744418,0.631905890799029,11.165692505050066,4.192437023180402,38,False,semantic_exclusion
pushAndStumble1_subject3_f002700_003300,data/lafan1/pushAndStumble1_subject3.bvh,2700,3300,600,30.000300003000028,19.9998,24.67109343967097,1.2356263849618947,19.716347348900545,5.674964983976539,29,False,semantic_exclusion
pushAndStumble1_subject3_f003000_003600,data/lafan1/pushAndStumble1_subject3.bvh,3000,3600,600,30.000300003000028,19.9998,27.3914276957402,1.3718715331931381,19.71634734890055,5.923300615667246,11,False,semantic_exclusion
pushAndStumble1_subject3_f003300_003900,data/lafan1/pushAndStumble1_subject3.bvh,3300,3900,600,30.000300003000028,19.9998,20.201975749324387,1.0117952139116242,17.665537226121852,6.805478929404367,2,False,semantic_exclusion
pushAndStumble1_subject3_f003600_004200,data/lafan1/pushAndStumble1_subject3.bvh,3600,4200,600,30.000300003000028,19.9998,19.389098797929908,0.9710831063868188,21.984721959004936,4.09311912696276,21,False,semantic_exclusion
pushAndStumble1_subject3_f003900_004500,data/lafan1/pushAndStumble1_subject3.bvh,3900,4500,600,30.000300003000028,19.9998,18.710726036555286,0.9371075031228752,11.213403322175784,6.801137947513956,42,False,semantic_exclusion
pushAndStumble1_subject3_f004200_004800,data/lafan1/pushAndStumble1_subject3.bvh,4200,4800,600,30.000300003000028,19.9998,24.353613135943224,1.2197257099086793,7.532496157115986,10.425945785697348,27,False,semantic_exclusion
pushAndStumble1_subject3_f004500_005100,data/lafan1/pushAndStumble1_subject3.bvh,4500,5100,600,30.000300003000028,19.9998,25.832622215527053,1.2938003611518778,9.654863059488166,12.027959217730803,4,False,semantic_exclusion
pushAndStumble1_subject3_f004800_005400,data/lafan1/pushAndStumble1_subject3.bvh,4800,5400,600,30.000300003000028,19.9998,32.395415754838396,1.622491137507622,6.608234922175065,12.823120323311905,9,False,semantic_exclusion
pushAndStumble1_subject3_f005100_005700,data/lafan1/pushAndStumble1_subject3.bvh,5100,5700,600,30.000300003000028,19.9998,42.79423572911967,2.1433053593867997,6.349025447616516,12.662480955174548,12,False,semantic_exclusion
pushAndStumble1_subject3_f005400_006000,data/lafan1/pushAndStumble1_subject3.bvh,5400,6000,600,30.000300003000028,19.9998,46.49866533655933,2.3288379129146546,12.392984672143642,11.444856910892524,4,False,semantic_exclusion
pushAndStumble1_subject3_f005700_006300,data/lafan1/pushAndStumble1_subject3.bvh,5700,6300,600,30.000300003000028,19.9998,35.984436192514124,1.8022435412591582,9.90732398487372,11.83716935374471,2,False,semantic_exclusion
pushAndStumble1_subject3_f006000_006600,data/lafan1/pushAndStumble1_subject3.bvh,6000,6600,600,30.000300003000028,19.9998,22.960237125659685,1.149939903021385,14.292413147253344,10.792105818754742,2,False,semantic_exclusion
pushAndStumble1_subject3_f006201_006801,data/lafan1/pushAndStumble1_subject3.bvh,6201,6801,600,30.000300003000028,19.9998,20.254729957578174,1.0144373542689438,12.816164757581577,8.444500000886213,6,False,semantic_exclusion
pushAndStumble1_subject5_f000000_000600,data/lafan1/pushAndStumble1_subject5.bvh,0,600,600,30.000300003000028,19.9998,4.618154432566578,0.23129552326741518,10.450582852294904,2.1077421514471313,22,False,semantic_exclusion
pushAndStumble1_subject5_f000300_000900,data/lafan1/pushAndStumble1_subject5.bvh,300,900,600,30.000300003000028,19.9998,11.370516468046961,0.5694806431226397,14.507532984509295,3.925889154214729,40,False,semantic_exclusion
pushAndStumble1_subject5_f000600_001200,data/lafan1/pushAndStumble1_subject5.bvh,600,1200,600,30.000300003000028,19.9998,15.01538538417562,0.7520301605775133,8.61288270359712,3.4967621459125433,37,False,semantic_exclusion
pushAndStumble1_subject5_f000900_001500,data/lafan1/pushAndStumble1_subject5.bvh,900,1500,600,30.000300003000028,19.9998,14.22055661944556,0.7122219779516106,8.540959993800705,5.017165305901643,34,False,semantic_exclusion
pushAndStumble1_subject5_f001200_001800,data/lafan1/pushAndStumble1_subject5.bvh,1200,1800,600,30.000300003000028,19.9998,10.085781734525856,0.5051360230393216,10.664213684677513,5.756342602414455,49,False,semantic_exclusion
pushAndStumble1_subject5_f001500_002100,data/lafan1/pushAndStumble1_subject5.bvh,1500,2100,600,30.000300003000028,19.9998,11.127256616340429,0.5572972232063103,14.634704788044468,5.489982580004185,46,False,semantic_exclusion
pushAndStumble1_subject5_f001800_002400,data/lafan1/pushAndStumble1_subject5.bvh,1800,2400,600,30.000300003000028,19.9998,15.629494928580046,0.7827872065989463,10.183445366001138,5.467624065640353,20,False,semantic_exclusion
pushAndStumble1_subject5_f002100_002700,data/lafan1/pushAndStumble1_subject5.bvh,2100,2700,600,30.000300003000028,19.9998,18.008475543881957,0.9019360082022501,18.96786008336919,5.001150048967391,20,False,semantic_exclusion
pushAndStumble1_subject5_f002400_003000,data/lafan1/pushAndStumble1_subject5.bvh,2400,3000,600,30.000300003000028,19.9998,14.037332297505628,0.7030453759047921,20.48337443542608,4.617436793487299,32,False,semantic_exclusion
pushAndStumble1_subject5_f002700_003300,data/lafan1/pushAndStumble1_subject5.bvh,2700,3300,600,30.000300003000028,19.9998,9.978348927616736,0.4997553612072048,25.73767716359423,4.590952453964632,32,False,semantic_exclusion
pushAndStumble1_subject5_f003000_003600,data/lafan1/pushAndStumble1_subject5.bvh,3000,3600,600,30.000300003000028,19.9998,19.19955022300256,0.9615897606222753,28.480939271950557,7.850851548433363,27,False,semantic_exclusion
pushAndStumble1_subject5_f003300_003900,data/lafan1/pushAndStumble1_subject5.bvh,3300,3900,600,30.000300003000028,19.9998,40.48570412231845,2.0276849240438204,13.629843884979676,11.437845053437929,12,False,semantic_exclusion
pushAndStumble1_subject5_f003600_004200,data/lafan1/pushAndStumble1_subject5.bvh,3600,4200,600,30.000300003000028,19.9998,43.395839514645544,2.17343606731454,16.141574806681007,11.361092455855335,6,False,semantic_exclusion
pushAndStumble1_subject5_f003900_004500,data/lafan1/pushAndStumble1_subject5.bvh,3900,4500,600,30.000300003000028,19.9998,21.63932960240841,1.0837836059032582,13.53473217824591,10.286130288007783,20,False,semantic_exclusion
pushAndStumble1_subject5_f004200_004800,data/lafan1/pushAndStumble1_subject5.bvh,4200,4800,600,30.000300003000028,19.9998,31.042412966876,1.5547273820088452,14.402059596836391,10.225037006122365,14,False,semantic_exclusion
pushAndStumble1_subject5_f004500_005100,data/lafan1/pushAndStumble1_subject5.bvh,4500,5100,600,30.000300003000028,19.9998,48.31574733964554,2.4198445994299114,5.59076332750125,11.53406987962727,0,False,stance_swing;semantic_exclusion
pushAndStumble1_subject5_f004800_005400,data/lafan1/pushAndStumble1_subject5.bvh,4800,5400,600,30.000300003000028,19.9998,45.43780730419185,2.275705927553024,22.64231580047893,11.353563905744648,0,False,stance_swing;semantic_exclusion
pushAndStumble1_subject5_f005100_005700,data/lafan1/pushAndStumble1_subject5.bvh,5100,5700,600,30.000300003000028,19.9998,42.75226322290508,2.1412032095064726,24.35209317062584,9.402078429321946,0,False,stance_swing;semantic_exclusion
pushAndStumble1_subject5_f005400_006000,data/lafan1/pushAndStumble1_subject5.bvh,5400,6000,600,30.000300003000028,19.9998,40.869628818593924,2.0469133982789205,15.106288494751885,9.73695527323013,2,False,semantic_exclusion
pushAndStumble1_subject5_f005700_006300,data/lafan1/pushAndStumble1_subject5.bvh,5700,6300,600,30.000300003000028,19.9998,33.79624683610409,1.69265032397089,10.802636119864033,10.719979724504915,6,False,semantic_exclusion
pushAndStumble1_subject5_f006000_006600,data/lafan1/pushAndStumble1_subject5.bvh,6000,6600,600,30.000300003000028,19.9998,26.108838897423265,1.3076343900712764,18.006953381740537,10.433542289280268,8,False,semantic_exclusion
pushAndStumble1_subject5_f006201_006801,data/lafan1/pushAndStumble1_subject5.bvh,6201,6801,600,30.000300003000028,19.9998,22.538353905635727,1.128810315096593,12.94485433743938,10.433542289280268,10,False,semantic_exclusion
run1_subject2_f000000_000600,data/lafan1/run1_subject2.bvh,0,600,600,30.000300003000028,19.9998,9.59741240649788,0.48067654665684617,10.48262013843585,2.8879889966395047,38,True,
run1_subject2_f000300_000900,data/lafan1/run1_subject2.bvh,300,900,600,30.000300003000028,19.9998,17.356446901070143,0.8692798230688554,23.671533898240472,3.428104014467476,9,True,
run1_subject2_f000600_001200,data/lafan1/run1_subject2.bvh,600,1200,600,30.000300003000028,19.9998,25.647164116822083,1.2845118826892148,15.833106948744508,5.998056016662099,0,False,stance_swing
run1_subject2_f000900_001500,data/lafan1/run1_subject2.bvh,900,1500,600,30.000300003000028,19.9998,35.11263457003025,1.7585802520811644,15.036751030892953,9.17280553094647,0,False,stance_swing
run1_subject2_f001200_001800,data/lafan1/run1_subject2.bvh,1200,1800,600,30.000300003000028,19.9998,41.857392363722916,2.096384521293773,10.540722101412953,10.809664843291786,0,False,stance_swing
run1_subject2_f001500_002100,data/lafan1/run1_subject2.bvh,1500,2100,600,30.000300003000028,19.9998,46.80343748455047,2.344102113035344,18.31149230100667,10.686350791070723,0,False,stance_swing
run1_subject2_f001800_002400,data/lafan1/run1_subject2.bvh,1800,2400,600,30.000300003000028,19.9998,48.84155023967991,2.446178897833047,17.549419679070557,10.734878440721547,0,False,stance_swing
run1_subject2_f002100_002700,data/lafan1/run1_subject2.bvh,2100,2700,600,30.000300003000028,19.9998,49.755059297305024,2.491931061078809,11.709306230801989,11.175240288224932,0,False,stance_swing
run1_subject2_f002400_003000,data/lafan1/run1_subject2.bvh,2400,3000,600,30.000300003000028,19.9998,46.69110522578139,2.338476067187119,20.689296291450045,11.498690340264242,0,False,stance_swing
run1_subject2_f002700_003300,data/lafan1/run1_subject2.bvh,2700,3300,600,30.000300003000028,19.9998,36.28621583547166,1.8173578648376627,26.065385877317176,11.632407025837036,0,False,stance_swing
run1_subject2_f003000_003600,data/lafan1/run1_subject2.bvh,3000,3600,600,30.000300003000028,19.9998,37.44941377679625,1.8756154394663938,15.27590441446156,11.678860880387987,0,False,stance_swing
run1_subject2_f003300_003900,data/lafan1/run1_subject2.bvh,3300,3900,600,30.000300003000028,19.9998,48.11725770986155,2.4099034501127083,11.19159498232693,11.65520257701223,0,False,stance_swing
run1_subject2_f003600_004200,data/lafan1/run1_subject2.bvh,3600,4200,600,30.000300003000028,19.9998,40.90954270449038,2.048912444274211,12.19986644820404,10.53713782765859,18,True,
run1_subject2_f003900_004500,data/lafan1/run1_subject2.bvh,3900,4500,600,30.000300003000028,19.9998,27.485876603739644,1.3766019097790132,15.912711600990905,10.16441411766204,46,True,
run1_subject2_f004200_004800,data/lafan1/run1_subject2.bvh,4200,4800,600,30.000300003000028,19.9998,28.108503066541005,1.4077855169139841,16.48163946351739,10.915971375630605,46,True,
run1_subject2_f004500_005100,data/lafan1/run1_subject2.bvh,4500,5100,600,30.000300003000028,19.9998,22.060681682952648,1.1048865922525326,12.269075882861816,10.685314973896315,48,True,
run1_subject2_f004800_005400,data/lafan1/run1_subject2.bvh,4800,5400,600,30.000300003000028,19.9998,21.529847136588206,1.078300289008977,16.771792819688166,4.197677997619634,32,True,
run1_subject2_f005100_005700,data/lafan1/run1_subject2.bvh,5100,5700,600,30.000300003000028,19.9998,37.93778002018937,1.9000747613580997,18.315014372598085,4.226244448300404,2,True,
run1_subject2_f005400_006000,data/lafan1/run1_subject2.bvh,5400,6000,600,30.000300003000028,19.9998,47.73160690417749,2.390588525460087,17.38124289983081,6.787314317890503,0,False,stance_swing
run1_subject2_f005700_006300,data/lafan1/run1_subject2.bvh,5700,6300,600,30.000300003000028,19.9998,37.136620733554814,1.859949521042196,23.426895278961712,7.846046096799046,8,True,
run1_subject2_f006000_006600,data/lafan1/run1_subject2.bvh,6000,6600,600,30.000300003000028,19.9998,26.499531338771305,1.32720181986985,13.260500101959682,7.827194727072912,16,True,
run1_subject2_f006300_006900,data/lafan1/run1_subject2.bvh,6300,6900,600,30.000300003000028,19.9998,25.99462827351961,1.3019142682338147,27.12214383181466,7.326925147618455,20,True,
run1_subject2_f006535_007135,data/lafan1/run1_subject2.bvh,6535,7135,600,30.000300003000028,19.9998,18.018264228086938,0.9024262644005541,30.043240183683096,5.597991433465991,34,True,
run1_subject5_f000000_000600,data/lafan1/run1_subject5.bvh,0,600,600,30.000300003000028,19.9998,43.21401298561381,2.1643294722904063,10.3414309989431,8.951451126695876,14,True,
run1_subject5_f000300_000900,data/lafan1/run1_subject5.bvh,300,900,600,30.000300003000028,19.9998,57.88501752013416,2.8991116715908807,14.650942639637062,10.122159759718697,0,False,stance_swing
run1_subject5_f000600_001200,data/lafan1/run1_subject5.bvh,600,1200,600,30.000300003000028,19.9998,55.2021589161212,2.764743452916392,15.350313451981062,10.651031135906429,0,False,stance_swing
run1_subject5_f000900_001500,data/lafan1/run1_subject5.bvh,900,1500,600,30.000300003000028,19.9998,50.50991473335189,2.5297372205784776,26.98656507225401,9.729433631680653,0,False,stance_swing
run1_subject5_f001200_001800,data/lafan1/run1_subject5.bvh,1200,1800,600,30.000300003000028,19.9998,50.127467996865704,2.5105827684419935,18.917202116895695,9.352486352547837,0,False,stance_swing
run1_subject5_f001500_002100,data/lafan1/run1_subject5.bvh,1500,2100,600,30.000300003000028,19.9998,46.49794803165618,2.328801987435042,16.251706088328707,9.352486352547837,0,False,stance_swing
run1_subject5_f001800_002400,data/lafan1/run1_subject5.bvh,1800,2400,600,30.000300003000028,19.9998,42.93895782633241,2.150553617038628,20.370675599100405,8.260408786542422,0,False,stance_swing
run1_subject5_f002100_002700,data/lafan1/run1_subject5.bvh,2100,2700,600,30.000300003000028,19.9998,40.17806210317215,2.012276989372839,11.44913291729336,9.711082356751584,0,False,stance_swing
run1_subject5_f002400_003000,data/lafan1/run1_subject5.bvh,2400,3000,600,30.000300003000028,19.9998,39.85226268658793,1.9959596600934921,9.726809703392817,6.710609567671787,0,False,stance_swing
run1_subject5_f002700_003300,data/lafan1/run1_subject5.bvh,2700,3300,600,30.000300003000028,19.9998,43.06098606028138,2.156665275848821,10.38447623491156,8.9631303447378,0,False,stance_swing
run1_subject5_f003000_003600,data/lafan1/run1_subject5.bvh,3000,3600,600,30.000300003000028,19.9998,44.31876178061627,2.219659681435693,14.736611169958291,6.915894241049651,0,False,stance_swing
run1_subject5_f003300_003900,data/lafan1/run1_subject5.bvh,3300,3900,600,30.000300003000028,19.9998,38.52136198460817,1.9293028648788075,17.20418650733475,8.987746482439375,0,False,stance_swing
run1_subject5_f003600_004200,data/lafan1/run1_subject5.bvh,3600,4200,600,30.000300003000028,19.9998,34.71231217004923,1.7385305156915958,15.54734597214693,8.885256953297617,2,True,
run1_subject5_f003900_004500,data/lafan1/run1_subject5.bvh,3900,4500,600,30.000300003000028,19.9998,39.22674716226468,1.9646313572784146,17.81660589329752,9.833614977773633,4,True,
run1_subject5_f004200_004800,data/lafan1/run1_subject5.bvh,4200,4800,600,30.000300003000028,19.9998,36.71024473903229,1.8385949171194027,17.274208076848392,11.236772253355548,8,True,
run1_subject5_f004500_005100,data/lafan1/run1_subject5.bvh,4500,5100,600,30.000300003000028,19.9998,38.917867550503246,1.9491614390519485,12.496447627210792,9.712083338811173,8,True,
run1_subject5_f004800_005400,data/lafan1/run1_subject5.bvh,4800,5400,600,30.000300003000028,19.9998,39.23116403184583,1.9648525716565592,15.005626351694872,9.289610040578138,2,True,
run1_subject5_f005100_005700,data/lafan1/run1_subject5.bvh,5100,5700,600,30.000300003000028,19.9998,38.36171783168654,1.9213072513873655,26.83551822088371,5.948555503736265,0,False,stance_swing
run1_subject5_f005400_006000,data/lafan1/run1_subject5.bvh,5400,6000,600,30.000300003000028,19.9998,42.339544115785884,2.1205325967676645,18.1916529003194,5.325505529510252,0,False,stance_swing
run1_subject5_f005700_006300,data/lafan1/run1_subject5.bvh,5700,6300,600,30.000300003000028,19.9998,40.493036185251746,2.0280521428879603,30.04263757446007,9.249208520582016,2,True,
run1_subject5_f006000_006600,data/lafan1/run1_subject5.bvh,6000,6600,600,30.000300003000028,19.9998,40.31357041774794,2.0190637841811445,20.94631772911147,9.925492246417537,4,True,
run1_subject5_f006300_006900,data/lafan1/run1_subject5.bvh,6300,6900,600,30.000300003000028,19.9998,36.81912231453265,1.8440479387030588,9.81231941631209,9.914609414399116,10,True,
run1_subject5_f006535_007135,data/lafan1/run1_subject5.bvh,6535,7135,600,30.000300003000028,19.9998,32.51652094383276,1.628556566558959,9.440463070492608,8.211436154610809,20,True,
run2_subject1_f000000_000600,data/lafan1/run2_subject1.bvh,0,600,600,30.000300003000028,19.9998,36.21532968272159,1.8138076046564267,8.615160275013158,7.644142583822604,2,True,
run2_subject1_f000300_000900,data/lafan1/run2_subject1.bvh,300,900,600,30.000300003000028,19.9998,50.30401825674232,2.519425106942671,10.333434956126746,9.944595858909144,0,False,stance_swing
run2_subject1_f000600_001200,data/lafan1/run2_subject1.bvh,600,1200,600,30.000300003000028,19.9998,44.4472004637787,2.2260924010130934,9.326742635057624,10.420040150250918,12,True,
run2_subject1_f000900_001500,data/lafan1/run2_subject1.bvh,900,1500,600,30.000300003000028,19.9998,34.19972133513397,1.7128579300050415,10.954813912155899,10.25536651469762,30,True,
run2_subject1_f001200_001800,data/lafan1/run2_subject1.bvh,1200,1800,600,30.000300003000028,19.9998,38.668284591672865,1.9366613328072946,12.78032283841084,9.513935812908283,28,True,
run2_subject1_f001500_002100,data/lafan1/run2_subject1.bvh,1500,2100,600,30.000300003000028,19.9998,45.658653041172144,2.286766759546,15.415797370584858,10.206827675518388,16,True,
run2_subject1_f001800_002400,data/lafan1/run2_subject1.bvh,1800,2400,600,30.000300003000028,19.9998,55.79515343562477,2.7944429745945922,8.734024212055456,10.491436409128072,6,True,
run2_subject1_f002100_002700,data/lafan1/run2_subject1.bvh,2100,2700,600,30.000300003000028,19.9998,47.037887632972705,2.3558443080076565,18.98768611830949,11.094792603899831,22,True,
run2_subject1_f002400_003000,data/lafan1/run2_subject1.bvh,2400,3000,600,30.000300003000028,19.9998,31.926383588965198,1.5990001430380847,16.881429712094945,9.656624943123651,26,True,
run2_subject1_f002700_003300,data/lafan1/run2_subject1.bvh,2700,3300,600,30.000300003000028,19.9998,37.304201603492544,1.8683426368567129,10.289934971840214,7.539665775296916,8,True,
run2_subject1_f003000_003600,data/lafan1/run2_subject1.bvh,3000,3600,600,30.000300003000028,19.9998,34.52378438303305,1.729088295041534,13.775060037748307,5.9032117587555675,14,True,
run2_subject1_f003300_003900,data/lafan1/run2_subject1.bvh,3300,3900,600,30.000300003000028,19.9998,32.73798176170689,1.639648204246995,22.622072236158285,8.45629260632134,14,True,
run2_subject1_f003600_004200,data/lafan1/run2_subject1.bvh,3600,4200,600,30.000300003000028,19.9998,40.65489801326408,2.0361588263594195,13.273179918036309,10.848578468856388,10,True,
run2_subject1_f003900_004500,data/lafan1/run2_subject1.bvh,3900,4500,600,30.000300003000028,19.9998,40.59024758879765,2.0329208762270086,15.373559413695759,11.234027848183938,22,True,
run2_subject1_f004200_004800,data/lafan1/run2_subject1.bvh,4200,4800,600,30.000300003000028,19.9998,39.06389077752924,1.9564748624545962,14.685396140097945,11.359660468775322,18,True,
run2_subject1_f004500_005100,data/lafan1/run2_subject1.bvh,4500,5100,600,30.000300003000028,19.9998,30.22025913089307,1.5135506512440617,8.72910791530467,11.37282068478401,22,True,
run2_subject1_f004800_005400,data/lafan1/run2_subject1.bvh,4800,5400,600,30.000300003000028,19.9998,20.368265431405312,1.0201236619080036,11.969667181275831,5.27402519975025,35,True,
run2_subject1_f005100_005700,data/lafan1/run2_subject1.bvh,5100,5700,600,30.000300003000028,19.9998,25.78084731698619,1.291207268516067,12.978347262692791,11.19402141017408,38,True,
run2_subject1_f005400_006000,data/lafan1/run2_subject1.bvh,5400,6000,600,30.000300003000028,19.9998,37.11297860292336,1.8587654292030413,10.983814858919077,11.575858389479865,33,True,
run2_subject1_f005700_006300,data/lafan1/run2_subject1.bvh,5700,6300,600,30.000300003000028,19.9998,39.021029533668795,1.9543282010617498,11.299634895870575,11.556703755079011,22,True,
run2_subject1_f006000_006600,data/lafan1/run2_subject1.bvh,6000,6600,600,30.000300003000028,19.9998,38.580327776409916,1.9322561060206556,23.187212107042622,11.160587233914903,12,True,
run2_subject1_f006300_006900,data/lafan1/run2_subject1.bvh,6300,6900,600,30.000300003000028,19.9998,42.56232130652431,2.131690163639081,28.021106766702164,7.887236107868308,0,False,stance_swing
run2_subject1_f006600_007200,data/lafan1/run2_subject1.bvh,6600,7200,600,30.000300003000028,19.9998,39.10129451322089,1.9583481901540662,11.622672316534494,9.018157742472184,2,True,
run2_subject1_f006745_007345,data/lafan1/run2_subject1.bvh,6745,7345,600,30.000300003000028,19.9998,33.34891647390142,1.6702462420568154,9.227531449430503,9.018157742472184,18,True,
run2_subject4_f000000_000600,data/lafan1/run2_subject4.bvh,0,600,600,30.000300003000028,19.9998,38.199305481955335,1.913172995600841,10.256482374553647,11.345211418231175,6,True,
run2_subject4_f000300_000900,data/lafan1/run2_subject4.bvh,300,900,600,30.000300003000028,19.9998,38.74300923316038,1.9404038397559455,14.507605417326259,11.887262042756236,4,True,
run2_subject4_f000600_001200,data/lafan1/run2_subject4.bvh,600,1200,600,30.000300003000028,19.9998,42.57033529675847,2.1320915361119455,15.439066636560604,10.440787084462706,0,False,stance_swing
run2_subject4_f000900_001500,data/lafan1/run2_subject4.bvh,900,1500,600,30.000300003000028,19.9998,53.852389153872394,2.697141620191113,19.055082134013798,11.553194250611792,0,False,stance_swing
run2_subject4_f001200_001800,data/lafan1/run2_subject4.bvh,1200,1800,600,30.000300003000028,19.9998,57.91344567943257,2.900535466761975,24.461056152827027,11.677973182172792,0,False,stance_swing
run2_subject4_f001500_002100,data/lafan1/run2_subject4.bvh,1500,2100,600,30.000300003000028,19.9998,54.43110945434415,2.7261262322645337,18.618722697251517,11.137936818377872,0,False,stance_swing
run2_subject4_f001800_002400,data/lafan1/run2_subject4.bvh,1800,2400,600,30.000300003000028,19.9998,37.30018371664982,1.8681414051193843,11.774450275627762,11.414128088423931,10,True,
run2_subject4_f002100_002700,data/lafan1/run2_subject4.bvh,2100,2700,600,30.000300003000028,19.9998,27.510651329994694,1.377842726507133,17.433124829520487,12.42269838019675,28,True,
run2_subject4_f002400_003000,data/lafan1/run2_subject4.bvh,2400,3000,600,30.000300003000028,19.9998,23.053808942035744,1.1546263513738182,9.152543288713975,12.39329956799921,30,True,
run2_subject4_f002700_003300,data/lafan1/run2_subject4.bvh,2700,3300,600,30.000300003000028,19.9998,17.84607178592086,0.89380218272571,11.5917667904206,6.060472854255712,18,True,
run2_subject4_f003000_003600,data/lafan1/run2_subject4.bvh,3000,3600,600,30.000300003000028,19.9998,31.235446089354113,1.5643952477598622,13.357179659817547,7.1746489530630235,8,True,
run2_subject4_f003300_003900,data/lafan1/run2_subject4.bvh,3300,3900,600,30.000300003000028,19.9998,54.82605003167649,2.7459064255922936,14.859827664121742,11.403188297950866,4,True,
run2_subject4_f003600_004200,data/lafan1/run2_subject4.bvh,3600,4200,600,30.000300003000028,19.9998,56.27084194993931,2.8182673454417,11.617040103438676,11.272544785298635,0,False,stance_swing
run2_subject4_f003900_004500,data/lafan1/run2_subject4.bvh,3900,4500,600,30.000300003000028,19.9998,35.61379179833733,1.7836801973197025,10.677255285547206,11.650828875290642,2,True,
run2_subject4_f004200_004800,data/lafan1/run2_subject4.bvh,4200,4800,600,30.000300003000028,19.9998,30.960942942493773,1.5506470394834386,7.900425721792599,11.84952976194839,2,True,
run2_subject4_f004500_005100,data/lafan1/run2_subject4.bvh,4500,5100,600,30.000300003000028,19.9998,29.73969495274126,1.4894820877795385,17.38247861966149,11.130695894535288,10,True,
run2_subject4_f004800_005400,data/lafan1/run2_subject4.bvh,4800,5400,600,30.000300003000028,19.9998,27.854724033801105,1.3950752546157068,18.152451047835033,8.927920725187777,10,True,
run2_subject4_f005100_005700,data/lafan1/run2_subject4.bvh,5100,5700,600,30.000300003000028,19.9998,27.096602059356208,1.3571054938941478,14.076435723650423,7.956851522541958,14,True,
run2_subject4_f005400_006000,data/lafan1/run2_subject4.bvh,5400,6000,600,30.000300003000028,19.9998,36.6715572183561,1.836657292367052,21.788485541124196,11.072139227843465,16,True,
run2_subject4_f005700_006300,data/lafan1/run2_subject4.bvh,5700,6300,600,30.000300003000028,19.9998,57.855393009954454,2.8976279584141977,18.48894338956877,11.226644038160131,2,True,
run2_subject4_f006000_006600,data/lafan1/run2_subject4.bvh,6000,6600,600,30.000300003000028,19.9998,60.54507340653733,3.032337839565574,9.265924331263992,11.179257542730944,0,False,stance_swing
run2_subject4_f006300_006900,data/lafan1/run2_subject4.bvh,6300,6900,600,30.000300003000028,19.9998,51.49324614629009,2.5789863648030518,5.177643940741374,11.884663559875943,0,False,stance_swing
run2_subject4_f006600_007200,data/lafan1/run2_subject4.bvh,6600,7200,600,30.000300003000028,19.9998,46.31547397477888,2.319662961643584,12.678167602382148,12.007802773707818,0,False,stance_swing
run2_subject4_f006745_007345,data/lafan1/run2_subject4.bvh,6745,7345,600,30.000300003000028,19.9998,45.441020687364514,2.275866866550027,17.550137290731374,12.232571214098044,1,False,stance_swing
sprint1_subject2_f000000_000600,data/lafan1/sprint1_subject2.bvh,0,600,600,30.000300003000028,19.9998,25.38733630979975,1.2714986737413159,15.502011026946702,10.677559787193305,36,True,
sprint1_subject2_f000300_000900,data/lafan1/sprint1_subject2.bvh,300,900,600,30.000300003000028,19.9998,27.138304899631017,1.3591941378327481,17.06381499228245,11.488847857771965,40,True,
sprint1_subject2_f000600_001200,data/lafan1/sprint1_subject2.bvh,600,1200,600,30.000300003000028,19.9998,30.582149074969564,1.531675537538492,18.84605717531759,12.16220186275612,36,True,
sprint1_subject2_f000900_001500,data/lafan1/sprint1_subject2.bvh,900,1500,600,30.000300003000028,19.9998,36.78838349342314,1.8425084164075265,13.608233171250271,12.255708716466192,31,True,
sprint1_subject2_f001200_001800,data/lafan1/sprint1_subject2.bvh,1200,1800,600,30.000300003000028,19.9998,24.176717658926123,1.210866081561957,17.257276356656405,12.078056846117786,43,True,
sprint1_subject2_f001500_002100,data/lafan1/sprint1_subject2.bvh,1500,2100,600,30.000300003000028,19.9998,25.62398609455484,1.283351035240979,23.503641205854684,11.497787205990226,43,True,
sprint1_subject2_f001800_002400,data/lafan1/sprint1_subject2.bvh,1800,2400,600,30.000300003000028,19.9998,44.44320508476027,2.225892296557036,14.571773092622513,11.288504721748748,22,True,
sprint1_subject2_f002100_002700,data/lafan1/sprint1_subject2.bvh,2100,2700,600,30.000300003000028,19.9998,28.46618488019479,1.4256996433167064,11.763285816252186,10.225339510908595,50,True,
sprint1_subject2_f002400_003000,data/lafan1/sprint1_subject2.bvh,2400,3000,600,30.000300003000028,19.9998,18.254043310474867,0.9142350176661131,5.526445698194762,9.095883746111202,61,True,
sprint1_subject2_f002700_003300,data/lafan1/sprint1_subject2.bvh,2700,3300,600,30.000300003000028,19.9998,25.50923661344274,1.2776039252934803,10.060612097201297,10.515643133071595,34,True,
sprint1_subject2_f003000_003600,data/lafan1/sprint1_subject2.bvh,3000,3600,600,30.000300003000028,19.9998,20.634725712136788,1.0334690514920235,10.060612097201297,9.649972208418486,42,True,
sprint1_subject2_f003300_003900,data/lafan1/sprint1_subject2.bvh,3300,3900,600,30.000300003000028,19.9998,27.278695592360982,1.3662254615381368,11.723905742740534,10.334044112033741,29,True,
sprint1_subject2_f003600_004200,data/lafan1/sprint1_subject2.bvh,3600,4200,600,30.000300003000028,19.9998,20.759899346905154,1.0397382444728531,4.820022679831827,10.012155583817123,25,True,
sprint1_subject2_f003900_004500,data/lafan1/sprint1_subject2.bvh,3900,4500,600,30.000300003000028,19.9998,24.03969956309834,1.2040036709097477,11.652649763603193,10.169992406697961,37,True,
sprint1_subject2_f004200_004800,data/lafan1/sprint1_subject2.bvh,4200,4800,600,30.000300003000028,19.9998,33.702979546351116,1.687979127521715,17.16319386153816,10.50103910991838,39,True,
sprint1_subject2_f004500_005100,data/lafan1/sprint1_subject2.bvh,4500,5100,600,30.000300003000028,19.9998,25.41061749809201,1.2726646881539938,7.906687670935133,10.77430412880856,36,True,
sprint1_subject2_f004800_005400,data/lafan1/sprint1_subject2.bvh,4800,5400,600,30.000300003000028,19.9998,26.238591326186572,1.3141329072482664,5.556512349538997,10.505016650455078,24,True,
sprint1_subject2_f005100_005700,data/lafan1/sprint1_subject2.bvh,5100,5700,600,30.000300003000028,19.9998,27.546821952204866,1.379654294983928,9.134390626373419,11.516598281571794,27,True,
sprint1_subject2_f005400_006000,data/lafan1/sprint1_subject2.bvh,5400,6000,600,30.000300003000028,19.9998,41.10890045115154,2.0588970723339055,15.670323663595187,11.638213718557676,26,True,
sprint1_subject2_f005700_006300,data/lafan1/sprint1_subject2.bvh,5700,6300,600,30.000300003000028,19.9998,29.00671963337054,1.452771771459144,8.138568076526145,12.166927686689128,20,True,
sprint1_subject2_f006000_006600,data/lafan1/sprint1_subject2.bvh,6000,6600,600,30.000300003000028,19.9998,22.541443379936,1.1289650482449398,8.621201167823639,12.774597158586898,22,True,
sprint1_subject2_f006300_006900,data/lafan1/sprint1_subject2.bvh,6300,6900,600,30.000300003000028,19.9998,23.79024437221187,1.1915099637913842,7.993223902182452,11.520657932268408,46,True,
sprint1_subject2_f006600_007200,data/lafan1/sprint1_subject2.bvh,6600,7200,600,30.000300003000028,19.9998,21.817605009905677,1.0927123466512967,5.546480056708116,10.211656015796603,50,True,
sprint1_subject2_f006900_007500,data/lafan1/sprint1_subject2.bvh,6900,7500,600,30.000300003000028,19.9998,22.52146194049718,1.1279642983657139,5.672344062601647,10.333841418779421,29,True,
sprint1_subject2_f007200_007800,data/lafan1/sprint1_subject2.bvh,7200,7800,600,30.000300003000028,19.9998,22.98996293206483,1.1514286895155177,6.530005336950676,10.864926918034504,34,True,
sprint1_subject2_f007500_008100,data/lafan1/sprint1_subject2.bvh,7500,8100,600,30.000300003000028,19.9998,23.98353727050069,1.2011908401471671,6.530005336950676,10.623716118194086,43,True,
sprint1_subject2_f007594_008194,data/lafan1/sprint1_subject2.bvh,7594,8194,600,30.000300003000028,19.9998,24.672358137208747,1.2356897260396016,6.379384702006908,10.623716118194086,41,True,
sprint1_subject4_f000000_000600,data/lafan1/sprint1_subject4.bvh,0,600,600,30.000300003000028,19.9998,21.037111587484937,1.0536221349267718,7.317390142451555,12.188534185422366,43,True,
sprint1_subject4_f000300_000900,data/lafan1/sprint1_subject4.bvh,300,900,600,30.000300003000028,19.9998,37.68540842746814,1.88743498924813,13.163740404920974,12.097238722670927,28,True,
sprint1_subject4_f000600_001200,data/lafan1/sprint1_subject4.bvh,600,1200,600,30.000300003000028,19.9998,36.16026155659268,1.8110495740980455,8.296516843850304,12.635606366620516,27,True,
sprint1_subject4_f000900_001500,data/lafan1/sprint1_subject4.bvh,900,1500,600,30.000300003000028,19.9998,29.51472477392097,1.4782146873515964,10.097200807886153,12.612500278354215,32,True,
sprint1_subject4_f001200_001800,data/lafan1/sprint1_subject4.bvh,1200,1800,600,30.000300003000028,19.9998,25.428006360084424,1.273535591453632,9.759802083031701,12.032013280448297,30,True,
sprint1_subject4_f001500_002100,data/lafan1/sprint1_subject4.bvh,1500,2100,600,30.000300003000028,19.9998,31.389766294339587,1.5721242167850518,9.932468185879895,11.21261746506634,16,True,
sprint1_subject4_f001800_002400,data/lafan1/sprint1_subject4.bvh,1800,2400,600,30.000300003000028,19.9998,22.555164752047517,1.1296522690793278,9.183047912939596,11.459907661132409,20,True,
sprint1_subject4_f002100_002700,data/lafan1/sprint1_subject4.bvh,2100,2700,600,30.000300003000028,19.9998,21.273679932337146,1.0654704175925138,12.540029466383736,11.386212668144342,26,True,
sprint1_subject4_f002400_003000,data/lafan1/sprint1_subject4.bvh,2400,3000,600,30.000300003000028,19.9998,17.72614327940711,0.8877956866083073,8.728217535274524,10.693967290626663,14,True,
sprint1_subject4_f002700_003300,data/lafan1/sprint1_subject4.bvh,2700,3300,600,30.000300003000028,19.9998,25.24315860486009,1.2642776814175531,8.606353712143024,10.578068957442108,20,True,
sprint1_subject4_f003000_003600,data/lafan1/sprint1_subject4.bvh,3000,3600,600,30.000300003000028,19.9998,26.0293529718312,1.3036534190966884,13.35196827807128,10.727502556886945,42,True,
sprint1_subject4_f003300_003900,data/lafan1/sprint1_subject4.bvh,3300,3900,600,30.000300003000028,19.9998,21.380348192825107,1.0708127879020914,8.914151587943609,10.795763267019314,36,True,
sprint1_subject4_f003600_004200,data/lafan1/sprint1_subject4.bvh,3600,4200,600,30.000300003000028,19.9998,26.86935418823697,1.3457240175859337,6.604287268502135,11.30390246335821,14,True,
sprint1_subject4_f003900_004500,data/lafan1/sprint1_subject4.bvh,3900,4500,600,30.000300003000028,19.9998,7.646351503431161,0.38295966449303026,6.604287268502135,5.112199091889806,16,True,
sprint1_subject4_f004200_004800,data/lafan1/sprint1_subject4.bvh,4200,4800,600,30.000300003000028,19.9998,24.39652472620387,1.2218748928492893,7.787367565284965,10.732718676673194,18,True,
sprint1_subject4_f004500_005100,data/lafan1/sprint1_subject4.bvh,4500,5100,600,30.000300003000028,19.9998,47.25452085978394,2.3666941607538248,13.278609656234574,11.123438349218317,12,True,
sprint1_subject4_f004800_005400,data/lafan1/sprint1_subject4.bvh,4800,5400,600,30.000300003000028,19.9998,25.778380639540323,1.2910837275087437,6.825385058010124,11.098135649074774,20,True,
sprint1_subject4_f005100_005700,data/lafan1/sprint1_subject4.bvh,5100,5700,600,30.000300003000028,19.9998,26.59237380513266,1.3318517394756246,7.8123102666290425,10.959219134237795,22,True,
sprint1_subject4_f005400_006000,data/lafan1/sprint1_subject4.bvh,5400,6000,600,30.000300003000028,19.9998,26.905424347782194,1.3475305544933007,14.23120228211139,11.29006835490248,33,True,
sprint1_subject4_f005700_006300,data/lafan1/sprint1_subject4.bvh,5700,6300,600,30.000300003000028,19.9998,29.2733919625653,1.4661277812727358,15.942332214431618,11.897738103438877,30,True,
sprint1_subject4_f006000_006600,data/lafan1/sprint1_subject4.bvh,6000,6600,600,30.000300003000028,19.9998,31.203896668715263,1.5628151274191504,12.590995779528912,12.097629826161617,24,True,
sprint1_subject4_f006300_006900,data/lafan1/sprint1_subject4.bvh,6300,6900,600,30.000300003000028,19.9998,23.187665908603286,1.161330440112579,18.500960846481934,12.787627972283634,34,True,
sprint1_subject4_f006600_007200,data/lafan1/sprint1_subject4.bvh,6600,7200,600,30.000300003000028,19.9998,21.137466382679307,1.0586483018091937,18.460220527879812,12.65977343679501,26,True,
sprint1_subject4_f006900_007500,data/lafan1/sprint1_subject4.bvh,6900,7500,600,30.000300003000028,19.9998,24.037526013365223,1.2038948109029617,4.7707275185179885,11.39829055600535,21,True,
sprint1_subject4_f007200_007800,data/lafan1/sprint1_subject4.bvh,7200,7800,600,30.000300003000028,19.9998,25.868283635427915,1.2955864267538126,8.93255025324279,11.202988008823324,31,True,
sprint1_subject4_f007500_008100,data/lafan1/sprint1_subject4.bvh,7500,8100,600,30.000300003000028,19.9998,27.849276808765904,1.3948024359425182,8.02600668357247,11.845147721129965,28,True,
sprint1_subject4_f007594_008194,data/lafan1/sprint1_subject4.bvh,7594,8194,600,30.000300003000028,19.9998,27.930046424549246,1.3988476992223635,6.890376198223979,11.976582758121461,21,True,
walk1_subject1_f000000_000600,data/lafan1/walk1_subject1.bvh,0,600,600,30.000300003000028,19.9998,9.821248200083776,0.49188713256500394,7.8791747892672,5.046377593770348,22,True,
walk1_subject1_f000300_000900,data/lafan1/walk1_subject1.bvh,300,900,600,30.000300003000028,19.9998,11.08388473345261,0.5551249869820539,8.615617557975543,5.529233164131758,31,True,
walk1_subject1_f000600_001200,data/lafan1/walk1_subject1.bvh,600,1200,600,30.000300003000028,19.9998,13.098380604540019,0.6560189443901125,9.99015575710881,5.553029229870276,45,True,
walk1_subject1_f000900_001500,data/lafan1/walk1_subject1.bvh,900,1500,600,30.000300003000028,19.9998,11.824055461911865,0.5921956779790768,7.907798778465227,4.04287700486375,47,True,
walk1_subject1_f001200_001800,data/lafan1/walk1_subject1.bvh,1200,1800,600,30.000300003000028,19.9998,10.451706593330709,0.52346299389525,39.600212147689774,5.213692581747699,37,True,
walk1_subject1_f001500_002100,data/lafan1/walk1_subject1.bvh,1500,2100,600,30.000300003000028,19.9998,9.659450341736505,0.4837836529485415,41.99884764812649,4.600433091512997,41,True,
walk1_subject1_f001800_002400,data/lafan1/walk1_subject1.bvh,1800,2400,600,30.000300003000028,19.9998,9.235979041510017,0.4625745276572974,10.275423635089252,5.725180698391142,52,True,
walk1_subject1_f002100_002700,data/lafan1/walk1_subject1.bvh,2100,2700,600,30.000300003000028,19.9998,17.452625554947986,0.8740968322011092,16.151902410274964,10.742153106929779,25,True,
walk1_subject1_f002400_003000,data/lafan1/walk1_subject1.bvh,2400,3000,600,30.000300003000028,19.9998,28.97590229041579,1.4512283164776116,19.235596658186854,10.465441581724878,2,True,
walk1_subject1_f002700_003300,data/lafan1/walk1_subject1.bvh,2700,3300,600,30.000300003000028,19.9998,31.803878170554153,1.5928645849340373,15.935361913450729,10.68158155014742,0,False,stance_swing
walk1_subject1_f003000_003600,data/lafan1/walk1_subject1.bvh,3000,3600,600,30.000300003000028,19.9998,29.548565838003597,1.4799095823013453,22.008401807453957,10.246034144687606,2,True,
walk1_subject1_f003300_003900,data/lafan1/walk1_subject1.bvh,3300,3900,600,30.000300003000028,19.9998,19.523993098342643,0.9778391489261792,24.88751078445224,8.032635356888843,32,True,
walk1_subject1_f003600_004200,data/lafan1/walk1_subject1.bvh,3600,4200,600,30.000300003000028,19.9998,10.773865381696575,0.5395979860481364,14.272487840466416,5.6674991476541035,56,True,
walk1_subject1_f003900_004500,data/lafan1/walk1_subject1.bvh,3900,4500,600,30.000300003000028,19.9998,9.934973247881253,0.49758293482173144,7.671059500989725,5.795175190144966,51,True,
walk1_subject1_f004200_004800,data/lafan1/walk1_subject1.bvh,4200,4800,600,30.000300003000028,19.9998,9.248075815004668,0.46318038213794493,7.6247767832804705,7.665280545479648,49,True,
walk1_subject1_f004500_005100,data/lafan1/walk1_subject1.bvh,4500,5100,600,30.000300003000028,19.9998,9.463632710252178,0.4739763279228207,2.8083215256428917,6.36057089298881,53,True,
walk1_subject1_f004800_005400,data/lafan1/walk1_subject1.bvh,4800,5400,600,30.000300003000028,19.9998,8.43091288191643,0.42225361562045155,2.8083215256428917,4.821060392991647,58,True,
walk1_subject1_f005100_005700,data/lafan1/walk1_subject1.bvh,5100,5700,600,30.000300003000028,19.9998,6.272188771727033,0.3141361349369937,2.244575453223852,3.3338883046304577,69,True,
walk1_subject1_f005400_006000,data/lafan1/walk1_subject1.bvh,5400,6000,600,30.000300003000028,19.9998,5.483755740686598,0.2746482760663966,5.492772936085165,3.46092188548986,73,True,
walk1_subject1_f005700_006300,data/lafan1/walk1_subject1.bvh,5700,6300,600,30.000300003000028,19.9998,11.953797095230286,0.5986936544772936,12.390446588114,10.16949933498665,41,True,
walk1_subject1_f006000_006600,data/lafan1/walk1_subject1.bvh,6000,6600,600,30.000300003000028,19.9998,15.634816392437251,0.7830537266526547,11.4629881647784,8.598485012532002,26,True,
walk1_subject1_f006300_006900,data/lafan1/walk1_subject1.bvh,6300,6900,600,30.000300003000028,19.9998,12.963444528632154,0.6492608095679698,27.802564675571105,8.199108733257741,49,True,
walk1_subject1_f006600_007200,data/lafan1/walk1_subject1.bvh,6600,7200,600,30.000300003000028,19.9998,11.94082769280309,0.5980440952724931,29.117026212144534,6.431882853925995,60,True,
walk1_subject1_f006900_007500,data/lafan1/walk1_subject1.bvh,6900,7500,600,30.000300003000028,19.9998,11.389311369590617,0.5704219664696121,19.721111253918792,6.547607097327278,59,True,
walk1_subject1_f007200_007800,data/lafan1/walk1_subject1.bvh,7200,7800,600,30.000300003000028,19.9998,15.47000229689096,0.7747991818928687,23.003046971394582,8.860761588457372,41,True,
walk1_subject1_f007240_007840,data/lafan1/walk1_subject1.bvh,7240,7840,600,30.000300003000028,19.9998,14.790526863421508,0.7407683524291757,23.003046971394582,8.840714592862264,44,True,
walk1_subject2_f000000_000600,data/lafan1/walk1_subject2.bvh,0,600,600,30.000300003000028,19.9998,3.8031056362903746,0.19047464112155518,12.565531066640759,1.1597192075837255,41,True,
walk1_subject2_f000300_000900,data/lafan1/walk1_subject2.bvh,300,900,600,30.000300003000028,19.9998,5.62309974635497,0.2816271775249457,13.546137210343957,1.4925068551794962,53,True,
walk1_subject2_f000600_001200,data/lafan1/walk1_subject2.bvh,600,1200,600,30.000300003000028,19.9998,6.935250775091511,0.3473449146056491,16.39416047405966,2.0707089433353545,74,True,
walk1_subject2_f000900_001500,data/lafan1/walk1_subject2.bvh,900,1500,600,30.000300003000028,19.9998,6.464370271272886,0.32376134802781514,25.82405994986794,1.7958319232245201,70,True,
walk1_subject2_f001200_001800,data/lafan1/walk1_subject2.bvh,1200,1800,600,30.000300003000028,19.9998,13.592465872873202,0.6807646977741831,43.76284636953148,7.160239151707011,63,True,
walk1_subject2_f001500_002100,data/lafan1/walk1_subject2.bvh,1500,2100,600,30.000300003000028,19.9998,21.282863242912512,1.0659303542741192,75.02682459485511,10.670759551749569,50,True,
walk1_subject2_f001800_002400,data/lafan1/walk1_subject2.bvh,1800,2400,600,30.000300003000028,19.9998,18.494167403581308,0.9262613863324597,55.95524068410526,7.173373277683643,43,True,
walk1_subject2_f002100_002700,data/lafan1/walk1_subject2.bvh,2100,2700,600,30.000300003000028,19.9998,17.79522679547887,0.8912556635822888,19.248404766025747,5.134340139163351,42,True,
walk1_subject2_f002400_003000,data/lafan1/walk1_subject2.bvh,2400,3000,600,30.000300003000028,19.9998,24.631195477268726,1.233628136478463,12.429091758185091,6.306397971463297,24,True,
walk1_subject2_f002700_003300,data/lafan1/walk1_subject2.bvh,2700,3300,600,30.000300003000028,19.9998,28.239945908978697,1.4143686967242977,14.300928146935965,6.342401091297251,6,True,
walk1_subject2_f003000_003600,data/lafan1/walk1_subject2.bvh,3000,3600,600,30.000300003000028,19.9998,28.091246604026132,1.4069212447062434,14.139206780012696,6.3037404949766715,6,True,
walk1_subject2_f003300_003900,data/lafan1/walk1_subject2.bvh,3300,3900,600,30.000300003000028,19.9998,26.38707555104619,1.3215695872006896,13.000673023324813,6.677713301960188,8,True,
walk1_subject2_f003600_004200,data/lafan1/walk1_subject2.bvh,3600,4200,600,30.000300003000028,19.9998,24.904937042564725,1.247338201724157,13.032880075878662,6.771566349396579,8,True,
walk1_subject2_f003900_004500,data/lafan1/walk1_subject2.bvh,3900,4500,600,30.000300003000028,19.9998,27.178112096695465,1.3611878404274258,10.677164758697618,10.991445645412357,4,True,
walk1_subject2_f004200_004800,data/lafan1/walk1_subject2.bvh,4200,4800,600,30.000300003000028,19.9998,28.486980460190715,1.426741168589852,13.840935570951057,10.999540570929302,6,True,
walk1_subject2_f004500_005100,data/lafan1/walk1_subject2.bvh,4500,5100,600,30.000300003000028,19.9998,27.73688473331449,1.3891733942371722,22.857056766268535,10.84279173421215,10,True,
walk1_subject2_f004800_005400,data/lafan1/walk1_subject2.bvh,4800,5400,600,30.000300003000028,19.9998,28.431645071330475,1.4239697524519723,19.333846700352215,10.966793247656978,4,True,
walk1_subject2_f005100_005700,data/lafan1/walk1_subject2.bvh,5100,5700,600,30.000300003000028,19.9998,29.352306127410806,1.4700801161973625,16.33934649258734,6.070191303452606,6,True,
walk1_subject2_f005400_006000,data/lafan1/walk1_subject2.bvh,5400,6000,600,30.000300003000028,19.9998,25.170951082454916,1.2606612417937992,14.01721189255851,7.015916281081803,18,True,
walk1_subject2_f005700_006300,data/lafan1/walk1_subject2.bvh,5700,6300,600,30.000300003000028,19.9998,20.444468628863376,1.0239402208143973,17.580598029311233,8.371250307591811,30,True,
walk1_subject2_f006000_006600,data/lafan1/walk1_subject2.bvh,6000,6600,600,30.000300003000028,19.9998,21.033691564207977,1.0534508465723043,13.647056482602945,7.289555008549236,30,True,
walk1_subject2_f006300_006900,data/lafan1/walk1_subject2.bvh,6300,6900,600,30.000300003000028,19.9998,25.64476321896577,1.2843916361850982,19.722057650671072,9.605734847377555,18,True,
walk1_subject2_f006600_007200,data/lafan1/walk1_subject2.bvh,6600,7200,600,30.000300003000028,19.9998,28.805585230913117,1.4426981614179972,9.997260082221798,9.98837831377471,8,True,
walk1_subject2_f006900_007500,data/lafan1/walk1_subject2.bvh,6900,7500,600,30.000300003000028,19.9998,24.739380114768856,1.2390464529738212,10.427316203609438,10.491383232804626,16,True,
walk1_subject2_f007200_007800,data/lafan1/walk1_subject2.bvh,7200,7800,600,30.000300003000028,19.9998,20.31139001424834,1.0172751150340387,11.384365568195864,10.544138281263203,24,True,
walk1_subject2_f007240_007840,data/lafan1/walk1_subject2.bvh,7240,7840,600,30.000300003000028,19.9998,18.48665435810932,0.9258851031636853,11.541125864475248,10.615302575455782,28,True,
walk1_subject5_f000000_000600,data/lafan1/walk1_subject5.bvh,0,600,600,30.000300003000028,19.9998,18.638580984136997,0.9334941922442762,27.549506257380774,4.536902050432111,32,True,
walk1_subject5_f000300_000900,data/lafan1/walk1_subject5.bvh,300,900,600,30.000300003000028,19.9998,22.99347696022676,1.1516046860081335,27.878454703606067,4.684651192478682,22,True,
walk1_subject5_f000600_001200,data/lafan1/walk1_subject5.bvh,600,1200,600,30.000300003000028,19.9998,23.45884913190967,1.1749123734263889,15.213721913315723,3.758874899999384,12,True,
walk1_subject5_f000900_001500,data/lafan1/walk1_subject5.bvh,900,1500,600,30.000300003000028,19.9998,23.683983358257912,1.1861879900063397,16.124275211367614,3.317104481515168,4,True,
walk1_subject5_f001200_001800,data/lafan1/walk1_subject5.bvh,1200,1800,600,30.000300003000028,19.9998,26.24232130216552,1.3143197192655827,28.169367131799667,7.784301236123279,2,True,
walk1_subject5_f001500_002100,data/lafan1/walk1_subject5.bvh,1500,2100,600,30.000300003000028,19.9998,28.613747786268643,1.4330901799636682,23.76517139525663,8.500332580243242,2,True,
walk1_subject5_f001800_002400,data/lafan1/walk1_subject5.bvh,1800,2400,600,30.000300003000028,19.9998,28.496895041544576,1.427237730217598,8.340131326200389,7.888769517136474,0,False,stance_swing
walk1_subject5_f002100_002700,data/lafan1/walk1_subject5.bvh,2100,2700,600,30.000300003000028,19.9998,29.38758361156443,1.471846952771586,8.878897888531736,3.854912241363181,2,True,
walk1_subject5_f002400_003000,data/lafan1/walk1_subject5.bvh,2400,3000,600,30.000300003000028,19.9998,28.266943915622395,1.415720864168027,11.593417611983975,4.524476760703621,2,True,
walk1_subject5_f002700_003300,data/lafan1/walk1_subject5.bvh,2700,3300,600,30.000300003000028,19.9998,25.311870487052087,1.2677190454902254,11.989373022862178,5.421680963482732,2,True,
walk1_subject5_f003000_003600,data/lafan1/walk1_subject5.bvh,3000,3600,600,30.000300003000028,19.9998,23.495363518986828,1.1767411590136014,20.036815207077154,4.378366949723587,6,True,
walk1_subject5_f003300_003900,data/lafan1/walk1_subject5.bvh,3300,3900,600,30.000300003000028,19.9998,23.317920333587864,1.167854099254909,20.036815207077158,4.427595553448186,8,True,
walk1_subject5_f003600_004200,data/lafan1/walk1_subject5.bvh,3600,4200,600,30.000300003000028,19.9998,23.877540600455468,1.1958821057553883,14.898949364098822,3.9763284315912815,2,True,
walk1_subject5_f003900_004500,data/lafan1/walk1_subject5.bvh,3900,4500,600,30.000300003000028,19.9998,24.552841638545573,1.229703864912384,27.20054169199448,3.4719477935116183,0,False,stance_swing
walk1_subject5_f004200_004800,data/lafan1/walk1_subject5.bvh,4200,4800,600,30.000300003000028,19.9998,25.440791228215303,1.274175908447664,24.769728898065434,5.972969825658646,2,True,
walk1_subject5_f004500_005100,data/lafan1/walk1_subject5.bvh,4500,5100,600,30.000300003000028,19.9998,26.984727066090393,1.3515023497191763,18.71390241021518,7.8600443642389966,2,True,
walk1_subject5_f004800_005400,data/lafan1/walk1_subject5.bvh,4800,5400,600,30.000300003000028,19.9998,27.65365676927551,1.3850050071089446,20.3611700139559,7.515707493108218,0,False,stance_swing
walk1_subject5_f005100_005700,data/lafan1/walk1_subject5.bvh,5100,5700,600,30.000300003000028,19.9998,26.833185270675948,1.3439125344847411,21.831232891595615,5.293372752711736,2,True,
walk1_subject5_f005400_006000,data/lafan1/walk1_subject5.bvh,5400,6000,600,30.000300003000028,19.9998,23.385643275408096,1.1712459332644125,21.877361926491773,5.282172438598806,8,True,
walk1_subject5_f005700_006300,data/lafan1/walk1_subject5.bvh,5700,6300,600,30.000300003000028,19.9998,18.6180037925673,0.9324636047312377,12.94816444409124,4.006806651824484,21,True,
walk1_subject5_f006000_006600,data/lafan1/walk1_subject5.bvh,6000,6600,600,30.000300003000028,19.9998,11.481589790361049,0.5750436364310746,15.236356285249936,2.488900790809205,48,True,
walk1_subject5_f006300_006900,data/lafan1/walk1_subject5.bvh,6300,6900,600,30.000300003000028,19.9998,6.2731896121184825,0.31418626100043046,27.04028199055458,1.4640776526232746,70,True,
walk1_subject5_f006600_007200,data/lafan1/walk1_subject5.bvh,6600,7200,600,30.000300003000028,19.9998,7.157364754628706,0.35846926522497474,20.170185732912394,1.7392698580982686,62,True,
walk1_subject5_f006900_007500,data/lafan1/walk1_subject5.bvh,6900,7500,600,30.000300003000028,19.9998,8.530636451236422,0.42724816820303874,23.569712742491056,1.894615407716994,56,True,
walk1_subject5_f007200_007800,data/lafan1/walk1_subject5.bvh,7200,7800,600,30.000300003000028,19.9998,8.401058466448045,0.42075838787343023,19.48097461142229,1.8322978764871003,60,True,
walk1_subject5_f007240_007840,data/lafan1/walk1_subject5.bvh,7240,7840,600,30.000300003000028,19.9998,7.982289081963858,0.39978475320465345,19.48097461142229,1.8358860391854446,62,True,
walk2_subject1_f000000_000600,data/lafan1/walk2_subject1.bvh,0,600,600,30.000300003000028,19.9998,9.83091502685232,0.49237128565871574,5.658134506273391,3.0348933479751032,54,True,
walk2_subject1_f000300_000900,data/lafan1/walk2_subject1.bvh,300,900,600,30.000300003000028,19.9998,15.692313862592842,0.7859334284123898,7.3865580142188385,5.9572237520090585,67,True,
walk2_subject1_f000600_001200,data/lafan1/walk2_subject1.bvh,600,1200,600,30.000300003000028,19.9998,16.248501572308744,0.8137895188121536,4.729567940689687,8.782281953644242,70,True,
walk2_subject1_f000900_001500,data/lafan1/walk2_subject1.bvh,900,1500,600,30.000300003000028,19.9998,14.041373428528843,0.7032477718030357,8.411472733075426,6.202675422071049,76,True,
walk2_subject1_f001200_001800,data/lafan1/walk2_subject1.bvh,1200,1800,600,30.000300003000028,19.9998,9.701130349948864,0.4858711533667355,8.411472733075426,6.994797418152033,95,True,
walk2_subject1_f001500_002100,data/lafan1/walk2_subject1.bvh,1500,2100,600,30.000300003000028,19.9998,5.985534795179424,0.2997793648310151,8.299695333959455,2.5178786343432087,80,True,
walk2_subject1_f001800_002400,data/lafan1/walk2_subject1.bvh,1800,2400,600,30.000300003000028,19.9998,7.8185788431326895,0.39158549397510783,10.546395809026786,4.340730836017244,59,True,
walk2_subject1_f002100_002700,data/lafan1/walk2_subject1.bvh,2100,2700,600,30.000300003000028,19.9998,10.885460083396332,0.5451870921077991,16.629709945477757,5.017388778456415,80,True,
walk2_subject1_f002400_003000,data/lafan1/walk2_subject1.bvh,2400,3000,600,30.000300003000028,19.9998,11.839126832435461,0.592950512097882,15.355826214726267,5.084959641891554,81,True,
walk2_subject1_f002700_003300,data/lafan1/walk2_subject1.bvh,2700,3300,600,30.000300003000028,19.9998,14.103778061212084,0.706373243759754,16.75105446352925,6.4882865885175836,44,True,
walk2_subject1_f003000_003600,data/lafan1/walk2_subject1.bvh,3000,3600,600,30.000300003000028,19.9998,18.217368457743408,0.9123981953213559,16.75105446352925,7.67175418118728,18,True,
walk2_subject1_f003300_003900,data/lafan1/walk2_subject1.bvh,3300,3900,600,30.000300003000028,19.9998,24.023313818521103,1.203183007715942,10.10400821964897,5.966688140577059,29,True,
walk2_subject1_f003600_004200,data/lafan1/walk2_subject1.bvh,3600,4200,600,30.000300003000028,19.9998,20.89955534805987,1.046732771905008,7.486145181340087,6.64007432024868,40,True,
walk2_subject1_f003900_004500,data/lafan1/walk2_subject1.bvh,3900,4500,600,30.000300003000028,19.9998,12.585679968215931,0.6303408594127309,11.511234223184683,4.668000991017436,42,True,
walk2_subject1_f004200_004800,data/lafan1/walk2_subject1.bvh,4200,4800,600,30.000300003000028,19.9998,16.39059068687812,0.8209059062315892,12.427126198847802,6.163419843982417,35,True,
walk2_subject1_f004500_005100,data/lafan1/walk2_subject1.bvh,4500,5100,600,30.000300003000028,19.9998,24.95172347491659,1.2496814521525812,11.477283899303181,10.155183138134703,19,True,
walk2_subject1_f004800_005400,data/lafan1/walk2_subject1.bvh,4800,5400,600,30.000300003000028,19.9998,21.52319716147217,1.077967231832861,14.07120261548508,9.138557410923921,34,True,
walk2_subject1_f005100_005700,data/lafan1/walk2_subject1.bvh,5100,5700,600,30.000300003000028,19.9998,20.16154948442926,1.0097705059402475,11.974576092484234,8.357061395008273,42,True,
walk2_subject1_f005400_006000,data/lafan1/walk2_subject1.bvh,5400,6000,600,30.000300003000028,19.9998,23.594133701148934,1.1816879621792344,16.86108436846819,7.289801410048396,31,True,
walk2_subject1_f005700_006300,data/lafan1/walk2_subject1.bvh,5700,6300,600,30.000300003000028,19.9998,20.003142110346,1.001836835247117,6.797859595998181,8.245947465178327,43,True,
walk2_subject1_f006000_006600,data/lafan1/walk2_subject1.bvh,6000,6600,600,30.000300003000028,19.9998,15.006589869691206,0.7515896462649704,5.906791443669388,5.515981716329161,50,True,
walk2_subject1_f006300_006900,data/lafan1/walk2_subject1.bvh,6300,6900,600,30.000300003000028,19.9998,11.445672484609519,0.5732447550490288,6.447305763777607,5.397776155900967,62,True,
walk2_subject1_f006546_007146,data/lafan1/walk2_subject1.bvh,6546,7146,600,30.000300003000028,19.9998,10.883326647606053,0.5450802411666547,7.404129420796252,4.53086204031397,73,True,
walk2_subject3_f000000_000600,data/lafan1/walk2_subject3.bvh,0,600,600,30.000300003000028,19.9998,7.5822142768362095,0.37974741734910883,5.191322409434974,4.813327193781488,36,True,
walk2_subject3_f000300_000900,data/lafan1/walk2_subject3.bvh,300,900,600,30.000300003000028,19.9998,14.162504823483554,0.7093145133529909,6.226524485030604,10.053872779220534,40,True,
walk2_subject3_f000600_001200,data/lafan1/walk2_subject3.bvh,600,1200,600,30.000300003000028,19.9998,13.660008470648702,0.6841474994373667,5.038029760020571,7.709021123492173,36,True,
walk2_subject3_f000900_001500,data/lafan1/walk2_subject3.bvh,900,1500,600,30.000300003000028,19.9998,8.788862177169023,0.44018113856442515,4.636273460527318,7.52206375910127,38,True,
walk2_subject3_f001200_001800,data/lafan1/walk2_subject3.bvh,1200,1800,600,30.000300003000028,19.9998,6.446535864126304,0.32286813005657455,4.382557049865828,3.6167909795469173,45,True,
walk2_subject3_f001500_002100,data/lafan1/walk2_subject3.bvh,1500,2100,600,30.000300003000028,19.9998,4.9788522414291085,0.2493607026936267,2.553658162805373,2.881865522819658,58,True,
walk2_subject3_f001800_002400,data/lafan1/walk2_subject3.bvh,1800,2400,600,30.000300003000028,19.9998,7.73826396852945,0.38756300594038245,4.492493517247727,5.560712501482007,49,True,
walk2_subject3_f002100_002700,data/lafan1/walk2_subject3.bvh,2100,2700,600,30.000300003000028,19.9998,13.570923955552836,0.6796857929624123,5.214163266205994,6.28577249040409,32,True,
walk2_subject3_f002400_003000,data/lafan1/walk2_subject3.bvh,2400,3000,600,30.000300003000028,19.9998,13.24962586695382,0.6635939080736628,5.570846053070542,9.024812349201667,29,True,
walk2_subject3_f002700_003300,data/lafan1/walk2_subject3.bvh,2700,3300,600,30.000300003000028,19.9998,9.136782660037218,0.45760637873676985,4.284190916379867,4.12594666142634,45,True,
walk2_subject3_f003000_003600,data/lafan1/walk2_subject3.bvh,3000,3600,600,30.000300003000028,19.9998,7.615649801193156,0.3814220012580671,7.3756716946774326,7.002262094621665,62,True,
walk2_subject3_f003300_003900,data/lafan1/walk2_subject3.bvh,3300,3900,600,30.000300003000028,19.9998,9.435182260226549,0.47255141634353987,9.398225213106102,7.2237782455257395,55,True,
walk2_subject3_f003600_004200,data/lafan1/walk2_subject3.bvh,3600,4200,600,30.000300003000028,19.9998,10.422119289387958,0.5219811441547448,10.19014359047247,5.498303394720093,32,True,
walk2_subject3_f003900_004500,data/lafan1/walk2_subject3.bvh,3900,4500,600,30.000300003000028,19.9998,9.614224421649146,0.48151855917469755,5.86385828765741,8.0383229471208,31,True,
walk2_subject3_f004200_004800,data/lafan1/walk2_subject3.bvh,4200,4800,600,30.000300003000028,19.9998,14.095509443160847,0.7059591185140989,12.877549368130506,4.576181526281044,34,True,
walk2_subject3_f004500_005100,data/lafan1/walk2_subject3.bvh,4500,5100,600,30.000300003000028,19.9998,26.646721350476895,1.3345736804852302,8.003677918621387,9.370383104378835,15,True,
walk2_subject3_f004800_005400,data/lafan1/walk2_subject3.bvh,4800,5400,600,30.000300003000028,19.9998,24.461664433507064,1.22513734821023,7.907544363534594,10.59887172866279,20,True,
walk2_subject3_f005100_005700,data/lafan1/walk2_subject3.bvh,5100,5700,600,30.000300003000028,19.9998,17.70496435224949,0.8867349617861532,6.832483253902192,8.18345166120459,20,True,
walk2_subject3_f005400_006000,data/lafan1/walk2_subject3.bvh,5400,6000,600,30.000300003000028,19.9998,18.1115585931692,0.9070988168897982,6.5217242325008735,8.243315009152376,6,True,
walk2_subject3_f005700_006300,data/lafan1/walk2_subject3.bvh,5700,6300,600,30.000300003000028,19.9998,19.440167615797503,0.9736408356970466,10.286219993412788,10.42022189278006,18,True,
walk2_subject3_f006000_006600,data/lafan1/walk2_subject3.bvh,6000,6600,600,30.000300003000028,19.9998,20.368003798620315,1.020110558298587,8.538146442164118,9.92664493413149,33,True,
walk2_subject3_f006300_006900,data/lafan1/walk2_subject3.bvh,6300,6900,600,30.000300003000028,19.9998,16.906131303900217,0.8467262287264049,5.152897465992476,8.52798948239928,42,True,
walk2_subject3_f006546_007146,data/lafan1/walk2_subject3.bvh,6546,7146,600,30.000300003000028,19.9998,12.46239934832468,0.6241664761384516,5.03276776769582,9.581601156227201,52,True,
walk2_subject4_f000000_000600,data/lafan1/walk2_subject4.bvh,0,600,600,30.000300003000028,19.9998,7.203830538975108,0.3607964563272565,4.782562047240483,6.874265635712291,45,True,
walk2_subject4_f000300_000900,data/lafan1/walk2_subject4.bvh,300,900,600,30.000300003000028,19.9998,10.759991592387435,0.5389031315548932,4.149375978135501,6.533746454476934,49,True,
walk2_subject4_f000600_001200,data/lafan1/walk2_subject4.bvh,600,1200,600,30.000300003000028,19.9998,11.77434469937092,0.5897059654755605,4.0700034859948655,6.305813382819688,44,True,
walk2_subject4_f000900_001500,data/lafan1/walk2_subject4.bvh,900,1500,600,30.000300003000028,19.9998,10.008667655421435,0.501273843560878,6.46113918190014,6.87789391413849,49,True,
walk2_subject4_f001200_001800,data/lafan1/walk2_subject4.bvh,1200,1800,600,30.000300003000028,19.9998,7.165848250611922,0.3588941524112364,7.658475153580179,4.505876420361127,45,True,
walk2_subject4_f001500_002100,data/lafan1/walk2_subject4.bvh,1500,2100,600,30.000300003000028,19.9998,7.151833227869899,0.35819222438651255,4.995396616728017,3.421964641284072,42,True,
walk2_subject4_f001800_002400,data/lafan1/walk2_subject4.bvh,1800,2400,600,30.000300003000028,19.9998,9.063557755450535,0.45393898457100773,5.016047493269231,6.405318714997333,48,True,
walk2_subject4_f002100_002700,data/lafan1/walk2_subject4.bvh,2100,2700,600,30.000300003000028,19.9998,11.139596998831717,0.5579152785934395,4.892444145352497,5.478534913262543,43,True,
walk2_subject4_f002400_003000,data/lafan1/walk2_subject4.bvh,2400,3000,600,30.000300003000028,19.9998,11.685407208130961,0.5852516225394788,9.302710841629919,6.391867346476514,44,True,
walk2_subject4_f002700_003300,data/lafan1/walk2_subject4.bvh,2700,3300,600,30.000300003000028,19.9998,10.883761977763784,0.5451020442306486,27.120395977321184,5.514490938058181,56,True,
walk2_subject4_f003000_003600,data/lafan1/walk2_subject4.bvh,3000,3600,600,30.000300003000028,19.9998,12.100670324080134,0.6060496493485871,33.31817433565576,9.937396777525466,43,True,
walk2_subject4_f003300_003900,data/lafan1/walk2_subject4.bvh,3300,3900,600,30.000300003000028,19.9998,13.823378268855489,0.6923297080477727,14.211887255723035,6.573926731665482,16,True,
walk2_subject4_f003600_004200,data/lafan1/walk2_subject4.bvh,3600,4200,600,30.000300003000028,19.9998,15.548001988895882,0.7787057163841695,17.200208238232335,11.057751359563422,16,True,
walk2_subject4_f003900_004500,data/lafan1/walk2_subject4.bvh,3900,4500,600,30.000300003000028,19.9998,16.524928732400333,0.8276340893158681,13.589918038144827,8.184146639800165,26,True,
walk2_subject4_f004200_004800,data/lafan1/walk2_subject4.bvh,4200,4800,600,30.000300003000028,19.9998,19.302333801542588,0.9667375706249176,8.395803943220864,11.410777412283892,18,True,
walk2_subject4_f004500_005100,data/lafan1/walk2_subject4.bvh,4500,5100,600,30.000300003000028,19.9998,24.06652457602857,1.2053471741409518,10.854707844716197,11.58205795226943,4,True,
walk2_subject4_f004800_005400,data/lafan1/walk2_subject4.bvh,4800,5400,600,30.000300003000028,19.9998,21.22985331644345,1.0632754065325352,11.35988059494387,8.443186131102905,16,True,
walk2_subject4_f005100_005700,data/lafan1/walk2_subject4.bvh,5100,5700,600,30.000300003000028,19.9998,18.461837958026557,0.9246421992446914,12.385091069763261,6.957845346594392,40,True,
walk2_subject4_f005400_006000,data/lafan1/walk2_subject4.bvh,5400,6000,600,30.000300003000028,19.9998,20.155001391034883,1.0094425514055583,12.460995856405637,6.77594483130947,38,True,
walk2_subject4_f005700_006300,data/lafan1/walk2_subject4.bvh,5700,6300,600,30.000300003000028,19.9998,22.186730820498447,1.111199633891086,8.45150748510556,11.041320911247265,24,True,
walk2_subject4_f006000_006600,data/lafan1/walk2_subject4.bvh,6000,6600,600,30.000300003000028,19.9998,17.765370792977272,0.8897603563503383,8.883782229600564,6.443704965349362,28,True,
walk2_subject4_f006300_006900,data/lafan1/walk2_subject4.bvh,6300,6900,600,30.000300003000028,19.9998,11.621247202479276,0.5820382345298883,3.2931101634905766,7.6586974454397145,28,True,
walk2_subject4_f006546_007146,data/lafan1/walk2_subject4.bvh,6546,7146,600,30.000300003000028,19.9998,7.738252900462896,0.38756245160763275,3.270474190862125,7.103850097960128,28,True,
walk3_subject1_f000000_000600,data/lafan1/walk3_subject1.bvh,0,600,600,30.000300003000028,19.9998,6.2819021772541594,0.3146226208800064,7.994661468925754,4.8308474503263295,49,True,
walk3_subject1_f000300_000900,data/lafan1/walk3_subject1.bvh,300,900,600,30.000300003000028,19.9998,9.906692195017605,0.49616650732538736,4.1152368700434945,6.377058000498118,64,True,
walk3_subject1_f000600_001200,data/lafan1/walk3_subject1.bvh,600,1200,600,30.000300003000028,19.9998,11.342498380579881,0.5680773859781943,4.089470698563084,5.958481890549173,63,True,
walk3_subject1_f000900_001500,data/lafan1/walk3_subject1.bvh,900,1500,600,30.000300003000028,19.9998,9.01040739740391,0.4512770034580434,5.747429679129797,4.105059111178425,63,True,
walk3_subject1_f001200_001800,data/lafan1/walk3_subject1.bvh,1200,1800,600,30.000300003000028,19.9998,5.110218664938145,0.25594005514035834,7.453924142824935,1.9621232800914992,62,True,
walk3_subject1_f001500_002100,data/lafan1/walk3_subject1.bvh,1500,2100,600,30.000300003000028,19.9998,4.500327291896282,0.22539427190079656,16.757007322008317,2.118968856883773,62,True,
walk3_subject1_f001800_002400,data/lafan1/walk3_subject1.bvh,1800,2400,600,30.000300003000028,19.9998,7.660510029491867,0.3836687797341346,33.54442539051858,3.4687841268552404,47,True,
walk3_subject1_f002100_002700,data/lafan1/walk3_subject1.bvh,2100,2700,600,30.000300003000028,19.9998,9.764486551415008,0.4890442836689639,28.3191247129143,5.0115165252216265,24,True,
walk3_subject1_f002400_003000,data/lafan1/walk3_subject1.bvh,2400,3000,600,30.000300003000028,19.9998,8.534303538050827,0.42743183048111744,15.108700164046729,4.6441201799607725,29,True,
walk3_subject1_f002700_003300,data/lafan1/walk3_subject1.bvh,2700,3300,600,30.000300003000028,19.9998,7.380024879615014,0.3696209689783883,14.506728778668412,4.430609768511717,33,True,
walk3_subject1_f003000_003600,data/lafan1/walk3_subject1.bvh,3000,3600,600,30.000300003000028,19.9998,7.346973267025927,0.36796561289615864,25.330626052955882,3.6119267222491196,30,True,
walk3_subject1_f003300_003900,data/lafan1/walk3_subject1.bvh,3300,3900,600,30.000300003000028,19.9998,8.763851613052303,0.4389285101391399,24.182117820744367,2.75643071964239,35,True,
walk3_subject1_f003600_004200,data/lafan1/walk3_subject1.bvh,3600,4200,600,30.000300003000028,19.9998,10.916624424328521,0.5467479261267665,25.72876959001281,7.556436932447852,38,True,
walk3_subject1_f003900_004500,data/lafan1/walk3_subject1.bvh,3900,4500,600,30.000300003000028,19.9998,10.814076999868373,0.5416119436587541,7.530011236100321,8.037476813080065,59,True,
walk3_subject1_f004200_004800,data/lafan1/walk3_subject1.bvh,4200,4800,600,30.000300003000028,19.9998,11.751929232794154,0.5885833098461613,5.16303728398778,6.686270280399871,60,True,
walk3_subject1_f004500_005100,data/lafan1/walk3_subject1.bvh,4500,5100,600,30.000300003000028,19.9998,11.852771271533609,0.5936338798212828,5.104664249913754,4.69718309922146,51,True,
walk3_subject1_f004800_005400,data/lafan1/walk3_subject1.bvh,4800,5400,600,30.000300003000028,19.9998,9.482489150127407,0.4749207333539482,9.043328249420274,3.6891255986817013,60,True,
walk3_subject1_f005100_005700,data/lafan1/walk3_subject1.bvh,5100,5700,600,30.000300003000028,19.9998,6.311086719286542,0.3160842987037487,6.888064269769323,2.5321591077117147,49,True,
walk3_subject1_f005400_006000,data/lafan1/walk3_subject1.bvh,5400,6000,600,30.000300003000028,19.9998,3.9721725709268565,0.19894218496075727,6.657605703764714,1.546719359624626,42,True,
walk3_subject1_f005700_006300,data/lafan1/walk3_subject1.bvh,5700,6300,600,30.000300003000028,19.9998,3.977698497676281,0.19921894532849904,6.657605703764714,1.8192750969272153,45,True,
walk3_subject1_f006000_006600,data/lafan1/walk3_subject1.bvh,6000,6600,600,30.000300003000028,19.9998,3.751553593412819,0.18789270998283364,4.864190882005345,1.4331435037920919,42,True,
walk3_subject1_f006300_006900,data/lafan1/walk3_subject1.bvh,6300,6900,600,30.000300003000028,19.9998,5.985351285183485,0.29977017392127936,8.099208924447549,3.853358555509118,55,True,
walk3_subject1_f006600_007200,data/lafan1/walk3_subject1.bvh,6600,7200,600,30.000300003000028,19.9998,13.404089623835352,0.671330066748181,7.044165949622599,6.915005785949127,66,True,
walk3_subject1_f006799_007399,data/lafan1/walk3_subject1.bvh,6799,7399,600,30.000300003000028,19.9998,13.883100333543732,0.6953208263406706,13.190051974454574,9.088219770922137,57,True,
walk3_subject2_f000000_000600,data/lafan1/walk3_subject2.bvh,0,600,600,30.000300003000028,19.9998,2.91217966993422,0.14585352881580002,9.098919173498073,0.865762444624681,56,True,
walk3_subject2_f000300_000900,data/lafan1/walk3_subject2.bvh,300,900,600,30.000300003000028,19.9998,5.268914535904332,0.26388817490366884,7.960367818021281,2.2879423789114792,53,True,
walk3_subject2_f000600_001200,data/lafan1/walk3_subject2.bvh,600,1200,600,30.000300003000028,19.9998,9.193301239100865,0.4604370537411985,14.11462544782954,7.7699251123147715,52,True,
walk3_subject2_f000900_001500,data/lafan1/walk3_subject2.bvh,900,1500,600,30.000300003000028,19.9998,13.742749578284972,0.688291502862523,9.05688342822394,6.928214568759683,59,True,
walk3_subject2_f001200_001800,data/lafan1/walk3_subject2.bvh,1200,1800,600,30.000300003000028,19.9998,12.76115776914649,0.6391294849081958,10.690882637765817,3.92482968153772,52,True,
walk3_subject2_f001500_002100,data/lafan1/walk3_subject2.bvh,1500,2100,600,30.000300003000028,19.9998,10.078763383479545,0.5047845161329515,26.028912349394602,2.7536287277247995,54,True,
walk3_subject2_f001800_002400,data/lafan1/walk3_subject2.bvh,1800,2400,600,30.000300003000028,19.9998,10.34418629457143,0.5180779501236462,28.740012499697837,2.8849617510124013,60,True,
walk3_subject2_f002100_002700,data/lafan1/walk3_subject2.bvh,2100,2700,600,30.000300003000028,19.9998,12.982362023444262,0.6502082728729255,11.003816015035667,7.0312137980976726,49,True,
walk3_subject2_f002400_003000,data/lafan1/walk3_subject2.bvh,2400,3000,600,30.000300003000028,19.9998,18.934710481727603,0.9483255340931173,17.18898362272334,11.066166700905876,40,True,
walk3_subject2_f002700_003300,data/lafan1/walk3_subject2.bvh,2700,3300,600,30.000300003000028,19.9998,21.242489725566465,1.063908288109582,50.20684810094416,9.814466570787559,50,True,
walk3_subject2_f003000_003600,data/lafan1/walk3_subject2.bvh,3000,3600,600,30.000300003000028,19.9998,17.65350851407209,0.8841578489610651,66.74134252552575,10.543891794031197,63,True,
walk3_subject2_f003300_003900,data/lafan1/walk3_subject2.bvh,3300,3900,600,30.000300003000028,19.9998,15.728327275804261,0.7877371232378899,29.4499015889793,6.226102564310791,62,True,
walk3_subject2_f003600_004200,data/lafan1/walk3_subject2.bvh,3600,4200,600,30.000300003000028,19.9998,16.900867363959655,0.8464625896990016,9.129657408354138,4.701337058569107,52,True,
walk3_subject2_f003900_004500,data/lafan1/walk3_subject2.bvh,3900,4500,600,30.000300003000028,19.9998,17.214213510133288,0.8621562097156842,9.651392379082228,5.635427785168863,50,True,
walk3_subject2_f004200_004800,data/lafan1/walk3_subject2.bvh,4200,4800,600,30.000300003000028,19.9998,16.096245086227793,0.8061639090294639,9.666640145741217,4.602611748314506,56,True,
walk3_subject2_f004500_005100,data/lafan1/walk3_subject2.bvh,4500,5100,600,30.000300003000028,19.9998,15.949836892921224,0.7988312049859009,10.870681097071516,4.5319161673600155,48,True,
walk3_subject2_f004800_005400,data/lafan1/walk3_subject2.bvh,4800,5400,600,30.000300003000028,19.9998,18.147043375890505,0.9088760357999491,19.74312149754471,4.467256667132538,34,True,
walk3_subject2_f005100_005700,data/lafan1/walk3_subject2.bvh,5100,5700,600,30.000300003000028,19.9998,20.525350153134376,1.0279910889159496,15.034609149613745,5.053571502759284,24,True,
walk3_subject2_f005400_006000,data/lafan1/walk3_subject2.bvh,5400,6000,600,30.000300003000028,19.9998,20.878523643826508,1.0456794205918607,12.896649413962402,6.6831629958193215,21,True,
walk3_subject2_f005700_006300,data/lafan1/walk3_subject2.bvh,5700,6300,600,30.000300003000028,19.9998,13.894246617498302,0.6958790765285767,18.59802525936287,6.011236415385084,38,True,
walk3_subject2_f006000_006600,data/lafan1/walk3_subject2.bvh,6000,6600,600,30.000300003000028,19.9998,15.899904712863421,0.7963304030133834,10.065635263218455,7.171174215916604,39,True,
walk3_subject2_f006300_006900,data/lafan1/walk3_subject2.bvh,6300,6900,600,30.000300003000028,19.9998,33.25419898759252,1.6655024140020622,8.657042209728559,10.351022682188573,14,True,
walk3_subject2_f006600_007200,data/lafan1/walk3_subject2.bvh,6600,7200,600,30.000300003000028,19.9998,41.600578080567466,2.083522241594743,8.675980321574707,10.115329800516918,0,False,stance_swing
walk3_subject2_f006799_007399,data/lafan1/walk3_subject2.bvh,6799,7399,600,30.000300003000028,19.9998,37.25211831933407,1.8657340990438656,12.815982802770343,10.949680091216322,8,True,
walk3_subject3_f000000_000600,data/lafan1/walk3_subject3.bvh,0,600,600,30.000300003000028,19.9998,6.565259562412633,0.32881428459089096,15.74364271691054,4.405987795108911,40,True,
walk3_subject3_f000300_000900,data/lafan1/walk3_subject3.bvh,300,900,600,30.000300003000028,19.9998,7.079395950481715,0.35456427772032556,16.401272667482562,4.618530012461496,47,True,
walk3_subject3_f000600_001200,data/lafan1/walk3_subject3.bvh,600,1200,600,30.000300003000028,19.9998,8.093158104596704,0.40533751437330917,6.552994874896664,4.824421420324763,42,True,
walk3_subject3_f000900_001500,data/lafan1/walk3_subject3.bvh,900,1500,600,30.000300003000028,19.9998,8.63264334555079,0.4323570787736653,13.783576375251636,4.36210207676665,43,True,
walk3_subject3_f001200_001800,data/lafan1/walk3_subject3.bvh,1200,1800,600,30.000300003000028,19.9998,8.788750497212623,0.4401755451884714,13.783576375251634,6.9042516420052555,41,True,
walk3_subject3_f001500_002100,data/lafan1/walk3_subject3.bvh,1500,2100,600,30.000300003000028,19.9998,8.049436839207539,0.4031477796851861,11.26709251159801,3.699440493691293,39,True,
walk3_subject3_f001800_002400,data/lafan1/walk3_subject3.bvh,1800,2400,600,30.000300003000028,19.9998,7.4335515830421475,0.37230179896333926,6.762624511278233,7.055778948686834,41,True,
walk3_subject3_f002100_002700,data/lafan1/walk3_subject3.bvh,2100,2700,600,30.000300003000028,19.9998,7.75065942176978,0.3881838194894359,3.854356769208748,5.6047207411938,35,True,
walk3_subject3_f002400_003000,data/lafan1/walk3_subject3.bvh,2400,3000,600,30.000300003000028,19.9998,5.817248666167275,0.2913509268398498,9.96558934091259,4.04848195645415,38,True,
walk3_subject3_f002700_003300,data/lafan1/walk3_subject3.bvh,2700,3300,600,30.000300003000028,19.9998,4.238776000666132,0.21229474401586076,8.904958011468898,4.038279906410713,48,True,
walk3_subject3_f003000_003600,data/lafan1/walk3_subject3.bvh,3000,3600,600,30.000300003000028,19.9998,4.1120302177909025,0.20594681161123307,1.9491696632579347,3.7266436024252307,54,True,
walk3_subject3_f003300_003900,data/lafan1/walk3_subject3.bvh,3300,3900,600,30.000300003000028,19.9998,4.643709714440372,0.23257543332229844,2.031976879392471,4.565292919986161,42,True,
walk3_subject3_f003600_004200,data/lafan1/walk3_subject3.bvh,3600,4200,600,30.000300003000028,19.9998,4.778356769461609,0.23931909283007397,5.096065583592311,2.6965661546132953,46,True,
walk3_subject3_f003900_004500,data/lafan1/walk3_subject3.bvh,3900,4500,600,30.000300003000028,19.9998,4.945274666580004,0.2476790043316128,3.836441797205211,4.026408325487791,45,True,
walk3_subject3_f004200_004800,data/lafan1/walk3_subject3.bvh,4200,4800,600,30.000300003000028,19.9998,6.541904484829258,0.32764456950893006,10.868390902840021,4.971447491793391,32,True,
walk3_subject3_f004500_005100,data/lafan1/walk3_subject3.bvh,4500,5100,600,30.000300003000028,19.9998,6.708472002673818,0.33598693262427537,18.240540762975918,4.378210131089135,48,True,
walk3_subject3_f004800_005400,data/lafan1/walk3_subject3.bvh,4800,5400,600,30.000300003000028,19.9998,6.629869244946397,0.33205019420543436,12.135550923066166,3.590875156699192,38,True,
walk3_subject3_f005100_005700,data/lafan1/walk3_subject3.bvh,5100,5700,600,30.000300003000028,19.9998,6.884431773308707,0.3447996970775404,3.8233981949324627,5.146632621392822,7,True,
walk3_subject3_f005400_006000,data/lafan1/walk3_subject3.bvh,5400,6000,600,30.000300003000028,19.9998,5.440555708569191,0.27248464681153606,4.7023224788535485,2.654684991017458,2,True,
walk3_subject3_f005700_006300,data/lafan1/walk3_subject3.bvh,5700,6300,600,30.000300003000028,19.9998,4.4474846144441464,0.2227477006545097,6.890540736947846,1.4987328407950251,2,True,
walk3_subject3_f006000_006600,data/lafan1/walk3_subject3.bvh,6000,6600,600,30.000300003000028,19.9998,3.7272387102114184,0.18667492402193228,5.7622967612243805,1.6345638696523555,10,True,
walk3_subject3_f006300_006900,data/lafan1/walk3_subject3.bvh,6300,6900,600,30.000300003000028,19.9998,3.9865370249590675,0.19966161389288686,2.3134830629948433,2.5106642702124433,28,True,
walk3_subject3_f006600_007200,data/lafan1/walk3_subject3.bvh,6600,7200,600,30.000300003000028,19.9998,4.793374314935729,0.24007123117653859,1.175128712675014,2.875707714381374,34,True,
walk3_subject3_f006799_007399,data/lafan1/walk3_subject3.bvh,6799,7399,600,30.000300003000028,19.9998,6.562307443522132,0.3286664307472189,6.040637240872272,2.4745008212764876,4,True,
walk3_subject4_f000000_000600,data/lafan1/walk3_subject4.bvh,0,600,600,30.000300003000028,19.9998,17.03455930318861,0.8531584132129438,4.2055978759445445,10.668590249365721,26,True,
walk3_subject4_f000300_000900,data/lafan1/walk3_subject4.bvh,300,900,600,30.000300003000028,19.9998,14.22565694777822,0.7124774226596132,4.501792091899987,11.26058490617842,47,True,
walk3_subject4_f000600_001200,data/lafan1/walk3_subject4.bvh,600,1200,600,30.000300003000028,19.9998,12.713352145494603,0.6367351893299201,4.498301730032903,9.733834727794221,48,True,
walk3_subject4_f000900_001500,data/lafan1/walk3_subject4.bvh,900,1500,600,30.000300003000028,19.9998,16.65039082940252,0.8339177296315127,5.6101593909021314,9.861894141957391,24,True,
walk3_subject4_f001200_001800,data/lafan1/walk3_subject4.bvh,1200,1800,600,30.000300003000028,19.9998,16.658506981160745,0.8343242187594202,5.3761194950305295,11.817548031724641,24,True,
walk3_subject4_f001500_002100,data/lafan1/walk3_subject4.bvh,1500,2100,600,30.000300003000028,19.9998,15.69581942708777,0.7861090010109334,3.0496938610370687,10.021570670784174,34,True,
walk3_subject4_f001800_002400,data/lafan1/walk3_subject4.bvh,1800,2400,600,30.000300003000028,19.9998,14.77826272089992,0.7401541154426529,4.78520626747725,8.797050932015441,42,True,
walk3_subject4_f002100_002700,data/lafan1/walk3_subject4.bvh,2100,2700,600,30.000300003000028,19.9998,13.604693005039397,0.6813770811350549,6.924393811155358,6.241562870220111,53,True,
walk3_subject4_f002400_003000,data/lafan1/walk3_subject4.bvh,2400,3000,600,30.000300003000028,19.9998,20.84818867471367,1.0441601248089443,9.899394538330824,6.7171137146782005,34,True,
walk3_subject4_f002700_003300,data/lafan1/walk3_subject4.bvh,2700,3300,600,30.000300003000028,19.9998,22.564576663860432,1.1301236550192095,8.052313715596012,6.82330115630746,21,True,
walk3_subject4_f003000_003600,data/lafan1/walk3_subject4.bvh,3000,3600,600,30.000300003000028,19.9998,11.723361899387443,0.5871525442827438,9.889085548050009,6.9754711691191,47,True,
walk3_subject4_f003300_003900,data/lafan1/walk3_subject4.bvh,3300,3900,600,30.000300003000028,19.9998,8.674221746912503,0.4344394903170652,9.226049413742153,4.341480458864407,56,True,
walk3_subject4_f003600_004200,data/lafan1/walk3_subject4.bvh,3600,4200,600,30.000300003000028,19.9998,11.510143796105027,0.5764737344921876,5.571005414549032,4.843373387574981,44,True,
walk3_subject4_f003900_004500,data/lafan1/walk3_subject4.bvh,3900,4500,600,30.000300003000028,19.9998,14.946206984039149,0.7485654314325688,5.270461243928782,5.806743378886429,34,True,
walk3_subject4_f004200_004800,data/lafan1/walk3_subject4.bvh,4200,4800,600,30.000300003000028,19.9998,15.411218639082097,0.7718550627450563,5.082744512023536,11.707326936582332,37,True,
walk3_subject4_f004500_005100,data/lafan1/walk3_subject4.bvh,4500,5100,600,30.000300003000028,19.9998,12.702245353208188,0.6361789170416673,5.0310254663426655,6.14168479976299,46,True,
walk3_subject4_f004800_005400,data/lafan1/walk3_subject4.bvh,4800,5400,600,30.000300003000028,19.9998,10.972062902287416,0.5495245053763099,1.9498125582880024,9.132584809425385,55,True,
walk3_subject4_f005100_005700,data/lafan1/walk3_subject4.bvh,5100,5700,600,30.000300003000028,19.9998,10.269341206765045,0.5143294107447774,3.7465171013765084,6.381946382190908,53,True,
walk3_subject4_f005400_006000,data/lafan1/walk3_subject4.bvh,5400,6000,600,30.000300003000028,19.9998,7.263198623183355,0.3637698458712477,11.295968502601948,4.01570252559654,11,True,
walk3_subject4_f005700_006300,data/lafan1/walk3_subject4.bvh,5700,6300,600,30.000300003000028,19.9998,2.552906745049357,0.12785971324067283,8.034195037358636,1.7891877616982912,7,True,
walk3_subject4_f006000_006600,data/lafan1/walk3_subject4.bvh,6000,6600,600,30.000300003000028,19.9998,1.4520183125092025,0.07272284638585297,2.7671769355189975,2.0009451666069458,21,True,
walk3_subject4_f006300_006900,data/lafan1/walk3_subject4.bvh,6300,6900,600,30.000300003000028,19.9998,12.366775151248202,0.61937723640583,9.670152410888232,9.978209686917948,20,True,
walk3_subject4_f006600_007200,data/lafan1/walk3_subject4.bvh,6600,7200,600,30.000300003000028,19.9998,24.58083147073493,1.2311057069202542,12.910586479675182,11.732445650610204,12,True,
walk3_subject4_f006799_007399,data/lafan1/walk3_subject4.bvh,6799,7399,600,30.000300003000028,19.9998,24.459944268200132,1.2250511954969365,12.91058647967518,10.45343731471661,2,True,
walk3_subject5_f000000_000600,data/lafan1/walk3_subject5.bvh,0,600,600,30.000300003000028,19.9998,23.851970660255002,1.1946014615532632,8.762578998926507,4.568605514270842,10,True,
walk3_subject5_f000300_000900,data/lafan1/walk3_subject5.bvh,300,900,600,30.000300003000028,19.9998,28.80152198095577,1.4424946577156472,9.607109790371206,7.091350486877672,5,True,
walk3_subject5_f000600_001200,data/lafan1/walk3_subject5.bvh,600,1200,600,30.000300003000028,19.9998,28.599511860344332,1.4323771882298622,20.00166418361178,9.483807983096703,2,True,
walk3_subject5_f000900_001500,data/lafan1/walk3_subject5.bvh,900,1500,600,30.000300003000028,19.9998,26.493059900583866,1.3268777045324975,14.935720403188515,5.107324330216088,7,True,
walk3_subject5_f001200_001800,data/lafan1/walk3_subject5.bvh,1200,1800,600,30.000300003000028,19.9998,25.83629135041396,1.2939841260055651,9.070939811293087,5.035418720174796,8,True,
walk3_subject5_f001500_002100,data/lafan1/walk3_subject5.bvh,1500,2100,600,30.000300003000028,19.9998,26.581008717502595,1.3312825307302785,5.628769726663297,4.465680253839937,8,True,
walk3_subject5_f001800_002400,data/lafan1/walk3_subject5.bvh,1800,2400,600,30.000300003000028,19.9998,24.64949288541655,1.2345445433794846,3.1750265601642473,6.385927971256317,10,True,
walk3_subject5_f002100_002700,data/lafan1/walk3_subject5.bvh,2100,2700,600,30.000300003000028,19.9998,24.554199115691027,1.2297718527614838,7.495507340872214,6.396914238427428,12,True,
walk3_subject5_f002400_003000,data/lafan1/walk3_subject5.bvh,2400,3000,600,30.000300003000028,19.9998,21.91996931860467,1.0978391579544178,8.993289133051306,5.821304148846562,20,True,
walk3_subject5_f002700_003300,data/lafan1/walk3_subject5.bvh,2700,3300,600,30.000300003000028,19.9998,19.968139013348186,1.0000837410718775,2.7104609214769853,5.786972252548042,22,True,
walk3_subject5_f003000_003600,data/lafan1/walk3_subject5.bvh,3000,3600,600,30.000300003000028,19.9998,23.996870760254993,1.201858634291935,9.069657442039258,11.122606183436964,12,True,
walk3_subject5_f003300_003900,data/lafan1/walk3_subject5.bvh,3300,3900,600,30.000300003000028,19.9998,25.856825531844763,1.295012559399956,10.618192823402675,10.559933275696787,12,True,
walk3_subject5_f003600_004200,data/lafan1/walk3_subject5.bvh,3600,4200,600,30.000300003000028,19.9998,15.235470296748712,0.7630528874611974,9.562802253738312,9.651413149601137,43,True,
walk3_subject5_f003900_004500,data/lafan1/walk3_subject5.bvh,3900,4500,600,30.000300003000028,19.9998,8.852722687884071,0.44337952667760755,8.78497750689634,2.159782441722204,59,True,
walk3_subject5_f004200_004800,data/lafan1/walk3_subject5.bvh,4200,4800,600,30.000300003000028,19.9998,11.266303032210592,0.5642612201853534,8.785784545494,1.872821793723868,69,True,
walk3_subject5_f004500_005100,data/lafan1/walk3_subject5.bvh,4500,5100,600,30.000300003000028,19.9998,14.354235543285926,0.7189171496031784,11.852069312803842,5.742263736304652,56,True,
walk3_subject5_f004800_005400,data/lafan1/walk3_subject5.bvh,4800,5400,600,30.000300003000028,19.9998,14.15921628318885,0.7091498101886954,6.005550977356272,5.017816692194572,53,True,
walk3_subject5_f005100_005700,data/lafan1/walk3_subject5.bvh,5100,5700,600,30.000300003000028,19.9998,13.158499857345848,0.6590299554420844,1.9128415895747122,4.441504344577229,70,True,
walk3_subject5_f005400_006000,data/lafan1/walk3_subject5.bvh,5400,6000,600,30.000300003000028,19.9998,15.952068084656114,0.7989429519331643,5.983547746844536,4.16616577097677,52,True,
walk3_subject5_f005700_006300,data/lafan1/walk3_subject5.bvh,5700,6300,600,30.000300003000028,19.9998,18.4178418168052,0.9224386976827298,9.91635876020451,5.209318045396044,26,True,
walk3_subject5_f006000_006600,data/lafan1/walk3_subject5.bvh,6000,6600,600,30.000300003000028,19.9998,16.697815222878607,0.8362929316878447,5.928080271146874,5.201163482570507,28,True,
walk3_subject5_f006300_006900,data/lafan1/walk3_subject5.bvh,6300,6900,600,30.000300003000028,19.9998,9.216861330543882,0.46161703673183047,4.952490849124186,3.642755097309739,46,True,
walk3_subject5_f006600_007200,data/lafan1/walk3_subject5.bvh,6600,7200,600,30.000300003000028,19.9998,9.294841327133282,0.4655225847984664,8.44406446371083,5.068259852430518,42,True,
walk3_subject5_f006799_007399,data/lafan1/walk3_subject5.bvh,6799,7399,600,30.000300003000028,19.9998,12.315253631489634,0.6167968339861846,7.744687059385893,5.068259852430518,38,True,
walk4_subject1_f000000_000600,data/lafan1/walk4_subject1.bvh,0,600,600,30.000300003000028,19.9998,2.265828803834932,0.11348170929964384,5.540321853900501,0.9005800132066237,56,True,
walk4_subject1_f000300_000900,data/lafan1/walk4_subject1.bvh,300,900,600,30.000300003000028,19.9998,5.610062432853548,0.2809742170637173,9.898651611731687,3.9777064374464057,71,True,
walk4_subject1_f000600_001200,data/lafan1/walk4_subject1.bvh,600,1200,600,30.000300003000028,19.9998,9.255065901725555,0.46353047345459536,8.290104537645394,3.8050143919792547,64,True,
walk4_subject1_f000900_001500,data/lafan1/walk4_subject1.bvh,900,1500,600,30.000300003000028,19.9998,11.56304854380284,0.5791234144630013,6.3688284945911215,7.517819022628626,60,True,
walk4_subject1_f001200_001800,data/lafan1/walk4_subject1.bvh,1200,1800,600,30.000300003000028,19.9998,11.036164242962844,0.5527349552107964,5.833243911192317,6.180488541595441,73,True,
walk4_subject1_f001500_002100,data/lafan1/walk4_subject1.bvh,1500,2100,600,30.000300003000028,19.9998,8.218468801297451,0.4116135719602998,6.933155597531897,4.487397087584011,77,True,
walk4_subject1_f001800_002400,data/lafan1/walk4_subject1.bvh,1800,2400,600,30.000300003000028,19.9998,7.909376859675252,0.3961330194107576,8.494584446575303,2.839986383758652,73,True,
walk4_subject1_f002100_002700,data/lafan1/walk4_subject1.bvh,2100,2700,600,30.000300003000028,19.9998,9.788108861897694,0.49022738283631717,3.69025058240722,3.635175541790653,74,True,
walk4_subject1_f002400_003000,data/lafan1/walk4_subject1.bvh,2400,3000,600,30.000300003000028,19.9998,10.951220628557305,0.5484806414954285,5.858897017107876,4.818798879669799,76,True,
walk4_subject1_f002700_003300,data/lafan1/walk4_subject1.bvh,2700,3300,600,30.000300003000028,19.9998,7.915309275216374,0.3964301383522871,9.984549463552893,4.302931277156351,74,True,
walk4_subject1_f003000_003600,data/lafan1/walk4_subject1.bvh,3000,3600,600,30.000300003000028,19.9998,8.097570243750289,0.405558491832846,6.1228554585821255,3.541467885139995,78,True,
walk4_subject1_f003300_003900,data/lafan1/walk4_subject1.bvh,3300,3900,600,30.000300003000028,19.9998,8.580391136483236,0.4297400805301827,5.907553540511713,3.632427319150003,76,True,
walk4_subject1_f003600_004200,data/lafan1/walk4_subject1.bvh,3600,4200,600,30.000300003000028,19.9998,7.828267320750775,0.3920707314293898,5.907553540511712,4.237320876660755,66,True,
walk4_subject1_f003900_004500,data/lafan1/walk4_subject1.bvh,3900,4500,600,30.000300003000028,19.9998,9.146647287607678,0.4581004384805623,7.708775640646126,2.6709792586768373,60,True,
walk4_subject1_f004200_004800,data/lafan1/walk4_subject1.bvh,4200,4800,600,30.000300003000028,19.9998,12.680943270416558,0.6351120240960284,5.967230431587279,5.374436204472833,32,True,
walk4_subject1_f004318_004918,data/lafan1/walk4_subject1.bvh,4318,4918,600,30.000300003000028,19.9998,13.381241282749706,0.6701857310434393,5.9529129700148,6.8823899907657715,24,True,
