pair,frame,joint_angle_rms_rad,robot_rf_point_rms_m
sparse-neutral__sparse-a,0,0.12379228732730288,0.035684284297033846
sparse-neutral__sparse-a,1,0.123227281273438,0.035118874755174584
sparse-neutral__sparse-a,2,0.12349196430255312,0.03564186110358036
sparse-neutral__sparse-a,3,0.12330868074640473,0.035024731207819966
sparse-neutral__sparse-a,4,0.12219753737065864,0.0304373975887713
sparse-neutral__sparse-a,5,0.12210138208519851,0.02341733260293048
sparse-neutral__sparse-a,6,0.12306855879517506,0.01958676120040125
sparse-neutral__sparse-a,7,0.123331796772514,0.018500056990218824
sparse-neutral__sparse-a,8,0.12090166555725645,0.016911009765698547
sparse-neutral__sparse-a,9,0.11502248459817326,0.013863882217992599
sparse-neutral__sparse-a,10,0.10729023898711638,0.010652789528866748
sparse-neutral__sparse-a,11,0.10008855778441542,0.008800387485891344
sparse-neutral__sparse-a,12,0.09488701621149813,0.007846698915651248
sparse-neutral__sparse-a,13,0.09133460534129759,0.007335224151823781
sparse-neutral__sparse-a,14,0.08884568429239217,0.0070490261284967175
sparse-neutral__sparse-a,15,0.08702321330626406,0.0068786250274649584
sparse-neutral__sparse-a,16,0.08562957567728757,0.006768343060834235
sparse-neutral__sparse-a,17,0.08452602233905478,0.00669089805993363
sparse-neutral__sparse-a,18,0.08362812320661557,0.006633148572947831
sparse-neutral__sparse-a,19,0.08287896318716698,0.006587213261799014
sparse-neutral__sparse-a,20,0.08224218002185373,0.0065489939443433304
sparse-neutral__sparse-a,21,0.08168787666268841,0.00651531971619374
sparse-neutral__sparse-a,22,0.0741355897045592,0.006099060019409265
sparse-neutral__sparse-a,23,0.0757949256031043,0.005934331744324134
sparse-neutral__sparse-a,24,0.0729987146474431,0.005841515784966305
sparse-neutral__sparse-a,25,0.06941935364047276,0.0058459695782114105
sparse-neutral__sparse-a,26,0.0713469092705144,0.00586518878493099
sparse-neutral__sparse-a,27,0.07100237784418068,0.005837892979924862
sparse-neutral__sparse-a,28,0.07066307162665518,0.005810262941786075
sparse-neutral__sparse-a,29,0.07032808713886379,0.005781826722541634
sparse-neutral__sparse-a,30,0.06999696211568789,0.005752345349452289
sparse-neutral__sparse-a,31,0.06966969247156382,0.005722312034872593
sparse-neutral__sparse-a,32,0.0699750132178983,0.005711805051069759
sparse-neutral__sparse-a,33,0.07032247459870206,0.005702343984658039
sparse-neutral__sparse-a,34,0.07015528089592463,0.005688460248924453
sparse-neutral__sparse-a,35,0.06999317626640265,0.005675567448247224
sparse-neutral__sparse-a,36,0.06983554753459148,0.005663509412567872
sparse-neutral__sparse-a,37,0.06968120490597256,0.005651801932714417
sparse-neutral__sparse-a,38,0.06952962644453436,0.005640529610629032
sparse-neutral__sparse-a,39,0.06937835389581516,0.00562952543441605
sparse-neutral__sparse-a,40,0.0692263869118443,0.005618241533857417
sparse-neutral__sparse-a,41,0.06907299055243787,0.005606257159646266
sparse-neutral__sparse-a,42,0.06891834231433017,0.005593581840614922
sparse-neutral__sparse-a,43,0.06876359400684191,0.00558062228980752
sparse-neutral__sparse-a,44,0.06861128070031196,0.005568059051064775
sparse-neutral__sparse-a,45,0.0684610552455408,0.005556136458295882
sparse-neutral__sparse-a,46,0.06831430471126522,0.005545018305172607
sparse-neutral__sparse-a,47,0.06817198404757585,0.005534838168098473
sparse-neutral__sparse-a,48,0.06803374295320573,0.0055254669424897405
sparse-neutral__sparse-a,49,0.06789866535657146,0.005516571007249363
sparse-neutral__sparse-a,50,0.06776778017221344,0.00550827461676638
sparse-neutral__sparse-a,51,0.06763772522048145,0.005499566280651754
sparse-neutral__sparse-a,52,0.06750628679557065,0.005489894478992322
sparse-neutral__sparse-a,53,0.06737310315502973,0.005479203802041224
sparse-neutral__sparse-a,54,0.06724048977573738,0.005468158720944989
sparse-neutral__sparse-a,55,0.06710839302356103,0.0054568733638647535
sparse-neutral__sparse-a,56,0.06697646209226102,0.005445428729060172
sparse-neutral__sparse-a,57,0.06673721300460762,0.005434041399731477
sparse-neutral__sparse-a,58,0.0663815784371647,0.005423002345301133
sparse-neutral__sparse-a,59,0.06605627703985074,0.005412774152509739
sparse-neutral__sparse-a,60,0.0657706595006005,0.005402979505806572
sparse-neutral__sparse-a,61,0.06552235167299869,0.005393367318217715
sparse-neutral__sparse-a,62,0.06531013799595625,0.0053839951253299755
sparse-neutral__sparse-a,63,0.065132737302791,0.005374746023474248
sparse-neutral__sparse-a,64,0.064988608037018,0.00536535420245023
sparse-neutral__sparse-a,65,0.06487672205869027,0.005356270303737887
sparse-neutral__sparse-a,66,0.06477528501671152,0.00534739062045534
sparse-neutral__sparse-a,67,0.06467390497032464,0.005338014778635433
sparse-neutral__sparse-a,68,0.0645739676044203,0.005328921397426359
sparse-neutral__sparse-a,69,0.06447603175634298,0.005320329643706515
sparse-neutral__sparse-a,70,0.06438050747194166,0.005312323296253995
sparse-neutral__sparse-a,71,0.06428627338008627,0.005304526804605924
sparse-neutral__sparse-a,72,0.06419149982984786,0.005296056886845895
sparse-neutral__sparse-a,73,0.06409589300440591,0.005286651412681872
sparse-neutral__sparse-a,74,0.06399806865239346,0.005275475431018097
sparse-neutral__sparse-a,75,0.06389895076515649,0.005262732030956526
sparse-neutral__sparse-a,76,0.06379940952137907,0.005248918674899287
sparse-neutral__sparse-a,77,0.06370154124471979,0.005235758194559269
sparse-neutral__sparse-a,78,0.06360570278412508,0.005223299920192615
sparse-neutral__sparse-a,79,0.06351105069243183,0.005211001298696805
sparse-neutral__sparse-a,80,0.06341699011682754,0.0051982138643703844
sparse-neutral__sparse-a,81,0.06332330639649132,0.005184606861026273
sparse-neutral__sparse-a,82,0.0632298374013708,0.00517009017458585
sparse-neutral__sparse-a,83,0.06313790555381664,0.005155761043123375
sparse-neutral__sparse-a,84,0.0630475373644079,0.005142109381741566
sparse-neutral__sparse-a,85,0.06295782786923239,0.005128615819601986
sparse-neutral__sparse-a,86,0.06286766834649986,0.005114895848138939
sparse-neutral__sparse-a,87,0.06277719802288748,0.005101090743888455
sparse-neutral__sparse-a,88,0.06268760458315382,0.005087625906115698
sparse-neutral__sparse-a,89,0.06259807335507994,0.005074173648243343
sparse-neutral__sparse-a,90,0.06250885829784184,0.0050607046439179225
sparse-neutral__sparse-a,91,0.062420087727661104,0.005047188386388887
sparse-neutral__sparse-a,92,0.06233221706302457,0.005033628938157293
sparse-neutral__sparse-a,93,0.06224596600875625,0.005020119801368416
sparse-neutral__sparse-a,94,0.06216121931712125,0.005006377907413386
sparse-neutral__sparse-a,95,0.062078268604100414,0.004992395103064579
sparse-neutral__sparse-a,96,0.06199653502462107,0.004978401825290225
sparse-neutral__sparse-a,97,0.061914274081602515,0.0049641970120672145
sparse-neutral__sparse-a,98,0.06183142405147667,0.004949770376591285
sparse-neutral__sparse-a,99,0.06174843844295847,0.004935721131841221
sparse-neutral__sparse-a,100,0.061666262766884763,0.004922607317219197
sparse-neutral__sparse-a,101,0.06158410551768308,0.004910270904317193
sparse-neutral__sparse-a,102,0.06150500520564143,0.004899587517737986
sparse-neutral__sparse-a,103,0.061437252384053384,0.004891442785938504
sparse-neutral__sparse-a,104,0.06138133163821947,0.004884699421249623
sparse-neutral__sparse-a,105,0.06135528920648332,0.004881831754773984
sparse-neutral__sparse-a,106,0.06131499703930274,0.004876583272374842
sparse-neutral__sparse-a,107,0.061350856876378174,0.004880342383691376
sparse-neutral__sparse-a,108,0.061475743520567276,0.004897871425872927
sparse-neutral__sparse-a,109,0.06169333686135383,0.004944737770779299
sparse-neutral__sparse-a,110,0.06197820734732379,0.005056941060543089
sparse-neutral__sparse-a,111,0.06232142385599439,0.0053287556144518584
sparse-neutral__sparse-a,112,0.0627959292444686,0.005995350751817281
sparse-neutral__sparse-a,113,0.063571200009052,0.0075563297619713875
sparse-neutral__sparse-a,114,0.06419977323361477,0.010225491644067277
sparse-neutral__sparse-a,115,0.06425786033563342,0.01236117230846891
sparse-neutral__sparse-a,116,0.06216516623111323,0.010146947904678646
sparse-neutral__sparse-a,117,0.06078795063974517,0.0072421147844495565
sparse-neutral__sparse-a,118,0.060146589409474795,0.006012277875239519
sparse-neutral__sparse-a,119,0.059802280141026405,0.005800016901365626
sparse-neutral__sparse-a,120,0.05950999940061553,0.005908312949481497
sparse-neutral__sparse-a,121,0.059198782163143185,0.006146159718997772
sparse-neutral__sparse-a,122,0.058877844911106945,0.006392961736683766
sparse-neutral__sparse-a,123,0.05864847583734834,0.006540356724256741
sparse-neutral__sparse-a,124,0.05864033985849954,0.006734204307305108
sparse-neutral__sparse-a,125,0.05885504163952152,0.007119658078984286
sparse-neutral__sparse-a,126,0.059221069893453195,0.0076704475562294795
sparse-neutral__sparse-a,127,0.0596716249400857,0.008304770629993956
sparse-neutral__sparse-a,128,0.060159083626521614,0.00892141468231159
sparse-neutral__sparse-a,129,0.06063200006010397,0.009457919456001492
sparse-neutral__sparse-a,130,0.06104032494670665,0.009859456381855288
sparse-neutral__sparse-a,131,0.0613556201177319,0.010128196521738278
sparse-neutral__sparse-a,132,0.06154969560128153,0.010308522738180339
sparse-neutral__sparse-a,133,0.06192147434927453,0.010670456367881212
sparse-neutral__sparse-a,134,0.062100527984784604,0.011025025459615357
sparse-neutral__sparse-a,135,0.06217158444283303,0.01138789766420064
sparse-neutral__sparse-a,136,0.06202977122807852,0.011630410492279624
sparse-neutral__sparse-a,137,0.06197352018066862,0.011708822628838655
sparse-neutral__sparse-a,138,0.061840574442239386,0.01162179602290196
sparse-neutral__sparse-a,139,0.061642554799638156,0.011198400832845934
sparse-neutral__sparse-a,140,0.06149037798865503,0.01082226941920672
sparse-neutral__sparse-a,141,0.06142699724555104,0.010410644157325597
sparse-neutral__sparse-a,142,0.06140609381996062,0.009951889015970728
sparse-neutral__sparse-a,143,0.06135790448491795,0.009570109807243137
sparse-neutral__sparse-a,144,0.06131076539834422,0.009192845140363374
sparse-neutral__sparse-a,145,0.06126453149073503,0.008828093760380374
sparse-neutral__sparse-a,146,0.06115675759852505,0.008542091997672653
sparse-neutral__sparse-a,147,0.061016779646456375,0.008313414820724037
sparse-neutral__sparse-a,148,0.060882984508413895,0.00809910366255069
sparse-neutral__sparse-a,149,0.06081893711864739,0.007878803853260827
sparse-neutral__sparse-a,150,0.06099004648917837,0.008984732107536893
sparse-neutral__sparse-a,151,0.06078656815577879,0.0073484184667834745
sparse-neutral__sparse-a,152,0.06100679087726855,0.007238078980704794
sparse-neutral__sparse-a,153,0.061498163976187556,0.00760492082062866
sparse-neutral__sparse-a,154,0.06458726699113684,0.013620162956006808
sparse-neutral__sparse-a,155,0.06314531686765407,0.011737814141773682
sparse-neutral__sparse-a,156,0.06268704600354442,0.010724540823731126
sparse-neutral__sparse-a,157,0.0625772787450688,0.010339715326978086
sparse-neutral__sparse-a,158,0.06257897281571884,0.010298481374525307
sparse-neutral__sparse-a,159,0.06264713816432681,0.010362997402621206
sparse-neutral__sparse-a,160,0.06277094136510582,0.01042392512916466
sparse-neutral__sparse-a,161,0.06293827742472091,0.010441730650678485
sparse-neutral__sparse-a,162,0.06753564225244553,0.01306313410328065
sparse-neutral__sparse-a,163,0.061831980301147525,0.008423419427824173
sparse-neutral__sparse-a,164,0.06179870875610205,0.0075748867577136725
sparse-neutral__sparse-a,165,0.061608430709817676,0.006657081759324243
sparse-neutral__sparse-a,166,0.061331620269221274,0.005828102265247842
sparse-neutral__sparse-a,167,0.061047093586908116,0.005175845775677172
sparse-neutral__sparse-a,168,0.06098583041757453,0.005002331522790729
sparse-neutral__sparse-a,169,0.06266320051391505,0.008527722534819886
sparse-neutral__sparse-a,170,0.0618174856473895,0.00781605673414073
sparse-neutral__sparse-a,171,0.06158873712800214,0.008055653428991545
sparse-neutral__sparse-a,172,0.06163830813548843,0.008664394223947937
sparse-neutral__sparse-a,173,0.061676028695791224,0.00930059742892445
sparse-neutral__sparse-a,174,0.06154505068977439,0.009730480854299778
sparse-neutral__sparse-a,175,0.06132367361443068,0.009867779431449931
sparse-neutral__sparse-a,176,0.061055286338001,0.009725488499064539
sparse-neutral__sparse-a,177,0.06079637904601309,0.009397283323438355
sparse-neutral__sparse-a,178,0.06055183113917633,0.008868301498248085
sparse-neutral__sparse-a,179,0.060285439630853845,0.008390228509396087
sparse-neutral__sparse-a,180,0.06003266968206911,0.007886737642474806
sparse-neutral__sparse-a,181,0.0597618791575931,0.00733382540492852
sparse-neutral__sparse-a,182,0.059415672792906125,0.006994678510063599
sparse-neutral__sparse-a,183,0.059134944832838474,0.0068367116632800885
sparse-neutral__sparse-a,184,0.05875901338229582,0.00662778200411971
sparse-neutral__sparse-a,185,0.05860123463255443,0.006442799498958491
sparse-neutral__sparse-a,186,0.059017904813656735,0.0062600905729693415
sparse-neutral__sparse-a,187,0.060301063657121956,0.0063560107018385435
sparse-neutral__sparse-a,188,0.06136299803525181,0.006578515683607258
sparse-neutral__sparse-a,189,0.06166073244080967,0.006579058586658731
sparse-neutral__sparse-a,190,0.06190678249569736,0.006597491891529825
sparse-neutral__sparse-a,191,0.062108594777310136,0.00663010311381607
sparse-neutral__sparse-a,192,0.06234063581335817,0.006686468927554424
sparse-neutral__sparse-a,193,0.06264041651883365,0.006757678718772083
sparse-neutral__sparse-a,194,0.06297453332131266,0.006800017081781675
sparse-neutral__sparse-a,195,0.06329254472409529,0.0067830637132402305
sparse-neutral__sparse-a,196,0.0635664569832912,0.006705174659375444
sparse-neutral__sparse-a,197,0.06372558941293624,0.006536327053539276
sparse-neutral__sparse-a,198,0.06335791074383136,0.006011243191256064
sparse-neutral__sparse-a,199,0.06279338431895443,0.005541522768223048
sparse-neutral__sparse-a,200,0.06202684694179266,0.005017162509871584
sparse-neutral__sparse-a,201,0.0614722569292312,0.004658536548066284
sparse-neutral__sparse-a,202,0.06120297224309278,0.004468457061554422
sparse-neutral__sparse-a,203,0.061194831712437725,0.004446244248865794
sparse-neutral__sparse-a,204,0.06149502470964166,0.004687304549518894
sparse-neutral__sparse-a,205,0.06269963343366683,0.005582412692785863
sparse-neutral__sparse-a,206,0.06320442104373014,0.006009517374564898
sparse-neutral__sparse-a,207,0.06422252766884642,0.006872645060229389
sparse-neutral__sparse-a,208,0.06547340211114215,0.008080625871777368
sparse-neutral__sparse-a,209,0.06601468229856328,0.009333934507178867
sparse-neutral__sparse-a,210,0.06602361009758047,0.010432851237062668
sparse-neutral__sparse-a,211,0.06602026190331357,0.011048587848975413
sparse-neutral__sparse-a,212,0.06596456172518246,0.011168594839378973
sparse-neutral__sparse-a,213,0.06581392499736573,0.010932982124815686
sparse-neutral__sparse-a,214,0.06558296054299033,0.010490502847497503
sparse-neutral__sparse-a,215,0.06525044072078141,0.009935670784782927
sparse-neutral__sparse-a,216,0.06473432864612232,0.009356907855070368
sparse-neutral__sparse-a,217,0.06408622405998993,0.008755009411953937
sparse-neutral__sparse-a,218,0.06345442269808098,0.008340675398543775
sparse-neutral__sparse-a,219,0.06285753013093837,0.008030702299038035
sparse-neutral__sparse-a,220,0.062303070604936096,0.007770456760992253
sparse-neutral__sparse-a,221,0.06215409551418082,0.007655191198768165
sparse-neutral__sparse-a,222,0.062375547730822524,0.007607749119455212
sparse-neutral__sparse-a,223,0.06263108698868378,0.007434933491023805
sparse-neutral__sparse-a,224,0.06279634900109486,0.007198808329503562
sparse-neutral__sparse-a,225,0.06364553579502003,0.007240442151865717
sparse-neutral__sparse-a,226,0.0646702390047299,0.007489386907673749
sparse-neutral__sparse-a,227,0.06524976943766664,0.007753743505368873
sparse-neutral__sparse-a,228,0.0655493293749989,0.00795119192472104
sparse-neutral__sparse-a,229,0.0655853161190575,0.00791080902738973
sparse-neutral__sparse-a,230,0.06566324277900308,0.00788616468090757
sparse-neutral__sparse-a,231,0.06683906599938115,0.010124530542642415
sparse-neutral__sparse-a,232,0.0660767044478032,0.007373216027169441
sparse-neutral__sparse-a,233,0.06595184463684686,0.007280160441007156
sparse-neutral__sparse-a,234,0.06521263691376371,0.006720766465291432
sparse-neutral__sparse-a,235,0.06424285087716823,0.005972877209359518
sparse-neutral__sparse-a,236,0.06536399466972917,0.008428509690823632
sparse-neutral__sparse-a,237,0.06441971160508406,0.007375079335695213
sparse-neutral__sparse-a,238,0.06409654325928466,0.006603799279395478
sparse-neutral__sparse-a,239,0.0643131746090205,0.006193764026110633
sparse-neutral__sparse-a,240,0.06491970770283842,0.006170501281608441
sparse-neutral__sparse-a,241,0.06585616338169702,0.006470237708952097
sparse-neutral__sparse-a,242,0.06674531695793325,0.007021949188986264
sparse-neutral__sparse-a,243,0.06744971062549499,0.007722731274051154
sparse-neutral__sparse-a,244,0.06781293263039187,0.008342131720789155
sparse-neutral__sparse-a,245,0.0677538335898912,0.008643792801946088
sparse-neutral__sparse-a,246,0.06724390742734442,0.008549695360077571
sparse-neutral__sparse-a,247,0.06602326407231474,0.008089066397321258
sparse-neutral__sparse-a,248,0.06471711083823273,0.007616984017920661
sparse-neutral__sparse-a,249,0.06405290942980683,0.007393521214230624
sparse-neutral__sparse-a,250,0.06362695341444642,0.007258374458951508
sparse-neutral__sparse-a,251,0.06351353325489514,0.007218442489501323
sparse-neutral__sparse-a,252,0.0636239355595745,0.007238880068286089
sparse-neutral__sparse-a,253,0.06373883000251862,0.007248695346661853
sparse-neutral__sparse-a,254,0.0637567844353254,0.00721416063743408
sparse-neutral__sparse-a,255,0.0636841094322153,0.007136665899295167
sparse-neutral__sparse-a,256,0.06358903563978259,0.0070358000352884744
sparse-neutral__sparse-a,257,0.06355603767931305,0.006955743832746082
sparse-neutral__sparse-a,258,0.06361187737371342,0.0069409792112684115
sparse-neutral__sparse-a,259,0.06373687996097839,0.0069591479971766405
sparse-neutral__sparse-a,260,0.06389291935038442,0.006975141608573375
sparse-neutral__sparse-a,261,0.06402819331466077,0.006961928470225318
sparse-neutral__sparse-a,262,0.0641150753164214,0.006886475097391606
sparse-neutral__sparse-a,263,0.0641526591020274,0.006837044535486074
sparse-neutral__sparse-a,264,0.06414099249999342,0.006812414049404836
sparse-neutral__sparse-a,265,0.0640727616827672,0.00680206839059585
sparse-neutral__sparse-a,266,0.06396756760561546,0.006803881354844954
sparse-neutral__sparse-a,267,0.06385316709649176,0.006810321697712039
sparse-neutral__sparse-a,268,0.0637550529423382,0.00682833457063235
sparse-neutral__sparse-a,269,0.06368496239389777,0.006851583616528789
sparse-neutral__sparse-a,270,0.0636169782371947,0.006874469047555122
sparse-neutral__sparse-a,271,0.06355951568838854,0.006895274428945859
sparse-neutral__sparse-a,272,0.06351130357385014,0.0069156346961636314
sparse-neutral__sparse-a,273,0.06346863525270938,0.006939355004516958
sparse-neutral__sparse-a,274,0.06342427164547924,0.006964597077162797
sparse-neutral__sparse-a,275,0.06337776922485347,0.006987963254710937
sparse-neutral__sparse-a,276,0.0633294589992021,0.00700702494984366
sparse-neutral__sparse-a,277,0.0632784427484575,0.0070211823167381044
sparse-neutral__sparse-a,278,0.06324104543879765,0.007031961199088628
sparse-neutral__sparse-a,279,0.06321909909652296,0.007045717262565341
sparse-neutral__sparse-a,280,0.06321791738276093,0.007059337923301048
sparse-neutral__sparse-a,281,0.06323883759099407,0.007074586460941508
sparse-neutral__sparse-a,282,0.06327608439089949,0.007081773906417623
sparse-neutral__sparse-a,283,0.0633264435397738,0.0070836436606739215
sparse-neutral__sparse-a,284,0.06338555419872363,0.007085961869664007
sparse-neutral__sparse-a,285,0.06344942572954064,0.007085543488697413
sparse-neutral__sparse-a,286,0.06351608892423143,0.007080219571665937
sparse-neutral__sparse-a,287,0.06358675167988283,0.007065919460000163
sparse-neutral__sparse-a,288,0.06365812041801402,0.007047107268249141
sparse-neutral__sparse-a,289,0.06372931874242585,0.007024037914874057
sparse-neutral__sparse-a,290,0.06379904180878361,0.006994080110830444
sparse-neutral__sparse-a,291,0.06387394270577441,0.006960804730794648
sparse-neutral__sparse-a,292,0.06395292177219275,0.006926258048764601
sparse-neutral__sparse-a,293,0.06403103062670358,0.006893930016464753
sparse-neutral__sparse-a,294,0.06415698585610215,0.006869615092584687
sparse-neutral__sparse-a,295,0.06444220181973055,0.006894255978807853
sparse-neutral__sparse-a,296,0.06510955681435396,0.007045569384474431
sparse-neutral__sparse-a,297,0.06633165339387148,0.007396965618184572
sparse-neutral__sparse-a,298,0.06869935860948952,0.008158636580316635
sparse-neutral__sparse-a,299,0.07225010517771675,0.009444077193427701
sparse-neutral__sparse-a,300,0.06068548781365932,0.008728121487558641
sparse-neutral__sparse-a,301,0.05673689056561958,0.008460721153391224
sparse-neutral__sparse-a,302,0.05707438815546818,0.008994610341100337
sparse-neutral__sparse-a,303,0.057009941587823014,0.00918446962675131
sparse-neutral__sparse-a,304,0.05654655512286236,0.008967689031691962
sparse-neutral__sparse-a,305,0.06003455574872765,0.02072589009003037
sparse-neutral__sparse-a,306,0.05872060219700167,0.01928329655003947
sparse-neutral__sparse-a,307,0.05624043778199744,0.013630067005201524
sparse-neutral__sparse-a,308,0.05478963117314643,0.007254405633356176
sparse-neutral__sparse-a,309,0.057364592678951935,0.007780543706640017
sparse-neutral__sparse-a,310,0.06628467256805522,0.01681399112972113
sparse-neutral__sparse-a,311,0.06519331416711675,0.014642500900961447
sparse-neutral__sparse-a,312,0.06492993775971152,0.013589779135539314
sparse-neutral__sparse-a,313,0.07021948206966983,0.03624500281650497
sparse-neutral__sparse-a,314,0.053303920660201974,0.007574077432328687
sparse-neutral__sparse-a,315,0.05316141966685466,0.0070443390260817905
sparse-neutral__sparse-a,316,0.05312141786087316,0.006615558603065766
sparse-neutral__sparse-a,317,0.05328332892286818,0.006431531914124034
sparse-neutral__sparse-a,318,0.053441977871582697,0.00653485862691987
sparse-neutral__sparse-a,319,0.05343912359661384,0.007140436173547296
sparse-neutral__sparse-a,320,0.05336388587876137,0.0077143609432234845
sparse-neutral__sparse-a,321,0.053279274165899615,0.007990678188157263
sparse-neutral__sparse-a,322,0.053206447835650615,0.007965700145708783
sparse-neutral__sparse-a,323,0.053048866124766975,0.007599308264608072
sparse-neutral__sparse-a,324,0.05311556959494503,0.007284489585164808
sparse-neutral__sparse-a,325,0.05347799250017103,0.0072675328261687395
sparse-neutral__sparse-a,326,0.05310102342813619,0.007988324419839106
sparse-neutral__sparse-a,327,0.05325415535938427,0.008112570860726262
sparse-neutral__sparse-a,328,0.05338070230807835,0.00832541615882701
sparse-neutral__sparse-a,329,0.05335877218341435,0.008452040559529056
sparse-neutral__sparse-a,330,0.053201908553633465,0.00840295812187374
sparse-neutral__sparse-a,331,0.05265643912583274,0.007881731583544412
sparse-neutral__sparse-a,332,0.05215235458693785,0.007894986072236683
sparse-neutral__sparse-a,333,0.05173713720388029,0.008326165234640418
sparse-neutral__sparse-a,334,0.051715036654852824,0.009493203797444923
sparse-neutral__sparse-a,335,0.05173605910540795,0.009702320571990398
sparse-neutral__sparse-a,336,0.05168978049076753,0.009898782811433037
sparse-neutral__sparse-a,337,0.05159072997419978,0.010017583611114421
sparse-neutral__sparse-a,338,0.051449678046483906,0.009965062270140468
sparse-neutral__sparse-a,339,0.05113068346313675,0.007766044714623613
sparse-neutral__sparse-a,340,0.05113944174116199,0.007018357273158672
sparse-neutral__sparse-a,341,0.0511949195049148,0.006305240625674318
sparse-neutral__sparse-a,342,0.05124660936801963,0.005696678802732176
sparse-neutral__sparse-a,343,0.051304081061992766,0.005248389622319159
sparse-neutral__sparse-a,344,0.05135841715671609,0.005025168794756705
sparse-neutral__sparse-a,345,0.051371295665558106,0.004942566315959401
sparse-neutral__sparse-a,346,0.05137917807314357,0.004813638639462177
sparse-neutral__sparse-a,347,0.05136510949340022,0.00487009570604221
sparse-neutral__sparse-a,348,0.0514019921066522,0.0049679157753552555
sparse-neutral__sparse-a,349,0.05146799820519977,0.005142334060306451
sparse-neutral__sparse-a,350,0.051541009841408705,0.005383080351348054
sparse-neutral__sparse-a,351,0.05160947963604632,0.0056761445451220735
sparse-neutral__sparse-a,352,0.051669161500066216,0.005958804439349959
sparse-neutral__sparse-a,353,0.051721159465270804,0.006167220176857145
sparse-neutral__sparse-a,354,0.05176376507271341,0.006270195645914068
sparse-neutral__sparse-a,355,0.05179036313470265,0.006244331254514511
sparse-neutral__sparse-a,356,0.051792306936557064,0.006032688567818676
sparse-neutral__sparse-a,357,0.05169368957020637,0.005854703666177286
sparse-neutral__sparse-a,358,0.051532852592003624,0.005931217937545181
sparse-neutral__sparse-a,359,0.05136499334382471,0.006080123655494519
sparse-neutral__sparse-a,360,0.05125567264389945,0.0061489705287943635
sparse-neutral__sparse-a,361,0.05118936778632728,0.006117663495106407
sparse-neutral__sparse-a,362,0.0511400330010561,0.006027513754511617
sparse-neutral__sparse-a,363,0.05109826322924754,0.005906840671494267
sparse-neutral__sparse-a,364,0.05106298431796148,0.00578736911832367
sparse-neutral__sparse-a,365,0.051029877874499564,0.005675982793100279
sparse-neutral__sparse-a,366,0.05100295311771935,0.005541832632826121
sparse-neutral__sparse-a,367,0.05098601982920931,0.005301621978841578
sparse-neutral__sparse-a,368,0.05098186888486956,0.005077133149281048
sparse-neutral__sparse-a,369,0.050986700961995805,0.004935386052232435
sparse-neutral__sparse-a,370,0.051002410581259816,0.004773668473543238
sparse-neutral__sparse-a,371,0.051028738160116896,0.004647845791554018
sparse-neutral__sparse-a,372,0.051066738987337455,0.004556432917179972
sparse-neutral__sparse-a,373,0.05111425314868821,0.004496271405476116
sparse-neutral__sparse-a,374,0.05116757876930266,0.004438754854068503
sparse-neutral__sparse-a,375,0.05121961768673768,0.004409442441204685
sparse-neutral__sparse-a,376,0.05126538334512656,0.004407958330037019
sparse-neutral__sparse-a,377,0.05129824025075392,0.004434489039960464
sparse-neutral__sparse-a,378,0.05132321058372689,0.004464851482273924
sparse-neutral__sparse-a,379,0.05133994094710791,0.004497691067707388
sparse-neutral__sparse-a,380,0.05135058121126132,0.004529897853788988
sparse-neutral__sparse-a,381,0.05135578908262777,0.004558130677566688
sparse-neutral__sparse-a,382,0.051355172375010485,0.004579720532629952
sparse-neutral__sparse-a,383,0.051352146943635185,0.0045915763837795585
sparse-neutral__sparse-a,384,0.05134759773968336,0.004591752289910656
sparse-neutral__sparse-a,385,0.05133875236588295,0.004584143047331099
sparse-neutral__sparse-a,386,0.05132551545956245,0.004569292649004226
sparse-neutral__sparse-a,387,0.051309277976405734,0.004553524702341607
sparse-neutral__sparse-a,388,0.051287155241074564,0.004546852105311541
sparse-neutral__sparse-a,389,0.05125876373108474,0.004557949730815988
sparse-neutral__sparse-a,390,0.05123081330921241,0.004585826008192283
sparse-neutral__sparse-a,391,0.05120483913831913,0.004625500587912321
sparse-neutral__sparse-a,392,0.05118417977636047,0.004670401871657566
sparse-neutral__sparse-a,393,0.05116637815484231,0.004718128085722153
sparse-neutral__sparse-a,394,0.05115448841407576,0.004764730892737927
sparse-neutral__sparse-a,395,0.051149233274018976,0.004806643768525476
sparse-neutral__sparse-a,396,0.05114720053994839,0.0049430355241543685
sparse-neutral__sparse-a,397,0.05115320156152236,0.004875181711878855
sparse-neutral__sparse-a,398,0.05115723726158891,0.0050787102333818435
sparse-neutral__sparse-a,399,0.051169913668323096,0.004739785719654874
sparse-neutral__sparse-a,400,0.051173494715060226,0.004793472828500722
sparse-neutral__sparse-a,401,0.051178213008890416,0.004830091174303695
sparse-neutral__sparse-a,402,0.05118161918730562,0.004850828252837154
sparse-neutral__sparse-a,403,0.051184327066490926,0.004859125787090202
sparse-neutral__sparse-a,404,0.05118360570599823,0.004853183185385318
sparse-neutral__sparse-a,405,0.05119348168698749,0.004629954961464454
sparse-neutral__sparse-a,406,0.05119394409001288,0.004428280893007411
sparse-neutral__sparse-a,407,0.05119259783203755,0.004261260304057758
sparse-neutral__sparse-a,408,0.05120071125641999,0.004145530712235797
sparse-neutral__sparse-a,409,0.051228580588080455,0.004103709672070808
sparse-neutral__sparse-a,410,0.05132639715004373,0.004386511599894059
sparse-neutral__sparse-a,411,0.05134372532537907,0.004933582525110875
sparse-neutral__sparse-a,412,0.051449808063040746,0.005925610527664379
sparse-neutral__sparse-a,413,0.0516992491542744,0.007171326068665467
sparse-neutral__sparse-a,414,0.05206100774966941,0.008421935782476365
sparse-neutral__sparse-a,415,0.05214141415146901,0.009462921661008115
sparse-neutral__sparse-a,416,0.05217354070438593,0.010224035972869342
sparse-neutral__sparse-a,417,0.05306850229418945,0.01008631116686232
sparse-neutral__sparse-a,418,0.052306850939028655,0.00858941491550806
sparse-neutral__sparse-a,419,0.051562606509650256,0.007335248015920435
sparse-neutral__sparse-a,420,0.051987962476550485,0.008075424839468891
sparse-neutral__sparse-a,421,0.052578881459527,0.00880784544219722
sparse-neutral__sparse-a,422,0.053169054322765676,0.009486170362144905
sparse-neutral__sparse-a,423,0.05329862838339466,0.010053860850770757
sparse-neutral__sparse-a,424,0.0527229733686134,0.011076268401415918
sparse-neutral__sparse-a,425,0.052195923639311685,0.011823627414961253
sparse-neutral__sparse-a,426,0.09653337649036062,0.04185989133424233
sparse-neutral__sparse-a,427,0.12617451200757082,0.06500957437786059
sparse-neutral__sparse-a,428,0.09497009981773534,0.05648180113163343
sparse-neutral__sparse-a,429,0.06644877581661132,0.03323856635405788
sparse-neutral__sparse-a,430,0.06022627418013726,0.024332185640294268
sparse-neutral__sparse-a,431,0.05174907852822315,0.008974086919905437
sparse-neutral__sparse-a,432,0.05146782264699027,0.008320170688408146
sparse-neutral__sparse-a,433,0.05163618551241469,0.008106090023307498
sparse-neutral__sparse-a,434,0.0521568184700565,0.007806555734709019
sparse-neutral__sparse-a,435,0.05302101108950679,0.007647411466849903
sparse-neutral__sparse-a,436,0.05445109416068108,0.007987716596519196
sparse-neutral__sparse-a,437,0.05591619498439257,0.008923175670264084
sparse-neutral__sparse-a,438,0.05720585100008619,0.009988674104741201
sparse-neutral__sparse-a,439,0.057726984157213584,0.01063077374907692
sparse-neutral__sparse-a,440,0.05731959187029195,0.010755973029798567
sparse-neutral__sparse-a,441,0.05602437882957812,0.010421570735605743
sparse-neutral__sparse-a,442,0.05298718451226926,0.00961992269425791
sparse-neutral__sparse-a,443,0.050246837290399,0.01036337090648108
sparse-neutral__sparse-a,444,0.049223340583322034,0.00935196739986711
sparse-neutral__sparse-a,445,0.04854953850032516,0.008745410001738337
sparse-neutral__sparse-a,446,0.04784117095685044,0.00851076749315545
sparse-neutral__sparse-a,447,0.04708378965805432,0.008457150808665286
sparse-neutral__sparse-a,448,0.04635173761417492,0.008633649912064039
sparse-neutral__sparse-a,449,0.045820309981344,0.009477905096478504
sparse-neutral__sparse-a,450,0.0456770065147715,0.010372481811737375
sparse-neutral__sparse-a,451,0.0457441978969414,0.011329205329381859
sparse-neutral__sparse-a,452,0.04563117932782029,0.011931152587936155
sparse-neutral__sparse-a,453,0.04521135271964168,0.012073916634542157
sparse-neutral__sparse-a,454,0.04480202113304383,0.011718647758113982
sparse-neutral__sparse-a,455,0.044545385462487326,0.011099998318262277
sparse-neutral__sparse-a,456,0.04440430252713708,0.010381427668094943
sparse-neutral__sparse-a,457,0.04424503944577213,0.009539374608509258
sparse-neutral__sparse-a,458,0.04404343931214077,0.008508956163007635
sparse-neutral__sparse-a,459,0.043858764256006606,0.007533678327688866
sparse-neutral__sparse-a,460,0.043755348148542435,0.0069471308786591204
sparse-neutral__sparse-a,461,0.04367419064264834,0.00657695925747601
sparse-neutral__sparse-a,462,0.04383349116223004,0.00538758221309115
sparse-neutral__sparse-a,463,0.043449605675011736,0.00658996785726778
sparse-neutral__sparse-a,464,0.043191090207712675,0.006459400215312384
sparse-neutral__sparse-a,465,0.043185781540610604,0.006477333555697647
sparse-neutral__sparse-a,466,0.04333483279884874,0.006685065432118584
sparse-neutral__sparse-a,467,0.04352519696912754,0.0071874973251184445
sparse-neutral__sparse-a,468,0.04372887097222449,0.008775764918224635
sparse-neutral__sparse-a,469,0.0438660893111266,0.008098078964764319
sparse-neutral__sparse-a,470,0.04401444249992719,0.008250392218787546
sparse-neutral__sparse-a,471,0.04424486319304835,0.008094710222527701
sparse-neutral__sparse-a,472,0.044604521491716856,0.00767754631200395
sparse-neutral__sparse-a,473,0.045064650859921326,0.007081519399165387
sparse-neutral__sparse-a,474,0.045540728091558645,0.00625206927525682
sparse-neutral__sparse-a,475,0.04601077182096938,0.005216519074382807
sparse-neutral__sparse-a,476,0.046482126765988514,0.004693230484954927
sparse-neutral__sparse-a,477,0.046939432173103396,0.004204093796343543
sparse-neutral__sparse-a,478,0.047268171732809255,0.0038098150937443233
sparse-neutral__sparse-a,479,0.04734667861158702,0.0036200400044563924
sparse-neutral__sparse-a,480,0.04735692348889153,0.003629973881580523
sparse-neutral__sparse-a,481,0.04737631973399681,0.003701580233909366
sparse-neutral__sparse-a,482,0.04736735436646389,0.0037697966966721737
sparse-neutral__sparse-a,483,0.04733824898687338,0.003926201496711988
sparse-neutral__sparse-a,484,0.04730600714431762,0.004244639047113259
sparse-neutral__sparse-a,485,0.047231317468181044,0.004688735883645713
sparse-neutral__sparse-a,486,0.04703552435750517,0.005165228585458494
sparse-neutral__sparse-a,487,0.04673289904577897,0.005629273687739174
sparse-neutral__sparse-a,488,0.04638707063394264,0.006016814686982859
sparse-neutral__sparse-a,489,0.046056674458186536,0.006261195443444544
sparse-neutral__sparse-a,490,0.045762644859095244,0.006352648769974063
sparse-neutral__sparse-a,491,0.04537022909239183,0.005967175170843644
sparse-neutral__sparse-a,492,0.045428864134155617,0.00545337531851655
sparse-neutral__sparse-a,493,0.04554481842898689,0.005067277833517551
sparse-neutral__sparse-a,494,0.045612754636605066,0.004685348066631121
sparse-neutral__sparse-a,495,0.04561856786625509,0.004103939474612205
sparse-neutral__sparse-a,496,0.045515807874054424,0.0035773115207427247
sparse-neutral__sparse-a,497,0.04576948946471226,0.003901762914619213
sparse-neutral__sparse-a,498,0.04565648862213452,0.0036606392451483632
sparse-neutral__sparse-a,499,0.04565433059989346,0.0035767994993120083
sparse-neutral__sparse-a,500,0.04561393231897237,0.003455364736522001
sparse-neutral__sparse-a,501,0.045527535371351784,0.003299973582432581
sparse-neutral__sparse-a,502,0.04542764947429073,0.003158145984360475
sparse-neutral__sparse-a,503,0.04533912040427282,0.003069177442719589
sparse-neutral__sparse-a,504,0.04525681366494067,0.003031530694245479
sparse-neutral__sparse-a,505,0.04517461372016215,0.003026665501399122
sparse-neutral__sparse-a,506,0.04508979312396135,0.003040779214553956
sparse-neutral__sparse-a,507,0.04498064090367571,0.003058689856423125
sparse-neutral__sparse-a,508,0.04487067729537811,0.0030727527517094436
sparse-neutral__sparse-a,509,0.04476303012796102,0.003080126017438724
sparse-neutral__sparse-a,510,0.04465683866110602,0.0030802353766922154
sparse-neutral__sparse-a,511,0.04455253150009873,0.003086056772878464
sparse-neutral__sparse-a,512,0.044455079744678445,0.003112540150280774
sparse-neutral__sparse-a,513,0.04438305317317919,0.0031717335854236257
sparse-neutral__sparse-a,514,0.04435984231752607,0.0032672813613503697
sparse-neutral__sparse-a,515,0.04440048500223578,0.003406148726014233
sparse-neutral__sparse-a,516,0.04449329699914921,0.0035737617470500754
sparse-neutral__sparse-a,517,0.04459555359275287,0.003727723483965094
sparse-neutral__sparse-a,518,0.044669707954852776,0.0038347321864509783
sparse-neutral__sparse-a,519,0.044708488744723086,0.0038909084020672903
sparse-neutral__sparse-a,520,0.04471643728175144,0.0039024169335429132
sparse-neutral__sparse-a,521,0.04469230733490971,0.0038615009487925167
sparse-neutral__sparse-a,522,0.04468429935132187,0.0038325169980307073
sparse-neutral__sparse-a,523,0.04466697091585261,0.0037927061280675785
sparse-neutral__sparse-a,524,0.04463591440915284,0.003735353339552043
sparse-neutral__sparse-a,525,0.04454662946055089,0.003605586123632181
sparse-neutral__sparse-a,526,0.044436261332562794,0.0034188575286278715
sparse-neutral__sparse-a,527,0.04436964770806723,0.0032775249354783085
sparse-neutral__sparse-a,528,0.044339574179790314,0.0031891766683833775
sparse-neutral__sparse-a,529,0.044320142123711284,0.0031384607514121955
sparse-neutral__sparse-a,530,0.04430360874318264,0.003106603111242949
sparse-neutral__sparse-a,531,0.044286584780030475,0.0030864920892021523
sparse-neutral__sparse-a,532,0.04426867379355967,0.003079893252786428
sparse-neutral__sparse-a,533,0.04425537458377531,0.0030757195809693132
sparse-neutral__sparse-a,534,0.044248842991656705,0.003080163275543602
sparse-neutral__sparse-a,535,0.044250196015572785,0.0030992093103359725
sparse-neutral__sparse-a,536,0.04426250100151756,0.003134482787513614
sparse-neutral__sparse-a,537,0.04428687381481363,0.003183433355251403
sparse-neutral__sparse-a,538,0.04431753981931901,0.0032557974997685086
sparse-neutral__sparse-a,539,0.04435783389908355,0.0033942087550985003
sparse-neutral__sparse-a,540,0.04442041990232964,0.0036618174179218017
sparse-neutral__sparse-a,541,0.044510691443959305,0.004134091081348
sparse-neutral__sparse-a,542,0.04464499821835364,0.004945771425727016
sparse-neutral__sparse-a,543,0.04486992706758107,0.006070650012196729
sparse-neutral__sparse-a,544,0.045272348208442795,0.007285958606250287
sparse-neutral__sparse-a,545,0.045737434288026124,0.008274256464371658
sparse-neutral__sparse-a,546,0.046599967533355505,0.00915057908051225
sparse-neutral__sparse-a,547,0.046886112444339115,0.009040682682237927
sparse-neutral__sparse-a,548,0.04661061469700647,0.008192365101446991
sparse-neutral__sparse-a,549,0.045838654826852905,0.006568893461855762
sparse-neutral__sparse-a,550,0.04510500591135496,0.004754181064037819
sparse-neutral__sparse-a,551,0.045814594394583005,0.005829664886712944
sparse-neutral__sparse-a,552,0.04637671820972846,0.006813013897111508
sparse-neutral__sparse-a,553,0.04672332010765436,0.007569366346201217
sparse-neutral__sparse-a,554,0.046676135787349846,0.007940073863157579
sparse-neutral__sparse-a,555,0.04642494254188122,0.007946641597400975
sparse-neutral__sparse-a,556,0.04603724450037918,0.007740145085394761
sparse-neutral__sparse-a,557,0.04586546516828866,0.007400695810458414
sparse-neutral__sparse-a,558,0.04554799277790964,0.00700676246382903
sparse-neutral__sparse-a,559,0.04519539332660692,0.006627910378528421
sparse-neutral__sparse-a,560,0.04486824593473353,0.006261026204087914
sparse-neutral__sparse-a,561,0.044628805569222954,0.005922503590731202
sparse-neutral__sparse-a,562,0.04443023487282385,0.005597684145917987
sparse-neutral__sparse-a,563,0.04427363984010462,0.005325213843704981
sparse-neutral__sparse-a,564,0.04417314635244759,0.005122454534118743
sparse-neutral__sparse-a,565,0.04407903420690776,0.00495810125260744
sparse-neutral__sparse-a,566,0.043997592241006724,0.00489252023058391
sparse-neutral__sparse-a,567,0.0439440759259064,0.004888831598307256
sparse-neutral__sparse-a,568,0.04383423951709,0.00475160703241373
sparse-neutral__sparse-a,569,0.044218613239794945,0.006359797328255605
sparse-neutral__sparse-a,570,0.0441605359088266,0.006066838383824442
sparse-neutral__sparse-a,571,0.04393184483398356,0.005038305488525767
sparse-neutral__sparse-a,572,0.0437553149758977,0.004240062474588924
sparse-neutral__sparse-a,573,0.04404648481181222,0.003657459877162844
sparse-neutral__sparse-a,574,0.04575931333941864,0.005813376555192108
sparse-neutral__sparse-a,575,0.04610687129244381,0.005090428449555985
sparse-neutral__sparse-a,576,0.04685335018611822,0.005134865454505567
sparse-neutral__sparse-a,577,0.04746878735967317,0.005336070268014258
sparse-neutral__sparse-a,578,0.047922898451155396,0.005458568659739678
sparse-neutral__sparse-a,579,0.0482009057336334,0.005368043657096041
sparse-neutral__sparse-a,580,0.04833001780395987,0.004968937063605705
sparse-neutral__sparse-a,581,0.048132508111954485,0.004227905131141386
sparse-neutral__sparse-a,582,0.04789863856591385,0.0036675367011652672
sparse-neutral__sparse-a,583,0.0477996229780668,0.003378827371572208
sparse-neutral__sparse-a,584,0.04777578490667364,0.00329105281682572
sparse-neutral__sparse-a,585,0.04780411319088858,0.0033197230866825805
sparse-neutral__sparse-a,586,0.047877988588674696,0.0034321558022713757
sparse-neutral__sparse-a,587,0.047943770033430345,0.0035426910639993333
sparse-neutral__sparse-a,588,0.04796431712033997,0.0036006640507884875
sparse-neutral__sparse-a,589,0.04793536705588581,0.0035950258446074634
sparse-neutral__sparse-a,590,0.04789104216621561,0.0035570023677855347
sparse-neutral__sparse-a,591,0.047862839185459895,0.0035226800058308656
sparse-neutral__sparse-a,592,0.047841117446783876,0.0034834180001546843
sparse-neutral__sparse-a,593,0.04783833513921436,0.003479511278770651
sparse-neutral__sparse-a,594,0.04783985511746225,0.0034798577041115866
sparse-neutral__sparse-a,595,0.047842937205902505,0.003480905700503595
sparse-neutral__sparse-a,596,0.0478439004836547,0.0034790112652544236
sparse-neutral__sparse-a,597,0.047842282605476384,0.0034723212883438037
sparse-neutral__sparse-a,598,0.04783827872168818,0.003458399438857396
sparse-neutral__sparse-a,599,0.04782804840981353,0.003451379510372907
sparse-neutral__sparse-b,0,0.1046331763589895,0.046577171616445874
sparse-neutral__sparse-b,1,0.09554621783564296,0.03730755152483012
sparse-neutral__sparse-b,2,0.08878524113356194,0.0296974159886668
sparse-neutral__sparse-b,3,0.08750952362880061,0.027536977121609428
sparse-neutral__sparse-b,4,0.09019591901526028,0.027498355473716537
sparse-neutral__sparse-b,5,0.09373976854401465,0.02596710933468549
sparse-neutral__sparse-b,6,0.09784682193041737,0.02447944804937002
sparse-neutral__sparse-b,7,0.10310432606600625,0.023311838842590367
sparse-neutral__sparse-b,8,0.10686564844308996,0.021631961530908607
sparse-neutral__sparse-b,9,0.10744647345235588,0.01947327943392939
sparse-neutral__sparse-b,10,0.10545183157876446,0.017316301520196316
sparse-neutral__sparse-b,11,0.10252889140312584,0.016120363073764712
sparse-neutral__sparse-b,12,0.10052409462772634,0.015589698308781966
sparse-neutral__sparse-b,13,0.0993721862152788,0.015366372672004514
sparse-neutral__sparse-b,14,0.09871810467554554,0.015283956605874996
sparse-neutral__sparse-b,15,0.09832540375400144,0.015266478254139463
sparse-neutral__sparse-b,16,0.0980589244448789,0.015276581419791364
sparse-neutral__sparse-b,17,0.09785569277427288,0.01529788602417326
sparse-neutral__sparse-b,18,0.09771261752946556,0.015330120169868818
sparse-neutral__sparse-b,19,0.09760767012661477,0.015368440124336916
sparse-neutral__sparse-b,20,0.09752547848209292,0.015410335474439022
sparse-neutral__sparse-b,21,0.09744706912627063,0.015450253147849305
sparse-neutral__sparse-b,22,0.09992266758047567,0.0161791482374368
sparse-neutral__sparse-b,23,0.10625799444421583,0.01685648622866857
sparse-neutral__sparse-b,24,0.10382596291996937,0.017258284994793652
sparse-neutral__sparse-b,25,0.1015123415117579,0.017405368510760372
sparse-neutral__sparse-b,26,0.09773028756600742,0.017316807220675863
sparse-neutral__sparse-b,27,0.0975947522772222,0.017334966487439093
sparse-neutral__sparse-b,28,0.09745281811928536,0.01734998950742977
sparse-neutral__sparse-b,29,0.09730570779410773,0.017361972777232185
sparse-neutral__sparse-b,30,0.09714796015646211,0.017369750246209934
sparse-neutral__sparse-b,31,0.09698953601476704,0.01737593171562055
sparse-neutral__sparse-b,32,0.09685470596776431,0.017386204260343
sparse-neutral__sparse-b,33,0.09670789916356154,0.017381809353879066
sparse-neutral__sparse-b,34,0.09665553429212204,0.017389301836879714
sparse-neutral__sparse-b,35,0.09660559517090198,0.017396922620000897
sparse-neutral__sparse-b,36,0.09656049494577594,0.01740550338902056
sparse-neutral__sparse-b,37,0.09651622925838356,0.017413802145685657
sparse-neutral__sparse-b,38,0.09646980277962895,0.017421301797976043
sparse-neutral__sparse-b,39,0.09643175840023305,0.01743009587359942
sparse-neutral__sparse-b,40,0.09639920122738306,0.017439367745413183
sparse-neutral__sparse-b,41,0.09636419473767054,0.017447399278952565
sparse-neutral__sparse-b,42,0.0963213749512547,0.017453120600052018
sparse-neutral__sparse-b,43,0.0962783711523594,0.01745839891373227
sparse-neutral__sparse-b,44,0.0962475773080835,0.017466361113680363
sparse-neutral__sparse-b,45,0.09624010833693175,0.0174793303516835
sparse-neutral__sparse-b,46,0.09625523120106617,0.017497409229596955
sparse-neutral__sparse-b,47,0.09629513944074902,0.01752113901955544
sparse-neutral__sparse-b,48,0.09635886780381424,0.01755015349869095
sparse-neutral__sparse-b,49,0.09643274806074073,0.01758133960915176
sparse-neutral__sparse-b,50,0.09650663336138345,0.017612445455391743
sparse-neutral__sparse-b,51,0.09657895560228116,0.01764285904680386
sparse-neutral__sparse-b,52,0.09663636035662826,0.017669382545442723
sparse-neutral__sparse-b,53,0.09667390928081628,0.01769087104815484
sparse-neutral__sparse-b,54,0.09669775053290969,0.017708832299683966
sparse-neutral__sparse-b,55,0.09671819267570257,0.017725717462969266
sparse-neutral__sparse-b,56,0.09674449347204059,0.01774356688821134
sparse-neutral__sparse-b,57,0.09675668126978387,0.017764963025562103
sparse-neutral__sparse-b,58,0.09675372370479025,0.017788473821372205
sparse-neutral__sparse-b,59,0.09677990112993365,0.01781372142961293
sparse-neutral__sparse-b,60,0.09684216762963746,0.017842021011889076
sparse-neutral__sparse-b,61,0.09692696521377289,0.017872063160263924
sparse-neutral__sparse-b,62,0.09702234035295429,0.0179043213870221
sparse-neutral__sparse-b,63,0.0971221216966264,0.017937473701395968
sparse-neutral__sparse-b,64,0.09720803239629543,0.017967350338222218
sparse-neutral__sparse-b,65,0.09728481158605212,0.017995071422837326
sparse-neutral__sparse-b,66,0.09735115681731649,0.01802039993240787
sparse-neutral__sparse-b,67,0.0974079207732935,0.01804335176623523
sparse-neutral__sparse-b,68,0.09746161024079666,0.01806539447643211
sparse-neutral__sparse-b,69,0.09751848266456409,0.018087937689624106
sparse-neutral__sparse-b,70,0.09758306846469322,0.01811199537910655
sparse-neutral__sparse-b,71,0.09765210549304819,0.018136823936284612
sparse-neutral__sparse-b,72,0.09770764987958962,0.018158370467105563
sparse-neutral__sparse-b,73,0.09774643713122848,0.018175935639704398
sparse-neutral__sparse-b,74,0.0977578874937555,0.01818706793275789
sparse-neutral__sparse-b,75,0.0977450777561694,0.018192604956798867
sparse-neutral__sparse-b,76,0.09771827227326312,0.018194851465346176
sparse-neutral__sparse-b,77,0.09770936791462223,0.01820103197603932
sparse-neutral__sparse-b,78,0.09772656135745833,0.018212856077881198
sparse-neutral__sparse-b,79,0.0977597653590211,0.01822794830450809
sparse-neutral__sparse-b,80,0.09779489523674313,0.01824308084076697
sparse-neutral__sparse-b,81,0.09782793571317278,0.018257443457942085
sparse-neutral__sparse-b,82,0.09786001423964798,0.018271427397946752
sparse-neutral__sparse-b,83,0.0979011671452802,0.01828733500734648
sparse-neutral__sparse-b,84,0.09796278172321632,0.018307706031456438
sparse-neutral__sparse-b,85,0.09803289570504388,0.018329624932304448
sparse-neutral__sparse-b,86,0.09809215645354315,0.018348777287161874
sparse-neutral__sparse-b,87,0.09814411232523457,0.018366074561058036
sparse-neutral__sparse-b,88,0.09821200620996046,0.018386709279753798
sparse-neutral__sparse-b,89,0.09828686851844748,0.018408544514628002
sparse-neutral__sparse-b,90,0.09836738794324529,0.018431426950165017
sparse-neutral__sparse-b,91,0.09845262705345338,0.01845523949582785
sparse-neutral__sparse-b,92,0.0985457480668356,0.018480588799163315
sparse-neutral__sparse-b,93,0.0986532189314177,0.01850896210884489
sparse-neutral__sparse-b,94,0.09876257529050492,0.018537686370642566
sparse-neutral__sparse-b,95,0.09885692896877814,0.018563215464102337
sparse-neutral__sparse-b,96,0.09892512937261591,0.018583169094056554
sparse-neutral__sparse-b,97,0.09897297817219748,0.018598705637515377
sparse-neutral__sparse-b,98,0.09899614632741917,0.01860878471116539
sparse-neutral__sparse-b,99,0.09902181772860154,0.018619380580673712
sparse-neutral__sparse-b,100,0.0990733351272902,0.018635462641464148
sparse-neutral__sparse-b,101,0.09914545271666778,0.01865574716466558
sparse-neutral__sparse-b,102,0.09924807326231168,0.018682470075530196
sparse-neutral__sparse-b,103,0.099380254408435,0.018715647731456553
sparse-neutral__sparse-b,104,0.09951140062624675,0.018748989226128332
sparse-neutral__sparse-b,105,0.0996152656569477,0.01877810398292075
sparse-neutral__sparse-b,106,0.0997365079546476,0.018816995140614325
sparse-neutral__sparse-b,107,0.09982016005366585,0.018847886438906822
sparse-neutral__sparse-b,108,0.09967225563336561,0.018833664599140813
sparse-neutral__sparse-b,109,0.09932933733264757,0.018775474180826892
sparse-neutral__sparse-b,110,0.09894568222860788,0.018714100141734864
sparse-neutral__sparse-b,111,0.09864040542649827,0.018673362948498133
sparse-neutral__sparse-b,112,0.09865730963666292,0.01871051891341741
sparse-neutral__sparse-b,113,0.09945977937868576,0.018954771198594955
sparse-neutral__sparse-b,114,0.10150575250072327,0.019528978011183282
sparse-neutral__sparse-b,115,0.10345914906544804,0.020064612787224545
sparse-neutral__sparse-b,116,0.10459612860410591,0.0202692892982171
sparse-neutral__sparse-b,117,0.10546286156908445,0.020359824976740905
sparse-neutral__sparse-b,118,0.10695318074408616,0.02067270015909563
sparse-neutral__sparse-b,119,0.10889823111642978,0.021145404232798835
sparse-neutral__sparse-b,120,0.11072930421615809,0.021639749006627625
sparse-neutral__sparse-b,121,0.11179430864454444,0.021979271073656093
sparse-neutral__sparse-b,122,0.11250581004644847,0.022440809565998785
sparse-neutral__sparse-b,123,0.115959395270716,0.023407599539856522
sparse-neutral__sparse-b,124,0.12307902233597567,0.025201251318756536
sparse-neutral__sparse-b,125,0.13353413853654408,0.027592456143246843
sparse-neutral__sparse-b,126,0.14629216831761402,0.030275525097346576
sparse-neutral__sparse-b,127,0.15979979742431275,0.03299251268988272
sparse-neutral__sparse-b,128,0.17171766060953475,0.03528964029614812
sparse-neutral__sparse-b,129,0.1809469407694592,0.037026637990347444
sparse-neutral__sparse-b,130,0.18706947112820618,0.03814409260421422
sparse-neutral__sparse-b,131,0.18972423519795706,0.03853440486394783
sparse-neutral__sparse-b,132,0.19009016023002173,0.038179035937854384
sparse-neutral__sparse-b,133,0.18894395472579198,0.03799524227530606
sparse-neutral__sparse-b,134,0.1865697546018132,0.03748253207685955
sparse-neutral__sparse-b,135,0.18467840905116514,0.03712225923678871
sparse-neutral__sparse-b,136,0.18396477622288782,0.03698673507672254
sparse-neutral__sparse-b,137,0.18176726414524916,0.03686326874475905
sparse-neutral__sparse-b,138,0.18023042494911795,0.03688224522868449
sparse-neutral__sparse-b,139,0.17745676001209829,0.03670661836128107
sparse-neutral__sparse-b,140,0.17352899755988857,0.036247393344556206
sparse-neutral__sparse-b,141,0.16828505285011433,0.035452576058888505
sparse-neutral__sparse-b,142,0.16224503210531702,0.03437869734700656
sparse-neutral__sparse-b,143,0.15637357201451657,0.0332816532094238
sparse-neutral__sparse-b,144,0.14962827205613854,0.03188315377347482
sparse-neutral__sparse-b,145,0.14174432917488808,0.03016506007170248
sparse-neutral__sparse-b,146,0.13078126129524115,0.02776732396943051
sparse-neutral__sparse-b,147,0.11984809435959275,0.025265866355082107
sparse-neutral__sparse-b,148,0.11106560176324999,0.0230803562130777
sparse-neutral__sparse-b,149,0.10606363286234936,0.021657224312687413
sparse-neutral__sparse-b,150,0.10386746248219018,0.020971512478666954
sparse-neutral__sparse-b,151,0.10355379214862252,0.02088925847036588
sparse-neutral__sparse-b,152,0.10743237186781321,0.021973779849643906
sparse-neutral__sparse-b,153,0.12242458504915975,0.025572758732573864
sparse-neutral__sparse-b,154,0.15001465538262304,0.030387994735932383
sparse-neutral__sparse-b,155,0.17601774745369023,0.03286517359989883
sparse-neutral__sparse-b,156,0.20199089713896587,0.03928913637339802
sparse-neutral__sparse-b,157,0.20974524081922755,0.04068487064818954
sparse-neutral__sparse-b,158,0.216445271674797,0.043182476219951214
sparse-neutral__sparse-b,159,0.21934324924100906,0.045282857627867115
sparse-neutral__sparse-b,160,0.21831636641153918,0.04620974358663916
sparse-neutral__sparse-b,161,0.21417302433517668,0.04556186423633488
sparse-neutral__sparse-b,162,0.20734772383221226,0.043073221767673045
sparse-neutral__sparse-b,163,0.1914413885926734,0.0389472855090117
sparse-neutral__sparse-b,164,0.17652523458138528,0.034720814002550664
sparse-neutral__sparse-b,165,0.16826293791851776,0.03285439200266662
sparse-neutral__sparse-b,166,0.16313592145898045,0.03184699727941617
sparse-neutral__sparse-b,167,0.16034960491859498,0.031312765191086035
sparse-neutral__sparse-b,168,0.16000441959431572,0.031139555436672323
sparse-neutral__sparse-b,169,0.16176809382145577,0.031243688272833584
sparse-neutral__sparse-b,170,0.16530293644194707,0.03178043738907738
sparse-neutral__sparse-b,171,0.16985299517381006,0.032710448545733385
sparse-neutral__sparse-b,172,0.17437431672231765,0.03380580547006116
sparse-neutral__sparse-b,173,0.17848535266901108,0.034904342581259545
sparse-neutral__sparse-b,174,0.18213231964915508,0.03588856777776387
sparse-neutral__sparse-b,175,0.1854991869463907,0.03672525373509537
sparse-neutral__sparse-b,176,0.18810916138293954,0.03726141800303383
sparse-neutral__sparse-b,177,0.19045988152574506,0.03766546648750743
sparse-neutral__sparse-b,178,0.18627760848078506,0.037305096918959994
sparse-neutral__sparse-b,179,0.1786411546985277,0.03569193882402313
sparse-neutral__sparse-b,180,0.16488667871780346,0.03278750740776012
sparse-neutral__sparse-b,181,0.14386428728860667,0.028206263165468638
sparse-neutral__sparse-b,182,0.12026855811633448,0.02299671145929426
sparse-neutral__sparse-b,183,0.11278747144045821,0.023232701646135778
sparse-neutral__sparse-b,184,0.10772444029517247,0.024657260875270853
sparse-neutral__sparse-b,185,0.08240543823291197,0.01348479235791805
sparse-neutral__sparse-b,186,0.08428972122928871,0.013638179859552233
sparse-neutral__sparse-b,187,0.0986701370902841,0.017277532000974906
sparse-neutral__sparse-b,188,0.12373025725982462,0.022871269851793708
sparse-neutral__sparse-b,189,0.14220936859365066,0.026315603197489202
sparse-neutral__sparse-b,190,0.14512480729801835,0.026314949375691423
sparse-neutral__sparse-b,191,0.1482581737836494,0.02718087546538885
sparse-neutral__sparse-b,192,0.15008640930857908,0.027968140292582308
sparse-neutral__sparse-b,193,0.15025829135062313,0.028181453223398694
sparse-neutral__sparse-b,194,0.1490972417855276,0.027795317609394965
sparse-neutral__sparse-b,195,0.14694851941508866,0.026945547928149276
sparse-neutral__sparse-b,196,0.14405650655911878,0.02583410984193851
sparse-neutral__sparse-b,197,0.14034590004464195,0.02450172190866795
sparse-neutral__sparse-b,198,0.13022800072061388,0.022022076780754005
sparse-neutral__sparse-b,199,0.12399094541132882,0.020855611838578095
sparse-neutral__sparse-b,200,0.11878252336552,0.019819709492441443
sparse-neutral__sparse-b,201,0.11419615368178125,0.0192295592963725
sparse-neutral__sparse-b,202,0.11111506528411283,0.018571338970459927
sparse-neutral__sparse-b,203,0.11033207947321845,0.018275270750162796
sparse-neutral__sparse-b,204,0.1125516993820126,0.01874375496008565
sparse-neutral__sparse-b,205,0.12194888378280944,0.02094948885837011
sparse-neutral__sparse-b,206,0.12490230276434851,0.02173149267283247
sparse-neutral__sparse-b,207,0.12980177858117017,0.02318055547226092
sparse-neutral__sparse-b,208,0.1357291280544557,0.02512628379174316
sparse-neutral__sparse-b,209,0.141682364092549,0.02719097662674005
sparse-neutral__sparse-b,210,0.14755387941926193,0.029158583517209787
sparse-neutral__sparse-b,211,0.15285277461366453,0.03070362497866182
sparse-neutral__sparse-b,212,0.1575177538295773,0.03180999361001198
sparse-neutral__sparse-b,213,0.1610477370880906,0.03239947646384285
sparse-neutral__sparse-b,214,0.16317355191993957,0.03248516224294442
sparse-neutral__sparse-b,215,0.16251977809935989,0.03201683105137756
sparse-neutral__sparse-b,216,0.15757870523618603,0.030943417814221164
sparse-neutral__sparse-b,217,0.14731161121235342,0.02844562731826185
sparse-neutral__sparse-b,218,0.13155410953692845,0.0246595111691086
sparse-neutral__sparse-b,219,0.1125084766699614,0.019896903107017055
sparse-neutral__sparse-b,220,0.09874386875893586,0.015998252063517283
sparse-neutral__sparse-b,221,0.09339490671756161,0.014188930673328468
sparse-neutral__sparse-b,222,0.0920581695819839,0.013691619621309482
sparse-neutral__sparse-b,223,0.09286606351239922,0.013612444567924145
sparse-neutral__sparse-b,224,0.09556581312526463,0.014007236447899345
sparse-neutral__sparse-b,225,0.10453775485804222,0.0164814994053815
sparse-neutral__sparse-b,226,0.121086145633749,0.020420570707082968
sparse-neutral__sparse-b,227,0.1373956184722374,0.023025639943906457
sparse-neutral__sparse-b,228,0.1465159365123139,0.02352981998299525
sparse-neutral__sparse-b,229,0.14710542025545392,0.02348961474372246
sparse-neutral__sparse-b,230,0.14761952548369708,0.023447801456098035
sparse-neutral__sparse-b,231,0.1472775001818009,0.023033417331513113
sparse-neutral__sparse-b,232,0.14488637049346023,0.021837810793326935
sparse-neutral__sparse-b,233,0.1399880323899823,0.02101125193007723
sparse-neutral__sparse-b,234,0.13124757556422206,0.01930166427277603
sparse-neutral__sparse-b,235,0.12509853760414294,0.01791940152587412
sparse-neutral__sparse-b,236,0.12438529803752,0.017629582829688715
sparse-neutral__sparse-b,237,0.12374928566315939,0.01739820886966345
sparse-neutral__sparse-b,238,0.12336290237994736,0.017275370810595762
sparse-neutral__sparse-b,239,0.12385906881192772,0.017443895535215827
sparse-neutral__sparse-b,240,0.125798869881539,0.01809094585922257
sparse-neutral__sparse-b,241,0.12909069831593462,0.01921176070723832
sparse-neutral__sparse-b,242,0.1331969942644241,0.020633645640282184
sparse-neutral__sparse-b,243,0.13721500975846876,0.021992581693008186
sparse-neutral__sparse-b,244,0.14010772411759087,0.022862146324859587
sparse-neutral__sparse-b,245,0.1413266842957637,0.022999526073495563
sparse-neutral__sparse-b,246,0.13998094864309052,0.022339732359419814
sparse-neutral__sparse-b,247,0.13326386046451205,0.020607638696668436
sparse-neutral__sparse-b,248,0.12472401201670316,0.018679128556231227
sparse-neutral__sparse-b,249,0.11987547620933636,0.017524698209716378
sparse-neutral__sparse-b,250,0.11640911195200704,0.016715497601684556
sparse-neutral__sparse-b,251,0.11518831631542983,0.01645571124749847
sparse-neutral__sparse-b,252,0.11547838797682823,0.01657145614257307
sparse-neutral__sparse-b,253,0.116311279566226,0.01680200386478603
sparse-neutral__sparse-b,254,0.11675385903122576,0.01690352500193973
sparse-neutral__sparse-b,255,0.1167191888099872,0.016863778657012617
sparse-neutral__sparse-b,256,0.11677684067396901,0.01683517848555527
sparse-neutral__sparse-b,257,0.11701364636207152,0.01685868207251932
sparse-neutral__sparse-b,258,0.11740322956089404,0.016946752121658828
sparse-neutral__sparse-b,259,0.1179652421646892,0.017092528819856498
sparse-neutral__sparse-b,260,0.11863025906746327,0.017262452717202822
sparse-neutral__sparse-b,261,0.11923567199624954,0.01739005715643995
sparse-neutral__sparse-b,262,0.11971857029609942,0.017509720205105044
sparse-neutral__sparse-b,263,0.11984151832241137,0.017541588458396592
sparse-neutral__sparse-b,264,0.11963437434022728,0.017502057859699834
sparse-neutral__sparse-b,265,0.11898624869194128,0.017365694360431255
sparse-neutral__sparse-b,266,0.11820897905328956,0.017189791726528937
sparse-neutral__sparse-b,267,0.11743816062081597,0.01701901004008814
sparse-neutral__sparse-b,268,0.11683850943442514,0.01686009229101628
sparse-neutral__sparse-b,269,0.11629989887531457,0.016774209979845193
sparse-neutral__sparse-b,270,0.11575331344725223,0.016666084505404324
sparse-neutral__sparse-b,271,0.11523555032606467,0.016565695881195015
sparse-neutral__sparse-b,272,0.11475539350900978,0.016474392860448994
sparse-neutral__sparse-b,273,0.11435012647521199,0.016400253841605695
sparse-neutral__sparse-b,274,0.11393466251347321,0.016321197327119768
sparse-neutral__sparse-b,275,0.11334576062403738,0.01626063765853074
sparse-neutral__sparse-b,276,0.11277675277720754,0.01621180807380686
sparse-neutral__sparse-b,277,0.11224844635746006,0.016168096193379358
sparse-neutral__sparse-b,278,0.11185459722046891,0.016138656376462352
sparse-neutral__sparse-b,279,0.11158436303967345,0.01612653444706845
sparse-neutral__sparse-b,280,0.1114415067017472,0.01612433814685906
sparse-neutral__sparse-b,281,0.11144909958506989,0.01614394115806089
sparse-neutral__sparse-b,282,0.11159503946999867,0.016187991703518968
sparse-neutral__sparse-b,283,0.1117627073523098,0.01622854036931456
sparse-neutral__sparse-b,284,0.1118668506179377,0.016250586637291287
sparse-neutral__sparse-b,285,0.11193360940382044,0.016258772439333238
sparse-neutral__sparse-b,286,0.11195845399539513,0.016253299949238267
sparse-neutral__sparse-b,287,0.11197155269630293,0.016239041120042146
sparse-neutral__sparse-b,288,0.11197961587204712,0.01622098146297791
sparse-neutral__sparse-b,289,0.11193054290905763,0.016185913032887602
sparse-neutral__sparse-b,290,0.11181639347479164,0.01613084491727851
sparse-neutral__sparse-b,291,0.1116771285988833,0.016066999069434984
sparse-neutral__sparse-b,292,0.11152669460120407,0.01600011811722537
sparse-neutral__sparse-b,293,0.11138926060369096,0.015937245406217236
sparse-neutral__sparse-b,294,0.11155439775720778,0.01594722412443742
sparse-neutral__sparse-b,295,0.11240276682332727,0.01613503268573375
sparse-neutral__sparse-b,296,0.1147993667994582,0.016746961488308676
sparse-neutral__sparse-b,297,0.11817923289530262,0.017734093542361568
sparse-neutral__sparse-b,298,0.12460012466275878,0.019720133042066584
sparse-neutral__sparse-b,299,0.1336005005924534,0.022682691869839747
sparse-neutral__sparse-b,300,0.1414991336429519,0.025602939057579197
sparse-neutral__sparse-b,301,0.14650619227825387,0.027729249032268897
sparse-neutral__sparse-b,302,0.15234000339972867,0.03275812233854999
sparse-neutral__sparse-b,303,0.1514847161784539,0.033893226163727426
sparse-neutral__sparse-b,304,0.1486462233090207,0.0343137587172959
sparse-neutral__sparse-b,305,0.14240731086193575,0.025474726586438436
sparse-neutral__sparse-b,306,0.13859663233564407,0.028838924745854266
sparse-neutral__sparse-b,307,0.13047578951775055,0.02088692658129823
sparse-neutral__sparse-b,308,0.1346262040089729,0.021470483893502125
sparse-neutral__sparse-b,309,0.14950904560157902,0.024940770657736717
sparse-neutral__sparse-b,310,0.15414117155589308,0.026038928493441534
sparse-neutral__sparse-b,311,0.15954277762972946,0.027358538748142862
sparse-neutral__sparse-b,312,0.16390047731984417,0.02837100428983731
sparse-neutral__sparse-b,313,0.16581348674301533,0.028806262061782703
sparse-neutral__sparse-b,314,0.1646807509995545,0.024408312749379747
sparse-neutral__sparse-b,315,0.16170876658706992,0.024175530242122312
sparse-neutral__sparse-b,316,0.15910589218246035,0.024225070018402985
sparse-neutral__sparse-b,317,0.15512764781999555,0.024224273881585764
sparse-neutral__sparse-b,318,0.155104080109381,0.025111185581112357
sparse-neutral__sparse-b,319,0.15952496490347595,0.02684243876311711
sparse-neutral__sparse-b,320,0.16311278794670467,0.028199476565089962
sparse-neutral__sparse-b,321,0.16445384153110446,0.028509601816704394
sparse-neutral__sparse-b,322,0.16376443668891874,0.027956068543651888
sparse-neutral__sparse-b,323,0.16008991890371915,0.02608848245848485
sparse-neutral__sparse-b,324,0.15414045617564687,0.024303538524763066
sparse-neutral__sparse-b,325,0.14665486167516148,0.022620954306815138
sparse-neutral__sparse-b,326,0.138336961185723,0.02104759130633042
sparse-neutral__sparse-b,327,0.13461328518385288,0.020219061770150367
sparse-neutral__sparse-b,328,0.1319975104712659,0.019770333821411707
sparse-neutral__sparse-b,329,0.13077532441268538,0.0196073336531474
sparse-neutral__sparse-b,330,0.13031382537111125,0.019538023271389673
sparse-neutral__sparse-b,331,0.12995704339417677,0.01937483842189682
sparse-neutral__sparse-b,332,0.1303602352787822,0.019743921030433566
sparse-neutral__sparse-b,333,0.13200723402036674,0.020806167000880317
sparse-neutral__sparse-b,334,0.13534457442572712,0.023124194910190847
sparse-neutral__sparse-b,335,0.13751695000878897,0.02402109713636815
sparse-neutral__sparse-b,336,0.14050596761604628,0.02518344705434495
sparse-neutral__sparse-b,337,0.14383444767110584,0.026438779411657367
sparse-neutral__sparse-b,338,0.14657980171357993,0.027429880798747083
sparse-neutral__sparse-b,339,0.1481675162677617,0.02582234573147693
sparse-neutral__sparse-b,340,0.14784835101778773,0.02463817368821205
sparse-neutral__sparse-b,341,0.14513421059498366,0.02329057159416167
sparse-neutral__sparse-b,342,0.14105801415108213,0.022029399621932087
sparse-neutral__sparse-b,343,0.13621936788706934,0.020749663632226804
sparse-neutral__sparse-b,344,0.1336461518782366,0.019992102739632783
sparse-neutral__sparse-b,345,0.1316617553212276,0.01945332142582786
sparse-neutral__sparse-b,346,0.13009621208601607,0.019046384134390054
sparse-neutral__sparse-b,347,0.12929246186414128,0.01883016708204095
sparse-neutral__sparse-b,348,0.13082790375064124,0.019118238808629836
sparse-neutral__sparse-b,349,0.13533559624482788,0.019998859963518686
sparse-neutral__sparse-b,350,0.14213567798184887,0.02126768183411793
sparse-neutral__sparse-b,351,0.14874656510643278,0.022430295370861334
sparse-neutral__sparse-b,352,0.15338967028068087,0.023219349228005438
sparse-neutral__sparse-b,353,0.15517465748505274,0.023509581372563006
sparse-neutral__sparse-b,354,0.15447468867869515,0.023385029240662793
sparse-neutral__sparse-b,355,0.15106153618638588,0.02281122865892139
sparse-neutral__sparse-b,356,0.1439083795643064,0.021682655640484185
sparse-neutral__sparse-b,357,0.1333844379225667,0.020254869448668736
sparse-neutral__sparse-b,358,0.12528501182469165,0.019051900558124647
sparse-neutral__sparse-b,359,0.12126885994397217,0.018408675278259876
sparse-neutral__sparse-b,360,0.11923977287276832,0.01808254868303036
sparse-neutral__sparse-b,361,0.11706929354809363,0.017681540814956345
sparse-neutral__sparse-b,362,0.11511822885621519,0.017269270572253616
sparse-neutral__sparse-b,363,0.11352812008250772,0.016885376238982466
sparse-neutral__sparse-b,364,0.11248493945151235,0.016622942811056574
sparse-neutral__sparse-b,365,0.11222119621550405,0.016567681636227016
sparse-neutral__sparse-b,366,0.11235789795109574,0.016572177023576985
sparse-neutral__sparse-b,367,0.11250817281939775,0.016399267751668764
sparse-neutral__sparse-b,368,0.11250443579111372,0.016198730129275415
sparse-neutral__sparse-b,369,0.11243454504425968,0.01598608729387867
sparse-neutral__sparse-b,370,0.11251126607031177,0.015752617725250984
sparse-neutral__sparse-b,371,0.11302148396607208,0.015637644507605977
sparse-neutral__sparse-b,372,0.11393773186227411,0.015641811204389046
sparse-neutral__sparse-b,373,0.11474737116097852,0.01561590342398389
sparse-neutral__sparse-b,374,0.11532216305985153,0.015622738770565196
sparse-neutral__sparse-b,375,0.11572782403528613,0.015593612509633686
sparse-neutral__sparse-b,376,0.11597711140899662,0.015567955304209447
sparse-neutral__sparse-b,377,0.11612960278899974,0.015563137442656047
sparse-neutral__sparse-b,378,0.11622372276807791,0.015558971307218372
sparse-neutral__sparse-b,379,0.11625365148640011,0.015558447179819386
sparse-neutral__sparse-b,380,0.11626325732481083,0.015567290252877543
sparse-neutral__sparse-b,381,0.11627361804752037,0.015585445802564142
sparse-neutral__sparse-b,382,0.11627860696449902,0.015610716512954752
sparse-neutral__sparse-b,383,0.11631720885692647,0.015648896337196058
sparse-neutral__sparse-b,384,0.11639050053773219,0.015697091289965777
sparse-neutral__sparse-b,385,0.11651549733953741,0.0157645486373561
sparse-neutral__sparse-b,386,0.11663664852632948,0.01583653758103411
sparse-neutral__sparse-b,387,0.11672015702368567,0.015900148653587257
sparse-neutral__sparse-b,388,0.11673439231406091,0.015952882303749777
sparse-neutral__sparse-b,389,0.11668247039996481,0.016001488818629492
sparse-neutral__sparse-b,390,0.11658751856263645,0.01604270600604353
sparse-neutral__sparse-b,391,0.11646311053335837,0.016080869109036115
sparse-neutral__sparse-b,392,0.11635312829582034,0.016117340531024864
sparse-neutral__sparse-b,393,0.11626759464954303,0.016153952365571347
sparse-neutral__sparse-b,394,0.11618792249560897,0.016181946122751846
sparse-neutral__sparse-b,395,0.11608949821329685,0.016192137559018185
sparse-neutral__sparse-b,396,0.1159294376513247,0.016179024202380612
sparse-neutral__sparse-b,397,0.1158375261402715,0.016151498011414002
sparse-neutral__sparse-b,398,0.11578206899635811,0.016126307181240487
sparse-neutral__sparse-b,399,0.11577619949922245,0.01612796934298232
sparse-neutral__sparse-b,400,0.1157653423833918,0.016121361867641418
sparse-neutral__sparse-b,401,0.11578556926022282,0.016121533842551734
sparse-neutral__sparse-b,402,0.11582994513485687,0.01613067157259911
sparse-neutral__sparse-b,403,0.11590437351519575,0.016150661931766664
sparse-neutral__sparse-b,404,0.11593778004157054,0.016168603758733878
sparse-neutral__sparse-b,405,0.11604659646870634,0.016059671123732702
sparse-neutral__sparse-b,406,0.11600670388568654,0.01598942303103397
sparse-neutral__sparse-b,407,0.1160942912227377,0.015970224698682933
sparse-neutral__sparse-b,408,0.11662484033673588,0.016068033238852832
sparse-neutral__sparse-b,409,0.11993312741615808,0.016777183379474883
sparse-neutral__sparse-b,410,0.13077409059318326,0.019227497236036565
sparse-neutral__sparse-b,411,0.14035902762325028,0.021889939005550176
sparse-neutral__sparse-b,412,0.15420454093560207,0.026700006792213436
sparse-neutral__sparse-b,413,0.1635124974100788,0.03152088607801379
sparse-neutral__sparse-b,414,0.16441652416972444,0.03430427121944088
sparse-neutral__sparse-b,415,0.16338591003880065,0.03599334423923771
sparse-neutral__sparse-b,416,0.15840187133544412,0.03378618271150323
sparse-neutral__sparse-b,417,0.1435876589553117,0.020564929549894535
sparse-neutral__sparse-b,418,0.11078581163084145,0.015253588414518182
sparse-neutral__sparse-b,419,0.06774907515732707,0.007510990900659438
sparse-neutral__sparse-b,420,0.0680980443660943,0.007835156194704781
sparse-neutral__sparse-b,421,0.06856528690763687,0.008361573998497221
sparse-neutral__sparse-b,422,0.06981127039106826,0.009449901268528918
sparse-neutral__sparse-b,423,0.07196283511568026,0.011728907675338057
sparse-neutral__sparse-b,424,0.0772246515378384,0.015851316239948232
sparse-neutral__sparse-b,425,0.07084659065199386,0.029419223272343798
sparse-neutral__sparse-b,426,0.06810198926161311,0.02110645082020879
sparse-neutral__sparse-b,427,0.06421941507513611,0.015636291897719652
sparse-neutral__sparse-b,428,0.0624506939821227,0.0118025699695062
sparse-neutral__sparse-b,429,0.0631726195779992,0.016134459003525337
sparse-neutral__sparse-b,430,0.06137888270121522,0.01096876653087137
sparse-neutral__sparse-b,431,0.06134173725668694,0.009924505900341244
sparse-neutral__sparse-b,432,0.06123797331237952,0.008743621603050004
sparse-neutral__sparse-b,433,0.061143202713094834,0.0087078255010282
sparse-neutral__sparse-b,434,0.06012538317902622,0.00763180634065402
sparse-neutral__sparse-b,435,0.05920683044169272,0.0065733989051777065
sparse-neutral__sparse-b,436,0.05864167577094039,0.005917546413047511
sparse-neutral__sparse-b,437,0.05918794062887884,0.006064194902113162
sparse-neutral__sparse-b,438,0.06031497608833665,0.006516396763155883
sparse-neutral__sparse-b,439,0.0612759763110628,0.006980591470452711
sparse-neutral__sparse-b,440,0.06172023176600974,0.007182767292975332
sparse-neutral__sparse-b,441,0.06159405386026578,0.007073771051315842
sparse-neutral__sparse-b,442,0.060857045315750806,0.0076022225287614535
sparse-neutral__sparse-b,443,0.060705653241375085,0.007920015646723488
sparse-neutral__sparse-b,444,0.06076328647799127,0.007958561960321377
sparse-neutral__sparse-b,445,0.06097797125404788,0.008348334910260375
sparse-neutral__sparse-b,446,0.06118332270248891,0.012817609918401609
sparse-neutral__sparse-b,447,0.060756838601938534,0.012066438248294672
sparse-neutral__sparse-b,448,0.0609839479927716,0.012209996372208959
sparse-neutral__sparse-b,449,0.061596033627959186,0.013078082485017295
sparse-neutral__sparse-b,450,0.06247979543191826,0.014323547451250964
sparse-neutral__sparse-b,451,0.06327803515609044,0.015402546883739413
sparse-neutral__sparse-b,452,0.06371783374801558,0.016086795041527605
sparse-neutral__sparse-b,453,0.06374874231638022,0.01633672736064327
sparse-neutral__sparse-b,454,0.06351689523216103,0.015936224328472977
sparse-neutral__sparse-b,455,0.06316709732355023,0.015277362805688838
sparse-neutral__sparse-b,456,0.06280071242955378,0.014546173033652118
sparse-neutral__sparse-b,457,0.062427433634189726,0.013681150230398358
sparse-neutral__sparse-b,458,0.06211194861873859,0.01256492427986233
sparse-neutral__sparse-b,459,0.06189584566187725,0.011474561646420132
sparse-neutral__sparse-b,460,0.0617850101898628,0.01078791380426484
sparse-neutral__sparse-b,461,0.06164049569582025,0.010331229080184032
sparse-neutral__sparse-b,462,0.06126414756135268,0.008478736220087628
sparse-neutral__sparse-b,463,0.06048810778299052,0.010966752942760064
sparse-neutral__sparse-b,464,0.06045645725940521,0.010693211244696387
sparse-neutral__sparse-b,465,0.060487488829000464,0.010579889542676132
sparse-neutral__sparse-b,466,0.0607308273340312,0.010814195356254042
sparse-neutral__sparse-b,467,0.06101422220369196,0.011080803618964703
sparse-neutral__sparse-b,468,0.06103723510448919,0.01154029360440024
sparse-neutral__sparse-b,469,0.060894979025623165,0.011777650611139596
sparse-neutral__sparse-b,470,0.06046678065936419,0.012064024564979993
sparse-neutral__sparse-b,471,0.05981428698276076,0.012139894498725318
sparse-neutral__sparse-b,472,0.059145327732625395,0.011974509881861807
sparse-neutral__sparse-b,473,0.05856936212895732,0.011707919563775059
sparse-neutral__sparse-b,474,0.05789948575129104,0.011307053947972136
sparse-neutral__sparse-b,475,0.05707589782903147,0.010774948565438255
sparse-neutral__sparse-b,476,0.0567163791476016,0.01046979559161657
sparse-neutral__sparse-b,477,0.05630803312494418,0.010112031721069127
sparse-neutral__sparse-b,478,0.055895825809335546,0.00973364009473638
sparse-neutral__sparse-b,479,0.05564469041241248,0.009475425064898254
sparse-neutral__sparse-b,480,0.05562682218339361,0.009376243959849328
sparse-neutral__sparse-b,481,0.05569695975569229,0.009263287620438007
sparse-neutral__sparse-b,482,0.055808178926092765,0.009128567604386026
sparse-neutral__sparse-b,483,0.05600497423751332,0.00899820034647027
sparse-neutral__sparse-b,484,0.05637325413869108,0.009019126522433982
sparse-neutral__sparse-b,485,0.056923377416436244,0.00916096245605816
sparse-neutral__sparse-b,486,0.057610828662382124,0.00939176212160487
sparse-neutral__sparse-b,487,0.05839857421844342,0.009791188860626895
sparse-neutral__sparse-b,488,0.059079981624064984,0.010229688298025282
sparse-neutral__sparse-b,489,0.059474645694476254,0.010506066820922384
sparse-neutral__sparse-b,490,0.059556407430544515,0.010599511093385765
sparse-neutral__sparse-b,491,0.05806061332752168,0.01157233471596808
sparse-neutral__sparse-b,492,0.057274665176449066,0.010174087021111005
sparse-neutral__sparse-b,493,0.05636720330103088,0.008172034678883413
sparse-neutral__sparse-b,494,0.055319889392315524,0.006845143519281672
sparse-neutral__sparse-b,495,0.05404112461435764,0.006083326152329244
sparse-neutral__sparse-b,496,0.05312202914053044,0.005678456048426227
sparse-neutral__sparse-b,497,0.05334887816965312,0.005712513922523297
sparse-neutral__sparse-b,498,0.053345519389213086,0.005478881074283703
sparse-neutral__sparse-b,499,0.05328457288330523,0.005426543321571719
sparse-neutral__sparse-b,500,0.05318737552027365,0.00540673650010843
sparse-neutral__sparse-b,501,0.05304097737545146,0.005411257969818465
sparse-neutral__sparse-b,502,0.05290030469177487,0.005436131198170676
sparse-neutral__sparse-b,503,0.05280154808355034,0.005479862911013673
sparse-neutral__sparse-b,504,0.05274149045501589,0.005532254282582704
sparse-neutral__sparse-b,505,0.05270843925075348,0.0055676731648198275
sparse-neutral__sparse-b,506,0.052682717922752254,0.005802859998255096
sparse-neutral__sparse-b,507,0.05269933998531434,0.005653989155668124
sparse-neutral__sparse-b,508,0.052711248984530376,0.005581389925787373
sparse-neutral__sparse-b,509,0.052718662396457915,0.005544899220970452
sparse-neutral__sparse-b,510,0.052751329125649386,0.00553225373523327
sparse-neutral__sparse-b,511,0.052867506012971514,0.005567723522118925
sparse-neutral__sparse-b,512,0.05314613141344357,0.005697214010653976
sparse-neutral__sparse-b,513,0.05361598367765384,0.005933769629880103
sparse-neutral__sparse-b,514,0.05431136652164212,0.006276529068308273
sparse-neutral__sparse-b,515,0.05520992023409432,0.0067095613238215505
sparse-neutral__sparse-b,516,0.05616984642125433,0.007176545273449804
sparse-neutral__sparse-b,517,0.05693729437255154,0.007571549440269451
sparse-neutral__sparse-b,518,0.05739960233620908,0.007830041955620037
sparse-neutral__sparse-b,519,0.05759104323136228,0.007957652804585144
sparse-neutral__sparse-b,520,0.05757435474043038,0.007981575953441214
sparse-neutral__sparse-b,521,0.05737967562226466,0.007843696016771972
sparse-neutral__sparse-b,522,0.05725042975544448,0.007797257642428177
sparse-neutral__sparse-b,523,0.05705954335969811,0.007758989329962446
sparse-neutral__sparse-b,524,0.05685662231984331,0.007648903303532683
sparse-neutral__sparse-b,525,0.056162368841755746,0.007292822970129143
sparse-neutral__sparse-b,526,0.05507030428352747,0.006699642537366275
sparse-neutral__sparse-b,527,0.05420363311247696,0.006193811781501485
sparse-neutral__sparse-b,528,0.05371434851282664,0.005827959283590062
sparse-neutral__sparse-b,529,0.05350511621292818,0.005533325565932737
sparse-neutral__sparse-b,530,0.05341579361141914,0.005437820416634862
sparse-neutral__sparse-b,531,0.05339551951904369,0.005351452644448934
sparse-neutral__sparse-b,532,0.05341311929559894,0.005339737027555107
sparse-neutral__sparse-b,533,0.05341841433142455,0.005326898419597106
sparse-neutral__sparse-b,534,0.053402878833557724,0.00531437032178936
sparse-neutral__sparse-b,535,0.05337318698308643,0.005305662025639192
sparse-neutral__sparse-b,536,0.053328880837710035,0.005301484184571852
sparse-neutral__sparse-b,537,0.05327639200368963,0.005300175704178587
sparse-neutral__sparse-b,538,0.05325233729732989,0.005306300841625788
sparse-neutral__sparse-b,539,0.05331529719184895,0.005341229199346685
sparse-neutral__sparse-b,540,0.05348818035458917,0.00542360342104968
sparse-neutral__sparse-b,541,0.05380350724566707,0.005583479648174203
sparse-neutral__sparse-b,542,0.05436421895818084,0.005895628973245168
sparse-neutral__sparse-b,543,0.05505424393393104,0.006352171704501803
sparse-neutral__sparse-b,544,0.05569989649305245,0.006802095743107614
sparse-neutral__sparse-b,545,0.056173786468958514,0.00712817571994587
sparse-neutral__sparse-b,546,0.055856204585001165,0.006862387662203825
sparse-neutral__sparse-b,547,0.05560893247670057,0.006454029786879368
sparse-neutral__sparse-b,548,0.05514320849039099,0.0058149750594255955
sparse-neutral__sparse-b,549,0.05445578279790109,0.004977044237039011
sparse-neutral__sparse-b,550,0.053577361820338586,0.00424486817970475
sparse-neutral__sparse-b,551,0.055065619323787056,0.006803180224989781
sparse-neutral__sparse-b,552,0.05463036499499723,0.00640643083380799
sparse-neutral__sparse-b,553,0.0550302589065465,0.006655128377460007
sparse-neutral__sparse-b,554,0.055482783326201074,0.006882287527050765
sparse-neutral__sparse-b,555,0.05570630438800532,0.006915723591121693
sparse-neutral__sparse-b,556,0.05576758681998496,0.006745758216976562
sparse-neutral__sparse-b,557,0.055635279414658914,0.005744639562252072
sparse-neutral__sparse-b,558,0.05550735540809854,0.005278016023880004
sparse-neutral__sparse-b,559,0.05535897113247341,0.00502011587903473
sparse-neutral__sparse-b,560,0.055185088321664945,0.004808834006714454
sparse-neutral__sparse-b,561,0.054981774391083205,0.0046190126251199224
sparse-neutral__sparse-b,562,0.05475917551312523,0.004440723658856436
sparse-neutral__sparse-b,563,0.05454901832388241,0.0043010180309113934
sparse-neutral__sparse-b,564,0.054370642629555065,0.004201550363525624
sparse-neutral__sparse-b,565,0.05422726875572818,0.004126414485037835
sparse-neutral__sparse-b,566,0.054269330896795885,0.004113552877143786
sparse-neutral__sparse-b,567,0.05442413413707323,0.0041318383588589466
sparse-neutral__sparse-b,568,0.05477395734747543,0.0072140454180620265
sparse-neutral__sparse-b,569,0.054551335691961134,0.004296401062856373
sparse-neutral__sparse-b,570,0.05453355246378238,0.003945987975997517
sparse-neutral__sparse-b,571,0.05440058020759569,0.0038004023201104486
sparse-neutral__sparse-b,572,0.054273418472257876,0.003730811753213429
sparse-neutral__sparse-b,573,0.05457394571215433,0.0042159551827937415
sparse-neutral__sparse-b,574,0.05458598003095251,0.004048909471597496
sparse-neutral__sparse-b,575,0.05467439401795253,0.0041849395410893655
sparse-neutral__sparse-b,576,0.05473984528955393,0.0043627865616911055
sparse-neutral__sparse-b,577,0.05477127507859267,0.004505626594847354
sparse-neutral__sparse-b,578,0.054761303850582484,0.004577344310831736
sparse-neutral__sparse-b,579,0.05472641319021735,0.004561363344270634
sparse-neutral__sparse-b,580,0.054635189200685344,0.004433118614544464
sparse-neutral__sparse-b,581,0.0543206660962663,0.004162521777774428
sparse-neutral__sparse-b,582,0.05400024224751583,0.004049001279990364
sparse-neutral__sparse-b,583,0.05386854083487686,0.004125359299086852
sparse-neutral__sparse-b,584,0.05401140737609662,0.004366654385666595
sparse-neutral__sparse-b,585,0.054426675850747924,0.004729425109553762
sparse-neutral__sparse-b,586,0.055001263950724834,0.005136253558084051
sparse-neutral__sparse-b,587,0.05543763353952865,0.005452895458524573
sparse-neutral__sparse-b,588,0.055649080417079215,0.00564396708819008
sparse-neutral__sparse-b,589,0.05563832254449461,0.005723409712963019
sparse-neutral__sparse-b,590,0.0555017121655645,0.005754115492463686
sparse-neutral__sparse-b,591,0.05538552806630002,0.00579703893042409
sparse-neutral__sparse-b,592,0.055272219082740943,0.006063710920437682
sparse-neutral__sparse-b,593,0.055280768037926795,0.006048294740353556
sparse-neutral__sparse-b,594,0.055332918583645516,0.006037443559204754
sparse-neutral__sparse-b,595,0.05539693989719349,0.006052660857645397
sparse-neutral__sparse-b,596,0.05544925777250676,0.006069203612726224
sparse-neutral__sparse-b,597,0.05546813766526956,0.0060735907061561616
sparse-neutral__sparse-b,598,0.0554673551802336,0.006054198497292328
sparse-neutral__sparse-b,599,0.05547114502537081,0.006033076384697566
sparse-a__sparse-b,0,0.16851677304468346,0.057115278714337595
sparse-a__sparse-b,1,0.1582137173791081,0.044794964598161464
sparse-a__sparse-b,2,0.15120356719391218,0.03622673518959286
sparse-a__sparse-b,3,0.14667919163499193,0.03075365754299917
sparse-a__sparse-b,4,0.14293594391772033,0.024429542091645978
sparse-a__sparse-b,5,0.140581561160322,0.01964276174966498
sparse-a__sparse-b,6,0.14026353724096682,0.017777354641031893
sparse-a__sparse-b,7,0.1433806902005821,0.018015837868569626
sparse-a__sparse-b,8,0.1488984315363314,0.01959298282272154
sparse-a__sparse-b,9,0.1518053026409307,0.0206160055309654
sparse-a__sparse-b,10,0.15128659212430948,0.020969584671704747
sparse-a__sparse-b,11,0.14941177447010795,0.021063948480757017
sparse-a__sparse-b,12,0.14742807707568292,0.02108050705788433
sparse-a__sparse-b,13,0.1456818219615464,0.021079886708098114
sparse-a__sparse-b,14,0.14422852525727228,0.02108065690621999
sparse-a__sparse-b,15,0.14303247602053715,0.021085006104507392
sparse-a__sparse-b,16,0.1420310457120897,0.021089347323146233
sparse-a__sparse-b,17,0.1411810999561472,0.021092830030853077
sparse-a__sparse-b,18,0.14048124521376076,0.021102545566965742
sparse-a__sparse-b,19,0.13989682772963968,0.021116498556748534
sparse-a__sparse-b,20,0.13940169431250782,0.02113384310533942
sparse-a__sparse-b,21,0.1389601106787977,0.021149018424846493
sparse-a__sparse-b,22,0.13610885782604537,0.021369011012673016
sparse-a__sparse-b,23,0.13488037247614743,0.021692550876324698
sparse-a__sparse-b,24,0.13438425710766855,0.022057161176919086
sparse-a__sparse-b,25,0.1364545633702617,0.022304950904959917
sparse-a__sparse-b,26,0.1361180718464155,0.022297772153542127
sparse-a__sparse-b,27,0.13577993764834415,0.022287008989603344
sparse-a__sparse-b,28,0.1354399404845422,0.022272750469714928
sparse-a__sparse-b,29,0.13509751702562753,0.022254714117971797
sparse-a__sparse-b,30,0.1347467640595103,0.022231582822650506
sparse-a__sparse-b,31,0.13439753422257,0.022206328621668218
sparse-a__sparse-b,32,0.13450703144697124,0.022208532308302775
sparse-a__sparse-b,33,0.13433940363953845,0.02219694956288237
sparse-a__sparse-b,34,0.13418517459940837,0.0221886453596176
sparse-a__sparse-b,35,0.13404024518675853,0.022181987638606838
sparse-a__sparse-b,36,0.13390548745308073,0.022177057049623798
sparse-a__sparse-b,37,0.13377533660676413,0.022172147894379435
sparse-a__sparse-b,38,0.13364752614991238,0.022166837925220322
sparse-a__sparse-b,39,0.133529270113998,0.022162955302624365
sparse-a__sparse-b,40,0.1334158884272085,0.022159226793205613
sparse-a__sparse-b,41,0.13329755386953512,0.02215357892418266
sparse-a__sparse-b,42,0.13316903224494303,0.022145027373846632
sparse-a__sparse-b,43,0.1330397290894606,0.022135757869032616
sparse-a__sparse-b,44,0.13292550386330693,0.022129435519164506
sparse-a__sparse-b,45,0.132836375268787,0.022128419088319275
sparse-a__sparse-b,46,0.13277336136997236,0.022133018629679216
sparse-a__sparse-b,47,0.1327386798930569,0.022143872823298646
sparse-a__sparse-b,48,0.13273054021606775,0.022160524738137708
sparse-a__sparse-b,49,0.13273501737012627,0.022179692967175178
sparse-a__sparse-b,50,0.1327437783578813,0.02219932870587187
sparse-a__sparse-b,51,0.13274906096244665,0.022217912688713495
sparse-a__sparse-b,52,0.13273600317143294,0.022231903567731953
sparse-a__sparse-b,53,0.1327002576151597,0.02224010303792897
sparse-a__sparse-b,54,0.13265139691276212,0.022244580728064112
sparse-a__sparse-b,55,0.13259980287820997,0.02224782851688554
sparse-a__sparse-b,56,0.1325537225126227,0.02225187396851998
sparse-a__sparse-b,57,0.13252547059172934,0.02225953472466235
sparse-a__sparse-b,58,0.13251141119832466,0.022269796745628283
sparse-a__sparse-b,59,0.13251001967999979,0.02228256202096414
sparse-a__sparse-b,60,0.13252386059885998,0.022298596758665162
sparse-a__sparse-b,61,0.1324969530049815,0.022316314571775683
sparse-a__sparse-b,62,0.13248340289233407,0.022336399940138363
sparse-a__sparse-b,63,0.13249125235456674,0.02235744437588699
sparse-a__sparse-b,64,0.13250279022959394,0.02237524749160392
sparse-a__sparse-b,65,0.13252258433236136,0.022391178701081805
sparse-a__sparse-b,66,0.1325381195866118,0.022404850458377618
sparse-a__sparse-b,67,0.13254340908137188,0.02241565143040106
sparse-a__sparse-b,68,0.13254723547200575,0.022425740335620073
sparse-a__sparse-b,69,0.1325564907673035,0.022436698432225892
sparse-a__sparse-b,70,0.1325759175839407,0.02244958029053444
sparse-a__sparse-b,71,0.13260071632494838,0.022463333691643134
sparse-a__sparse-b,72,0.13261115936362863,0.022473326263839122
sparse-a__sparse-b,73,0.13260349121153844,0.022478704685052493
sparse-a__sparse-b,74,0.13256553019158532,0.022476478821572186
sparse-a__sparse-b,75,0.13250101782518303,0.022467626545188274
sparse-a__sparse-b,76,0.13242142832401707,0.022454829747162855
sparse-a__sparse-b,77,0.13235996435396008,0.022446244759616967
sparse-a__sparse-b,78,0.13232441258108324,0.022443557995757698
sparse-a__sparse-b,79,0.13230363541887008,0.022444035728176787
sparse-a__sparse-b,80,0.13228465868823344,0.022444336893938984
sparse-a__sparse-b,81,0.13226277777392773,0.022443392961963737
sparse-a__sparse-b,82,0.13223777365985576,0.022441392490557117
sparse-a__sparse-b,83,0.13222183845263466,0.022441423946820013
sparse-a__sparse-b,84,0.1322255594440189,0.022446179694223384
sparse-a__sparse-b,85,0.13223669005281982,0.022452459414421047
sparse-a__sparse-b,86,0.13223614781797532,0.022455896118164526
sparse-a__sparse-b,87,0.13222805948223043,0.022457497026771318
sparse-a__sparse-b,88,0.13223615079790169,0.02246261328866928
sparse-a__sparse-b,89,0.13225051068240506,0.0224688953908821
sparse-a__sparse-b,90,0.1322702015668112,0.02247620114004095
sparse-a__sparse-b,91,0.1322946174945318,0.0224844335057858
sparse-a__sparse-b,92,0.13232693123230138,0.022494168875171385
sparse-a__sparse-b,93,0.1323738510969213,0.02250693019904934
sparse-a__sparse-b,94,0.13242311650976582,0.022519929046295534
sparse-a__sparse-b,95,0.13245917500541113,0.022529723061293343
sparse-a__sparse-b,96,0.1324720595799849,0.022534190411927436
sparse-a__sparse-b,97,0.13246533371541377,0.022534271684671047
sparse-a__sparse-b,98,0.13243471162789303,0.022528944904450975
sparse-a__sparse-b,99,0.13240678462889685,0.022524397029772453
sparse-a__sparse-b,100,0.13240492239833815,0.022525820224529976
sparse-a__sparse-b,101,0.13242347811398444,0.022531825896424055
sparse-a__sparse-b,102,0.13247645188718166,0.022545388329363793
sparse-a__sparse-b,103,0.1325712818012362,0.022567476985057542
sparse-a__sparse-b,104,0.13267565917824617,0.022590996762135482
sparse-a__sparse-b,105,0.13278488648293424,0.022614241609896876
sparse-a__sparse-b,106,0.13292075079208662,0.022643133739538954
sparse-a__sparse-b,107,0.13309090572562113,0.022675079089585288
sparse-a__sparse-b,108,0.13312400916275433,0.022674456741109746
sparse-a__sparse-b,109,0.13306908189159197,0.02264455910037829
sparse-a__sparse-b,110,0.13305662237222815,0.02262177051318897
sparse-a__sparse-b,111,0.13315665939913188,0.02262560725606334
sparse-a__sparse-b,112,0.13354004072161346,0.022712286171277546
sparse-a__sparse-b,113,0.134503179951088,0.023012698015203087
sparse-a__sparse-b,114,0.13634451968381472,0.023788301195952273
sparse-a__sparse-b,115,0.1377730528978868,0.024619897448355313
sparse-a__sparse-b,116,0.13806793995050037,0.024347208588105115
sparse-a__sparse-b,117,0.138077090414249,0.023949039347238136
sparse-a__sparse-b,118,0.13899112010935852,0.024063693470419673
sparse-a__sparse-b,119,0.14061312209977678,0.024499539354864264
sparse-a__sparse-b,120,0.14216814934521557,0.025029116317357287
sparse-a__sparse-b,121,0.14282416749899943,0.025354003967775082
sparse-a__sparse-b,122,0.14268677586841724,0.02536207759445667
sparse-a__sparse-b,123,0.1451393827905691,0.02618052550055989
sparse-a__sparse-b,124,0.15099870036321822,0.02776078102454102
sparse-a__sparse-b,125,0.16012023153646848,0.02996958855464659
sparse-a__sparse-b,126,0.17169677152339388,0.032523715481095845
sparse-a__sparse-b,127,0.18425484277308973,0.03513610185324977
sparse-a__sparse-b,128,0.1950841323079436,0.03721619754144072
sparse-a__sparse-b,129,0.20304378307359727,0.038631971606512515
sparse-a__sparse-b,130,0.20785232188406821,0.03939678709893941
sparse-a__sparse-b,131,0.2094100974972009,0.03949462654037412
sparse-a__sparse-b,132,0.20886361482250415,0.03901914432609547
sparse-a__sparse-b,133,0.20691348833297762,0.03855854084966919
sparse-a__sparse-b,134,0.20432134517474818,0.038019967369568294
sparse-a__sparse-b,135,0.2024454026584011,0.03776971775859412
sparse-a__sparse-b,136,0.20198383970113895,0.03781791458982759
sparse-a__sparse-b,137,0.1996735612453954,0.03783959725301295
sparse-a__sparse-b,138,0.19810858127277395,0.037915588621995046
sparse-a__sparse-b,139,0.195382994082264,0.03765030075549892
sparse-a__sparse-b,140,0.19149920037387486,0.03701293464287974
sparse-a__sparse-b,141,0.18619169164364865,0.035959307742195266
sparse-a__sparse-b,142,0.18016137864990878,0.03459890879701507
sparse-a__sparse-b,143,0.17446488005079458,0.033289196437607076
sparse-a__sparse-b,144,0.1680999767500861,0.03172898196635773
sparse-a__sparse-b,145,0.16069775064039504,0.02986925694565537
sparse-a__sparse-b,146,0.14992628702472519,0.02728002513437239
sparse-a__sparse-b,147,0.1389606711359869,0.024591630254394085
sparse-a__sparse-b,148,0.1300338507686206,0.02224169590853764
sparse-a__sparse-b,149,0.12517453959753888,0.020775726245701315
sparse-a__sparse-b,150,0.12388752773324807,0.02114723585051259
sparse-a__sparse-b,151,0.12419475106310782,0.020128072781168092
sparse-a__sparse-b,152,0.12956684859318396,0.021464299318025647
sparse-a__sparse-b,153,0.146209610841415,0.025497779504190715
sparse-a__sparse-b,154,0.17023677028282685,0.028525103644677346
sparse-a__sparse-b,155,0.20003771164125997,0.03556597750024946
sparse-a__sparse-b,156,0.22714997495126305,0.043802579770217606
sparse-a__sparse-b,157,0.23479490055430588,0.04483384543063324
sparse-a__sparse-b,158,0.24123483413493527,0.04747810180278958
sparse-a__sparse-b,159,0.24390903997972396,0.04996544070759918
sparse-a__sparse-b,160,0.24280783293808417,0.05124013326991565
sparse-a__sparse-b,161,0.23867623728428436,0.05072562599245956
sparse-a__sparse-b,162,0.23099546885714678,0.047796566217275925
sparse-a__sparse-b,163,0.21829732895139953,0.0429956742851974
sparse-a__sparse-b,164,0.20341422510886562,0.038021172099555335
sparse-a__sparse-b,165,0.1949846947803702,0.03558934156872256
sparse-a__sparse-b,166,0.18925980344824106,0.03412059219687443
sparse-a__sparse-b,167,0.1856121092829744,0.033225183787115344
sparse-a__sparse-b,168,0.18511587774017535,0.032933623372936136
sparse-a__sparse-b,169,0.19053916078333163,0.03476068282104978
sparse-a__sparse-b,170,0.19443681513770708,0.035155577842450055
sparse-a__sparse-b,171,0.2000114775140806,0.03624297098895659
sparse-a__sparse-b,172,0.20575836729641395,0.03770390648717452
sparse-a__sparse-b,173,0.2108594428046548,0.03924976771581044
sparse-a__sparse-b,174,0.21509249259274418,0.04062073070911597
sparse-a__sparse-b,175,0.21876257005142086,0.041672472510739314
sparse-a__sparse-b,176,0.2214722391560571,0.0422050755820551
sparse-a__sparse-b,177,0.22379340104718984,0.04243360261932146
sparse-a__sparse-b,178,0.21932947356507254,0.04132919034410535
sparse-a__sparse-b,179,0.2117885438613474,0.039411115556153724
sparse-a__sparse-b,180,0.19829790762365299,0.03625614068112288
sparse-a__sparse-b,181,0.17774209428961674,0.03139564028069957
sparse-a__sparse-b,182,0.15488824873183232,0.026039521503257054
sparse-a__sparse-b,183,0.14826773523646936,0.02567225131643722
sparse-a__sparse-b,184,0.14272361570094774,0.0268908048660306
sparse-a__sparse-b,185,0.11852699094831967,0.015915722338041446
sparse-a__sparse-b,186,0.12135583605270552,0.016108823726776567
sparse-a__sparse-b,187,0.1371087523258074,0.020217607129495167
sparse-a__sparse-b,188,0.1626206473782739,0.02595765455173627
sparse-a__sparse-b,189,0.18145465384458143,0.02966973361483289
sparse-a__sparse-b,190,0.18457899752761542,0.029819729338134367
sparse-a__sparse-b,191,0.18767100808719275,0.030694576251026597
sparse-a__sparse-b,192,0.18947133185176399,0.03149079248706378
sparse-a__sparse-b,193,0.1897880243765901,0.03180139884725926
sparse-a__sparse-b,194,0.18888970323604962,0.031565430060906785
sparse-a__sparse-b,195,0.18701991342063487,0.030833842169036004
sparse-a__sparse-b,196,0.18438058172333804,0.02975877782452119
sparse-a__sparse-b,197,0.18080983739276735,0.02832963831076237
sparse-a__sparse-b,198,0.169927353417525,0.025076094134933197
sparse-a__sparse-b,199,0.1626740811770724,0.02317967521464112
sparse-a__sparse-b,200,0.15595358273809362,0.021284878988668963
sparse-a__sparse-b,201,0.15009576498679272,0.019947428303285858
sparse-a__sparse-b,202,0.1462569089828873,0.01883954360466063
sparse-a__sparse-b,203,0.1452519626193595,0.018426561738246583
sparse-a__sparse-b,204,0.14804470256255695,0.019235056263467363
sparse-a__sparse-b,205,0.1597789462598319,0.022686104416818797
sparse-a__sparse-b,206,0.163645268654682,0.02397486813206936
sparse-a__sparse-b,207,0.17020996169792918,0.026346001521322694
sparse-a__sparse-b,208,0.1780715563046659,0.029507949698790028
sparse-a__sparse-b,209,0.18506646910836722,0.03280777274082685
sparse-a__sparse-b,210,0.1911672075875166,0.03577326774793255
sparse-a__sparse-b,211,0.19661536376366073,0.03777598814574921
sparse-a__sparse-b,212,0.20141424334558194,0.03888604572475006
sparse-a__sparse-b,213,0.20496515095482276,0.039193953269599416
sparse-a__sparse-b,214,0.20697681682034327,0.03884957650084213
sparse-a__sparse-b,215,0.20600230033375508,0.03748054773683755
sparse-a__sparse-b,216,0.20040120939502828,0.03573507580705854
sparse-a__sparse-b,217,0.18936929273713168,0.03255864230439111
sparse-a__sparse-b,218,0.17319937502746663,0.028266266662284583
sparse-a__sparse-b,219,0.15410677266753608,0.023136293369314706
sparse-a__sparse-b,220,0.14013816376873295,0.018957651400316754
sparse-a__sparse-b,221,0.13482453733978958,0.017186783201002667
sparse-a__sparse-b,222,0.13388648043146228,0.01693044119651542
sparse-a__sparse-b,223,0.13513336968665182,0.016867862943733464
sparse-a__sparse-b,224,0.13818438920666076,0.017115407292013708
sparse-a__sparse-b,225,0.1482933924968592,0.01979983639904619
sparse-a__sparse-b,226,0.16614022734248743,0.0240164689200517
sparse-a__sparse-b,227,0.18327870334002794,0.026952438123918634
sparse-a__sparse-b,228,0.19272824101400635,0.027861627343500877
sparse-a__sparse-b,229,0.19330407494453072,0.027794202009892414
sparse-a__sparse-b,230,0.1938435671236165,0.02776064121754697
sparse-a__sparse-b,231,0.1936582378387214,0.028619593542426887
sparse-a__sparse-b,232,0.19064964177817234,0.026027589410432997
sparse-a__sparse-b,233,0.18529672623742113,0.02491931451511656
sparse-a__sparse-b,234,0.17535886072017684,0.02239637984121944
sparse-a__sparse-b,235,0.16795098676217213,0.0203733492802664
sparse-a__sparse-b,236,0.16573226560771342,0.019933734933153403
sparse-a__sparse-b,237,0.16524479825407534,0.019440126089962977
sparse-a__sparse-b,238,0.16546290582239326,0.019231408867780124
sparse-a__sparse-b,239,0.16695998545125354,0.019582010415239964
sparse-a__sparse-b,240,0.17018986596431374,0.020640553394599047
sparse-a__sparse-b,241,0.1750800597479481,0.022377832373143794
sparse-a__sparse-b,242,0.18045223658107495,0.024641770649593678
sparse-a__sparse-b,243,0.18535530456976676,0.026867587757023005
sparse-a__sparse-b,244,0.18881515224832024,0.02838073848742955
sparse-a__sparse-b,245,0.1900586531226074,0.028769721605596762
sparse-a__sparse-b,246,0.18804923334109616,0.02791352111550492
sparse-a__sparse-b,247,0.17938593976213538,0.02527395967434232
sparse-a__sparse-b,248,0.1688237516229232,0.022462489422009957
sparse-a__sparse-b,249,0.16305692258508309,0.020875075264728565
sparse-a__sparse-b,250,0.15903857288500767,0.019766298330499855
sparse-a__sparse-b,251,0.15772477661490142,0.019414745071068867
sparse-a__sparse-b,252,0.15827073580232992,0.01959507426268097
sparse-a__sparse-b,253,0.159372461074453,0.019908255653044108
sparse-a__sparse-b,254,0.15991903892917028,0.02003965891813675
sparse-a__sparse-b,255,0.15981617098473092,0.01997170927082521
sparse-a__sparse-b,256,0.15974449122312445,0.019901409936442106
sparse-a__sparse-b,257,0.15992694312297914,0.019914634358759575
sparse-a__sparse-b,258,0.1603794669575453,0.020035921222423828
sparse-a__sparse-b,259,0.16111731931081835,0.0202538207165905
sparse-a__sparse-b,260,0.16203317173798568,0.02052183141574868
sparse-a__sparse-b,261,0.1629228403063085,0.020791804547837574
sparse-a__sparse-b,262,0.16373094568543597,0.02100486308964527
sparse-a__sparse-b,263,0.1640916730186311,0.021126281461229135
sparse-a__sparse-b,264,0.16400702437222406,0.02113899501515279
sparse-a__sparse-b,265,0.16334644175729782,0.021022004885579558
sparse-a__sparse-b,266,0.16250700908235294,0.020811565570315355
sparse-a__sparse-b,267,0.16165869486764403,0.020614528127683843
sparse-a__sparse-b,268,0.16100387093448598,0.020451544223002882
sparse-a__sparse-b,269,0.1604208710340983,0.020324364717638328
sparse-a__sparse-b,270,0.1598322600213724,0.020178981743573868
sparse-a__sparse-b,271,0.15926806643775984,0.020029800400998055
sparse-a__sparse-b,272,0.15873382360631352,0.019879792856011238
sparse-a__sparse-b,273,0.15826048409679372,0.019739265590030662
sparse-a__sparse-b,274,0.15775711517516494,0.019583769922320738
sparse-a__sparse-b,275,0.15710616220874762,0.019409862990153393
sparse-a__sparse-b,276,0.15645498342144254,0.019238261449939238
sparse-a__sparse-b,277,0.155836028008304,0.019075449560044574
sparse-a__sparse-b,278,0.1553680580968591,0.018949380504219744
sparse-a__sparse-b,279,0.15504173688453846,0.018859781819234797
sparse-a__sparse-b,280,0.15486522757887355,0.018804663498418816
sparse-a__sparse-b,281,0.1548678813167173,0.01879472174061921
sparse-a__sparse-b,282,0.155042349999607,0.018829756273746515
sparse-a__sparse-b,283,0.1552524191634357,0.018874373995262844
sparse-a__sparse-b,284,0.15539400216136273,0.018906957225172688
sparse-a__sparse-b,285,0.15550015986696464,0.018932067900934893
sparse-a__sparse-b,286,0.1555816998280748,0.018951395665000842
sparse-a__sparse-b,287,0.1556675893236609,0.018968908726743318
sparse-a__sparse-b,288,0.15575636966054318,0.018985632174346113
sparse-a__sparse-b,289,0.15579530434030944,0.01898731450430374
sparse-a__sparse-b,290,0.15578155534620908,0.018970153595119867
sparse-a__sparse-b,291,0.15575201950592896,0.01894565444692354
sparse-a__sparse-b,292,0.15572033123469592,0.018918138002131157
sparse-a__sparse-b,293,0.15569270253323847,0.01888847611248514
sparse-a__sparse-b,294,0.1560311794337138,0.018958436006131552
sparse-a__sparse-b,295,0.1572799905467754,0.01929353754549954
sparse-a__sparse-b,296,0.16056516218858893,0.020234398791726508
sparse-a__sparse-b,297,0.16540132712996497,0.021714762049396413
sparse-a__sparse-b,298,0.17463707942282386,0.02466719785350194
sparse-a__sparse-b,299,0.18777114921214683,0.02911679912894157
sparse-a__sparse-b,300,0.1828198071217819,0.030667366077020794
sparse-a__sparse-b,301,0.18260965830645023,0.03256620652222242
sparse-a__sparse-b,302,0.18977813287978978,0.039024296928878884
sparse-a__sparse-b,303,0.18847356569733387,0.039926367692979
sparse-a__sparse-b,304,0.18441019237555234,0.03919268002899385
sparse-a__sparse-b,305,0.17883053500587365,0.038500633640673305
sparse-a__sparse-b,306,0.16761295281390842,0.027329419415283183
sparse-a__sparse-b,307,0.16247375507849277,0.027920048546938494
sparse-a__sparse-b,308,0.16601130901711567,0.025709744187188
sparse-a__sparse-b,309,0.1856128543636839,0.029401436354443033
sparse-a__sparse-b,310,0.19750259365837733,0.033898655013577486
sparse-a__sparse-b,311,0.20340231757911031,0.03494077231998602
sparse-a__sparse-b,312,0.20787510193772735,0.036528672979798435
sparse-a__sparse-b,313,0.19810959867204306,0.049083808331509285
sparse-a__sparse-b,314,0.18522208812460061,0.026889251134059555
sparse-a__sparse-b,315,0.18127333522666314,0.026020051478221798
sparse-a__sparse-b,316,0.17785516327221926,0.02557920731665946
sparse-a__sparse-b,317,0.17344640180989823,0.025458803688096658
sparse-a__sparse-b,318,0.1735912041843446,0.026484171883596287
sparse-a__sparse-b,319,0.17767303228135498,0.028430418926132857
sparse-a__sparse-b,320,0.18072887098461846,0.03004179031380208
sparse-a__sparse-b,321,0.18150700926061003,0.030488282962365398
sparse-a__sparse-b,322,0.18033063785479103,0.02982515600719194
sparse-a__sparse-b,323,0.1766772230521191,0.02772251115028443
sparse-a__sparse-b,324,0.17108799915250522,0.025534498556822435
sparse-a__sparse-b,325,0.16405170840378508,0.02344197950170804
sparse-a__sparse-b,326,0.15549692896618114,0.021335558898155096
sparse-a__sparse-b,327,0.1519841958500526,0.020334575434592883
sparse-a__sparse-b,328,0.1494815764045331,0.01973511617314779
sparse-a__sparse-b,329,0.14823443631215164,0.01944193236658261
sparse-a__sparse-b,330,0.14783157088883397,0.019292514780673824
sparse-a__sparse-b,331,0.1476657525488576,0.019206904528714448
sparse-a__sparse-b,332,0.1480759714652671,0.019195902355143662
sparse-a__sparse-b,333,0.14943379051673292,0.019444877493067732
sparse-a__sparse-b,334,0.1520671648108712,0.020222505850502875
sparse-a__sparse-b,335,0.15408922971960115,0.020857776676807823
sparse-a__sparse-b,336,0.1570102627778183,0.02179325153521786
sparse-a__sparse-b,337,0.16034342622625136,0.022898507264858706
sparse-a__sparse-b,338,0.16317926377127526,0.02384450740089399
sparse-a__sparse-b,339,0.16533465215857,0.023881507809764186
sparse-a__sparse-b,340,0.16519895886758765,0.023282950487381233
sparse-a__sparse-b,341,0.16278092847575834,0.022336624975751524
sparse-a__sparse-b,342,0.15903581385664242,0.021286050990233733
sparse-a__sparse-b,343,0.15445807131545006,0.020096583785931977
sparse-a__sparse-b,344,0.15195765008064505,0.019386549303061783
sparse-a__sparse-b,345,0.15004756629937688,0.018864197031654366
sparse-a__sparse-b,346,0.14835768050432543,0.018428374680219406
sparse-a__sparse-b,347,0.14779701944488932,0.018263069120226325
sparse-a__sparse-b,348,0.14931243085656254,0.01858774901295554
sparse-a__sparse-b,349,0.15365118032315067,0.01957661816363464
sparse-a__sparse-b,350,0.1602880492324324,0.02109038013439931
sparse-a__sparse-b,351,0.16688382364697046,0.02259224992483417
sparse-a__sparse-b,352,0.1716449997795013,0.02372204736873891
sparse-a__sparse-b,353,0.1736080665120521,0.024224674160811963
sparse-a__sparse-b,354,0.1731211683580228,0.024130249071432023
sparse-a__sparse-b,355,0.16995951040509483,0.023349757929765264
sparse-a__sparse-b,356,0.1631702723980276,0.0217058012777643
sparse-a__sparse-b,357,0.1529935939078386,0.0195670994213639
sparse-a__sparse-b,358,0.14521366120300383,0.01789793414565881
sparse-a__sparse-b,359,0.1414591350318523,0.017033075394199286
sparse-a__sparse-b,360,0.13961122450156885,0.016615238729706865
sparse-a__sparse-b,361,0.13763835104801367,0.01614891737230132
sparse-a__sparse-b,362,0.13587570883389402,0.015721951118165246
sparse-a__sparse-b,363,0.13445784652682508,0.015371785107459717
sparse-a__sparse-b,364,0.1335418957542686,0.015156458664675207
sparse-a__sparse-b,365,0.1333289502936435,0.015147744557699825
sparse-a__sparse-b,366,0.13348262965144123,0.015229563707879663
sparse-a__sparse-b,367,0.13367149452957738,0.01524009991749014
sparse-a__sparse-b,368,0.1336812101720292,0.015195408425673603
sparse-a__sparse-b,369,0.1336240690248478,0.015076414903535946
sparse-a__sparse-b,370,0.1337094166311989,0.014968976317820475
sparse-a__sparse-b,371,0.13419441966444737,0.014973943706947705
sparse-a__sparse-b,372,0.13505604821029688,0.015093179846412213
sparse-a__sparse-b,373,0.13582035982731747,0.015181663109127401
sparse-a__sparse-b,374,0.13637049409845134,0.015262113973008485
sparse-a__sparse-b,375,0.13675916682646416,0.01530462959223727
sparse-a__sparse-b,376,0.13699534863443236,0.015330499039866127
sparse-a__sparse-b,377,0.13713151433019163,0.015355272885475084
sparse-a__sparse-b,378,0.13721130810386614,0.01537235786812461
sparse-a__sparse-b,379,0.13722855886881397,0.015380733257374803
sparse-a__sparse-b,380,0.13722582626362972,0.01538948765439276
sparse-a__sparse-b,381,0.13722315364135873,0.015402013280457769
sparse-a__sparse-b,382,0.13721730031403634,0.01541479901204822
sparse-a__sparse-b,383,0.13724602537951647,0.01543624656804369
sparse-a__sparse-b,384,0.13731026598273444,0.015465668752016277
sparse-a__sparse-b,385,0.13742520792941534,0.015508315061709948
sparse-a__sparse-b,386,0.13753848038264363,0.015552351733244355
sparse-a__sparse-b,387,0.1376175423788137,0.015589867483954039
sparse-a__sparse-b,388,0.13763163358843264,0.015616160244327196
sparse-a__sparse-b,389,0.13758240760132429,0.01563395025196257
sparse-a__sparse-b,390,0.1374913715892601,0.01564469486707411
sparse-a__sparse-b,391,0.13737227272439326,0.01564912821257055
sparse-a__sparse-b,392,0.13726637615897583,0.01565465680209822
sparse-a__sparse-b,393,0.13718289282973245,0.015662520239390246
sparse-a__sparse-b,394,0.13710437132530315,0.01566530237085895
sparse-a__sparse-b,395,0.13700809989403293,0.015656611636605013
sparse-a__sparse-b,396,0.13686538798399586,0.015608953792959785
sparse-a__sparse-b,397,0.13676186341443275,0.015599198677001557
sparse-a__sparse-b,398,0.13670278163707644,0.015555853797957913
sparse-a__sparse-b,399,0.13671626347971186,0.015634785140889562
sparse-a__sparse-b,400,0.13670463806065314,0.01563876214605066
sparse-a__sparse-b,401,0.13672194982877353,0.015655552049863113
sparse-a__sparse-b,402,0.13676409238853363,0.015685789704287325
sparse-a__sparse-b,403,0.13683790951347458,0.015729420601560032
sparse-a__sparse-b,404,0.1368799991531192,0.015768854644005553
sparse-a__sparse-b,405,0.13702192646707242,0.015802008540652474
sparse-a__sparse-b,406,0.13703320712352923,0.01582866294196429
sparse-a__sparse-b,407,0.13716409368027266,0.015888027609933814
sparse-a__sparse-b,408,0.13770708331134962,0.016049092812994735
sparse-a__sparse-b,409,0.14080104047773426,0.01685961274142882
sparse-a__sparse-b,410,0.150883800687384,0.019380989990861085
sparse-a__sparse-b,411,0.15972633455966767,0.022091683911152533
sparse-a__sparse-b,412,0.1723417061269043,0.026860287270966787
sparse-a__sparse-b,413,0.18056270482204279,0.03155135957737973
sparse-a__sparse-b,414,0.18086494411656018,0.03412548493276153
sparse-a__sparse-b,415,0.17992138372738956,0.03573365960696337
sparse-a__sparse-b,416,0.17494997865119535,0.03362768014415161
sparse-a__sparse-b,417,0.15908284757314237,0.023291561252812676
sparse-a__sparse-b,418,0.13001242644330613,0.018134250147931193
sparse-a__sparse-b,419,0.0926381600708063,0.012821879294198028
sparse-a__sparse-b,420,0.09299578487015668,0.014000990514084266
sparse-a__sparse-b,421,0.09336045430688457,0.01527277284118388
sparse-a__sparse-b,422,0.09419081819749152,0.016783679693552555
sparse-a__sparse-b,423,0.09608790219989655,0.018976961362288058
sparse-a__sparse-b,424,0.0997422626227086,0.021916803544854913
sparse-a__sparse-b,425,0.09610591757011215,0.0352499041997345
sparse-a__sparse-b,426,0.12844956040853311,0.059251815694924305
sparse-a__sparse-b,427,0.14827414508494066,0.07638634217398332
sparse-a__sparse-b,428,0.11587121747125016,0.06437238601942247
sparse-a__sparse-b,429,0.09552047043340449,0.047865174260683645
sparse-a__sparse-b,430,0.08395171370392669,0.032847217159430245
sparse-a__sparse-b,431,0.07664478260199208,0.016216286338392824
sparse-a__sparse-b,432,0.07581019693844412,0.013659759929289146
sparse-a__sparse-b,433,0.07658434359401874,0.013143744337908806
sparse-a__sparse-b,434,0.07819737163576818,0.01267717238636831
sparse-a__sparse-b,435,0.0800648246093105,0.01209648912646227
sparse-a__sparse-b,436,0.08246584297827739,0.012229842496703447
sparse-a__sparse-b,437,0.0847495298594524,0.013533281550010096
sparse-a__sparse-b,438,0.08661541422782784,0.01513908028239023
sparse-a__sparse-b,439,0.08704794490944477,0.016212393929607192
sparse-a__sparse-b,440,0.08603605791900402,0.01644961816817889
sparse-a__sparse-b,441,0.08395953723357347,0.01586650142655275
sparse-a__sparse-b,442,0.08146829714152165,0.014761956314287438
sparse-a__sparse-b,443,0.07838716923680451,0.013091746597323825
sparse-a__sparse-b,444,0.07602209795523471,0.011448842517687048
sparse-a__sparse-b,445,0.074082658630287,0.010128935256883366
sparse-a__sparse-b,446,0.07398908282704357,0.011590702182760414
sparse-a__sparse-b,447,0.07261553155125484,0.010382060114813036
sparse-a__sparse-b,448,0.07149397986870731,0.010122174209092815
sparse-a__sparse-b,449,0.07065516350901403,0.009903040781366262
sparse-a__sparse-b,450,0.07042854714537099,0.010414503863852507
sparse-a__sparse-b,451,0.07059715222439071,0.011459658198103033
sparse-a__sparse-b,452,0.07059747723008412,0.011898086858602653
sparse-a__sparse-b,453,0.07038882529340564,0.011666374668831867
sparse-a__sparse-b,454,0.07020844561223122,0.011060571681551862
sparse-a__sparse-b,455,0.07008785873585577,0.010319274301264638
sparse-a__sparse-b,456,0.07001730730548757,0.009608128456270192
sparse-a__sparse-b,457,0.06998600234455342,0.009025854036671423
sparse-a__sparse-b,458,0.07002792488524298,0.00858489818966492
sparse-a__sparse-b,459,0.0700889347630551,0.008310213344535057
sparse-a__sparse-b,460,0.07010738021755955,0.008191709161939812
sparse-a__sparse-b,461,0.07007692205662994,0.008120681248724336
sparse-a__sparse-b,462,0.06989405648440748,0.007921251622155012
sparse-a__sparse-b,463,0.06943000966873192,0.007933893294049112
sparse-a__sparse-b,464,0.06942269030092191,0.008041649797796242
sparse-a__sparse-b,465,0.06952897803688772,0.008278806620864634
sparse-a__sparse-b,466,0.06985493826566952,0.009204793134015968
sparse-a__sparse-b,467,0.07021070267477336,0.010117970901558578
sparse-a__sparse-b,468,0.07049346108992409,0.010907396917387286
sparse-a__sparse-b,469,0.0705757111155803,0.011323753957664988
sparse-a__sparse-b,470,0.0707967950896625,0.011820300317481536
sparse-a__sparse-b,471,0.07110408910030182,0.012032683763319353
sparse-a__sparse-b,472,0.0715188549252609,0.011857449378907294
sparse-a__sparse-b,473,0.0719376146270179,0.011299548674530738
sparse-a__sparse-b,474,0.07223637891060083,0.010381558132341625
sparse-a__sparse-b,475,0.07235147902110516,0.009225282306454419
sparse-a__sparse-b,476,0.07271298310448392,0.00877297971115429
sparse-a__sparse-b,477,0.07305579866789919,0.008340283903923364
sparse-a__sparse-b,478,0.07328560045175553,0.00793548196919043
sparse-a__sparse-b,479,0.07326822076360366,0.007642987105750554
sparse-a__sparse-b,480,0.07327115691838808,0.007516146474256208
sparse-a__sparse-b,481,0.07334236664688819,0.0074260482172510064
sparse-a__sparse-b,482,0.07342186626633666,0.007354915857836804
sparse-a__sparse-b,483,0.07356813417226854,0.007359325713748195
sparse-a__sparse-b,484,0.0738309957873591,0.007571262336395641
sparse-a__sparse-b,485,0.0741269238617355,0.007979035628149618
sparse-a__sparse-b,486,0.07428285103012128,0.008499318774229532
sparse-a__sparse-b,487,0.07428825056443071,0.009114425050111204
sparse-a__sparse-b,488,0.0741365541516107,0.009706661666725082
sparse-a__sparse-b,489,0.07387290298877165,0.010102086117795499
sparse-a__sparse-b,490,0.07354173729094836,0.010237687226965707
sparse-a__sparse-b,491,0.07335824680070742,0.011437717538733612
sparse-a__sparse-b,492,0.07343613333931533,0.010999098349942513
sparse-a__sparse-b,493,0.07328354874708277,0.009573053144507208
sparse-a__sparse-b,494,0.07289175061995937,0.008254328709578339
sparse-a__sparse-b,495,0.07229246075102241,0.007296524197016269
sparse-a__sparse-b,496,0.07170779797539341,0.006521782880638394
sparse-a__sparse-b,497,0.07187847949295255,0.007430387347350327
sparse-a__sparse-b,498,0.07171347440274403,0.00651567757746755
sparse-a__sparse-b,499,0.0715768403644926,0.006382315176126383
sparse-a__sparse-b,500,0.07138123223780676,0.0062375881254943
sparse-a__sparse-b,501,0.07112693979846527,0.006072712477421548
sparse-a__sparse-b,502,0.07088162634146848,0.005938763226824145
sparse-a__sparse-b,503,0.07070461919181258,0.005874013402025234
sparse-a__sparse-b,504,0.07059641612560645,0.005868124457979564
sparse-a__sparse-b,505,0.07054741489602007,0.005892163937813102
sparse-a__sparse-b,506,0.07053737319218749,0.006119878051725574
sparse-a__sparse-b,507,0.07054886901649644,0.0060294962364558745
sparse-a__sparse-b,508,0.07055560509009358,0.006010503110090295
sparse-a__sparse-b,509,0.07056236017650472,0.006018341036024492
sparse-a__sparse-b,510,0.070559018682155,0.006031311032755243
sparse-a__sparse-b,511,0.07055481894563445,0.006058674842568584
sparse-a__sparse-b,512,0.070571991935916,0.006115568462380211
sparse-a__sparse-b,513,0.07064956075028403,0.006201409775224948
sparse-a__sparse-b,514,0.07082703114368318,0.006295969494910865
sparse-a__sparse-b,515,0.07112087520736558,0.006405431650171309
sparse-a__sparse-b,516,0.07147362775274252,0.006537166556257642
sparse-a__sparse-b,517,0.07176910188760997,0.006663823206580908
sparse-a__sparse-b,518,0.07194847355007446,0.0067490950204656276
sparse-a__sparse-b,519,0.07202160832832451,0.006787130089309336
sparse-a__sparse-b,520,0.07201076874618773,0.006786342151418506
sparse-a__sparse-b,521,0.07193221309237686,0.006702869378332051
sparse-a__sparse-b,522,0.07187248012942617,0.006684235768286345
sparse-a__sparse-b,523,0.07178537065335,0.006692145380131717
sparse-a__sparse-b,524,0.0717019939191259,0.006668117107978705
sparse-a__sparse-b,525,0.07145583072341412,0.006545684474993846
sparse-a__sparse-b,526,0.071090529794212,0.006348918302848078
sparse-a__sparse-b,527,0.07083234174840258,0.006174777012010575
sparse-a__sparse-b,528,0.0707049557775894,0.006012585580211144
sparse-a__sparse-b,529,0.07065251868440192,0.005831620670150207
sparse-a__sparse-b,530,0.07061950887433545,0.0057925728321063285
sparse-a__sparse-b,531,0.07059211318607896,0.005739109514489931
sparse-a__sparse-b,532,0.07056489978373666,0.005738589820460234
sparse-a__sparse-b,533,0.07053640414804577,0.005736238943998333
sparse-a__sparse-b,534,0.07051217267242631,0.005740641372218751
sparse-a__sparse-b,535,0.07049811470573938,0.005760721949933837
sparse-a__sparse-b,536,0.07049670395045232,0.005800014222854708
sparse-a__sparse-b,537,0.07051101418110674,0.005856328568437008
sparse-a__sparse-b,538,0.07055108931388016,0.005941461788483694
sparse-a__sparse-b,539,0.07064763980295483,0.0061112727535625995
sparse-a__sparse-b,540,0.07084386062143849,0.006453610168684301
sparse-a__sparse-b,541,0.07118014363141734,0.00707874192192126
sparse-a__sparse-b,542,0.07175409121472393,0.008186538907494042
sparse-a__sparse-b,543,0.07255943496077137,0.009766416901557011
sparse-a__sparse-b,544,0.0736203139463691,0.011458521412352075
sparse-a__sparse-b,545,0.07461951373081482,0.012814163824854174
sparse-a__sparse-b,546,0.07594519414698801,0.014368902476940792
sparse-a__sparse-b,547,0.07635945223533892,0.014044496915993292
sparse-a__sparse-b,548,0.07591654344666765,0.012587690681135653
sparse-a__sparse-b,549,0.0746759713669182,0.009999884286407149
sparse-a__sparse-b,550,0.07330998792516656,0.007256330708584379
sparse-a__sparse-b,551,0.0751738392248069,0.0100917041834025
sparse-a__sparse-b,552,0.07558006008652615,0.010910575316276275
sparse-a__sparse-b,553,0.07612870216045096,0.011899566697501193
sparse-a__sparse-b,554,0.07610310001096811,0.012460966406226591
sparse-a__sparse-b,555,0.07574243707672297,0.01253018415668516
sparse-a__sparse-b,556,0.07520126527232932,0.012245848623917702
sparse-a__sparse-b,557,0.07492301687105091,0.011581823650254017
sparse-a__sparse-b,558,0.07448848038179362,0.010921506720210652
sparse-a__sparse-b,559,0.07398130487811416,0.010311482336087386
sparse-a__sparse-b,560,0.0734686476010096,0.009714389566704146
sparse-a__sparse-b,561,0.07302364918602554,0.009153175605041624
sparse-a__sparse-b,562,0.07260148695887866,0.008614011393447607
sparse-a__sparse-b,563,0.07221968231330139,0.008166129244797635
sparse-a__sparse-b,564,0.0719013609345996,0.007837713961340094
sparse-a__sparse-b,565,0.07160176099843771,0.007578608349565914
sparse-a__sparse-b,566,0.0713764093999143,0.007483638528717287
sparse-a__sparse-b,567,0.07124074117413609,0.007476701026055109
sparse-a__sparse-b,568,0.07123625784835569,0.00930151793576103
sparse-a__sparse-b,569,0.07100006123203137,0.009058234221857114
sparse-a__sparse-b,570,0.0706571788036586,0.008082981985079668
sparse-a__sparse-b,571,0.07031609099057137,0.006762044406320589
sparse-a__sparse-b,572,0.07023320369128064,0.005855578632704081
sparse-a__sparse-b,573,0.07076377758903632,0.0060185624189380066
sparse-a__sparse-b,574,0.07290714972217936,0.00768147464622096
sparse-a__sparse-b,575,0.07365492154323644,0.0072973329881703495
sparse-a__sparse-b,576,0.07457940055850168,0.007685730139404078
sparse-a__sparse-b,577,0.07528474156861947,0.008144890176421383
sparse-a__sparse-b,578,0.07579121409427247,0.008416365971848683
sparse-a__sparse-b,579,0.07609472464049918,0.0083485330735261
sparse-a__sparse-b,580,0.0762035503659882,0.007813487072668882
sparse-a__sparse-b,581,0.075662782749683,0.006691315651074218
sparse-a__sparse-b,582,0.07498644272490437,0.005812384638532523
sparse-a__sparse-b,583,0.07456210196318393,0.005310776722422724
sparse-a__sparse-b,584,0.07434428892201403,0.00510219666069351
sparse-a__sparse-b,585,0.07427060492284782,0.005055387571129647
sparse-a__sparse-b,586,0.07429715744685443,0.005103655208985362
sparse-a__sparse-b,587,0.07431601308899628,0.00515755574089458
sparse-a__sparse-b,588,0.0742811281536961,0.005179421837800431
sparse-a__sparse-b,589,0.07418387537574027,0.005164704102474502
sparse-a__sparse-b,590,0.0740778131888366,0.005151256100147758
sparse-a__sparse-b,591,0.07401577295561834,0.005169766284838345
sparse-a__sparse-b,592,0.07397655562566792,0.0053640072813910126
sparse-a__sparse-b,593,0.07392734545152496,0.005310957456159749
sparse-a__sparse-b,594,0.07388094467406539,0.005257205075273599
sparse-a__sparse-b,595,0.07383410036357448,0.005229720584636443
sparse-a__sparse-b,596,0.07379100633548719,0.00521751921395224
sparse-a__sparse-b,597,0.07375348196046405,0.005141617371617028
sparse-a__sparse-b,598,0.07372233637670145,0.005198325361132113
sparse-a__sparse-b,599,0.07369749528374973,0.0051968029662711615
